category,label,year,title,filename,page,ai_term_count,psych_term_count,terms_present,detail_url
digital_divide,디지털정보격차실태조사,2025,2025 디지털정보격차 실태조사 보고서,digital_divide_2025_29168_file1.pdf,9,2,0,인공지능; AI,https://www.nia.or.kr/site/nia_kor/ex/bbs/View.do?cbIdx=81623&bcIdx=29168&parentSeq=29168
digital_divide,디지털정보격차실태조사,2025,2025 디지털정보격차 실태조사 보고서,digital_divide_2025_29168_file1.pdf,16,5,0,인공지능,https://www.nia.or.kr/site/nia_kor/ex/bbs/View.do?cbIdx=81623&bcIdx=29168&parentSeq=29168
digital_divide,디지털정보격차실태조사,2025,2025 디지털정보격차 실태조사 보고서,digital_divide_2025_29168_file1.pdf,17,5,0,인공지능,https://www.nia.or.kr/site/nia_kor/ex/bbs/View.do?cbIdx=81623&bcIdx=29168&parentSeq=29168
digital_divide,디지털정보격차실태조사,2025,2025 디지털정보격차 실태조사 보고서,digital_divide_2025_29168_file1.pdf,18,5,0,인공지능,https://www.nia.or.kr/site/nia_kor/ex/bbs/View.do?cbIdx=81623&bcIdx=29168&parentSeq=29168
digital_divide,디지털정보격차실태조사,2025,2025 디지털정보격차 실태조사 보고서,digital_divide_2025_29168_file1.pdf,20,5,0,인공지능,https://www.nia.or.kr/site/nia_kor/ex/bbs/View.do?cbIdx=81623&bcIdx=29168&parentSeq=29168
digital_divide,디지털정보격차실태조사,2025,2025 디지털정보격차 실태조사 보고서,digital_divide_2025_29168_file1.pdf,21,5,0,인공지능,https://www.nia.or.kr/site/nia_kor/ex/bbs/View.do?cbIdx=81623&bcIdx=29168&parentSeq=29168
digital_divide,디지털정보격차실태조사,2025,2025 디지털정보격차 실태조사 보고서,digital_divide_2025_29168_file1.pdf,22,5,0,인공지능,https://www.nia.or.kr/site/nia_kor/ex/bbs/View.do?cbIdx=81623&bcIdx=29168&parentSeq=29168
digital_divide,디지털정보격차실태조사,2025,2025 디지털정보격차 실태조사 보고서,digital_divide_2025_29168_file1.pdf,23,15,1,인공지능; AI; 도움,https://www.nia.or.kr/site/nia_kor/ex/bbs/View.do?cbIdx=81623&bcIdx=29168&parentSeq=29168
digital_divide,디지털정보격차실태조사,2025,2025 디지털정보격차 실태조사 보고서,digital_divide_2025_29168_file1.pdf,28,4,0,인공지능; AI,https://www.nia.or.kr/site/nia_kor/ex/bbs/View.do?cbIdx=81623&bcIdx=29168&parentSeq=29168
digital_divide,디지털정보격차실태조사,2025,2025 디지털정보격차 실태조사 보고서,digital_divide_2025_29168_file1.pdf,29,1,0,지능정보,https://www.nia.or.kr/site/nia_kor/ex/bbs/View.do?cbIdx=81623&bcIdx=29168&parentSeq=29168
digital_divide,디지털정보격차실태조사,2025,2025 디지털정보격차 실태조사 보고서,digital_divide_2025_29168_file1.pdf,30,6,1,인공지능; 도움,https://www.nia.or.kr/site/nia_kor/ex/bbs/View.do?cbIdx=81623&bcIdx=29168&parentSeq=29168
digital_divide,디지털정보격차실태조사,2025,2025 디지털정보격차 실태조사 보고서,digital_divide_2025_29168_file1.pdf,62,0,5,도움,https://www.nia.or.kr/site/nia_kor/ex/bbs/View.do?cbIdx=81623&bcIdx=29168&parentSeq=29168
digital_divide,디지털정보격차실태조사,2025,2025 디지털정보격차 실태조사 보고서,digital_divide_2025_29168_file1.pdf,91,0,6,도움,https://www.nia.or.kr/site/nia_kor/ex/bbs/View.do?cbIdx=81623&bcIdx=29168&parentSeq=29168
digital_divide,디지털정보격차실태조사,2025,2025 디지털정보격차 실태조사 보고서,digital_divide_2025_29168_file1.pdf,92,0,4,도움,https://www.nia.or.kr/site/nia_kor/ex/bbs/View.do?cbIdx=81623&bcIdx=29168&parentSeq=29168
digital_divide,디지털정보격차실태조사,2025,2025 디지털정보격차 실태조사 보고서,digital_divide_2025_29168_file1.pdf,93,6,0,생성형; AI 서비스,https://www.nia.or.kr/site/nia_kor/ex/bbs/View.do?cbIdx=81623&bcIdx=29168&parentSeq=29168
digital_divide,디지털정보격차실태조사,2025,2025 디지털정보격차 실태조사 보고서,digital_divide_2025_29168_file1.pdf,94,2,0,AI; 생성형,https://www.nia.or.kr/site/nia_kor/ex/bbs/View.do?cbIdx=81623&bcIdx=29168&parentSeq=29168
digital_divide,디지털정보격차실태조사,2025,2025 디지털정보격차 실태조사 보고서,digital_divide_2025_29168_file1.pdf,95,0,4,도움,https://www.nia.or.kr/site/nia_kor/ex/bbs/View.do?cbIdx=81623&bcIdx=29168&parentSeq=29168
digital_divide,디지털정보격차실태조사,2025,2025 디지털정보격차 실태조사 보고서,digital_divide_2025_29168_file1.pdf,96,0,1,도움,https://www.nia.or.kr/site/nia_kor/ex/bbs/View.do?cbIdx=81623&bcIdx=29168&parentSeq=29168
digital_divide,디지털정보격차실태조사,2025,2025 디지털정보격차 실태조사 보고서,digital_divide_2025_29168_file1.pdf,101,5,0,인공지능; AI,https://www.nia.or.kr/site/nia_kor/ex/bbs/View.do?cbIdx=81623&bcIdx=29168&parentSeq=29168
digital_divide,디지털정보격차실태조사,2025,2025 디지털정보격차 실태조사 보고서,digital_divide_2025_29168_file1.pdf,102,3,1,인공지능; 도움,https://www.nia.or.kr/site/nia_kor/ex/bbs/View.do?cbIdx=81623&bcIdx=29168&parentSeq=29168
digital_divide,디지털정보격차실태조사,2025,2025 디지털정보격차 실태조사 보고서,digital_divide_2025_29168_file1.pdf,103,3,4,인공지능; 도움,https://www.nia.or.kr/site/nia_kor/ex/bbs/View.do?cbIdx=81623&bcIdx=29168&parentSeq=29168
digital_divide,디지털정보격차실태조사,2025,2025 디지털정보격차 실태조사 보고서,digital_divide_2025_29168_file1.pdf,104,3,0,인공지능,https://www.nia.or.kr/site/nia_kor/ex/bbs/View.do?cbIdx=81623&bcIdx=29168&parentSeq=29168
digital_divide,디지털정보격차실태조사,2025,2025 디지털정보격차 실태조사 보고서,digital_divide_2025_29168_file1.pdf,105,3,0,인공지능,https://www.nia.or.kr/site/nia_kor/ex/bbs/View.do?cbIdx=81623&bcIdx=29168&parentSeq=29168
digital_divide,디지털정보격차실태조사,2025,2025 디지털정보격차 실태조사 보고서,digital_divide_2025_29168_file1.pdf,132,0,4,도움,https://www.nia.or.kr/site/nia_kor/ex/bbs/View.do?cbIdx=81623&bcIdx=29168&parentSeq=29168
digital_divide,디지털정보격차실태조사,2025,2025 디지털정보격차 실태조사 보고서,digital_divide_2025_29168_file1.pdf,133,0,4,도움,https://www.nia.or.kr/site/nia_kor/ex/bbs/View.do?cbIdx=81623&bcIdx=29168&parentSeq=29168
digital_divide,디지털정보격차실태조사,2025,2025 디지털정보격차 실태조사 보고서,digital_divide_2025_29168_file1.pdf,134,3,0,AI; 생성형; AI 서비스,https://www.nia.or.kr/site/nia_kor/ex/bbs/View.do?cbIdx=81623&bcIdx=29168&parentSeq=29168
digital_divide,디지털정보격차실태조사,2025,2025 디지털정보격차 실태조사 보고서,digital_divide_2025_29168_file1.pdf,135,2,0,AI; 생성형,https://www.nia.or.kr/site/nia_kor/ex/bbs/View.do?cbIdx=81623&bcIdx=29168&parentSeq=29168
digital_divide,디지털정보격차실태조사,2025,2025 디지털정보격차 실태조사 보고서,digital_divide_2025_29168_file1.pdf,136,0,4,도움,https://www.nia.or.kr/site/nia_kor/ex/bbs/View.do?cbIdx=81623&bcIdx=29168&parentSeq=29168
digital_divide,디지털정보격차실태조사,2025,2025 디지털정보격차 실태조사 보고서,digital_divide_2025_29168_file1.pdf,137,0,1,도움,https://www.nia.or.kr/site/nia_kor/ex/bbs/View.do?cbIdx=81623&bcIdx=29168&parentSeq=29168
digital_divide,디지털정보격차실태조사,2025,2025 디지털정보격차 실태조사 보고서,digital_divide_2025_29168_file1.pdf,142,5,0,인공지능; AI,https://www.nia.or.kr/site/nia_kor/ex/bbs/View.do?cbIdx=81623&bcIdx=29168&parentSeq=29168
digital_divide,디지털정보격차실태조사,2025,2025 디지털정보격차 실태조사 보고서,digital_divide_2025_29168_file1.pdf,143,3,0,인공지능,https://www.nia.or.kr/site/nia_kor/ex/bbs/View.do?cbIdx=81623&bcIdx=29168&parentSeq=29168
digital_divide,디지털정보격차실태조사,2025,2025 디지털정보격차 실태조사 보고서,digital_divide_2025_29168_file1.pdf,144,3,4,인공지능; 도움,https://www.nia.or.kr/site/nia_kor/ex/bbs/View.do?cbIdx=81623&bcIdx=29168&parentSeq=29168
digital_divide,디지털정보격차실태조사,2025,2025 디지털정보격차 실태조사 보고서,digital_divide_2025_29168_file1.pdf,145,3,0,인공지능,https://www.nia.or.kr/site/nia_kor/ex/bbs/View.do?cbIdx=81623&bcIdx=29168&parentSeq=29168
digital_divide,디지털정보격차실태조사,2025,2025 디지털정보격차 실태조사 보고서,digital_divide_2025_29168_file1.pdf,146,3,0,인공지능,https://www.nia.or.kr/site/nia_kor/ex/bbs/View.do?cbIdx=81623&bcIdx=29168&parentSeq=29168
digital_divide,디지털정보격차실태조사,2025,2025 디지털정보격차 실태조사 보고서,digital_divide_2025_29168_file1.pdf,174,0,5,도움,https://www.nia.or.kr/site/nia_kor/ex/bbs/View.do?cbIdx=81623&bcIdx=29168&parentSeq=29168
digital_divide,디지털정보격차실태조사,2025,2025 디지털정보격차 실태조사 보고서,digital_divide_2025_29168_file1.pdf,175,0,4,도움,https://www.nia.or.kr/site/nia_kor/ex/bbs/View.do?cbIdx=81623&bcIdx=29168&parentSeq=29168
digital_divide,디지털정보격차실태조사,2025,2025 디지털정보격차 실태조사 보고서,digital_divide_2025_29168_file1.pdf,176,3,0,AI; 생성형; AI 서비스,https://www.nia.or.kr/site/nia_kor/ex/bbs/View.do?cbIdx=81623&bcIdx=29168&parentSeq=29168
digital_divide,디지털정보격차실태조사,2025,2025 디지털정보격차 실태조사 보고서,digital_divide_2025_29168_file1.pdf,177,2,0,AI; 생성형,https://www.nia.or.kr/site/nia_kor/ex/bbs/View.do?cbIdx=81623&bcIdx=29168&parentSeq=29168
digital_divide,디지털정보격차실태조사,2025,2025 디지털정보격차 실태조사 보고서,digital_divide_2025_29168_file1.pdf,178,0,4,도움,https://www.nia.or.kr/site/nia_kor/ex/bbs/View.do?cbIdx=81623&bcIdx=29168&parentSeq=29168
digital_divide,디지털정보격차실태조사,2025,2025 디지털정보격차 실태조사 보고서,digital_divide_2025_29168_file1.pdf,179,0,1,도움,https://www.nia.or.kr/site/nia_kor/ex/bbs/View.do?cbIdx=81623&bcIdx=29168&parentSeq=29168
digital_divide,디지털정보격차실태조사,2025,2025 디지털정보격차 실태조사 보고서,digital_divide_2025_29168_file1.pdf,184,5,0,인공지능; AI,https://www.nia.or.kr/site/nia_kor/ex/bbs/View.do?cbIdx=81623&bcIdx=29168&parentSeq=29168
digital_divide,디지털정보격차실태조사,2025,2025 디지털정보격차 실태조사 보고서,digital_divide_2025_29168_file1.pdf,185,3,0,인공지능,https://www.nia.or.kr/site/nia_kor/ex/bbs/View.do?cbIdx=81623&bcIdx=29168&parentSeq=29168
digital_divide,디지털정보격차실태조사,2025,2025 디지털정보격차 실태조사 보고서,digital_divide_2025_29168_file1.pdf,186,3,4,인공지능; 도움,https://www.nia.or.kr/site/nia_kor/ex/bbs/View.do?cbIdx=81623&bcIdx=29168&parentSeq=29168
digital_divide,디지털정보격차실태조사,2025,2025 디지털정보격차 실태조사 보고서,digital_divide_2025_29168_file1.pdf,187,3,0,인공지능,https://www.nia.or.kr/site/nia_kor/ex/bbs/View.do?cbIdx=81623&bcIdx=29168&parentSeq=29168
digital_divide,디지털정보격차실태조사,2025,2025 디지털정보격차 실태조사 보고서,digital_divide_2025_29168_file1.pdf,188,3,0,인공지능,https://www.nia.or.kr/site/nia_kor/ex/bbs/View.do?cbIdx=81623&bcIdx=29168&parentSeq=29168
digital_divide,디지털정보격차실태조사,2025,2025 디지털정보격차 실태조사 보고서,digital_divide_2025_29168_file1.pdf,216,0,8,도움,https://www.nia.or.kr/site/nia_kor/ex/bbs/View.do?cbIdx=81623&bcIdx=29168&parentSeq=29168
digital_divide,디지털정보격차실태조사,2025,2025 디지털정보격차 실태조사 보고서,digital_divide_2025_29168_file1.pdf,217,0,4,도움,https://www.nia.or.kr/site/nia_kor/ex/bbs/View.do?cbIdx=81623&bcIdx=29168&parentSeq=29168
digital_divide,디지털정보격차실태조사,2025,2025 디지털정보격차 실태조사 보고서,digital_divide_2025_29168_file1.pdf,218,3,0,AI; 생성형; AI 서비스,https://www.nia.or.kr/site/nia_kor/ex/bbs/View.do?cbIdx=81623&bcIdx=29168&parentSeq=29168
digital_divide,디지털정보격차실태조사,2025,2025 디지털정보격차 실태조사 보고서,digital_divide_2025_29168_file1.pdf,219,2,0,AI; 생성형,https://www.nia.or.kr/site/nia_kor/ex/bbs/View.do?cbIdx=81623&bcIdx=29168&parentSeq=29168
digital_divide,디지털정보격차실태조사,2025,2025 디지털정보격차 실태조사 보고서,digital_divide_2025_29168_file1.pdf,220,0,4,도움,https://www.nia.or.kr/site/nia_kor/ex/bbs/View.do?cbIdx=81623&bcIdx=29168&parentSeq=29168
digital_divide,디지털정보격차실태조사,2025,2025 디지털정보격차 실태조사 보고서,digital_divide_2025_29168_file1.pdf,221,0,1,도움,https://www.nia.or.kr/site/nia_kor/ex/bbs/View.do?cbIdx=81623&bcIdx=29168&parentSeq=29168
digital_divide,디지털정보격차실태조사,2025,2025 디지털정보격차 실태조사 보고서,digital_divide_2025_29168_file1.pdf,226,5,0,인공지능; AI,https://www.nia.or.kr/site/nia_kor/ex/bbs/View.do?cbIdx=81623&bcIdx=29168&parentSeq=29168
digital_divide,디지털정보격차실태조사,2025,2025 디지털정보격차 실태조사 보고서,digital_divide_2025_29168_file1.pdf,227,3,1,인공지능; 도움,https://www.nia.or.kr/site/nia_kor/ex/bbs/View.do?cbIdx=81623&bcIdx=29168&parentSeq=29168
digital_divide,디지털정보격차실태조사,2025,2025 디지털정보격차 실태조사 보고서,digital_divide_2025_29168_file1.pdf,228,3,4,인공지능; 도움,https://www.nia.or.kr/site/nia_kor/ex/bbs/View.do?cbIdx=81623&bcIdx=29168&parentSeq=29168
digital_divide,디지털정보격차실태조사,2025,2025 디지털정보격차 실태조사 보고서,digital_divide_2025_29168_file1.pdf,229,3,0,인공지능,https://www.nia.or.kr/site/nia_kor/ex/bbs/View.do?cbIdx=81623&bcIdx=29168&parentSeq=29168
digital_divide,디지털정보격차실태조사,2025,2025 디지털정보격차 실태조사 보고서,digital_divide_2025_29168_file1.pdf,230,3,0,인공지능,https://www.nia.or.kr/site/nia_kor/ex/bbs/View.do?cbIdx=81623&bcIdx=29168&parentSeq=29168
digital_divide,디지털정보격차실태조사,2025,2025 디지털정보격차 실태조사 보고서,digital_divide_2025_29168_file1.pdf,258,0,5,도움,https://www.nia.or.kr/site/nia_kor/ex/bbs/View.do?cbIdx=81623&bcIdx=29168&parentSeq=29168
digital_divide,디지털정보격차실태조사,2025,2025 디지털정보격차 실태조사 보고서,digital_divide_2025_29168_file1.pdf,259,0,4,도움,https://www.nia.or.kr/site/nia_kor/ex/bbs/View.do?cbIdx=81623&bcIdx=29168&parentSeq=29168
digital_divide,디지털정보격차실태조사,2025,2025 디지털정보격차 실태조사 보고서,digital_divide_2025_29168_file1.pdf,260,3,0,AI; 생성형; AI 서비스,https://www.nia.or.kr/site/nia_kor/ex/bbs/View.do?cbIdx=81623&bcIdx=29168&parentSeq=29168
digital_divide,디지털정보격차실태조사,2025,2025 디지털정보격차 실태조사 보고서,digital_divide_2025_29168_file1.pdf,261,2,0,AI; 생성형,https://www.nia.or.kr/site/nia_kor/ex/bbs/View.do?cbIdx=81623&bcIdx=29168&parentSeq=29168
digital_divide,디지털정보격차실태조사,2025,2025 디지털정보격차 실태조사 보고서,digital_divide_2025_29168_file1.pdf,262,0,5,도움,https://www.nia.or.kr/site/nia_kor/ex/bbs/View.do?cbIdx=81623&bcIdx=29168&parentSeq=29168
digital_divide,디지털정보격차실태조사,2025,2025 디지털정보격차 실태조사 보고서,digital_divide_2025_29168_file1.pdf,263,0,1,도움,https://www.nia.or.kr/site/nia_kor/ex/bbs/View.do?cbIdx=81623&bcIdx=29168&parentSeq=29168
digital_divide,디지털정보격차실태조사,2025,2025 디지털정보격차 실태조사 보고서,digital_divide_2025_29168_file1.pdf,266,0,1,정신건강,https://www.nia.or.kr/site/nia_kor/ex/bbs/View.do?cbIdx=81623&bcIdx=29168&parentSeq=29168
digital_divide,디지털정보격차실태조사,2025,2025 디지털정보격차 실태조사 보고서,digital_divide_2025_29168_file1.pdf,268,5,0,인공지능; AI,https://www.nia.or.kr/site/nia_kor/ex/bbs/View.do?cbIdx=81623&bcIdx=29168&parentSeq=29168
digital_divide,디지털정보격차실태조사,2025,2025 디지털정보격차 실태조사 보고서,digital_divide_2025_29168_file1.pdf,269,3,0,인공지능,https://www.nia.or.kr/site/nia_kor/ex/bbs/View.do?cbIdx=81623&bcIdx=29168&parentSeq=29168
digital_divide,디지털정보격차실태조사,2025,2025 디지털정보격차 실태조사 보고서,digital_divide_2025_29168_file1.pdf,270,3,4,인공지능; 도움,https://www.nia.or.kr/site/nia_kor/ex/bbs/View.do?cbIdx=81623&bcIdx=29168&parentSeq=29168
digital_divide,디지털정보격차실태조사,2025,2025 디지털정보격차 실태조사 보고서,digital_divide_2025_29168_file1.pdf,271,3,0,인공지능,https://www.nia.or.kr/site/nia_kor/ex/bbs/View.do?cbIdx=81623&bcIdx=29168&parentSeq=29168
digital_divide,디지털정보격차실태조사,2025,2025 디지털정보격차 실태조사 보고서,digital_divide_2025_29168_file1.pdf,272,3,0,인공지능,https://www.nia.or.kr/site/nia_kor/ex/bbs/View.do?cbIdx=81623&bcIdx=29168&parentSeq=29168
digital_divide,디지털정보격차실태조사,2025,2025 디지털정보격차 실태조사 보고서,digital_divide_2025_29168_file1.pdf,300,0,9,도움,https://www.nia.or.kr/site/nia_kor/ex/bbs/View.do?cbIdx=81623&bcIdx=29168&parentSeq=29168
digital_divide,디지털정보격차실태조사,2025,2025 디지털정보격차 실태조사 보고서,digital_divide_2025_29168_file1.pdf,301,0,4,도움,https://www.nia.or.kr/site/nia_kor/ex/bbs/View.do?cbIdx=81623&bcIdx=29168&parentSeq=29168
digital_divide,디지털정보격차실태조사,2025,2025 디지털정보격차 실태조사 보고서,digital_divide_2025_29168_file1.pdf,302,6,0,AI; 생성형; AI 서비스,https://www.nia.or.kr/site/nia_kor/ex/bbs/View.do?cbIdx=81623&bcIdx=29168&parentSeq=29168
digital_divide,디지털정보격차실태조사,2025,2025 디지털정보격차 실태조사 보고서,digital_divide_2025_29168_file1.pdf,303,2,0,AI; 생성형,https://www.nia.or.kr/site/nia_kor/ex/bbs/View.do?cbIdx=81623&bcIdx=29168&parentSeq=29168
digital_divide,디지털정보격차실태조사,2025,2025 디지털정보격차 실태조사 보고서,digital_divide_2025_29168_file1.pdf,304,0,3,도움,https://www.nia.or.kr/site/nia_kor/ex/bbs/View.do?cbIdx=81623&bcIdx=29168&parentSeq=29168
digital_divide,디지털정보격차실태조사,2025,2025 디지털정보격차 실태조사 보고서,digital_divide_2025_29168_file1.pdf,305,0,1,도움,https://www.nia.or.kr/site/nia_kor/ex/bbs/View.do?cbIdx=81623&bcIdx=29168&parentSeq=29168
digital_divide,디지털정보격차실태조사,2025,2025 디지털정보격차 실태조사 보고서,digital_divide_2025_29168_file1.pdf,310,5,0,인공지능; AI,https://www.nia.or.kr/site/nia_kor/ex/bbs/View.do?cbIdx=81623&bcIdx=29168&parentSeq=29168
digital_divide,디지털정보격차실태조사,2025,2025 디지털정보격차 실태조사 보고서,digital_divide_2025_29168_file1.pdf,311,3,0,인공지능,https://www.nia.or.kr/site/nia_kor/ex/bbs/View.do?cbIdx=81623&bcIdx=29168&parentSeq=29168
digital_divide,디지털정보격차실태조사,2025,2025 디지털정보격차 실태조사 보고서,digital_divide_2025_29168_file1.pdf,312,3,4,인공지능; 도움,https://www.nia.or.kr/site/nia_kor/ex/bbs/View.do?cbIdx=81623&bcIdx=29168&parentSeq=29168
digital_divide,디지털정보격차실태조사,2025,2025 디지털정보격차 실태조사 보고서,digital_divide_2025_29168_file1.pdf,313,3,0,인공지능,https://www.nia.or.kr/site/nia_kor/ex/bbs/View.do?cbIdx=81623&bcIdx=29168&parentSeq=29168
digital_divide,디지털정보격차실태조사,2025,2025 디지털정보격차 실태조사 보고서,digital_divide_2025_29168_file1.pdf,314,3,0,인공지능,https://www.nia.or.kr/site/nia_kor/ex/bbs/View.do?cbIdx=81623&bcIdx=29168&parentSeq=29168
digital_divide,디지털정보격차실태조사,2025,2025 디지털정보격차 실태조사 보고서,digital_divide_2025_29168_file1.pdf,319,8,0,인공지능; AI,https://www.nia.or.kr/site/nia_kor/ex/bbs/View.do?cbIdx=81623&bcIdx=29168&parentSeq=29168
digital_divide,디지털정보격차실태조사,2025,2025 디지털정보격차 실태조사 보고서,digital_divide_2025_29168_file1.pdf,320,9,0,인공지능; AI,https://www.nia.or.kr/site/nia_kor/ex/bbs/View.do?cbIdx=81623&bcIdx=29168&parentSeq=29168
digital_divide,디지털정보격차실태조사,2025,2025 디지털정보격차 실태조사 보고서,digital_divide_2025_29168_file1.pdf,321,1,0,인공지능,https://www.nia.or.kr/site/nia_kor/ex/bbs/View.do?cbIdx=81623&bcIdx=29168&parentSeq=29168
digital_divide,디지털정보격차실태조사,2025,2025 디지털정보격차 실태조사 보고서,digital_divide_2025_29168_file1.pdf,322,10,0,인공지능; AI,https://www.nia.or.kr/site/nia_kor/ex/bbs/View.do?cbIdx=81623&bcIdx=29168&parentSeq=29168
digital_divide,디지털정보격차실태조사,2025,2025 디지털정보격차 실태조사 보고서,digital_divide_2025_29168_file1.pdf,323,4,0,인공지능; AI,https://www.nia.or.kr/site/nia_kor/ex/bbs/View.do?cbIdx=81623&bcIdx=29168&parentSeq=29168
digital_divide,디지털정보격차실태조사,2025,2025 디지털정보격차 실태조사 보고서,digital_divide_2025_29168_file1.pdf,324,2,5,인공지능; 도움,https://www.nia.or.kr/site/nia_kor/ex/bbs/View.do?cbIdx=81623&bcIdx=29168&parentSeq=29168
digital_divide,디지털정보격차실태조사,2025,2025 디지털정보격차 실태조사 보고서,digital_divide_2025_29168_file1.pdf,325,5,0,인공지능; AI,https://www.nia.or.kr/site/nia_kor/ex/bbs/View.do?cbIdx=81623&bcIdx=29168&parentSeq=29168
digital_divide,디지털정보격차실태조사,2025,2025 디지털정보격차 실태조사 보고서,digital_divide_2025_29168_file1.pdf,326,8,0,인공지능; AI,https://www.nia.or.kr/site/nia_kor/ex/bbs/View.do?cbIdx=81623&bcIdx=29168&parentSeq=29168
digital_divide,디지털정보격차실태조사,2025,2025 디지털정보격차 실태조사 보고서,digital_divide_2025_29168_file1.pdf,327,2,0,인공지능,https://www.nia.or.kr/site/nia_kor/ex/bbs/View.do?cbIdx=81623&bcIdx=29168&parentSeq=29168
digital_divide,디지털정보격차실태조사,2025,2025 디지털정보격차 실태조사 보고서,digital_divide_2025_29168_file1.pdf,328,6,0,인공지능; AI,https://www.nia.or.kr/site/nia_kor/ex/bbs/View.do?cbIdx=81623&bcIdx=29168&parentSeq=29168
digital_divide,디지털정보격차실태조사,2025,2025 디지털정보격차 실태조사 보고서,digital_divide_2025_29168_file1.pdf,333,1,0,인공지능,https://www.nia.or.kr/site/nia_kor/ex/bbs/View.do?cbIdx=81623&bcIdx=29168&parentSeq=29168
digital_divide,디지털정보격차실태조사,2025,2025 디지털정보격차 실태조사 보고서,digital_divide_2025_29168_file1.pdf,335,0,1,도움,https://www.nia.or.kr/site/nia_kor/ex/bbs/View.do?cbIdx=81623&bcIdx=29168&parentSeq=29168
digital_divide,디지털정보격차실태조사,2025,2025 디지털정보격차 실태조사 보고서,digital_divide_2025_29168_file1.pdf,336,12,0,인공지능; AI; 생성형; AI 서비스,https://www.nia.or.kr/site/nia_kor/ex/bbs/View.do?cbIdx=81623&bcIdx=29168&parentSeq=29168
digital_divide,디지털정보격차실태조사,2025,2025 디지털정보격차 실태조사 보고서,digital_divide_2025_29168_file1.pdf,337,14,3,인공지능; AI; 상담; 도움,https://www.nia.or.kr/site/nia_kor/ex/bbs/View.do?cbIdx=81623&bcIdx=29168&parentSeq=29168
digital_divide,디지털정보격차실태조사,2024,2024 디지털정보격차 실태조사 보고서,digital_divide_2024_27832_file1.pdf,8,2,0,인공지능; AI,https://www.nia.or.kr/site/nia_kor/ex/bbs/View.do?cbIdx=81623&bcIdx=27832&parentSeq=27832
digital_divide,디지털정보격차실태조사,2024,2024 디지털정보격차 실태조사 보고서,digital_divide_2024_27832_file1.pdf,13,5,0,인공지능,https://www.nia.or.kr/site/nia_kor/ex/bbs/View.do?cbIdx=81623&bcIdx=27832&parentSeq=27832
digital_divide,디지털정보격차실태조사,2024,2024 디지털정보격차 실태조사 보고서,digital_divide_2024_27832_file1.pdf,14,5,0,인공지능,https://www.nia.or.kr/site/nia_kor/ex/bbs/View.do?cbIdx=81623&bcIdx=27832&parentSeq=27832
digital_divide,디지털정보격차실태조사,2024,2024 디지털정보격차 실태조사 보고서,digital_divide_2024_27832_file1.pdf,15,5,0,인공지능,https://www.nia.or.kr/site/nia_kor/ex/bbs/View.do?cbIdx=81623&bcIdx=27832&parentSeq=27832
digital_divide,디지털정보격차실태조사,2024,2024 디지털정보격차 실태조사 보고서,digital_divide_2024_27832_file1.pdf,16,5,0,인공지능,https://www.nia.or.kr/site/nia_kor/ex/bbs/View.do?cbIdx=81623&bcIdx=27832&parentSeq=27832
digital_divide,디지털정보격차실태조사,2024,2024 디지털정보격차 실태조사 보고서,digital_divide_2024_27832_file1.pdf,17,5,0,인공지능,https://www.nia.or.kr/site/nia_kor/ex/bbs/View.do?cbIdx=81623&bcIdx=27832&parentSeq=27832
digital_divide,디지털정보격차실태조사,2024,2024 디지털정보격차 실태조사 보고서,digital_divide_2024_27832_file1.pdf,18,15,1,인공지능; AI; 도움,https://www.nia.or.kr/site/nia_kor/ex/bbs/View.do?cbIdx=81623&bcIdx=27832&parentSeq=27832
digital_divide,디지털정보격차실태조사,2024,2024 디지털정보격차 실태조사 보고서,digital_divide_2024_27832_file1.pdf,19,3,0,인공지능; AI,https://www.nia.or.kr/site/nia_kor/ex/bbs/View.do?cbIdx=81623&bcIdx=27832&parentSeq=27832
digital_divide,디지털정보격차실태조사,2024,2024 디지털정보격차 실태조사 보고서,digital_divide_2024_27832_file1.pdf,23,2,0,지능정보,https://www.nia.or.kr/site/nia_kor/ex/bbs/View.do?cbIdx=81623&bcIdx=27832&parentSeq=27832
digital_divide,디지털정보격차실태조사,2024,2024 디지털정보격차 실태조사 보고서,digital_divide_2024_27832_file1.pdf,24,4,0,인공지능; AI,https://www.nia.or.kr/site/nia_kor/ex/bbs/View.do?cbIdx=81623&bcIdx=27832&parentSeq=27832
digital_divide,디지털정보격차실태조사,2024,2024 디지털정보격차 실태조사 보고서,digital_divide_2024_27832_file1.pdf,25,1,0,지능정보,https://www.nia.or.kr/site/nia_kor/ex/bbs/View.do?cbIdx=81623&bcIdx=27832&parentSeq=27832
digital_divide,디지털정보격차실태조사,2024,2024 디지털정보격차 실태조사 보고서,digital_divide_2024_27832_file1.pdf,26,6,1,인공지능; 도움,https://www.nia.or.kr/site/nia_kor/ex/bbs/View.do?cbIdx=81623&bcIdx=27832&parentSeq=27832
digital_divide,디지털정보격차실태조사,2024,2024 디지털정보격차 실태조사 보고서,digital_divide_2024_27832_file1.pdf,58,0,5,도움,https://www.nia.or.kr/site/nia_kor/ex/bbs/View.do?cbIdx=81623&bcIdx=27832&parentSeq=27832
digital_divide,디지털정보격차실태조사,2024,2024 디지털정보격차 실태조사 보고서,digital_divide_2024_27832_file1.pdf,87,0,10,도움,https://www.nia.or.kr/site/nia_kor/ex/bbs/View.do?cbIdx=81623&bcIdx=27832&parentSeq=27832
digital_divide,디지털정보격차실태조사,2024,2024 디지털정보격차 실태조사 보고서,digital_divide_2024_27832_file1.pdf,88,0,4,도움,https://www.nia.or.kr/site/nia_kor/ex/bbs/View.do?cbIdx=81623&bcIdx=27832&parentSeq=27832
digital_divide,디지털정보격차실태조사,2024,2024 디지털정보격차 실태조사 보고서,digital_divide_2024_27832_file1.pdf,89,6,0,생성형; AI 서비스,https://www.nia.or.kr/site/nia_kor/ex/bbs/View.do?cbIdx=81623&bcIdx=27832&parentSeq=27832
digital_divide,디지털정보격차실태조사,2024,2024 디지털정보격차 실태조사 보고서,digital_divide_2024_27832_file1.pdf,90,2,0,AI; 생성형,https://www.nia.or.kr/site/nia_kor/ex/bbs/View.do?cbIdx=81623&bcIdx=27832&parentSeq=27832
digital_divide,디지털정보격차실태조사,2024,2024 디지털정보격차 실태조사 보고서,digital_divide_2024_27832_file1.pdf,91,0,4,도움,https://www.nia.or.kr/site/nia_kor/ex/bbs/View.do?cbIdx=81623&bcIdx=27832&parentSeq=27832
digital_divide,디지털정보격차실태조사,2024,2024 디지털정보격차 실태조사 보고서,digital_divide_2024_27832_file1.pdf,92,0,1,도움,https://www.nia.or.kr/site/nia_kor/ex/bbs/View.do?cbIdx=81623&bcIdx=27832&parentSeq=27832
digital_divide,디지털정보격차실태조사,2024,2024 디지털정보격차 실태조사 보고서,digital_divide_2024_27832_file1.pdf,97,5,0,인공지능; AI,https://www.nia.or.kr/site/nia_kor/ex/bbs/View.do?cbIdx=81623&bcIdx=27832&parentSeq=27832
digital_divide,디지털정보격차실태조사,2024,2024 디지털정보격차 실태조사 보고서,digital_divide_2024_27832_file1.pdf,98,3,0,인공지능,https://www.nia.or.kr/site/nia_kor/ex/bbs/View.do?cbIdx=81623&bcIdx=27832&parentSeq=27832
digital_divide,디지털정보격차실태조사,2024,2024 디지털정보격차 실태조사 보고서,digital_divide_2024_27832_file1.pdf,99,3,4,인공지능; 도움,https://www.nia.or.kr/site/nia_kor/ex/bbs/View.do?cbIdx=81623&bcIdx=27832&parentSeq=27832
digital_divide,디지털정보격차실태조사,2024,2024 디지털정보격차 실태조사 보고서,digital_divide_2024_27832_file1.pdf,100,3,0,인공지능,https://www.nia.or.kr/site/nia_kor/ex/bbs/View.do?cbIdx=81623&bcIdx=27832&parentSeq=27832
digital_divide,디지털정보격차실태조사,2024,2024 디지털정보격차 실태조사 보고서,digital_divide_2024_27832_file1.pdf,101,3,0,인공지능,https://www.nia.or.kr/site/nia_kor/ex/bbs/View.do?cbIdx=81623&bcIdx=27832&parentSeq=27832
digital_divide,디지털정보격차실태조사,2024,2024 디지털정보격차 실태조사 보고서,digital_divide_2024_27832_file1.pdf,128,0,4,도움,https://www.nia.or.kr/site/nia_kor/ex/bbs/View.do?cbIdx=81623&bcIdx=27832&parentSeq=27832
digital_divide,디지털정보격차실태조사,2024,2024 디지털정보격차 실태조사 보고서,digital_divide_2024_27832_file1.pdf,129,0,4,도움,https://www.nia.or.kr/site/nia_kor/ex/bbs/View.do?cbIdx=81623&bcIdx=27832&parentSeq=27832
digital_divide,디지털정보격차실태조사,2024,2024 디지털정보격차 실태조사 보고서,digital_divide_2024_27832_file1.pdf,130,3,0,AI; 생성형; AI 서비스,https://www.nia.or.kr/site/nia_kor/ex/bbs/View.do?cbIdx=81623&bcIdx=27832&parentSeq=27832
digital_divide,디지털정보격차실태조사,2024,2024 디지털정보격차 실태조사 보고서,digital_divide_2024_27832_file1.pdf,131,2,0,AI; 생성형,https://www.nia.or.kr/site/nia_kor/ex/bbs/View.do?cbIdx=81623&bcIdx=27832&parentSeq=27832
digital_divide,디지털정보격차실태조사,2024,2024 디지털정보격차 실태조사 보고서,digital_divide_2024_27832_file1.pdf,132,0,4,도움,https://www.nia.or.kr/site/nia_kor/ex/bbs/View.do?cbIdx=81623&bcIdx=27832&parentSeq=27832
digital_divide,디지털정보격차실태조사,2024,2024 디지털정보격차 실태조사 보고서,digital_divide_2024_27832_file1.pdf,133,0,1,도움,https://www.nia.or.kr/site/nia_kor/ex/bbs/View.do?cbIdx=81623&bcIdx=27832&parentSeq=27832
digital_divide,디지털정보격차실태조사,2024,2024 디지털정보격차 실태조사 보고서,digital_divide_2024_27832_file1.pdf,138,5,0,인공지능; AI,https://www.nia.or.kr/site/nia_kor/ex/bbs/View.do?cbIdx=81623&bcIdx=27832&parentSeq=27832
digital_divide,디지털정보격차실태조사,2024,2024 디지털정보격차 실태조사 보고서,digital_divide_2024_27832_file1.pdf,139,3,0,인공지능,https://www.nia.or.kr/site/nia_kor/ex/bbs/View.do?cbIdx=81623&bcIdx=27832&parentSeq=27832
digital_divide,디지털정보격차실태조사,2024,2024 디지털정보격차 실태조사 보고서,digital_divide_2024_27832_file1.pdf,140,3,4,인공지능; 도움,https://www.nia.or.kr/site/nia_kor/ex/bbs/View.do?cbIdx=81623&bcIdx=27832&parentSeq=27832
digital_divide,디지털정보격차실태조사,2024,2024 디지털정보격차 실태조사 보고서,digital_divide_2024_27832_file1.pdf,141,3,0,인공지능,https://www.nia.or.kr/site/nia_kor/ex/bbs/View.do?cbIdx=81623&bcIdx=27832&parentSeq=27832
digital_divide,디지털정보격차실태조사,2024,2024 디지털정보격차 실태조사 보고서,digital_divide_2024_27832_file1.pdf,142,3,0,인공지능,https://www.nia.or.kr/site/nia_kor/ex/bbs/View.do?cbIdx=81623&bcIdx=27832&parentSeq=27832
digital_divide,디지털정보격차실태조사,2024,2024 디지털정보격차 실태조사 보고서,digital_divide_2024_27832_file1.pdf,170,0,5,도움,https://www.nia.or.kr/site/nia_kor/ex/bbs/View.do?cbIdx=81623&bcIdx=27832&parentSeq=27832
digital_divide,디지털정보격차실태조사,2024,2024 디지털정보격차 실태조사 보고서,digital_divide_2024_27832_file1.pdf,171,0,4,도움,https://www.nia.or.kr/site/nia_kor/ex/bbs/View.do?cbIdx=81623&bcIdx=27832&parentSeq=27832
digital_divide,디지털정보격차실태조사,2024,2024 디지털정보격차 실태조사 보고서,digital_divide_2024_27832_file1.pdf,172,6,0,AI; 생성형; AI 서비스,https://www.nia.or.kr/site/nia_kor/ex/bbs/View.do?cbIdx=81623&bcIdx=27832&parentSeq=27832
digital_divide,디지털정보격차실태조사,2024,2024 디지털정보격차 실태조사 보고서,digital_divide_2024_27832_file1.pdf,173,2,0,AI; 생성형,https://www.nia.or.kr/site/nia_kor/ex/bbs/View.do?cbIdx=81623&bcIdx=27832&parentSeq=27832
digital_divide,디지털정보격차실태조사,2024,2024 디지털정보격차 실태조사 보고서,digital_divide_2024_27832_file1.pdf,174,0,4,도움,https://www.nia.or.kr/site/nia_kor/ex/bbs/View.do?cbIdx=81623&bcIdx=27832&parentSeq=27832
digital_divide,디지털정보격차실태조사,2024,2024 디지털정보격차 실태조사 보고서,digital_divide_2024_27832_file1.pdf,175,0,1,도움,https://www.nia.or.kr/site/nia_kor/ex/bbs/View.do?cbIdx=81623&bcIdx=27832&parentSeq=27832
digital_divide,디지털정보격차실태조사,2024,2024 디지털정보격차 실태조사 보고서,digital_divide_2024_27832_file1.pdf,180,5,0,인공지능; AI,https://www.nia.or.kr/site/nia_kor/ex/bbs/View.do?cbIdx=81623&bcIdx=27832&parentSeq=27832
digital_divide,디지털정보격차실태조사,2024,2024 디지털정보격차 실태조사 보고서,digital_divide_2024_27832_file1.pdf,181,3,0,인공지능,https://www.nia.or.kr/site/nia_kor/ex/bbs/View.do?cbIdx=81623&bcIdx=27832&parentSeq=27832
digital_divide,디지털정보격차실태조사,2024,2024 디지털정보격차 실태조사 보고서,digital_divide_2024_27832_file1.pdf,182,3,4,인공지능; 도움,https://www.nia.or.kr/site/nia_kor/ex/bbs/View.do?cbIdx=81623&bcIdx=27832&parentSeq=27832
digital_divide,디지털정보격차실태조사,2024,2024 디지털정보격차 실태조사 보고서,digital_divide_2024_27832_file1.pdf,183,3,0,인공지능,https://www.nia.or.kr/site/nia_kor/ex/bbs/View.do?cbIdx=81623&bcIdx=27832&parentSeq=27832
digital_divide,디지털정보격차실태조사,2024,2024 디지털정보격차 실태조사 보고서,digital_divide_2024_27832_file1.pdf,184,3,0,인공지능,https://www.nia.or.kr/site/nia_kor/ex/bbs/View.do?cbIdx=81623&bcIdx=27832&parentSeq=27832
digital_divide,디지털정보격차실태조사,2024,2024 디지털정보격차 실태조사 보고서,digital_divide_2024_27832_file1.pdf,212,0,8,도움,https://www.nia.or.kr/site/nia_kor/ex/bbs/View.do?cbIdx=81623&bcIdx=27832&parentSeq=27832
digital_divide,디지털정보격차실태조사,2024,2024 디지털정보격차 실태조사 보고서,digital_divide_2024_27832_file1.pdf,213,0,4,도움,https://www.nia.or.kr/site/nia_kor/ex/bbs/View.do?cbIdx=81623&bcIdx=27832&parentSeq=27832
digital_divide,디지털정보격차실태조사,2024,2024 디지털정보격차 실태조사 보고서,digital_divide_2024_27832_file1.pdf,214,6,0,AI; 생성형; AI 서비스,https://www.nia.or.kr/site/nia_kor/ex/bbs/View.do?cbIdx=81623&bcIdx=27832&parentSeq=27832
digital_divide,디지털정보격차실태조사,2024,2024 디지털정보격차 실태조사 보고서,digital_divide_2024_27832_file1.pdf,215,2,0,AI; 생성형,https://www.nia.or.kr/site/nia_kor/ex/bbs/View.do?cbIdx=81623&bcIdx=27832&parentSeq=27832
digital_divide,디지털정보격차실태조사,2024,2024 디지털정보격차 실태조사 보고서,digital_divide_2024_27832_file1.pdf,216,0,5,도움,https://www.nia.or.kr/site/nia_kor/ex/bbs/View.do?cbIdx=81623&bcIdx=27832&parentSeq=27832
digital_divide,디지털정보격차실태조사,2024,2024 디지털정보격차 실태조사 보고서,digital_divide_2024_27832_file1.pdf,217,0,1,도움,https://www.nia.or.kr/site/nia_kor/ex/bbs/View.do?cbIdx=81623&bcIdx=27832&parentSeq=27832
digital_divide,디지털정보격차실태조사,2024,2024 디지털정보격차 실태조사 보고서,digital_divide_2024_27832_file1.pdf,222,5,0,인공지능; AI,https://www.nia.or.kr/site/nia_kor/ex/bbs/View.do?cbIdx=81623&bcIdx=27832&parentSeq=27832
digital_divide,디지털정보격차실태조사,2024,2024 디지털정보격차 실태조사 보고서,digital_divide_2024_27832_file1.pdf,223,3,0,인공지능,https://www.nia.or.kr/site/nia_kor/ex/bbs/View.do?cbIdx=81623&bcIdx=27832&parentSeq=27832
digital_divide,디지털정보격차실태조사,2024,2024 디지털정보격차 실태조사 보고서,digital_divide_2024_27832_file1.pdf,224,3,4,인공지능; 도움,https://www.nia.or.kr/site/nia_kor/ex/bbs/View.do?cbIdx=81623&bcIdx=27832&parentSeq=27832
digital_divide,디지털정보격차실태조사,2024,2024 디지털정보격차 실태조사 보고서,digital_divide_2024_27832_file1.pdf,225,3,0,인공지능,https://www.nia.or.kr/site/nia_kor/ex/bbs/View.do?cbIdx=81623&bcIdx=27832&parentSeq=27832
digital_divide,디지털정보격차실태조사,2024,2024 디지털정보격차 실태조사 보고서,digital_divide_2024_27832_file1.pdf,226,3,0,인공지능,https://www.nia.or.kr/site/nia_kor/ex/bbs/View.do?cbIdx=81623&bcIdx=27832&parentSeq=27832
digital_divide,디지털정보격차실태조사,2024,2024 디지털정보격차 실태조사 보고서,digital_divide_2024_27832_file1.pdf,254,0,5,도움,https://www.nia.or.kr/site/nia_kor/ex/bbs/View.do?cbIdx=81623&bcIdx=27832&parentSeq=27832
digital_divide,디지털정보격차실태조사,2024,2024 디지털정보격차 실태조사 보고서,digital_divide_2024_27832_file1.pdf,255,0,4,도움,https://www.nia.or.kr/site/nia_kor/ex/bbs/View.do?cbIdx=81623&bcIdx=27832&parentSeq=27832
digital_divide,디지털정보격차실태조사,2024,2024 디지털정보격차 실태조사 보고서,digital_divide_2024_27832_file1.pdf,256,3,0,AI; 생성형; AI 서비스,https://www.nia.or.kr/site/nia_kor/ex/bbs/View.do?cbIdx=81623&bcIdx=27832&parentSeq=27832
digital_divide,디지털정보격차실태조사,2024,2024 디지털정보격차 실태조사 보고서,digital_divide_2024_27832_file1.pdf,257,2,0,AI; 생성형,https://www.nia.or.kr/site/nia_kor/ex/bbs/View.do?cbIdx=81623&bcIdx=27832&parentSeq=27832
digital_divide,디지털정보격차실태조사,2024,2024 디지털정보격차 실태조사 보고서,digital_divide_2024_27832_file1.pdf,258,0,5,도움,https://www.nia.or.kr/site/nia_kor/ex/bbs/View.do?cbIdx=81623&bcIdx=27832&parentSeq=27832
digital_divide,디지털정보격차실태조사,2024,2024 디지털정보격차 실태조사 보고서,digital_divide_2024_27832_file1.pdf,259,0,1,도움,https://www.nia.or.kr/site/nia_kor/ex/bbs/View.do?cbIdx=81623&bcIdx=27832&parentSeq=27832
digital_divide,디지털정보격차실태조사,2024,2024 디지털정보격차 실태조사 보고서,digital_divide_2024_27832_file1.pdf,262,0,1,정신건강,https://www.nia.or.kr/site/nia_kor/ex/bbs/View.do?cbIdx=81623&bcIdx=27832&parentSeq=27832
digital_divide,디지털정보격차실태조사,2024,2024 디지털정보격차 실태조사 보고서,digital_divide_2024_27832_file1.pdf,264,5,0,인공지능; AI,https://www.nia.or.kr/site/nia_kor/ex/bbs/View.do?cbIdx=81623&bcIdx=27832&parentSeq=27832
digital_divide,디지털정보격차실태조사,2024,2024 디지털정보격차 실태조사 보고서,digital_divide_2024_27832_file1.pdf,265,3,0,인공지능,https://www.nia.or.kr/site/nia_kor/ex/bbs/View.do?cbIdx=81623&bcIdx=27832&parentSeq=27832
digital_divide,디지털정보격차실태조사,2024,2024 디지털정보격차 실태조사 보고서,digital_divide_2024_27832_file1.pdf,266,3,4,인공지능; 도움,https://www.nia.or.kr/site/nia_kor/ex/bbs/View.do?cbIdx=81623&bcIdx=27832&parentSeq=27832
digital_divide,디지털정보격차실태조사,2024,2024 디지털정보격차 실태조사 보고서,digital_divide_2024_27832_file1.pdf,267,3,0,인공지능,https://www.nia.or.kr/site/nia_kor/ex/bbs/View.do?cbIdx=81623&bcIdx=27832&parentSeq=27832
digital_divide,디지털정보격차실태조사,2024,2024 디지털정보격차 실태조사 보고서,digital_divide_2024_27832_file1.pdf,268,3,0,인공지능,https://www.nia.or.kr/site/nia_kor/ex/bbs/View.do?cbIdx=81623&bcIdx=27832&parentSeq=27832
digital_divide,디지털정보격차실태조사,2024,2024 디지털정보격차 실태조사 보고서,digital_divide_2024_27832_file1.pdf,296,0,5,도움,https://www.nia.or.kr/site/nia_kor/ex/bbs/View.do?cbIdx=81623&bcIdx=27832&parentSeq=27832
digital_divide,디지털정보격차실태조사,2024,2024 디지털정보격차 실태조사 보고서,digital_divide_2024_27832_file1.pdf,297,0,4,도움,https://www.nia.or.kr/site/nia_kor/ex/bbs/View.do?cbIdx=81623&bcIdx=27832&parentSeq=27832
digital_divide,디지털정보격차실태조사,2024,2024 디지털정보격차 실태조사 보고서,digital_divide_2024_27832_file1.pdf,298,6,0,AI; 생성형; AI 서비스,https://www.nia.or.kr/site/nia_kor/ex/bbs/View.do?cbIdx=81623&bcIdx=27832&parentSeq=27832
digital_divide,디지털정보격차실태조사,2024,2024 디지털정보격차 실태조사 보고서,digital_divide_2024_27832_file1.pdf,299,2,0,AI; 생성형,https://www.nia.or.kr/site/nia_kor/ex/bbs/View.do?cbIdx=81623&bcIdx=27832&parentSeq=27832
digital_divide,디지털정보격차실태조사,2024,2024 디지털정보격차 실태조사 보고서,digital_divide_2024_27832_file1.pdf,300,0,4,도움,https://www.nia.or.kr/site/nia_kor/ex/bbs/View.do?cbIdx=81623&bcIdx=27832&parentSeq=27832
digital_divide,디지털정보격차실태조사,2024,2024 디지털정보격차 실태조사 보고서,digital_divide_2024_27832_file1.pdf,301,0,1,도움,https://www.nia.or.kr/site/nia_kor/ex/bbs/View.do?cbIdx=81623&bcIdx=27832&parentSeq=27832
digital_divide,디지털정보격차실태조사,2024,2024 디지털정보격차 실태조사 보고서,digital_divide_2024_27832_file1.pdf,306,5,0,인공지능; AI,https://www.nia.or.kr/site/nia_kor/ex/bbs/View.do?cbIdx=81623&bcIdx=27832&parentSeq=27832
digital_divide,디지털정보격차실태조사,2024,2024 디지털정보격차 실태조사 보고서,digital_divide_2024_27832_file1.pdf,307,3,0,인공지능,https://www.nia.or.kr/site/nia_kor/ex/bbs/View.do?cbIdx=81623&bcIdx=27832&parentSeq=27832
digital_divide,디지털정보격차실태조사,2024,2024 디지털정보격차 실태조사 보고서,digital_divide_2024_27832_file1.pdf,308,3,4,인공지능; 도움,https://www.nia.or.kr/site/nia_kor/ex/bbs/View.do?cbIdx=81623&bcIdx=27832&parentSeq=27832
digital_divide,디지털정보격차실태조사,2024,2024 디지털정보격차 실태조사 보고서,digital_divide_2024_27832_file1.pdf,309,3,0,인공지능,https://www.nia.or.kr/site/nia_kor/ex/bbs/View.do?cbIdx=81623&bcIdx=27832&parentSeq=27832
digital_divide,디지털정보격차실태조사,2024,2024 디지털정보격차 실태조사 보고서,digital_divide_2024_27832_file1.pdf,310,4,0,인공지능,https://www.nia.or.kr/site/nia_kor/ex/bbs/View.do?cbIdx=81623&bcIdx=27832&parentSeq=27832
digital_divide,디지털정보격차실태조사,2024,2024 디지털정보격차 실태조사 보고서,digital_divide_2024_27832_file1.pdf,315,8,0,인공지능; AI,https://www.nia.or.kr/site/nia_kor/ex/bbs/View.do?cbIdx=81623&bcIdx=27832&parentSeq=27832
digital_divide,디지털정보격차실태조사,2024,2024 디지털정보격차 실태조사 보고서,digital_divide_2024_27832_file1.pdf,316,9,0,인공지능; AI,https://www.nia.or.kr/site/nia_kor/ex/bbs/View.do?cbIdx=81623&bcIdx=27832&parentSeq=27832
digital_divide,디지털정보격차실태조사,2024,2024 디지털정보격차 실태조사 보고서,digital_divide_2024_27832_file1.pdf,317,1,0,인공지능,https://www.nia.or.kr/site/nia_kor/ex/bbs/View.do?cbIdx=81623&bcIdx=27832&parentSeq=27832
digital_divide,디지털정보격차실태조사,2024,2024 디지털정보격차 실태조사 보고서,digital_divide_2024_27832_file1.pdf,318,10,0,인공지능; AI,https://www.nia.or.kr/site/nia_kor/ex/bbs/View.do?cbIdx=81623&bcIdx=27832&parentSeq=27832
digital_divide,디지털정보격차실태조사,2024,2024 디지털정보격차 실태조사 보고서,digital_divide_2024_27832_file1.pdf,319,4,0,인공지능; AI,https://www.nia.or.kr/site/nia_kor/ex/bbs/View.do?cbIdx=81623&bcIdx=27832&parentSeq=27832
digital_divide,디지털정보격차실태조사,2024,2024 디지털정보격차 실태조사 보고서,digital_divide_2024_27832_file1.pdf,320,2,5,인공지능; 도움,https://www.nia.or.kr/site/nia_kor/ex/bbs/View.do?cbIdx=81623&bcIdx=27832&parentSeq=27832
digital_divide,디지털정보격차실태조사,2024,2024 디지털정보격차 실태조사 보고서,digital_divide_2024_27832_file1.pdf,321,5,0,인공지능; AI,https://www.nia.or.kr/site/nia_kor/ex/bbs/View.do?cbIdx=81623&bcIdx=27832&parentSeq=27832
digital_divide,디지털정보격차실태조사,2024,2024 디지털정보격차 실태조사 보고서,digital_divide_2024_27832_file1.pdf,322,8,0,인공지능; AI,https://www.nia.or.kr/site/nia_kor/ex/bbs/View.do?cbIdx=81623&bcIdx=27832&parentSeq=27832
digital_divide,디지털정보격차실태조사,2024,2024 디지털정보격차 실태조사 보고서,digital_divide_2024_27832_file1.pdf,323,2,0,인공지능,https://www.nia.or.kr/site/nia_kor/ex/bbs/View.do?cbIdx=81623&bcIdx=27832&parentSeq=27832
digital_divide,디지털정보격차실태조사,2024,2024 디지털정보격차 실태조사 보고서,digital_divide_2024_27832_file1.pdf,324,6,0,인공지능; AI,https://www.nia.or.kr/site/nia_kor/ex/bbs/View.do?cbIdx=81623&bcIdx=27832&parentSeq=27832
digital_divide,디지털정보격차실태조사,2024,2024 디지털정보격차 실태조사 보고서,digital_divide_2024_27832_file1.pdf,329,1,0,인공지능,https://www.nia.or.kr/site/nia_kor/ex/bbs/View.do?cbIdx=81623&bcIdx=27832&parentSeq=27832
digital_divide,디지털정보격차실태조사,2024,2024 디지털정보격차 실태조사 보고서,digital_divide_2024_27832_file1.pdf,331,0,1,도움,https://www.nia.or.kr/site/nia_kor/ex/bbs/View.do?cbIdx=81623&bcIdx=27832&parentSeq=27832
digital_divide,디지털정보격차실태조사,2024,2024 디지털정보격차 실태조사 보고서,digital_divide_2024_27832_file1.pdf,332,17,0,인공지능; AI; 생성형; AI 서비스,https://www.nia.or.kr/site/nia_kor/ex/bbs/View.do?cbIdx=81623&bcIdx=27832&parentSeq=27832
digital_divide,디지털정보격차실태조사,2024,2024 디지털정보격차 실태조사 보고서,digital_divide_2024_27832_file1.pdf,333,9,3,인공지능; AI; 상담; 도움,https://www.nia.or.kr/site/nia_kor/ex/bbs/View.do?cbIdx=81623&bcIdx=27832&parentSeq=27832
digital_divide,디지털정보격차실태조사,2023,2023년 디지털정보격차 실태조사 보고서,digital_divide_2023_26517_file2.pdf,8,2,0,인공지능; AI,https://www.nia.or.kr/site/nia_kor/ex/bbs/View.do?cbIdx=81623&bcIdx=26517&parentSeq=26517
digital_divide,디지털정보격차실태조사,2023,2023년 디지털정보격차 실태조사 보고서,digital_divide_2023_26517_file2.pdf,13,5,0,인공지능,https://www.nia.or.kr/site/nia_kor/ex/bbs/View.do?cbIdx=81623&bcIdx=26517&parentSeq=26517
digital_divide,디지털정보격차실태조사,2023,2023년 디지털정보격차 실태조사 보고서,digital_divide_2023_26517_file2.pdf,14,2,0,인공지능,https://www.nia.or.kr/site/nia_kor/ex/bbs/View.do?cbIdx=81623&bcIdx=26517&parentSeq=26517
digital_divide,디지털정보격차실태조사,2023,2023년 디지털정보격차 실태조사 보고서,digital_divide_2023_26517_file2.pdf,15,5,0,인공지능,https://www.nia.or.kr/site/nia_kor/ex/bbs/View.do?cbIdx=81623&bcIdx=26517&parentSeq=26517
digital_divide,디지털정보격차실태조사,2023,2023년 디지털정보격차 실태조사 보고서,digital_divide_2023_26517_file2.pdf,16,6,0,인공지능,https://www.nia.or.kr/site/nia_kor/ex/bbs/View.do?cbIdx=81623&bcIdx=26517&parentSeq=26517
digital_divide,디지털정보격차실태조사,2023,2023년 디지털정보격차 실태조사 보고서,digital_divide_2023_26517_file2.pdf,17,6,0,인공지능,https://www.nia.or.kr/site/nia_kor/ex/bbs/View.do?cbIdx=81623&bcIdx=26517&parentSeq=26517
digital_divide,디지털정보격차실태조사,2023,2023년 디지털정보격차 실태조사 보고서,digital_divide_2023_26517_file2.pdf,18,6,0,인공지능,https://www.nia.or.kr/site/nia_kor/ex/bbs/View.do?cbIdx=81623&bcIdx=26517&parentSeq=26517
digital_divide,디지털정보격차실태조사,2023,2023년 디지털정보격차 실태조사 보고서,digital_divide_2023_26517_file2.pdf,19,22,1,인공지능; AI; 도움,https://www.nia.or.kr/site/nia_kor/ex/bbs/View.do?cbIdx=81623&bcIdx=26517&parentSeq=26517
digital_divide,디지털정보격차실태조사,2023,2023년 디지털정보격차 실태조사 보고서,digital_divide_2023_26517_file2.pdf,23,2,0,지능정보,https://www.nia.or.kr/site/nia_kor/ex/bbs/View.do?cbIdx=81623&bcIdx=26517&parentSeq=26517
digital_divide,디지털정보격차실태조사,2023,2023년 디지털정보격차 실태조사 보고서,digital_divide_2023_26517_file2.pdf,24,2,0,인공지능; AI,https://www.nia.or.kr/site/nia_kor/ex/bbs/View.do?cbIdx=81623&bcIdx=26517&parentSeq=26517
digital_divide,디지털정보격차실태조사,2023,2023년 디지털정보격차 실태조사 보고서,digital_divide_2023_26517_file2.pdf,25,1,0,지능정보,https://www.nia.or.kr/site/nia_kor/ex/bbs/View.do?cbIdx=81623&bcIdx=26517&parentSeq=26517
digital_divide,디지털정보격차실태조사,2023,2023년 디지털정보격차 실태조사 보고서,digital_divide_2023_26517_file2.pdf,26,6,1,인공지능; 도움,https://www.nia.or.kr/site/nia_kor/ex/bbs/View.do?cbIdx=81623&bcIdx=26517&parentSeq=26517
digital_divide,디지털정보격차실태조사,2023,2023년 디지털정보격차 실태조사 보고서,digital_divide_2023_26517_file2.pdf,58,0,5,도움,https://www.nia.or.kr/site/nia_kor/ex/bbs/View.do?cbIdx=81623&bcIdx=26517&parentSeq=26517
digital_divide,디지털정보격차실태조사,2023,2023년 디지털정보격차 실태조사 보고서,digital_divide_2023_26517_file2.pdf,87,0,8,도움,https://www.nia.or.kr/site/nia_kor/ex/bbs/View.do?cbIdx=81623&bcIdx=26517&parentSeq=26517
digital_divide,디지털정보격차실태조사,2023,2023년 디지털정보격차 실태조사 보고서,digital_divide_2023_26517_file2.pdf,88,0,4,도움,https://www.nia.or.kr/site/nia_kor/ex/bbs/View.do?cbIdx=81623&bcIdx=26517&parentSeq=26517
digital_divide,디지털정보격차실태조사,2023,2023년 디지털정보격차 실태조사 보고서,digital_divide_2023_26517_file2.pdf,89,0,5,도움,https://www.nia.or.kr/site/nia_kor/ex/bbs/View.do?cbIdx=81623&bcIdx=26517&parentSeq=26517
digital_divide,디지털정보격차실태조사,2023,2023년 디지털정보격차 실태조사 보고서,digital_divide_2023_26517_file2.pdf,90,0,1,도움,https://www.nia.or.kr/site/nia_kor/ex/bbs/View.do?cbIdx=81623&bcIdx=26517&parentSeq=26517
digital_divide,디지털정보격차실태조사,2023,2023년 디지털정보격차 실태조사 보고서,digital_divide_2023_26517_file2.pdf,95,5,0,인공지능; AI,https://www.nia.or.kr/site/nia_kor/ex/bbs/View.do?cbIdx=81623&bcIdx=26517&parentSeq=26517
digital_divide,디지털정보격차실태조사,2023,2023년 디지털정보격차 실태조사 보고서,digital_divide_2023_26517_file2.pdf,96,4,4,인공지능; 생성형; 도움,https://www.nia.or.kr/site/nia_kor/ex/bbs/View.do?cbIdx=81623&bcIdx=26517&parentSeq=26517
digital_divide,디지털정보격차실태조사,2023,2023년 디지털정보격차 실태조사 보고서,digital_divide_2023_26517_file2.pdf,97,3,0,인공지능,https://www.nia.or.kr/site/nia_kor/ex/bbs/View.do?cbIdx=81623&bcIdx=26517&parentSeq=26517
digital_divide,디지털정보격차실태조사,2023,2023년 디지털정보격차 실태조사 보고서,digital_divide_2023_26517_file2.pdf,98,3,0,인공지능,https://www.nia.or.kr/site/nia_kor/ex/bbs/View.do?cbIdx=81623&bcIdx=26517&parentSeq=26517
digital_divide,디지털정보격차실태조사,2023,2023년 디지털정보격차 실태조사 보고서,digital_divide_2023_26517_file2.pdf,99,7,0,인공지능,https://www.nia.or.kr/site/nia_kor/ex/bbs/View.do?cbIdx=81623&bcIdx=26517&parentSeq=26517
digital_divide,디지털정보격차실태조사,2023,2023년 디지털정보격차 실태조사 보고서,digital_divide_2023_26517_file2.pdf,100,3,0,인공지능,https://www.nia.or.kr/site/nia_kor/ex/bbs/View.do?cbIdx=81623&bcIdx=26517&parentSeq=26517
digital_divide,디지털정보격차실태조사,2023,2023년 디지털정보격차 실태조사 보고서,digital_divide_2023_26517_file2.pdf,126,0,4,도움,https://www.nia.or.kr/site/nia_kor/ex/bbs/View.do?cbIdx=81623&bcIdx=26517&parentSeq=26517
digital_divide,디지털정보격차실태조사,2023,2023년 디지털정보격차 실태조사 보고서,digital_divide_2023_26517_file2.pdf,127,0,4,도움,https://www.nia.or.kr/site/nia_kor/ex/bbs/View.do?cbIdx=81623&bcIdx=26517&parentSeq=26517
digital_divide,디지털정보격차실태조사,2023,2023년 디지털정보격차 실태조사 보고서,digital_divide_2023_26517_file2.pdf,128,0,4,도움,https://www.nia.or.kr/site/nia_kor/ex/bbs/View.do?cbIdx=81623&bcIdx=26517&parentSeq=26517
digital_divide,디지털정보격차실태조사,2023,2023년 디지털정보격차 실태조사 보고서,digital_divide_2023_26517_file2.pdf,129,0,1,도움,https://www.nia.or.kr/site/nia_kor/ex/bbs/View.do?cbIdx=81623&bcIdx=26517&parentSeq=26517
digital_divide,디지털정보격차실태조사,2023,2023년 디지털정보격차 실태조사 보고서,digital_divide_2023_26517_file2.pdf,134,5,0,인공지능; AI,https://www.nia.or.kr/site/nia_kor/ex/bbs/View.do?cbIdx=81623&bcIdx=26517&parentSeq=26517
digital_divide,디지털정보격차실태조사,2023,2023년 디지털정보격차 실태조사 보고서,digital_divide_2023_26517_file2.pdf,135,4,4,인공지능; 생성형; 도움,https://www.nia.or.kr/site/nia_kor/ex/bbs/View.do?cbIdx=81623&bcIdx=26517&parentSeq=26517
digital_divide,디지털정보격차실태조사,2023,2023년 디지털정보격차 실태조사 보고서,digital_divide_2023_26517_file2.pdf,136,3,0,인공지능,https://www.nia.or.kr/site/nia_kor/ex/bbs/View.do?cbIdx=81623&bcIdx=26517&parentSeq=26517
digital_divide,디지털정보격차실태조사,2023,2023년 디지털정보격차 실태조사 보고서,digital_divide_2023_26517_file2.pdf,137,3,0,인공지능,https://www.nia.or.kr/site/nia_kor/ex/bbs/View.do?cbIdx=81623&bcIdx=26517&parentSeq=26517
digital_divide,디지털정보격차실태조사,2023,2023년 디지털정보격차 실태조사 보고서,digital_divide_2023_26517_file2.pdf,138,7,0,인공지능,https://www.nia.or.kr/site/nia_kor/ex/bbs/View.do?cbIdx=81623&bcIdx=26517&parentSeq=26517
digital_divide,디지털정보격차실태조사,2023,2023년 디지털정보격차 실태조사 보고서,digital_divide_2023_26517_file2.pdf,139,3,0,인공지능,https://www.nia.or.kr/site/nia_kor/ex/bbs/View.do?cbIdx=81623&bcIdx=26517&parentSeq=26517
digital_divide,디지털정보격차실태조사,2023,2023년 디지털정보격차 실태조사 보고서,digital_divide_2023_26517_file2.pdf,166,0,6,도움,https://www.nia.or.kr/site/nia_kor/ex/bbs/View.do?cbIdx=81623&bcIdx=26517&parentSeq=26517
digital_divide,디지털정보격차실태조사,2023,2023년 디지털정보격차 실태조사 보고서,digital_divide_2023_26517_file2.pdf,167,0,4,도움,https://www.nia.or.kr/site/nia_kor/ex/bbs/View.do?cbIdx=81623&bcIdx=26517&parentSeq=26517
digital_divide,디지털정보격차실태조사,2023,2023년 디지털정보격차 실태조사 보고서,digital_divide_2023_26517_file2.pdf,168,0,2,도움,https://www.nia.or.kr/site/nia_kor/ex/bbs/View.do?cbIdx=81623&bcIdx=26517&parentSeq=26517
digital_divide,디지털정보격차실태조사,2023,2023년 디지털정보격차 실태조사 보고서,digital_divide_2023_26517_file2.pdf,169,0,1,도움,https://www.nia.or.kr/site/nia_kor/ex/bbs/View.do?cbIdx=81623&bcIdx=26517&parentSeq=26517
digital_divide,디지털정보격차실태조사,2023,2023년 디지털정보격차 실태조사 보고서,digital_divide_2023_26517_file2.pdf,174,5,0,인공지능; AI,https://www.nia.or.kr/site/nia_kor/ex/bbs/View.do?cbIdx=81623&bcIdx=26517&parentSeq=26517
digital_divide,디지털정보격차실태조사,2023,2023년 디지털정보격차 실태조사 보고서,digital_divide_2023_26517_file2.pdf,175,4,4,인공지능; 생성형; 도움,https://www.nia.or.kr/site/nia_kor/ex/bbs/View.do?cbIdx=81623&bcIdx=26517&parentSeq=26517
digital_divide,디지털정보격차실태조사,2023,2023년 디지털정보격차 실태조사 보고서,digital_divide_2023_26517_file2.pdf,176,3,0,인공지능,https://www.nia.or.kr/site/nia_kor/ex/bbs/View.do?cbIdx=81623&bcIdx=26517&parentSeq=26517
digital_divide,디지털정보격차실태조사,2023,2023년 디지털정보격차 실태조사 보고서,digital_divide_2023_26517_file2.pdf,177,3,0,인공지능,https://www.nia.or.kr/site/nia_kor/ex/bbs/View.do?cbIdx=81623&bcIdx=26517&parentSeq=26517
digital_divide,디지털정보격차실태조사,2023,2023년 디지털정보격차 실태조사 보고서,digital_divide_2023_26517_file2.pdf,178,7,0,인공지능,https://www.nia.or.kr/site/nia_kor/ex/bbs/View.do?cbIdx=81623&bcIdx=26517&parentSeq=26517
digital_divide,디지털정보격차실태조사,2023,2023년 디지털정보격차 실태조사 보고서,digital_divide_2023_26517_file2.pdf,179,3,0,인공지능,https://www.nia.or.kr/site/nia_kor/ex/bbs/View.do?cbIdx=81623&bcIdx=26517&parentSeq=26517
digital_divide,디지털정보격차실태조사,2023,2023년 디지털정보격차 실태조사 보고서,digital_divide_2023_26517_file2.pdf,206,0,4,도움,https://www.nia.or.kr/site/nia_kor/ex/bbs/View.do?cbIdx=81623&bcIdx=26517&parentSeq=26517
digital_divide,디지털정보격차실태조사,2023,2023년 디지털정보격차 실태조사 보고서,digital_divide_2023_26517_file2.pdf,207,0,4,도움,https://www.nia.or.kr/site/nia_kor/ex/bbs/View.do?cbIdx=81623&bcIdx=26517&parentSeq=26517
digital_divide,디지털정보격차실태조사,2023,2023년 디지털정보격차 실태조사 보고서,digital_divide_2023_26517_file2.pdf,208,0,4,도움,https://www.nia.or.kr/site/nia_kor/ex/bbs/View.do?cbIdx=81623&bcIdx=26517&parentSeq=26517
digital_divide,디지털정보격차실태조사,2023,2023년 디지털정보격차 실태조사 보고서,digital_divide_2023_26517_file2.pdf,209,0,1,도움,https://www.nia.or.kr/site/nia_kor/ex/bbs/View.do?cbIdx=81623&bcIdx=26517&parentSeq=26517
digital_divide,디지털정보격차실태조사,2023,2023년 디지털정보격차 실태조사 보고서,digital_divide_2023_26517_file2.pdf,214,5,0,인공지능; AI,https://www.nia.or.kr/site/nia_kor/ex/bbs/View.do?cbIdx=81623&bcIdx=26517&parentSeq=26517
digital_divide,디지털정보격차실태조사,2023,2023년 디지털정보격차 실태조사 보고서,digital_divide_2023_26517_file2.pdf,215,4,4,인공지능; 생성형; 도움,https://www.nia.or.kr/site/nia_kor/ex/bbs/View.do?cbIdx=81623&bcIdx=26517&parentSeq=26517
digital_divide,디지털정보격차실태조사,2023,2023년 디지털정보격차 실태조사 보고서,digital_divide_2023_26517_file2.pdf,216,3,0,인공지능,https://www.nia.or.kr/site/nia_kor/ex/bbs/View.do?cbIdx=81623&bcIdx=26517&parentSeq=26517
digital_divide,디지털정보격차실태조사,2023,2023년 디지털정보격차 실태조사 보고서,digital_divide_2023_26517_file2.pdf,217,3,0,인공지능,https://www.nia.or.kr/site/nia_kor/ex/bbs/View.do?cbIdx=81623&bcIdx=26517&parentSeq=26517
digital_divide,디지털정보격차실태조사,2023,2023년 디지털정보격차 실태조사 보고서,digital_divide_2023_26517_file2.pdf,218,7,0,인공지능,https://www.nia.or.kr/site/nia_kor/ex/bbs/View.do?cbIdx=81623&bcIdx=26517&parentSeq=26517
digital_divide,디지털정보격차실태조사,2023,2023년 디지털정보격차 실태조사 보고서,digital_divide_2023_26517_file2.pdf,219,3,0,인공지능,https://www.nia.or.kr/site/nia_kor/ex/bbs/View.do?cbIdx=81623&bcIdx=26517&parentSeq=26517
digital_divide,디지털정보격차실태조사,2023,2023년 디지털정보격차 실태조사 보고서,digital_divide_2023_26517_file2.pdf,246,0,4,도움,https://www.nia.or.kr/site/nia_kor/ex/bbs/View.do?cbIdx=81623&bcIdx=26517&parentSeq=26517
digital_divide,디지털정보격차실태조사,2023,2023년 디지털정보격차 실태조사 보고서,digital_divide_2023_26517_file2.pdf,247,0,4,도움,https://www.nia.or.kr/site/nia_kor/ex/bbs/View.do?cbIdx=81623&bcIdx=26517&parentSeq=26517
digital_divide,디지털정보격차실태조사,2023,2023년 디지털정보격차 실태조사 보고서,digital_divide_2023_26517_file2.pdf,248,0,5,도움,https://www.nia.or.kr/site/nia_kor/ex/bbs/View.do?cbIdx=81623&bcIdx=26517&parentSeq=26517
digital_divide,디지털정보격차실태조사,2023,2023년 디지털정보격차 실태조사 보고서,digital_divide_2023_26517_file2.pdf,249,0,1,도움,https://www.nia.or.kr/site/nia_kor/ex/bbs/View.do?cbIdx=81623&bcIdx=26517&parentSeq=26517
digital_divide,디지털정보격차실태조사,2023,2023년 디지털정보격차 실태조사 보고서,digital_divide_2023_26517_file2.pdf,254,5,0,인공지능; AI,https://www.nia.or.kr/site/nia_kor/ex/bbs/View.do?cbIdx=81623&bcIdx=26517&parentSeq=26517
digital_divide,디지털정보격차실태조사,2023,2023년 디지털정보격차 실태조사 보고서,digital_divide_2023_26517_file2.pdf,255,5,5,인공지능; 생성형; 도움,https://www.nia.or.kr/site/nia_kor/ex/bbs/View.do?cbIdx=81623&bcIdx=26517&parentSeq=26517
digital_divide,디지털정보격차실태조사,2023,2023년 디지털정보격차 실태조사 보고서,digital_divide_2023_26517_file2.pdf,256,3,0,인공지능,https://www.nia.or.kr/site/nia_kor/ex/bbs/View.do?cbIdx=81623&bcIdx=26517&parentSeq=26517
digital_divide,디지털정보격차실태조사,2023,2023년 디지털정보격차 실태조사 보고서,digital_divide_2023_26517_file2.pdf,257,3,0,인공지능,https://www.nia.or.kr/site/nia_kor/ex/bbs/View.do?cbIdx=81623&bcIdx=26517&parentSeq=26517
digital_divide,디지털정보격차실태조사,2023,2023년 디지털정보격차 실태조사 보고서,digital_divide_2023_26517_file2.pdf,258,7,0,인공지능,https://www.nia.or.kr/site/nia_kor/ex/bbs/View.do?cbIdx=81623&bcIdx=26517&parentSeq=26517
digital_divide,디지털정보격차실태조사,2023,2023년 디지털정보격차 실태조사 보고서,digital_divide_2023_26517_file2.pdf,259,3,0,인공지능,https://www.nia.or.kr/site/nia_kor/ex/bbs/View.do?cbIdx=81623&bcIdx=26517&parentSeq=26517
digital_divide,디지털정보격차실태조사,2023,2023년 디지털정보격차 실태조사 보고서,digital_divide_2023_26517_file2.pdf,286,0,4,도움,https://www.nia.or.kr/site/nia_kor/ex/bbs/View.do?cbIdx=81623&bcIdx=26517&parentSeq=26517
digital_divide,디지털정보격차실태조사,2023,2023년 디지털정보격차 실태조사 보고서,digital_divide_2023_26517_file2.pdf,287,0,4,도움,https://www.nia.or.kr/site/nia_kor/ex/bbs/View.do?cbIdx=81623&bcIdx=26517&parentSeq=26517
digital_divide,디지털정보격차실태조사,2023,2023년 디지털정보격차 실태조사 보고서,digital_divide_2023_26517_file2.pdf,288,0,4,도움,https://www.nia.or.kr/site/nia_kor/ex/bbs/View.do?cbIdx=81623&bcIdx=26517&parentSeq=26517
digital_divide,디지털정보격차실태조사,2023,2023년 디지털정보격차 실태조사 보고서,digital_divide_2023_26517_file2.pdf,289,0,1,도움,https://www.nia.or.kr/site/nia_kor/ex/bbs/View.do?cbIdx=81623&bcIdx=26517&parentSeq=26517
digital_divide,디지털정보격차실태조사,2023,2023년 디지털정보격차 실태조사 보고서,digital_divide_2023_26517_file2.pdf,294,5,0,인공지능; AI,https://www.nia.or.kr/site/nia_kor/ex/bbs/View.do?cbIdx=81623&bcIdx=26517&parentSeq=26517
digital_divide,디지털정보격차실태조사,2023,2023년 디지털정보격차 실태조사 보고서,digital_divide_2023_26517_file2.pdf,295,4,4,인공지능; 생성형; 도움,https://www.nia.or.kr/site/nia_kor/ex/bbs/View.do?cbIdx=81623&bcIdx=26517&parentSeq=26517
digital_divide,디지털정보격차실태조사,2023,2023년 디지털정보격차 실태조사 보고서,digital_divide_2023_26517_file2.pdf,296,3,0,인공지능,https://www.nia.or.kr/site/nia_kor/ex/bbs/View.do?cbIdx=81623&bcIdx=26517&parentSeq=26517
digital_divide,디지털정보격차실태조사,2023,2023년 디지털정보격차 실태조사 보고서,digital_divide_2023_26517_file2.pdf,297,3,0,인공지능,https://www.nia.or.kr/site/nia_kor/ex/bbs/View.do?cbIdx=81623&bcIdx=26517&parentSeq=26517
digital_divide,디지털정보격차실태조사,2023,2023년 디지털정보격차 실태조사 보고서,digital_divide_2023_26517_file2.pdf,298,7,0,인공지능,https://www.nia.or.kr/site/nia_kor/ex/bbs/View.do?cbIdx=81623&bcIdx=26517&parentSeq=26517
digital_divide,디지털정보격차실태조사,2023,2023년 디지털정보격차 실태조사 보고서,digital_divide_2023_26517_file2.pdf,299,3,0,인공지능,https://www.nia.or.kr/site/nia_kor/ex/bbs/View.do?cbIdx=81623&bcIdx=26517&parentSeq=26517
digital_divide,디지털정보격차실태조사,2023,2023년 디지털정보격차 실태조사 보고서,digital_divide_2023_26517_file2.pdf,303,12,0,인공지능; AI,https://www.nia.or.kr/site/nia_kor/ex/bbs/View.do?cbIdx=81623&bcIdx=26517&parentSeq=26517
digital_divide,디지털정보격차실태조사,2023,2023년 디지털정보격차 실태조사 보고서,digital_divide_2023_26517_file2.pdf,304,21,1,인공지능; AI; 생성형; 챗GPT; 상담,https://www.nia.or.kr/site/nia_kor/ex/bbs/View.do?cbIdx=81623&bcIdx=26517&parentSeq=26517
digital_divide,디지털정보격차실태조사,2023,2023년 디지털정보격차 실태조사 보고서,digital_divide_2023_26517_file2.pdf,305,8,0,인공지능; AI,https://www.nia.or.kr/site/nia_kor/ex/bbs/View.do?cbIdx=81623&bcIdx=26517&parentSeq=26517
digital_divide,디지털정보격차실태조사,2023,2023년 디지털정보격차 실태조사 보고서,digital_divide_2023_26517_file2.pdf,306,6,6,인공지능; AI; 도움,https://www.nia.or.kr/site/nia_kor/ex/bbs/View.do?cbIdx=81623&bcIdx=26517&parentSeq=26517
digital_divide,디지털정보격차실태조사,2023,2023년 디지털정보격차 실태조사 보고서,digital_divide_2023_26517_file2.pdf,307,8,0,인공지능; AI,https://www.nia.or.kr/site/nia_kor/ex/bbs/View.do?cbIdx=81623&bcIdx=26517&parentSeq=26517
digital_divide,디지털정보격차실태조사,2023,2023년 디지털정보격차 실태조사 보고서,digital_divide_2023_26517_file2.pdf,308,8,0,인공지능; AI,https://www.nia.or.kr/site/nia_kor/ex/bbs/View.do?cbIdx=81623&bcIdx=26517&parentSeq=26517
digital_divide,디지털정보격차실태조사,2023,2023년 디지털정보격차 실태조사 보고서,digital_divide_2023_26517_file2.pdf,309,11,0,인공지능; AI,https://www.nia.or.kr/site/nia_kor/ex/bbs/View.do?cbIdx=81623&bcIdx=26517&parentSeq=26517
digital_divide,디지털정보격차실태조사,2023,2023년 디지털정보격차 실태조사 보고서,digital_divide_2023_26517_file2.pdf,310,8,0,인공지능; AI,https://www.nia.or.kr/site/nia_kor/ex/bbs/View.do?cbIdx=81623&bcIdx=26517&parentSeq=26517
digital_divide,디지털정보격차실태조사,2023,2023년 디지털정보격차 실태조사 보고서,digital_divide_2023_26517_file2.pdf,315,1,0,인공지능,https://www.nia.or.kr/site/nia_kor/ex/bbs/View.do?cbIdx=81623&bcIdx=26517&parentSeq=26517
digital_divide,디지털정보격차실태조사,2023,2023년 디지털정보격차 실태조사 보고서,digital_divide_2023_26517_file2.pdf,317,0,1,도움,https://www.nia.or.kr/site/nia_kor/ex/bbs/View.do?cbIdx=81623&bcIdx=26517&parentSeq=26517
digital_divide,디지털정보격차실태조사,2023,2023년 디지털정보격차 실태조사 보고서,digital_divide_2023_26517_file2.pdf,318,20,2,인공지능; AI; 생성형; 챗GPT; 상담; 도움,https://www.nia.or.kr/site/nia_kor/ex/bbs/View.do?cbIdx=81623&bcIdx=26517&parentSeq=26517
digital_divide,디지털정보격차실태조사,2023,2023년 디지털정보격차 실태조사 보고서,digital_divide_2023_26517_file2.pdf,319,3,0,인공지능; AI,https://www.nia.or.kr/site/nia_kor/ex/bbs/View.do?cbIdx=81623&bcIdx=26517&parentSeq=26517
smartphone_overdependence,스마트폰 과의존 실태조사,2025,2025년 스마트폰 과의존 실태조사 보고서,smartphone_overdependence_2025_29171_file1.pdf,5,3,1,지능정보; 과의존,https://www.nia.or.kr/site/nia_kor/ex/bbs/View.do?cbIdx=65914&bcIdx=29171&parentSeq=29171
smartphone_overdependence,스마트폰 과의존 실태조사,2025,2025년 스마트폰 과의존 실태조사 보고서,smartphone_overdependence_2025_29171_file1.pdf,18,0,1,과의존,https://www.nia.or.kr/site/nia_kor/ex/bbs/View.do?cbIdx=65914&bcIdx=29171&parentSeq=29171
smartphone_overdependence,스마트폰 과의존 실태조사,2025,2025년 스마트폰 과의존 실태조사 보고서,smartphone_overdependence_2025_29171_file1.pdf,19,2,11,AI; 생성형; 과의존,https://www.nia.or.kr/site/nia_kor/ex/bbs/View.do?cbIdx=65914&bcIdx=29171&parentSeq=29171
smartphone_overdependence,스마트폰 과의존 실태조사,2025,2025년 스마트폰 과의존 실태조사 보고서,smartphone_overdependence_2025_29171_file1.pdf,20,0,10,상담; 과의존,https://www.nia.or.kr/site/nia_kor/ex/bbs/View.do?cbIdx=65914&bcIdx=29171&parentSeq=29171
smartphone_overdependence,스마트폰 과의존 실태조사,2025,2025년 스마트폰 과의존 실태조사 보고서,smartphone_overdependence_2025_29171_file1.pdf,21,0,10,과의존,https://www.nia.or.kr/site/nia_kor/ex/bbs/View.do?cbIdx=65914&bcIdx=29171&parentSeq=29171
smartphone_overdependence,스마트폰 과의존 실태조사,2025,2025년 스마트폰 과의존 실태조사 보고서,smartphone_overdependence_2025_29171_file1.pdf,22,4,6,인공지능; AI; 생성형; 과의존,https://www.nia.or.kr/site/nia_kor/ex/bbs/View.do?cbIdx=65914&bcIdx=29171&parentSeq=29171
smartphone_overdependence,스마트폰 과의존 실태조사,2025,2025년 스마트폰 과의존 실태조사 보고서,smartphone_overdependence_2025_29171_file1.pdf,23,3,10,AI; 생성형; 알고리즘; 과의존,https://www.nia.or.kr/site/nia_kor/ex/bbs/View.do?cbIdx=65914&bcIdx=29171&parentSeq=29171
smartphone_overdependence,스마트폰 과의존 실태조사,2025,2025년 스마트폰 과의존 실태조사 보고서,smartphone_overdependence_2025_29171_file1.pdf,24,0,10,상담; 과의존; 도움,https://www.nia.or.kr/site/nia_kor/ex/bbs/View.do?cbIdx=65914&bcIdx=29171&parentSeq=29171
smartphone_overdependence,스마트폰 과의존 실태조사,2025,2025년 스마트폰 과의존 실태조사 보고서,smartphone_overdependence_2025_29171_file1.pdf,25,2,22,생성형; 알고리즘; 과의존,https://www.nia.or.kr/site/nia_kor/ex/bbs/View.do?cbIdx=65914&bcIdx=29171&parentSeq=29171
smartphone_overdependence,스마트폰 과의존 실태조사,2025,2025년 스마트폰 과의존 실태조사 보고서,smartphone_overdependence_2025_29171_file1.pdf,26,4,21,인공지능; AI; 생성형; 과의존,https://www.nia.or.kr/site/nia_kor/ex/bbs/View.do?cbIdx=65914&bcIdx=29171&parentSeq=29171
smartphone_overdependence,스마트폰 과의존 실태조사,2025,2025년 스마트폰 과의존 실태조사 보고서,smartphone_overdependence_2025_29171_file1.pdf,27,3,3,AI; 생성형; 알고리즘; 과의존,https://www.nia.or.kr/site/nia_kor/ex/bbs/View.do?cbIdx=65914&bcIdx=29171&parentSeq=29171
smartphone_overdependence,스마트폰 과의존 실태조사,2025,2025년 스마트폰 과의존 실태조사 보고서,smartphone_overdependence_2025_29171_file1.pdf,28,0,20,상담; 과의존; 도움,https://www.nia.or.kr/site/nia_kor/ex/bbs/View.do?cbIdx=65914&bcIdx=29171&parentSeq=29171
smartphone_overdependence,스마트폰 과의존 실태조사,2025,2025년 스마트폰 과의존 실태조사 보고서,smartphone_overdependence_2025_29171_file1.pdf,32,0,1,과의존,https://www.nia.or.kr/site/nia_kor/ex/bbs/View.do?cbIdx=65914&bcIdx=29171&parentSeq=29171
smartphone_overdependence,스마트폰 과의존 실태조사,2025,2025년 스마트폰 과의존 실태조사 보고서,smartphone_overdependence_2025_29171_file1.pdf,33,6,14,지능정보; 중독; 과의존,https://www.nia.or.kr/site/nia_kor/ex/bbs/View.do?cbIdx=65914&bcIdx=29171&parentSeq=29171
smartphone_overdependence,스마트폰 과의존 실태조사,2025,2025년 스마트폰 과의존 실태조사 보고서,smartphone_overdependence_2025_29171_file1.pdf,34,1,0,지능정보,https://www.nia.or.kr/site/nia_kor/ex/bbs/View.do?cbIdx=65914&bcIdx=29171&parentSeq=29171
smartphone_overdependence,스마트폰 과의존 실태조사,2025,2025년 스마트폰 과의존 실태조사 보고서,smartphone_overdependence_2025_29171_file1.pdf,35,1,9,지능정보; 심리; 상담; 과의존; 도움,https://www.nia.or.kr/site/nia_kor/ex/bbs/View.do?cbIdx=65914&bcIdx=29171&parentSeq=29171
smartphone_overdependence,스마트폰 과의존 실태조사,2025,2025년 스마트폰 과의존 실태조사 보고서,smartphone_overdependence_2025_29171_file1.pdf,36,6,20,AI; 생성형; 알고리즘; 심리; 상담; 과의존; 도움,https://www.nia.or.kr/site/nia_kor/ex/bbs/View.do?cbIdx=65914&bcIdx=29171&parentSeq=29171
smartphone_overdependence,스마트폰 과의존 실태조사,2025,2025년 스마트폰 과의존 실태조사 보고서,smartphone_overdependence_2025_29171_file1.pdf,37,1,14,지능정보; 심리; 과의존,https://www.nia.or.kr/site/nia_kor/ex/bbs/View.do?cbIdx=65914&bcIdx=29171&parentSeq=29171
smartphone_overdependence,스마트폰 과의존 실태조사,2025,2025년 스마트폰 과의존 실태조사 보고서,smartphone_overdependence_2025_29171_file1.pdf,38,0,3,과의존,https://www.nia.or.kr/site/nia_kor/ex/bbs/View.do?cbIdx=65914&bcIdx=29171&parentSeq=29171
smartphone_overdependence,스마트폰 과의존 실태조사,2025,2025년 스마트폰 과의존 실태조사 보고서,smartphone_overdependence_2025_29171_file1.pdf,46,1,2,지능정보; 과의존,https://www.nia.or.kr/site/nia_kor/ex/bbs/View.do?cbIdx=65914&bcIdx=29171&parentSeq=29171
smartphone_overdependence,스마트폰 과의존 실태조사,2025,2025년 스마트폰 과의존 실태조사 보고서,smartphone_overdependence_2025_29171_file1.pdf,50,0,7,과의존,https://www.nia.or.kr/site/nia_kor/ex/bbs/View.do?cbIdx=65914&bcIdx=29171&parentSeq=29171
smartphone_overdependence,스마트폰 과의존 실태조사,2025,2025년 스마트폰 과의존 실태조사 보고서,smartphone_overdependence_2025_29171_file1.pdf,51,0,10,과의존,https://www.nia.or.kr/site/nia_kor/ex/bbs/View.do?cbIdx=65914&bcIdx=29171&parentSeq=29171
smartphone_overdependence,스마트폰 과의존 실태조사,2025,2025년 스마트폰 과의존 실태조사 보고서,smartphone_overdependence_2025_29171_file1.pdf,52,0,7,과의존,https://www.nia.or.kr/site/nia_kor/ex/bbs/View.do?cbIdx=65914&bcIdx=29171&parentSeq=29171
smartphone_overdependence,스마트폰 과의존 실태조사,2025,2025년 스마트폰 과의존 실태조사 보고서,smartphone_overdependence_2025_29171_file1.pdf,53,0,10,심리; 과의존,https://www.nia.or.kr/site/nia_kor/ex/bbs/View.do?cbIdx=65914&bcIdx=29171&parentSeq=29171
smartphone_overdependence,스마트폰 과의존 실태조사,2025,2025년 스마트폰 과의존 실태조사 보고서,smartphone_overdependence_2025_29171_file1.pdf,54,0,7,과의존,https://www.nia.or.kr/site/nia_kor/ex/bbs/View.do?cbIdx=65914&bcIdx=29171&parentSeq=29171
smartphone_overdependence,스마트폰 과의존 실태조사,2025,2025년 스마트폰 과의존 실태조사 보고서,smartphone_overdependence_2025_29171_file1.pdf,55,0,5,과의존,https://www.nia.or.kr/site/nia_kor/ex/bbs/View.do?cbIdx=65914&bcIdx=29171&parentSeq=29171
smartphone_overdependence,스마트폰 과의존 실태조사,2025,2025년 스마트폰 과의존 실태조사 보고서,smartphone_overdependence_2025_29171_file1.pdf,56,8,6,AI; 생성형; AI 서비스; 과의존,https://www.nia.or.kr/site/nia_kor/ex/bbs/View.do?cbIdx=65914&bcIdx=29171&parentSeq=29171
smartphone_overdependence,스마트폰 과의존 실태조사,2025,2025년 스마트폰 과의존 실태조사 보고서,smartphone_overdependence_2025_29171_file1.pdf,57,27,7,AI; 생성형; AI 서비스; 과의존,https://www.nia.or.kr/site/nia_kor/ex/bbs/View.do?cbIdx=65914&bcIdx=29171&parentSeq=29171
smartphone_overdependence,스마트폰 과의존 실태조사,2025,2025년 스마트폰 과의존 실태조사 보고서,smartphone_overdependence_2025_29171_file1.pdf,58,0,9,과의존,https://www.nia.or.kr/site/nia_kor/ex/bbs/View.do?cbIdx=65914&bcIdx=29171&parentSeq=29171
smartphone_overdependence,스마트폰 과의존 실태조사,2025,2025년 스마트폰 과의존 실태조사 보고서,smartphone_overdependence_2025_29171_file1.pdf,59,0,5,과의존,https://www.nia.or.kr/site/nia_kor/ex/bbs/View.do?cbIdx=65914&bcIdx=29171&parentSeq=29171
smartphone_overdependence,스마트폰 과의존 실태조사,2025,2025년 스마트폰 과의존 실태조사 보고서,smartphone_overdependence_2025_29171_file1.pdf,60,6,4,생성형; 알고리즘; 과의존,https://www.nia.or.kr/site/nia_kor/ex/bbs/View.do?cbIdx=65914&bcIdx=29171&parentSeq=29171
smartphone_overdependence,스마트폰 과의존 실태조사,2025,2025년 스마트폰 과의존 실태조사 보고서,smartphone_overdependence_2025_29171_file1.pdf,61,0,4,과의존,https://www.nia.or.kr/site/nia_kor/ex/bbs/View.do?cbIdx=65914&bcIdx=29171&parentSeq=29171
smartphone_overdependence,스마트폰 과의존 실태조사,2025,2025년 스마트폰 과의존 실태조사 보고서,smartphone_overdependence_2025_29171_file1.pdf,62,0,6,과의존,https://www.nia.or.kr/site/nia_kor/ex/bbs/View.do?cbIdx=65914&bcIdx=29171&parentSeq=29171
smartphone_overdependence,스마트폰 과의존 실태조사,2025,2025년 스마트폰 과의존 실태조사 보고서,smartphone_overdependence_2025_29171_file1.pdf,63,0,4,과의존,https://www.nia.or.kr/site/nia_kor/ex/bbs/View.do?cbIdx=65914&bcIdx=29171&parentSeq=29171
smartphone_overdependence,스마트폰 과의존 실태조사,2025,2025년 스마트폰 과의존 실태조사 보고서,smartphone_overdependence_2025_29171_file1.pdf,64,1,8,알고리즘; 상담; 과의존,https://www.nia.or.kr/site/nia_kor/ex/bbs/View.do?cbIdx=65914&bcIdx=29171&parentSeq=29171
smartphone_overdependence,스마트폰 과의존 실태조사,2025,2025년 스마트폰 과의존 실태조사 보고서,smartphone_overdependence_2025_29171_file1.pdf,67,0,6,상담; 과의존,https://www.nia.or.kr/site/nia_kor/ex/bbs/View.do?cbIdx=65914&bcIdx=29171&parentSeq=29171
smartphone_overdependence,스마트폰 과의존 실태조사,2025,2025년 스마트폰 과의존 실태조사 보고서,smartphone_overdependence_2025_29171_file1.pdf,68,0,13,과의존,https://www.nia.or.kr/site/nia_kor/ex/bbs/View.do?cbIdx=65914&bcIdx=29171&parentSeq=29171
smartphone_overdependence,스마트폰 과의존 실태조사,2025,2025년 스마트폰 과의존 실태조사 보고서,smartphone_overdependence_2025_29171_file1.pdf,69,0,6,과의존,https://www.nia.or.kr/site/nia_kor/ex/bbs/View.do?cbIdx=65914&bcIdx=29171&parentSeq=29171
smartphone_overdependence,스마트폰 과의존 실태조사,2025,2025년 스마트폰 과의존 실태조사 보고서,smartphone_overdependence_2025_29171_file1.pdf,70,0,5,과의존,https://www.nia.or.kr/site/nia_kor/ex/bbs/View.do?cbIdx=65914&bcIdx=29171&parentSeq=29171
smartphone_overdependence,스마트폰 과의존 실태조사,2025,2025년 스마트폰 과의존 실태조사 보고서,smartphone_overdependence_2025_29171_file1.pdf,71,0,9,과의존,https://www.nia.or.kr/site/nia_kor/ex/bbs/View.do?cbIdx=65914&bcIdx=29171&parentSeq=29171
smartphone_overdependence,스마트폰 과의존 실태조사,2025,2025년 스마트폰 과의존 실태조사 보고서,smartphone_overdependence_2025_29171_file1.pdf,72,0,9,과의존,https://www.nia.or.kr/site/nia_kor/ex/bbs/View.do?cbIdx=65914&bcIdx=29171&parentSeq=29171
smartphone_overdependence,스마트폰 과의존 실태조사,2025,2025년 스마트폰 과의존 실태조사 보고서,smartphone_overdependence_2025_29171_file1.pdf,73,0,8,과의존,https://www.nia.or.kr/site/nia_kor/ex/bbs/View.do?cbIdx=65914&bcIdx=29171&parentSeq=29171
smartphone_overdependence,스마트폰 과의존 실태조사,2025,2025년 스마트폰 과의존 실태조사 보고서,smartphone_overdependence_2025_29171_file1.pdf,74,0,6,과의존,https://www.nia.or.kr/site/nia_kor/ex/bbs/View.do?cbIdx=65914&bcIdx=29171&parentSeq=29171
smartphone_overdependence,스마트폰 과의존 실태조사,2025,2025년 스마트폰 과의존 실태조사 보고서,smartphone_overdependence_2025_29171_file1.pdf,75,0,11,과의존,https://www.nia.or.kr/site/nia_kor/ex/bbs/View.do?cbIdx=65914&bcIdx=29171&parentSeq=29171
smartphone_overdependence,스마트폰 과의존 실태조사,2025,2025년 스마트폰 과의존 실태조사 보고서,smartphone_overdependence_2025_29171_file1.pdf,76,0,4,과의존,https://www.nia.or.kr/site/nia_kor/ex/bbs/View.do?cbIdx=65914&bcIdx=29171&parentSeq=29171
smartphone_overdependence,스마트폰 과의존 실태조사,2025,2025년 스마트폰 과의존 실태조사 보고서,smartphone_overdependence_2025_29171_file1.pdf,77,0,4,과의존,https://www.nia.or.kr/site/nia_kor/ex/bbs/View.do?cbIdx=65914&bcIdx=29171&parentSeq=29171
smartphone_overdependence,스마트폰 과의존 실태조사,2025,2025년 스마트폰 과의존 실태조사 보고서,smartphone_overdependence_2025_29171_file1.pdf,78,0,4,과의존,https://www.nia.or.kr/site/nia_kor/ex/bbs/View.do?cbIdx=65914&bcIdx=29171&parentSeq=29171
smartphone_overdependence,스마트폰 과의존 실태조사,2025,2025년 스마트폰 과의존 실태조사 보고서,smartphone_overdependence_2025_29171_file1.pdf,79,0,4,과의존,https://www.nia.or.kr/site/nia_kor/ex/bbs/View.do?cbIdx=65914&bcIdx=29171&parentSeq=29171
smartphone_overdependence,스마트폰 과의존 실태조사,2025,2025년 스마트폰 과의존 실태조사 보고서,smartphone_overdependence_2025_29171_file1.pdf,80,0,4,과의존,https://www.nia.or.kr/site/nia_kor/ex/bbs/View.do?cbIdx=65914&bcIdx=29171&parentSeq=29171
smartphone_overdependence,스마트폰 과의존 실태조사,2025,2025년 스마트폰 과의존 실태조사 보고서,smartphone_overdependence_2025_29171_file1.pdf,81,0,4,과의존,https://www.nia.or.kr/site/nia_kor/ex/bbs/View.do?cbIdx=65914&bcIdx=29171&parentSeq=29171
smartphone_overdependence,스마트폰 과의존 실태조사,2025,2025년 스마트폰 과의존 실태조사 보고서,smartphone_overdependence_2025_29171_file1.pdf,82,0,4,과의존,https://www.nia.or.kr/site/nia_kor/ex/bbs/View.do?cbIdx=65914&bcIdx=29171&parentSeq=29171
smartphone_overdependence,스마트폰 과의존 실태조사,2025,2025년 스마트폰 과의존 실태조사 보고서,smartphone_overdependence_2025_29171_file1.pdf,83,0,4,과의존,https://www.nia.or.kr/site/nia_kor/ex/bbs/View.do?cbIdx=65914&bcIdx=29171&parentSeq=29171
smartphone_overdependence,스마트폰 과의존 실태조사,2025,2025년 스마트폰 과의존 실태조사 보고서,smartphone_overdependence_2025_29171_file1.pdf,84,0,4,과의존,https://www.nia.or.kr/site/nia_kor/ex/bbs/View.do?cbIdx=65914&bcIdx=29171&parentSeq=29171
smartphone_overdependence,스마트폰 과의존 실태조사,2025,2025년 스마트폰 과의존 실태조사 보고서,smartphone_overdependence_2025_29171_file1.pdf,85,0,4,과의존,https://www.nia.or.kr/site/nia_kor/ex/bbs/View.do?cbIdx=65914&bcIdx=29171&parentSeq=29171
smartphone_overdependence,스마트폰 과의존 실태조사,2025,2025년 스마트폰 과의존 실태조사 보고서,smartphone_overdependence_2025_29171_file1.pdf,86,0,4,과의존,https://www.nia.or.kr/site/nia_kor/ex/bbs/View.do?cbIdx=65914&bcIdx=29171&parentSeq=29171
smartphone_overdependence,스마트폰 과의존 실태조사,2025,2025년 스마트폰 과의존 실태조사 보고서,smartphone_overdependence_2025_29171_file1.pdf,87,0,4,과의존,https://www.nia.or.kr/site/nia_kor/ex/bbs/View.do?cbIdx=65914&bcIdx=29171&parentSeq=29171
smartphone_overdependence,스마트폰 과의존 실태조사,2025,2025년 스마트폰 과의존 실태조사 보고서,smartphone_overdependence_2025_29171_file1.pdf,88,0,4,과의존,https://www.nia.or.kr/site/nia_kor/ex/bbs/View.do?cbIdx=65914&bcIdx=29171&parentSeq=29171
smartphone_overdependence,스마트폰 과의존 실태조사,2025,2025년 스마트폰 과의존 실태조사 보고서,smartphone_overdependence_2025_29171_file1.pdf,89,0,4,과의존,https://www.nia.or.kr/site/nia_kor/ex/bbs/View.do?cbIdx=65914&bcIdx=29171&parentSeq=29171
smartphone_overdependence,스마트폰 과의존 실태조사,2025,2025년 스마트폰 과의존 실태조사 보고서,smartphone_overdependence_2025_29171_file1.pdf,90,0,4,과의존,https://www.nia.or.kr/site/nia_kor/ex/bbs/View.do?cbIdx=65914&bcIdx=29171&parentSeq=29171
smartphone_overdependence,스마트폰 과의존 실태조사,2025,2025년 스마트폰 과의존 실태조사 보고서,smartphone_overdependence_2025_29171_file1.pdf,91,0,4,과의존,https://www.nia.or.kr/site/nia_kor/ex/bbs/View.do?cbIdx=65914&bcIdx=29171&parentSeq=29171
smartphone_overdependence,스마트폰 과의존 실태조사,2025,2025년 스마트폰 과의존 실태조사 보고서,smartphone_overdependence_2025_29171_file1.pdf,92,0,4,과의존,https://www.nia.or.kr/site/nia_kor/ex/bbs/View.do?cbIdx=65914&bcIdx=29171&parentSeq=29171
smartphone_overdependence,스마트폰 과의존 실태조사,2025,2025년 스마트폰 과의존 실태조사 보고서,smartphone_overdependence_2025_29171_file1.pdf,93,0,2,과의존,https://www.nia.or.kr/site/nia_kor/ex/bbs/View.do?cbIdx=65914&bcIdx=29171&parentSeq=29171
smartphone_overdependence,스마트폰 과의존 실태조사,2025,2025년 스마트폰 과의존 실태조사 보고서,smartphone_overdependence_2025_29171_file1.pdf,94,0,4,과의존,https://www.nia.or.kr/site/nia_kor/ex/bbs/View.do?cbIdx=65914&bcIdx=29171&parentSeq=29171
smartphone_overdependence,스마트폰 과의존 실태조사,2025,2025년 스마트폰 과의존 실태조사 보고서,smartphone_overdependence_2025_29171_file1.pdf,95,0,4,과의존,https://www.nia.or.kr/site/nia_kor/ex/bbs/View.do?cbIdx=65914&bcIdx=29171&parentSeq=29171
smartphone_overdependence,스마트폰 과의존 실태조사,2025,2025년 스마트폰 과의존 실태조사 보고서,smartphone_overdependence_2025_29171_file1.pdf,96,0,4,과의존,https://www.nia.or.kr/site/nia_kor/ex/bbs/View.do?cbIdx=65914&bcIdx=29171&parentSeq=29171
smartphone_overdependence,스마트폰 과의존 실태조사,2025,2025년 스마트폰 과의존 실태조사 보고서,smartphone_overdependence_2025_29171_file1.pdf,97,0,4,과의존,https://www.nia.or.kr/site/nia_kor/ex/bbs/View.do?cbIdx=65914&bcIdx=29171&parentSeq=29171
smartphone_overdependence,스마트폰 과의존 실태조사,2025,2025년 스마트폰 과의존 실태조사 보고서,smartphone_overdependence_2025_29171_file1.pdf,98,14,4,AI; 생성형; 과의존,https://www.nia.or.kr/site/nia_kor/ex/bbs/View.do?cbIdx=65914&bcIdx=29171&parentSeq=29171
smartphone_overdependence,스마트폰 과의존 실태조사,2025,2025년 스마트폰 과의존 실태조사 보고서,smartphone_overdependence_2025_29171_file1.pdf,99,14,4,인공지능; AI; 생성형; 과의존,https://www.nia.or.kr/site/nia_kor/ex/bbs/View.do?cbIdx=65914&bcIdx=29171&parentSeq=29171
smartphone_overdependence,스마트폰 과의존 실태조사,2025,2025년 스마트폰 과의존 실태조사 보고서,smartphone_overdependence_2025_29171_file1.pdf,100,0,5,과의존,https://www.nia.or.kr/site/nia_kor/ex/bbs/View.do?cbIdx=65914&bcIdx=29171&parentSeq=29171
smartphone_overdependence,스마트폰 과의존 실태조사,2025,2025년 스마트폰 과의존 실태조사 보고서,smartphone_overdependence_2025_29171_file1.pdf,101,0,5,과의존,https://www.nia.or.kr/site/nia_kor/ex/bbs/View.do?cbIdx=65914&bcIdx=29171&parentSeq=29171
smartphone_overdependence,스마트폰 과의존 실태조사,2025,2025년 스마트폰 과의존 실태조사 보고서,smartphone_overdependence_2025_29171_file1.pdf,102,0,5,과의존,https://www.nia.or.kr/site/nia_kor/ex/bbs/View.do?cbIdx=65914&bcIdx=29171&parentSeq=29171
smartphone_overdependence,스마트폰 과의존 실태조사,2025,2025년 스마트폰 과의존 실태조사 보고서,smartphone_overdependence_2025_29171_file1.pdf,103,0,11,스트레스; 우울; 불안; 과의존,https://www.nia.or.kr/site/nia_kor/ex/bbs/View.do?cbIdx=65914&bcIdx=29171&parentSeq=29171
smartphone_overdependence,스마트폰 과의존 실태조사,2025,2025년 스마트폰 과의존 실태조사 보고서,smartphone_overdependence_2025_29171_file1.pdf,104,0,5,과의존,https://www.nia.or.kr/site/nia_kor/ex/bbs/View.do?cbIdx=65914&bcIdx=29171&parentSeq=29171
smartphone_overdependence,스마트폰 과의존 실태조사,2025,2025년 스마트폰 과의존 실태조사 보고서,smartphone_overdependence_2025_29171_file1.pdf,105,0,5,과의존,https://www.nia.or.kr/site/nia_kor/ex/bbs/View.do?cbIdx=65914&bcIdx=29171&parentSeq=29171
smartphone_overdependence,스마트폰 과의존 실태조사,2025,2025년 스마트폰 과의존 실태조사 보고서,smartphone_overdependence_2025_29171_file1.pdf,106,0,1,과의존,https://www.nia.or.kr/site/nia_kor/ex/bbs/View.do?cbIdx=65914&bcIdx=29171&parentSeq=29171
smartphone_overdependence,스마트폰 과의존 실태조사,2025,2025년 스마트폰 과의존 실태조사 보고서,smartphone_overdependence_2025_29171_file1.pdf,107,0,2,과의존,https://www.nia.or.kr/site/nia_kor/ex/bbs/View.do?cbIdx=65914&bcIdx=29171&parentSeq=29171
smartphone_overdependence,스마트폰 과의존 실태조사,2025,2025년 스마트폰 과의존 실태조사 보고서,smartphone_overdependence_2025_29171_file1.pdf,108,2,2,AI; 생성형; 과의존,https://www.nia.or.kr/site/nia_kor/ex/bbs/View.do?cbIdx=65914&bcIdx=29171&parentSeq=29171
smartphone_overdependence,스마트폰 과의존 실태조사,2025,2025년 스마트폰 과의존 실태조사 보고서,smartphone_overdependence_2025_29171_file1.pdf,109,0,1,과의존,https://www.nia.or.kr/site/nia_kor/ex/bbs/View.do?cbIdx=65914&bcIdx=29171&parentSeq=29171
smartphone_overdependence,스마트폰 과의존 실태조사,2025,2025년 스마트폰 과의존 실태조사 보고서,smartphone_overdependence_2025_29171_file1.pdf,110,0,2,과의존,https://www.nia.or.kr/site/nia_kor/ex/bbs/View.do?cbIdx=65914&bcIdx=29171&parentSeq=29171
smartphone_overdependence,스마트폰 과의존 실태조사,2025,2025년 스마트폰 과의존 실태조사 보고서,smartphone_overdependence_2025_29171_file1.pdf,111,3,2,AI; 생성형; AI 서비스; 과의존,https://www.nia.or.kr/site/nia_kor/ex/bbs/View.do?cbIdx=65914&bcIdx=29171&parentSeq=29171
smartphone_overdependence,스마트폰 과의존 실태조사,2025,2025년 스마트폰 과의존 실태조사 보고서,smartphone_overdependence_2025_29171_file1.pdf,112,5,4,AI; 생성형; AI 서비스; 과의존,https://www.nia.or.kr/site/nia_kor/ex/bbs/View.do?cbIdx=65914&bcIdx=29171&parentSeq=29171
smartphone_overdependence,스마트폰 과의존 실태조사,2025,2025년 스마트폰 과의존 실태조사 보고서,smartphone_overdependence_2025_29171_file1.pdf,113,0,4,과의존,https://www.nia.or.kr/site/nia_kor/ex/bbs/View.do?cbIdx=65914&bcIdx=29171&parentSeq=29171
smartphone_overdependence,스마트폰 과의존 실태조사,2025,2025년 스마트폰 과의존 실태조사 보고서,smartphone_overdependence_2025_29171_file1.pdf,114,0,6,과의존; 폭력,https://www.nia.or.kr/site/nia_kor/ex/bbs/View.do?cbIdx=65914&bcIdx=29171&parentSeq=29171
smartphone_overdependence,스마트폰 과의존 실태조사,2025,2025년 스마트폰 과의존 실태조사 보고서,smartphone_overdependence_2025_29171_file1.pdf,115,0,5,과의존,https://www.nia.or.kr/site/nia_kor/ex/bbs/View.do?cbIdx=65914&bcIdx=29171&parentSeq=29171
smartphone_overdependence,스마트폰 과의존 실태조사,2025,2025년 스마트폰 과의존 실태조사 보고서,smartphone_overdependence_2025_29171_file1.pdf,116,0,5,과의존,https://www.nia.or.kr/site/nia_kor/ex/bbs/View.do?cbIdx=65914&bcIdx=29171&parentSeq=29171
smartphone_overdependence,스마트폰 과의존 실태조사,2025,2025년 스마트폰 과의존 실태조사 보고서,smartphone_overdependence_2025_29171_file1.pdf,117,0,4,과의존,https://www.nia.or.kr/site/nia_kor/ex/bbs/View.do?cbIdx=65914&bcIdx=29171&parentSeq=29171
smartphone_overdependence,스마트폰 과의존 실태조사,2025,2025년 스마트폰 과의존 실태조사 보고서,smartphone_overdependence_2025_29171_file1.pdf,118,0,4,과의존,https://www.nia.or.kr/site/nia_kor/ex/bbs/View.do?cbIdx=65914&bcIdx=29171&parentSeq=29171
smartphone_overdependence,스마트폰 과의존 실태조사,2025,2025년 스마트폰 과의존 실태조사 보고서,smartphone_overdependence_2025_29171_file1.pdf,119,4,4,알고리즘; 과의존,https://www.nia.or.kr/site/nia_kor/ex/bbs/View.do?cbIdx=65914&bcIdx=29171&parentSeq=29171
smartphone_overdependence,스마트폰 과의존 실태조사,2025,2025년 스마트폰 과의존 실태조사 보고서,smartphone_overdependence_2025_29171_file1.pdf,120,8,4,AI; 생성형; 과의존,https://www.nia.or.kr/site/nia_kor/ex/bbs/View.do?cbIdx=65914&bcIdx=29171&parentSeq=29171
smartphone_overdependence,스마트폰 과의존 실태조사,2025,2025년 스마트폰 과의존 실태조사 보고서,smartphone_overdependence_2025_29171_file1.pdf,121,0,5,과의존,https://www.nia.or.kr/site/nia_kor/ex/bbs/View.do?cbIdx=65914&bcIdx=29171&parentSeq=29171
smartphone_overdependence,스마트폰 과의존 실태조사,2025,2025년 스마트폰 과의존 실태조사 보고서,smartphone_overdependence_2025_29171_file1.pdf,122,0,4,과의존,https://www.nia.or.kr/site/nia_kor/ex/bbs/View.do?cbIdx=65914&bcIdx=29171&parentSeq=29171
smartphone_overdependence,스마트폰 과의존 실태조사,2025,2025년 스마트폰 과의존 실태조사 보고서,smartphone_overdependence_2025_29171_file1.pdf,123,0,3,과의존,https://www.nia.or.kr/site/nia_kor/ex/bbs/View.do?cbIdx=65914&bcIdx=29171&parentSeq=29171
smartphone_overdependence,스마트폰 과의존 실태조사,2025,2025년 스마트폰 과의존 실태조사 보고서,smartphone_overdependence_2025_29171_file1.pdf,124,0,1,과의존,https://www.nia.or.kr/site/nia_kor/ex/bbs/View.do?cbIdx=65914&bcIdx=29171&parentSeq=29171
smartphone_overdependence,스마트폰 과의존 실태조사,2025,2025년 스마트폰 과의존 실태조사 보고서,smartphone_overdependence_2025_29171_file1.pdf,125,0,2,과의존,https://www.nia.or.kr/site/nia_kor/ex/bbs/View.do?cbIdx=65914&bcIdx=29171&parentSeq=29171
smartphone_overdependence,스마트폰 과의존 실태조사,2025,2025년 스마트폰 과의존 실태조사 보고서,smartphone_overdependence_2025_29171_file1.pdf,126,0,4,과의존,https://www.nia.or.kr/site/nia_kor/ex/bbs/View.do?cbIdx=65914&bcIdx=29171&parentSeq=29171
smartphone_overdependence,스마트폰 과의존 실태조사,2025,2025년 스마트폰 과의존 실태조사 보고서,smartphone_overdependence_2025_29171_file1.pdf,127,0,4,과의존,https://www.nia.or.kr/site/nia_kor/ex/bbs/View.do?cbIdx=65914&bcIdx=29171&parentSeq=29171
smartphone_overdependence,스마트폰 과의존 실태조사,2025,2025년 스마트폰 과의존 실태조사 보고서,smartphone_overdependence_2025_29171_file1.pdf,128,0,4,과의존,https://www.nia.or.kr/site/nia_kor/ex/bbs/View.do?cbIdx=65914&bcIdx=29171&parentSeq=29171
smartphone_overdependence,스마트폰 과의존 실태조사,2025,2025년 스마트폰 과의존 실태조사 보고서,smartphone_overdependence_2025_29171_file1.pdf,129,0,4,과의존,https://www.nia.or.kr/site/nia_kor/ex/bbs/View.do?cbIdx=65914&bcIdx=29171&parentSeq=29171
smartphone_overdependence,스마트폰 과의존 실태조사,2025,2025년 스마트폰 과의존 실태조사 보고서,smartphone_overdependence_2025_29171_file1.pdf,130,0,4,과의존,https://www.nia.or.kr/site/nia_kor/ex/bbs/View.do?cbIdx=65914&bcIdx=29171&parentSeq=29171
smartphone_overdependence,스마트폰 과의존 실태조사,2025,2025년 스마트폰 과의존 실태조사 보고서,smartphone_overdependence_2025_29171_file1.pdf,131,0,4,과의존,https://www.nia.or.kr/site/nia_kor/ex/bbs/View.do?cbIdx=65914&bcIdx=29171&parentSeq=29171
smartphone_overdependence,스마트폰 과의존 실태조사,2025,2025년 스마트폰 과의존 실태조사 보고서,smartphone_overdependence_2025_29171_file1.pdf,132,0,4,과의존,https://www.nia.or.kr/site/nia_kor/ex/bbs/View.do?cbIdx=65914&bcIdx=29171&parentSeq=29171
smartphone_overdependence,스마트폰 과의존 실태조사,2025,2025년 스마트폰 과의존 실태조사 보고서,smartphone_overdependence_2025_29171_file1.pdf,133,0,4,과의존,https://www.nia.or.kr/site/nia_kor/ex/bbs/View.do?cbIdx=65914&bcIdx=29171&parentSeq=29171
smartphone_overdependence,스마트폰 과의존 실태조사,2025,2025년 스마트폰 과의존 실태조사 보고서,smartphone_overdependence_2025_29171_file1.pdf,134,0,4,과의존,https://www.nia.or.kr/site/nia_kor/ex/bbs/View.do?cbIdx=65914&bcIdx=29171&parentSeq=29171
smartphone_overdependence,스마트폰 과의존 실태조사,2025,2025년 스마트폰 과의존 실태조사 보고서,smartphone_overdependence_2025_29171_file1.pdf,135,0,4,과의존,https://www.nia.or.kr/site/nia_kor/ex/bbs/View.do?cbIdx=65914&bcIdx=29171&parentSeq=29171
smartphone_overdependence,스마트폰 과의존 실태조사,2025,2025년 스마트폰 과의존 실태조사 보고서,smartphone_overdependence_2025_29171_file1.pdf,136,0,10,과의존,https://www.nia.or.kr/site/nia_kor/ex/bbs/View.do?cbIdx=65914&bcIdx=29171&parentSeq=29171
smartphone_overdependence,스마트폰 과의존 실태조사,2025,2025년 스마트폰 과의존 실태조사 보고서,smartphone_overdependence_2025_29171_file1.pdf,137,0,8,과의존,https://www.nia.or.kr/site/nia_kor/ex/bbs/View.do?cbIdx=65914&bcIdx=29171&parentSeq=29171
smartphone_overdependence,스마트폰 과의존 실태조사,2025,2025년 스마트폰 과의존 실태조사 보고서,smartphone_overdependence_2025_29171_file1.pdf,138,0,8,과의존,https://www.nia.or.kr/site/nia_kor/ex/bbs/View.do?cbIdx=65914&bcIdx=29171&parentSeq=29171
smartphone_overdependence,스마트폰 과의존 실태조사,2025,2025년 스마트폰 과의존 실태조사 보고서,smartphone_overdependence_2025_29171_file1.pdf,139,0,8,과의존,https://www.nia.or.kr/site/nia_kor/ex/bbs/View.do?cbIdx=65914&bcIdx=29171&parentSeq=29171
smartphone_overdependence,스마트폰 과의존 실태조사,2025,2025년 스마트폰 과의존 실태조사 보고서,smartphone_overdependence_2025_29171_file1.pdf,140,0,11,과의존; 도움,https://www.nia.or.kr/site/nia_kor/ex/bbs/View.do?cbIdx=65914&bcIdx=29171&parentSeq=29171
smartphone_overdependence,스마트폰 과의존 실태조사,2025,2025년 스마트폰 과의존 실태조사 보고서,smartphone_overdependence_2025_29171_file1.pdf,141,0,11,스트레스; 과의존,https://www.nia.or.kr/site/nia_kor/ex/bbs/View.do?cbIdx=65914&bcIdx=29171&parentSeq=29171
smartphone_overdependence,스마트폰 과의존 실태조사,2025,2025년 스마트폰 과의존 실태조사 보고서,smartphone_overdependence_2025_29171_file1.pdf,142,0,8,과의존,https://www.nia.or.kr/site/nia_kor/ex/bbs/View.do?cbIdx=65914&bcIdx=29171&parentSeq=29171
smartphone_overdependence,스마트폰 과의존 실태조사,2025,2025년 스마트폰 과의존 실태조사 보고서,smartphone_overdependence_2025_29171_file1.pdf,143,0,11,상담; 과의존,https://www.nia.or.kr/site/nia_kor/ex/bbs/View.do?cbIdx=65914&bcIdx=29171&parentSeq=29171
smartphone_overdependence,스마트폰 과의존 실태조사,2025,2025년 스마트폰 과의존 실태조사 보고서,smartphone_overdependence_2025_29171_file1.pdf,144,0,7,과의존,https://www.nia.or.kr/site/nia_kor/ex/bbs/View.do?cbIdx=65914&bcIdx=29171&parentSeq=29171
smartphone_overdependence,스마트폰 과의존 실태조사,2025,2025년 스마트폰 과의존 실태조사 보고서,smartphone_overdependence_2025_29171_file1.pdf,145,0,6,과의존,https://www.nia.or.kr/site/nia_kor/ex/bbs/View.do?cbIdx=65914&bcIdx=29171&parentSeq=29171
smartphone_overdependence,스마트폰 과의존 실태조사,2025,2025년 스마트폰 과의존 실태조사 보고서,smartphone_overdependence_2025_29171_file1.pdf,146,2,4,알고리즘; 스트레스; 과의존,https://www.nia.or.kr/site/nia_kor/ex/bbs/View.do?cbIdx=65914&bcIdx=29171&parentSeq=29171
smartphone_overdependence,스마트폰 과의존 실태조사,2025,2025년 스마트폰 과의존 실태조사 보고서,smartphone_overdependence_2025_29171_file1.pdf,147,1,3,알고리즘; 스트레스; 과의존,https://www.nia.or.kr/site/nia_kor/ex/bbs/View.do?cbIdx=65914&bcIdx=29171&parentSeq=29171
smartphone_overdependence,스마트폰 과의존 실태조사,2025,2025년 스마트폰 과의존 실태조사 보고서,smartphone_overdependence_2025_29171_file1.pdf,148,0,10,상담; 과의존,https://www.nia.or.kr/site/nia_kor/ex/bbs/View.do?cbIdx=65914&bcIdx=29171&parentSeq=29171
smartphone_overdependence,스마트폰 과의존 실태조사,2025,2025년 스마트폰 과의존 실태조사 보고서,smartphone_overdependence_2025_29171_file1.pdf,149,0,22,과의존; 도움,https://www.nia.or.kr/site/nia_kor/ex/bbs/View.do?cbIdx=65914&bcIdx=29171&parentSeq=29171
smartphone_overdependence,스마트폰 과의존 실태조사,2025,2025년 스마트폰 과의존 실태조사 보고서,smartphone_overdependence_2025_29171_file1.pdf,150,0,7,과의존,https://www.nia.or.kr/site/nia_kor/ex/bbs/View.do?cbIdx=65914&bcIdx=29171&parentSeq=29171
smartphone_overdependence,스마트폰 과의존 실태조사,2025,2025년 스마트폰 과의존 실태조사 보고서,smartphone_overdependence_2025_29171_file1.pdf,151,0,9,과의존,https://www.nia.or.kr/site/nia_kor/ex/bbs/View.do?cbIdx=65914&bcIdx=29171&parentSeq=29171
smartphone_overdependence,스마트폰 과의존 실태조사,2025,2025년 스마트폰 과의존 실태조사 보고서,smartphone_overdependence_2025_29171_file1.pdf,152,0,11,과의존,https://www.nia.or.kr/site/nia_kor/ex/bbs/View.do?cbIdx=65914&bcIdx=29171&parentSeq=29171
smartphone_overdependence,스마트폰 과의존 실태조사,2025,2025년 스마트폰 과의존 실태조사 보고서,smartphone_overdependence_2025_29171_file1.pdf,153,0,20,과의존; 도움,https://www.nia.or.kr/site/nia_kor/ex/bbs/View.do?cbIdx=65914&bcIdx=29171&parentSeq=29171
smartphone_overdependence,스마트폰 과의존 실태조사,2025,2025년 스마트폰 과의존 실태조사 보고서,smartphone_overdependence_2025_29171_file1.pdf,154,0,9,과의존,https://www.nia.or.kr/site/nia_kor/ex/bbs/View.do?cbIdx=65914&bcIdx=29171&parentSeq=29171
smartphone_overdependence,스마트폰 과의존 실태조사,2025,2025년 스마트폰 과의존 실태조사 보고서,smartphone_overdependence_2025_29171_file1.pdf,155,0,5,상담; 과의존,https://www.nia.or.kr/site/nia_kor/ex/bbs/View.do?cbIdx=65914&bcIdx=29171&parentSeq=29171
smartphone_overdependence,스마트폰 과의존 실태조사,2025,2025년 스마트폰 과의존 실태조사 보고서,smartphone_overdependence_2025_29171_file1.pdf,156,0,10,상담; 과의존,https://www.nia.or.kr/site/nia_kor/ex/bbs/View.do?cbIdx=65914&bcIdx=29171&parentSeq=29171
smartphone_overdependence,스마트폰 과의존 실태조사,2025,2025년 스마트폰 과의존 실태조사 보고서,smartphone_overdependence_2025_29171_file1.pdf,157,0,3,과의존,https://www.nia.or.kr/site/nia_kor/ex/bbs/View.do?cbIdx=65914&bcIdx=29171&parentSeq=29171
smartphone_overdependence,스마트폰 과의존 실태조사,2025,2025년 스마트폰 과의존 실태조사 보고서,smartphone_overdependence_2025_29171_file1.pdf,158,0,3,과의존,https://www.nia.or.kr/site/nia_kor/ex/bbs/View.do?cbIdx=65914&bcIdx=29171&parentSeq=29171
smartphone_overdependence,스마트폰 과의존 실태조사,2025,2025년 스마트폰 과의존 실태조사 보고서,smartphone_overdependence_2025_29171_file1.pdf,159,0,3,과의존,https://www.nia.or.kr/site/nia_kor/ex/bbs/View.do?cbIdx=65914&bcIdx=29171&parentSeq=29171
smartphone_overdependence,스마트폰 과의존 실태조사,2025,2025년 스마트폰 과의존 실태조사 보고서,smartphone_overdependence_2025_29171_file1.pdf,160,0,3,과의존,https://www.nia.or.kr/site/nia_kor/ex/bbs/View.do?cbIdx=65914&bcIdx=29171&parentSeq=29171
smartphone_overdependence,스마트폰 과의존 실태조사,2025,2025년 스마트폰 과의존 실태조사 보고서,smartphone_overdependence_2025_29171_file1.pdf,161,0,3,과의존,https://www.nia.or.kr/site/nia_kor/ex/bbs/View.do?cbIdx=65914&bcIdx=29171&parentSeq=29171
smartphone_overdependence,스마트폰 과의존 실태조사,2025,2025년 스마트폰 과의존 실태조사 보고서,smartphone_overdependence_2025_29171_file1.pdf,162,0,3,과의존,https://www.nia.or.kr/site/nia_kor/ex/bbs/View.do?cbIdx=65914&bcIdx=29171&parentSeq=29171
smartphone_overdependence,스마트폰 과의존 실태조사,2025,2025년 스마트폰 과의존 실태조사 보고서,smartphone_overdependence_2025_29171_file1.pdf,163,0,3,과의존,https://www.nia.or.kr/site/nia_kor/ex/bbs/View.do?cbIdx=65914&bcIdx=29171&parentSeq=29171
smartphone_overdependence,스마트폰 과의존 실태조사,2025,2025년 스마트폰 과의존 실태조사 보고서,smartphone_overdependence_2025_29171_file1.pdf,164,0,9,과의존,https://www.nia.or.kr/site/nia_kor/ex/bbs/View.do?cbIdx=65914&bcIdx=29171&parentSeq=29171
smartphone_overdependence,스마트폰 과의존 실태조사,2025,2025년 스마트폰 과의존 실태조사 보고서,smartphone_overdependence_2025_29171_file1.pdf,165,0,4,과의존,https://www.nia.or.kr/site/nia_kor/ex/bbs/View.do?cbIdx=65914&bcIdx=29171&parentSeq=29171
smartphone_overdependence,스마트폰 과의존 실태조사,2025,2025년 스마트폰 과의존 실태조사 보고서,smartphone_overdependence_2025_29171_file1.pdf,166,0,3,과의존,https://www.nia.or.kr/site/nia_kor/ex/bbs/View.do?cbIdx=65914&bcIdx=29171&parentSeq=29171
smartphone_overdependence,스마트폰 과의존 실태조사,2025,2025년 스마트폰 과의존 실태조사 보고서,smartphone_overdependence_2025_29171_file1.pdf,167,0,4,과의존,https://www.nia.or.kr/site/nia_kor/ex/bbs/View.do?cbIdx=65914&bcIdx=29171&parentSeq=29171
smartphone_overdependence,스마트폰 과의존 실태조사,2025,2025년 스마트폰 과의존 실태조사 보고서,smartphone_overdependence_2025_29171_file1.pdf,170,6,27,AI; 생성형; 알고리즘; 심리; 상담; 과의존; 도움,https://www.nia.or.kr/site/nia_kor/ex/bbs/View.do?cbIdx=65914&bcIdx=29171&parentSeq=29171
smartphone_overdependence,스마트폰 과의존 실태조사,2025,2025년 스마트폰 과의존 실태조사 보고서,smartphone_overdependence_2025_29171_file1.pdf,171,0,1,과의존,https://www.nia.or.kr/site/nia_kor/ex/bbs/View.do?cbIdx=65914&bcIdx=29171&parentSeq=29171
smartphone_overdependence,스마트폰 과의존 실태조사,2025,2025년 스마트폰 과의존 실태조사 보고서,smartphone_overdependence_2025_29171_file1.pdf,174,4,2,지능정보; 과의존,https://www.nia.or.kr/site/nia_kor/ex/bbs/View.do?cbIdx=65914&bcIdx=29171&parentSeq=29171
smartphone_overdependence,스마트폰 과의존 실태조사,2025,2025년 스마트폰 과의존 실태조사 보고서,smartphone_overdependence_2025_29171_file1.pdf,176,5,2,지능정보; 과의존,https://www.nia.or.kr/site/nia_kor/ex/bbs/View.do?cbIdx=65914&bcIdx=29171&parentSeq=29171
smartphone_overdependence,스마트폰 과의존 실태조사,2025,2025년 스마트폰 과의존 실태조사 보고서,smartphone_overdependence_2025_29171_file1.pdf,177,13,0,인공지능; AI; 생성형; AI 서비스,https://www.nia.or.kr/site/nia_kor/ex/bbs/View.do?cbIdx=65914&bcIdx=29171&parentSeq=29171
smartphone_overdependence,스마트폰 과의존 실태조사,2025,2025년 스마트폰 과의존 실태조사 보고서,smartphone_overdependence_2025_29171_file1.pdf,178,0,2,스트레스; 불안,https://www.nia.or.kr/site/nia_kor/ex/bbs/View.do?cbIdx=65914&bcIdx=29171&parentSeq=29171
smartphone_overdependence,스마트폰 과의존 실태조사,2025,2025년 스마트폰 과의존 실태조사 보고서,smartphone_overdependence_2025_29171_file1.pdf,179,0,3,스트레스; 우울; 불안,https://www.nia.or.kr/site/nia_kor/ex/bbs/View.do?cbIdx=65914&bcIdx=29171&parentSeq=29171
smartphone_overdependence,스마트폰 과의존 실태조사,2025,2025년 스마트폰 과의존 실태조사 보고서,smartphone_overdependence_2025_29171_file1.pdf,180,0,2,폭력,https://www.nia.or.kr/site/nia_kor/ex/bbs/View.do?cbIdx=65914&bcIdx=29171&parentSeq=29171
smartphone_overdependence,스마트폰 과의존 실태조사,2025,2025년 스마트폰 과의존 실태조사 보고서,smartphone_overdependence_2025_29171_file1.pdf,181,5,20,AI; 생성형; 알고리즘; 상담; 중독; 과의존; 도움,https://www.nia.or.kr/site/nia_kor/ex/bbs/View.do?cbIdx=65914&bcIdx=29171&parentSeq=29171
smartphone_overdependence,스마트폰 과의존 실태조사,2025,2025년 스마트폰 과의존 실태조사 보고서,smartphone_overdependence_2025_29171_file1.pdf,182,0,17,상담; 스트레스; 과의존; 도움,https://www.nia.or.kr/site/nia_kor/ex/bbs/View.do?cbIdx=65914&bcIdx=29171&parentSeq=29171
smartphone_overdependence,스마트폰 과의존 실태조사,2025,2025년 스마트폰 과의존 실태조사 보고서,smartphone_overdependence_2025_29171_file1.pdf,183,1,3,알고리즘; 심리; 스트레스; 과의존,https://www.nia.or.kr/site/nia_kor/ex/bbs/View.do?cbIdx=65914&bcIdx=29171&parentSeq=29171
smartphone_overdependence,스마트폰 과의존 실태조사,2025,2025년 스마트폰 과의존 실태조사 보고서,smartphone_overdependence_2025_29171_file1.pdf,184,0,4,상담; 도움,https://www.nia.or.kr/site/nia_kor/ex/bbs/View.do?cbIdx=65914&bcIdx=29171&parentSeq=29171
smartphone_overdependence,스마트폰 과의존 실태조사,2025,2025년 스마트폰 과의존 실태조사 보고서,smartphone_overdependence_2025_29171_file1.pdf,185,0,1,과의존,https://www.nia.or.kr/site/nia_kor/ex/bbs/View.do?cbIdx=65914&bcIdx=29171&parentSeq=29171
smartphone_overdependence,스마트폰 과의존 실태조사,2025,2025년 스마트폰 과의존 실태조사 보고서,smartphone_overdependence_2025_29171_file1.pdf,190,3,2,AI; 생성형; AI 서비스; 과의존,https://www.nia.or.kr/site/nia_kor/ex/bbs/View.do?cbIdx=65914&bcIdx=29171&parentSeq=29171
smartphone_overdependence,스마트폰 과의존 실태조사,2025,2025년 스마트폰 과의존 실태조사 보고서,smartphone_overdependence_2025_29171_file1.pdf,191,4,2,인공지능; AI; 생성형; 스트레스; 불안,https://www.nia.or.kr/site/nia_kor/ex/bbs/View.do?cbIdx=65914&bcIdx=29171&parentSeq=29171
smartphone_overdependence,스마트폰 과의존 실태조사,2025,2025년 스마트폰 과의존 실태조사 보고서,smartphone_overdependence_2025_29171_file1.pdf,192,0,3,스트레스; 우울; 불안,https://www.nia.or.kr/site/nia_kor/ex/bbs/View.do?cbIdx=65914&bcIdx=29171&parentSeq=29171
smartphone_overdependence,스마트폰 과의존 실태조사,2025,2025년 스마트폰 과의존 실태조사 보고서,smartphone_overdependence_2025_29171_file1.pdf,193,0,3,스트레스; 우울; 불안,https://www.nia.or.kr/site/nia_kor/ex/bbs/View.do?cbIdx=65914&bcIdx=29171&parentSeq=29171
smartphone_overdependence,스마트폰 과의존 실태조사,2025,2025년 스마트폰 과의존 실태조사 보고서,smartphone_overdependence_2025_29171_file1.pdf,194,0,5,스트레스; 우울; 불안; 과의존; 폭력,https://www.nia.or.kr/site/nia_kor/ex/bbs/View.do?cbIdx=65914&bcIdx=29171&parentSeq=29171
smartphone_overdependence,스마트폰 과의존 실태조사,2025,2025년 스마트폰 과의존 실태조사 보고서,smartphone_overdependence_2025_29171_file1.pdf,195,2,23,생성형; 알고리즘; 상담; 과의존; 도움,https://www.nia.or.kr/site/nia_kor/ex/bbs/View.do?cbIdx=65914&bcIdx=29171&parentSeq=29171
smartphone_overdependence,스마트폰 과의존 실태조사,2025,2025년 스마트폰 과의존 실태조사 보고서,smartphone_overdependence_2025_29171_file1.pdf,196,0,1,상담,https://www.nia.or.kr/site/nia_kor/ex/bbs/View.do?cbIdx=65914&bcIdx=29171&parentSeq=29171
smartphone_overdependence,스마트폰 과의존 실태조사,2025,2025년 스마트폰 과의존 실태조사 보고서,smartphone_overdependence_2025_29171_file1.pdf,197,0,2,과의존,https://www.nia.or.kr/site/nia_kor/ex/bbs/View.do?cbIdx=65914&bcIdx=29171&parentSeq=29171
smartphone_overdependence,스마트폰 과의존 실태조사,2025,2025년 스마트폰 과의존 실태조사 보고서,smartphone_overdependence_2025_29171_file1.pdf,199,0,2,과의존,https://www.nia.or.kr/site/nia_kor/ex/bbs/View.do?cbIdx=65914&bcIdx=29171&parentSeq=29171
smartphone_overdependence,스마트폰 과의존 실태조사,2025,2025년 스마트폰 과의존 실태조사 보고서,smartphone_overdependence_2025_29171_file1.pdf,200,0,13,과의존,https://www.nia.or.kr/site/nia_kor/ex/bbs/View.do?cbIdx=65914&bcIdx=29171&parentSeq=29171
smartphone_overdependence,스마트폰 과의존 실태조사,2025,2025년 스마트폰 과의존 실태조사 보고서,smartphone_overdependence_2025_29171_file1.pdf,201,0,18,과의존,https://www.nia.or.kr/site/nia_kor/ex/bbs/View.do?cbIdx=65914&bcIdx=29171&parentSeq=29171
smartphone_overdependence,스마트폰 과의존 실태조사,2025,2025년 스마트폰 과의존 실태조사 보고서,smartphone_overdependence_2025_29171_file1.pdf,202,0,18,과의존,https://www.nia.or.kr/site/nia_kor/ex/bbs/View.do?cbIdx=65914&bcIdx=29171&parentSeq=29171
smartphone_overdependence,스마트폰 과의존 실태조사,2025,2025년 스마트폰 과의존 실태조사 보고서,smartphone_overdependence_2025_29171_file1.pdf,203,2,18,AI; 생성형; 과의존,https://www.nia.or.kr/site/nia_kor/ex/bbs/View.do?cbIdx=65914&bcIdx=29171&parentSeq=29171
smartphone_overdependence,스마트폰 과의존 실태조사,2025,2025년 스마트폰 과의존 실태조사 보고서,smartphone_overdependence_2025_29171_file1.pdf,204,0,18,과의존,https://www.nia.or.kr/site/nia_kor/ex/bbs/View.do?cbIdx=65914&bcIdx=29171&parentSeq=29171
smartphone_overdependence,스마트폰 과의존 실태조사,2025,2025년 스마트폰 과의존 실태조사 보고서,smartphone_overdependence_2025_29171_file1.pdf,205,0,18,과의존,https://www.nia.or.kr/site/nia_kor/ex/bbs/View.do?cbIdx=65914&bcIdx=29171&parentSeq=29171
smartphone_overdependence,스마트폰 과의존 실태조사,2025,2025년 스마트폰 과의존 실태조사 보고서,smartphone_overdependence_2025_29171_file1.pdf,206,0,18,과의존,https://www.nia.or.kr/site/nia_kor/ex/bbs/View.do?cbIdx=65914&bcIdx=29171&parentSeq=29171
smartphone_overdependence,스마트폰 과의존 실태조사,2025,2025년 스마트폰 과의존 실태조사 보고서,smartphone_overdependence_2025_29171_file1.pdf,207,0,18,과의존,https://www.nia.or.kr/site/nia_kor/ex/bbs/View.do?cbIdx=65914&bcIdx=29171&parentSeq=29171
smartphone_overdependence,스마트폰 과의존 실태조사,2025,2025년 스마트폰 과의존 실태조사 보고서,smartphone_overdependence_2025_29171_file1.pdf,208,0,18,과의존,https://www.nia.or.kr/site/nia_kor/ex/bbs/View.do?cbIdx=65914&bcIdx=29171&parentSeq=29171
smartphone_overdependence,스마트폰 과의존 실태조사,2025,2025년 스마트폰 과의존 실태조사 보고서,smartphone_overdependence_2025_29171_file1.pdf,209,0,18,과의존,https://www.nia.or.kr/site/nia_kor/ex/bbs/View.do?cbIdx=65914&bcIdx=29171&parentSeq=29171
smartphone_overdependence,스마트폰 과의존 실태조사,2025,2025년 스마트폰 과의존 실태조사 보고서,smartphone_overdependence_2025_29171_file1.pdf,210,0,18,과의존,https://www.nia.or.kr/site/nia_kor/ex/bbs/View.do?cbIdx=65914&bcIdx=29171&parentSeq=29171
smartphone_overdependence,스마트폰 과의존 실태조사,2025,2025년 스마트폰 과의존 실태조사 보고서,smartphone_overdependence_2025_29171_file1.pdf,211,0,18,과의존,https://www.nia.or.kr/site/nia_kor/ex/bbs/View.do?cbIdx=65914&bcIdx=29171&parentSeq=29171
smartphone_overdependence,스마트폰 과의존 실태조사,2025,2025년 스마트폰 과의존 실태조사 보고서,smartphone_overdependence_2025_29171_file1.pdf,212,0,18,과의존,https://www.nia.or.kr/site/nia_kor/ex/bbs/View.do?cbIdx=65914&bcIdx=29171&parentSeq=29171
smartphone_overdependence,스마트폰 과의존 실태조사,2025,2025년 스마트폰 과의존 실태조사 보고서,smartphone_overdependence_2025_29171_file1.pdf,213,0,18,과의존,https://www.nia.or.kr/site/nia_kor/ex/bbs/View.do?cbIdx=65914&bcIdx=29171&parentSeq=29171
smartphone_overdependence,스마트폰 과의존 실태조사,2025,2025년 스마트폰 과의존 실태조사 보고서,smartphone_overdependence_2025_29171_file1.pdf,214,0,18,과의존,https://www.nia.or.kr/site/nia_kor/ex/bbs/View.do?cbIdx=65914&bcIdx=29171&parentSeq=29171
smartphone_overdependence,스마트폰 과의존 실태조사,2025,2025년 스마트폰 과의존 실태조사 보고서,smartphone_overdependence_2025_29171_file1.pdf,215,0,18,과의존,https://www.nia.or.kr/site/nia_kor/ex/bbs/View.do?cbIdx=65914&bcIdx=29171&parentSeq=29171
smartphone_overdependence,스마트폰 과의존 실태조사,2025,2025년 스마트폰 과의존 실태조사 보고서,smartphone_overdependence_2025_29171_file1.pdf,216,0,18,과의존,https://www.nia.or.kr/site/nia_kor/ex/bbs/View.do?cbIdx=65914&bcIdx=29171&parentSeq=29171
smartphone_overdependence,스마트폰 과의존 실태조사,2025,2025년 스마트폰 과의존 실태조사 보고서,smartphone_overdependence_2025_29171_file1.pdf,217,0,18,과의존,https://www.nia.or.kr/site/nia_kor/ex/bbs/View.do?cbIdx=65914&bcIdx=29171&parentSeq=29171
smartphone_overdependence,스마트폰 과의존 실태조사,2025,2025년 스마트폰 과의존 실태조사 보고서,smartphone_overdependence_2025_29171_file1.pdf,218,0,18,과의존,https://www.nia.or.kr/site/nia_kor/ex/bbs/View.do?cbIdx=65914&bcIdx=29171&parentSeq=29171
smartphone_overdependence,스마트폰 과의존 실태조사,2025,2025년 스마트폰 과의존 실태조사 보고서,smartphone_overdependence_2025_29171_file1.pdf,219,0,18,과의존,https://www.nia.or.kr/site/nia_kor/ex/bbs/View.do?cbIdx=65914&bcIdx=29171&parentSeq=29171
smartphone_overdependence,스마트폰 과의존 실태조사,2025,2025년 스마트폰 과의존 실태조사 보고서,smartphone_overdependence_2025_29171_file1.pdf,220,0,18,과의존,https://www.nia.or.kr/site/nia_kor/ex/bbs/View.do?cbIdx=65914&bcIdx=29171&parentSeq=29171
smartphone_overdependence,스마트폰 과의존 실태조사,2025,2025년 스마트폰 과의존 실태조사 보고서,smartphone_overdependence_2025_29171_file1.pdf,221,0,18,과의존,https://www.nia.or.kr/site/nia_kor/ex/bbs/View.do?cbIdx=65914&bcIdx=29171&parentSeq=29171
smartphone_overdependence,스마트폰 과의존 실태조사,2025,2025년 스마트폰 과의존 실태조사 보고서,smartphone_overdependence_2025_29171_file1.pdf,222,0,18,과의존,https://www.nia.or.kr/site/nia_kor/ex/bbs/View.do?cbIdx=65914&bcIdx=29171&parentSeq=29171
smartphone_overdependence,스마트폰 과의존 실태조사,2025,2025년 스마트폰 과의존 실태조사 보고서,smartphone_overdependence_2025_29171_file1.pdf,223,0,18,과의존,https://www.nia.or.kr/site/nia_kor/ex/bbs/View.do?cbIdx=65914&bcIdx=29171&parentSeq=29171
smartphone_overdependence,스마트폰 과의존 실태조사,2025,2025년 스마트폰 과의존 실태조사 보고서,smartphone_overdependence_2025_29171_file1.pdf,224,0,18,과의존,https://www.nia.or.kr/site/nia_kor/ex/bbs/View.do?cbIdx=65914&bcIdx=29171&parentSeq=29171
smartphone_overdependence,스마트폰 과의존 실태조사,2025,2025년 스마트폰 과의존 실태조사 보고서,smartphone_overdependence_2025_29171_file1.pdf,225,0,18,과의존,https://www.nia.or.kr/site/nia_kor/ex/bbs/View.do?cbIdx=65914&bcIdx=29171&parentSeq=29171
smartphone_overdependence,스마트폰 과의존 실태조사,2025,2025년 스마트폰 과의존 실태조사 보고서,smartphone_overdependence_2025_29171_file1.pdf,226,0,18,과의존,https://www.nia.or.kr/site/nia_kor/ex/bbs/View.do?cbIdx=65914&bcIdx=29171&parentSeq=29171
smartphone_overdependence,스마트폰 과의존 실태조사,2025,2025년 스마트폰 과의존 실태조사 보고서,smartphone_overdependence_2025_29171_file1.pdf,227,0,18,과의존,https://www.nia.or.kr/site/nia_kor/ex/bbs/View.do?cbIdx=65914&bcIdx=29171&parentSeq=29171
smartphone_overdependence,스마트폰 과의존 실태조사,2025,2025년 스마트폰 과의존 실태조사 보고서,smartphone_overdependence_2025_29171_file1.pdf,228,0,18,과의존,https://www.nia.or.kr/site/nia_kor/ex/bbs/View.do?cbIdx=65914&bcIdx=29171&parentSeq=29171
smartphone_overdependence,스마트폰 과의존 실태조사,2025,2025년 스마트폰 과의존 실태조사 보고서,smartphone_overdependence_2025_29171_file1.pdf,229,3,18,AI; 생성형; AI 서비스; 과의존,https://www.nia.or.kr/site/nia_kor/ex/bbs/View.do?cbIdx=65914&bcIdx=29171&parentSeq=29171
smartphone_overdependence,스마트폰 과의존 실태조사,2025,2025년 스마트폰 과의존 실태조사 보고서,smartphone_overdependence_2025_29171_file1.pdf,230,2,18,AI; 생성형; 과의존,https://www.nia.or.kr/site/nia_kor/ex/bbs/View.do?cbIdx=65914&bcIdx=29171&parentSeq=29171
smartphone_overdependence,스마트폰 과의존 실태조사,2025,2025년 스마트폰 과의존 실태조사 보고서,smartphone_overdependence_2025_29171_file1.pdf,231,0,18,과의존,https://www.nia.or.kr/site/nia_kor/ex/bbs/View.do?cbIdx=65914&bcIdx=29171&parentSeq=29171
smartphone_overdependence,스마트폰 과의존 실태조사,2025,2025년 스마트폰 과의존 실태조사 보고서,smartphone_overdependence_2025_29171_file1.pdf,232,0,18,과의존,https://www.nia.or.kr/site/nia_kor/ex/bbs/View.do?cbIdx=65914&bcIdx=29171&parentSeq=29171
smartphone_overdependence,스마트폰 과의존 실태조사,2025,2025년 스마트폰 과의존 실태조사 보고서,smartphone_overdependence_2025_29171_file1.pdf,233,2,18,AI; 생성형; 과의존,https://www.nia.or.kr/site/nia_kor/ex/bbs/View.do?cbIdx=65914&bcIdx=29171&parentSeq=29171
smartphone_overdependence,스마트폰 과의존 실태조사,2025,2025년 스마트폰 과의존 실태조사 보고서,smartphone_overdependence_2025_29171_file1.pdf,234,0,18,과의존,https://www.nia.or.kr/site/nia_kor/ex/bbs/View.do?cbIdx=65914&bcIdx=29171&parentSeq=29171
smartphone_overdependence,스마트폰 과의존 실태조사,2025,2025년 스마트폰 과의존 실태조사 보고서,smartphone_overdependence_2025_29171_file1.pdf,235,0,18,과의존,https://www.nia.or.kr/site/nia_kor/ex/bbs/View.do?cbIdx=65914&bcIdx=29171&parentSeq=29171
smartphone_overdependence,스마트폰 과의존 실태조사,2025,2025년 스마트폰 과의존 실태조사 보고서,smartphone_overdependence_2025_29171_file1.pdf,236,2,18,AI; 생성형; 과의존,https://www.nia.or.kr/site/nia_kor/ex/bbs/View.do?cbIdx=65914&bcIdx=29171&parentSeq=29171
smartphone_overdependence,스마트폰 과의존 실태조사,2025,2025년 스마트폰 과의존 실태조사 보고서,smartphone_overdependence_2025_29171_file1.pdf,237,0,18,과의존,https://www.nia.or.kr/site/nia_kor/ex/bbs/View.do?cbIdx=65914&bcIdx=29171&parentSeq=29171
smartphone_overdependence,스마트폰 과의존 실태조사,2025,2025년 스마트폰 과의존 실태조사 보고서,smartphone_overdependence_2025_29171_file1.pdf,238,0,18,과의존,https://www.nia.or.kr/site/nia_kor/ex/bbs/View.do?cbIdx=65914&bcIdx=29171&parentSeq=29171
smartphone_overdependence,스마트폰 과의존 실태조사,2025,2025년 스마트폰 과의존 실태조사 보고서,smartphone_overdependence_2025_29171_file1.pdf,239,0,18,과의존,https://www.nia.or.kr/site/nia_kor/ex/bbs/View.do?cbIdx=65914&bcIdx=29171&parentSeq=29171
smartphone_overdependence,스마트폰 과의존 실태조사,2025,2025년 스마트폰 과의존 실태조사 보고서,smartphone_overdependence_2025_29171_file1.pdf,240,0,18,과의존,https://www.nia.or.kr/site/nia_kor/ex/bbs/View.do?cbIdx=65914&bcIdx=29171&parentSeq=29171
smartphone_overdependence,스마트폰 과의존 실태조사,2025,2025년 스마트폰 과의존 실태조사 보고서,smartphone_overdependence_2025_29171_file1.pdf,241,0,18,과의존,https://www.nia.or.kr/site/nia_kor/ex/bbs/View.do?cbIdx=65914&bcIdx=29171&parentSeq=29171
smartphone_overdependence,스마트폰 과의존 실태조사,2025,2025년 스마트폰 과의존 실태조사 보고서,smartphone_overdependence_2025_29171_file1.pdf,242,0,18,과의존,https://www.nia.or.kr/site/nia_kor/ex/bbs/View.do?cbIdx=65914&bcIdx=29171&parentSeq=29171
smartphone_overdependence,스마트폰 과의존 실태조사,2025,2025년 스마트폰 과의존 실태조사 보고서,smartphone_overdependence_2025_29171_file1.pdf,243,0,18,과의존,https://www.nia.or.kr/site/nia_kor/ex/bbs/View.do?cbIdx=65914&bcIdx=29171&parentSeq=29171
smartphone_overdependence,스마트폰 과의존 실태조사,2025,2025년 스마트폰 과의존 실태조사 보고서,smartphone_overdependence_2025_29171_file1.pdf,244,0,18,과의존,https://www.nia.or.kr/site/nia_kor/ex/bbs/View.do?cbIdx=65914&bcIdx=29171&parentSeq=29171
smartphone_overdependence,스마트폰 과의존 실태조사,2025,2025년 스마트폰 과의존 실태조사 보고서,smartphone_overdependence_2025_29171_file1.pdf,245,0,18,과의존,https://www.nia.or.kr/site/nia_kor/ex/bbs/View.do?cbIdx=65914&bcIdx=29171&parentSeq=29171
smartphone_overdependence,스마트폰 과의존 실태조사,2025,2025년 스마트폰 과의존 실태조사 보고서,smartphone_overdependence_2025_29171_file1.pdf,246,0,18,과의존,https://www.nia.or.kr/site/nia_kor/ex/bbs/View.do?cbIdx=65914&bcIdx=29171&parentSeq=29171
smartphone_overdependence,스마트폰 과의존 실태조사,2025,2025년 스마트폰 과의존 실태조사 보고서,smartphone_overdependence_2025_29171_file1.pdf,247,0,18,과의존,https://www.nia.or.kr/site/nia_kor/ex/bbs/View.do?cbIdx=65914&bcIdx=29171&parentSeq=29171
smartphone_overdependence,스마트폰 과의존 실태조사,2025,2025년 스마트폰 과의존 실태조사 보고서,smartphone_overdependence_2025_29171_file1.pdf,248,0,18,과의존,https://www.nia.or.kr/site/nia_kor/ex/bbs/View.do?cbIdx=65914&bcIdx=29171&parentSeq=29171
smartphone_overdependence,스마트폰 과의존 실태조사,2025,2025년 스마트폰 과의존 실태조사 보고서,smartphone_overdependence_2025_29171_file1.pdf,249,5,18,AI; 생성형; AI 서비스; 과의존,https://www.nia.or.kr/site/nia_kor/ex/bbs/View.do?cbIdx=65914&bcIdx=29171&parentSeq=29171
smartphone_overdependence,스마트폰 과의존 실태조사,2025,2025년 스마트폰 과의존 실태조사 보고서,smartphone_overdependence_2025_29171_file1.pdf,250,5,18,인공지능; AI; 생성형; AI 서비스; 과의존,https://www.nia.or.kr/site/nia_kor/ex/bbs/View.do?cbIdx=65914&bcIdx=29171&parentSeq=29171
smartphone_overdependence,스마트폰 과의존 실태조사,2025,2025년 스마트폰 과의존 실태조사 보고서,smartphone_overdependence_2025_29171_file1.pdf,251,0,18,과의존,https://www.nia.or.kr/site/nia_kor/ex/bbs/View.do?cbIdx=65914&bcIdx=29171&parentSeq=29171
smartphone_overdependence,스마트폰 과의존 실태조사,2025,2025년 스마트폰 과의존 실태조사 보고서,smartphone_overdependence_2025_29171_file1.pdf,252,0,18,과의존,https://www.nia.or.kr/site/nia_kor/ex/bbs/View.do?cbIdx=65914&bcIdx=29171&parentSeq=29171
smartphone_overdependence,스마트폰 과의존 실태조사,2025,2025년 스마트폰 과의존 실태조사 보고서,smartphone_overdependence_2025_29171_file1.pdf,253,0,18,과의존,https://www.nia.or.kr/site/nia_kor/ex/bbs/View.do?cbIdx=65914&bcIdx=29171&parentSeq=29171
smartphone_overdependence,스마트폰 과의존 실태조사,2025,2025년 스마트폰 과의존 실태조사 보고서,smartphone_overdependence_2025_29171_file1.pdf,254,0,18,과의존,https://www.nia.or.kr/site/nia_kor/ex/bbs/View.do?cbIdx=65914&bcIdx=29171&parentSeq=29171
smartphone_overdependence,스마트폰 과의존 실태조사,2025,2025년 스마트폰 과의존 실태조사 보고서,smartphone_overdependence_2025_29171_file1.pdf,255,0,18,과의존,https://www.nia.or.kr/site/nia_kor/ex/bbs/View.do?cbIdx=65914&bcIdx=29171&parentSeq=29171
smartphone_overdependence,스마트폰 과의존 실태조사,2025,2025년 스마트폰 과의존 실태조사 보고서,smartphone_overdependence_2025_29171_file1.pdf,256,0,18,과의존,https://www.nia.or.kr/site/nia_kor/ex/bbs/View.do?cbIdx=65914&bcIdx=29171&parentSeq=29171
smartphone_overdependence,스마트폰 과의존 실태조사,2025,2025년 스마트폰 과의존 실태조사 보고서,smartphone_overdependence_2025_29171_file1.pdf,257,0,18,과의존,https://www.nia.or.kr/site/nia_kor/ex/bbs/View.do?cbIdx=65914&bcIdx=29171&parentSeq=29171
smartphone_overdependence,스마트폰 과의존 실태조사,2025,2025년 스마트폰 과의존 실태조사 보고서,smartphone_overdependence_2025_29171_file1.pdf,258,0,18,과의존,https://www.nia.or.kr/site/nia_kor/ex/bbs/View.do?cbIdx=65914&bcIdx=29171&parentSeq=29171
smartphone_overdependence,스마트폰 과의존 실태조사,2025,2025년 스마트폰 과의존 실태조사 보고서,smartphone_overdependence_2025_29171_file1.pdf,259,0,18,과의존,https://www.nia.or.kr/site/nia_kor/ex/bbs/View.do?cbIdx=65914&bcIdx=29171&parentSeq=29171
smartphone_overdependence,스마트폰 과의존 실태조사,2025,2025년 스마트폰 과의존 실태조사 보고서,smartphone_overdependence_2025_29171_file1.pdf,260,0,18,과의존,https://www.nia.or.kr/site/nia_kor/ex/bbs/View.do?cbIdx=65914&bcIdx=29171&parentSeq=29171
smartphone_overdependence,스마트폰 과의존 실태조사,2025,2025년 스마트폰 과의존 실태조사 보고서,smartphone_overdependence_2025_29171_file1.pdf,261,0,18,과의존,https://www.nia.or.kr/site/nia_kor/ex/bbs/View.do?cbIdx=65914&bcIdx=29171&parentSeq=29171
smartphone_overdependence,스마트폰 과의존 실태조사,2025,2025년 스마트폰 과의존 실태조사 보고서,smartphone_overdependence_2025_29171_file1.pdf,262,0,18,과의존,https://www.nia.or.kr/site/nia_kor/ex/bbs/View.do?cbIdx=65914&bcIdx=29171&parentSeq=29171
smartphone_overdependence,스마트폰 과의존 실태조사,2025,2025년 스마트폰 과의존 실태조사 보고서,smartphone_overdependence_2025_29171_file1.pdf,263,0,18,과의존,https://www.nia.or.kr/site/nia_kor/ex/bbs/View.do?cbIdx=65914&bcIdx=29171&parentSeq=29171
smartphone_overdependence,스마트폰 과의존 실태조사,2025,2025년 스마트폰 과의존 실태조사 보고서,smartphone_overdependence_2025_29171_file1.pdf,264,0,18,과의존,https://www.nia.or.kr/site/nia_kor/ex/bbs/View.do?cbIdx=65914&bcIdx=29171&parentSeq=29171
smartphone_overdependence,스마트폰 과의존 실태조사,2025,2025년 스마트폰 과의존 실태조사 보고서,smartphone_overdependence_2025_29171_file1.pdf,265,0,18,과의존,https://www.nia.or.kr/site/nia_kor/ex/bbs/View.do?cbIdx=65914&bcIdx=29171&parentSeq=29171
smartphone_overdependence,스마트폰 과의존 실태조사,2025,2025년 스마트폰 과의존 실태조사 보고서,smartphone_overdependence_2025_29171_file1.pdf,266,0,18,과의존,https://www.nia.or.kr/site/nia_kor/ex/bbs/View.do?cbIdx=65914&bcIdx=29171&parentSeq=29171
smartphone_overdependence,스마트폰 과의존 실태조사,2025,2025년 스마트폰 과의존 실태조사 보고서,smartphone_overdependence_2025_29171_file1.pdf,267,0,18,과의존,https://www.nia.or.kr/site/nia_kor/ex/bbs/View.do?cbIdx=65914&bcIdx=29171&parentSeq=29171
smartphone_overdependence,스마트폰 과의존 실태조사,2025,2025년 스마트폰 과의존 실태조사 보고서,smartphone_overdependence_2025_29171_file1.pdf,268,0,18,과의존,https://www.nia.or.kr/site/nia_kor/ex/bbs/View.do?cbIdx=65914&bcIdx=29171&parentSeq=29171
smartphone_overdependence,스마트폰 과의존 실태조사,2025,2025년 스마트폰 과의존 실태조사 보고서,smartphone_overdependence_2025_29171_file1.pdf,269,0,18,과의존,https://www.nia.or.kr/site/nia_kor/ex/bbs/View.do?cbIdx=65914&bcIdx=29171&parentSeq=29171
smartphone_overdependence,스마트폰 과의존 실태조사,2025,2025년 스마트폰 과의존 실태조사 보고서,smartphone_overdependence_2025_29171_file1.pdf,270,0,18,과의존,https://www.nia.or.kr/site/nia_kor/ex/bbs/View.do?cbIdx=65914&bcIdx=29171&parentSeq=29171
smartphone_overdependence,스마트폰 과의존 실태조사,2025,2025년 스마트폰 과의존 실태조사 보고서,smartphone_overdependence_2025_29171_file1.pdf,271,0,19,스트레스; 과의존,https://www.nia.or.kr/site/nia_kor/ex/bbs/View.do?cbIdx=65914&bcIdx=29171&parentSeq=29171
smartphone_overdependence,스마트폰 과의존 실태조사,2025,2025년 스마트폰 과의존 실태조사 보고서,smartphone_overdependence_2025_29171_file1.pdf,272,0,18,과의존,https://www.nia.or.kr/site/nia_kor/ex/bbs/View.do?cbIdx=65914&bcIdx=29171&parentSeq=29171
smartphone_overdependence,스마트폰 과의존 실태조사,2025,2025년 스마트폰 과의존 실태조사 보고서,smartphone_overdependence_2025_29171_file1.pdf,273,0,19,불안; 과의존,https://www.nia.or.kr/site/nia_kor/ex/bbs/View.do?cbIdx=65914&bcIdx=29171&parentSeq=29171
smartphone_overdependence,스마트폰 과의존 실태조사,2025,2025년 스마트폰 과의존 실태조사 보고서,smartphone_overdependence_2025_29171_file1.pdf,274,0,18,과의존,https://www.nia.or.kr/site/nia_kor/ex/bbs/View.do?cbIdx=65914&bcIdx=29171&parentSeq=29171
smartphone_overdependence,스마트폰 과의존 실태조사,2025,2025년 스마트폰 과의존 실태조사 보고서,smartphone_overdependence_2025_29171_file1.pdf,275,0,18,과의존,https://www.nia.or.kr/site/nia_kor/ex/bbs/View.do?cbIdx=65914&bcIdx=29171&parentSeq=29171
smartphone_overdependence,스마트폰 과의존 실태조사,2025,2025년 스마트폰 과의존 실태조사 보고서,smartphone_overdependence_2025_29171_file1.pdf,276,0,18,과의존,https://www.nia.or.kr/site/nia_kor/ex/bbs/View.do?cbIdx=65914&bcIdx=29171&parentSeq=29171
smartphone_overdependence,스마트폰 과의존 실태조사,2025,2025년 스마트폰 과의존 실태조사 보고서,smartphone_overdependence_2025_29171_file1.pdf,277,0,18,과의존,https://www.nia.or.kr/site/nia_kor/ex/bbs/View.do?cbIdx=65914&bcIdx=29171&parentSeq=29171
smartphone_overdependence,스마트폰 과의존 실태조사,2025,2025년 스마트폰 과의존 실태조사 보고서,smartphone_overdependence_2025_29171_file1.pdf,278,0,18,과의존,https://www.nia.or.kr/site/nia_kor/ex/bbs/View.do?cbIdx=65914&bcIdx=29171&parentSeq=29171
smartphone_overdependence,스마트폰 과의존 실태조사,2025,2025년 스마트폰 과의존 실태조사 보고서,smartphone_overdependence_2025_29171_file1.pdf,279,0,18,과의존,https://www.nia.or.kr/site/nia_kor/ex/bbs/View.do?cbIdx=65914&bcIdx=29171&parentSeq=29171
smartphone_overdependence,스마트폰 과의존 실태조사,2025,2025년 스마트폰 과의존 실태조사 보고서,smartphone_overdependence_2025_29171_file1.pdf,280,0,18,과의존,https://www.nia.or.kr/site/nia_kor/ex/bbs/View.do?cbIdx=65914&bcIdx=29171&parentSeq=29171
smartphone_overdependence,스마트폰 과의존 실태조사,2025,2025년 스마트폰 과의존 실태조사 보고서,smartphone_overdependence_2025_29171_file1.pdf,281,0,18,과의존,https://www.nia.or.kr/site/nia_kor/ex/bbs/View.do?cbIdx=65914&bcIdx=29171&parentSeq=29171
smartphone_overdependence,스마트폰 과의존 실태조사,2025,2025년 스마트폰 과의존 실태조사 보고서,smartphone_overdependence_2025_29171_file1.pdf,282,0,18,과의존,https://www.nia.or.kr/site/nia_kor/ex/bbs/View.do?cbIdx=65914&bcIdx=29171&parentSeq=29171
smartphone_overdependence,스마트폰 과의존 실태조사,2025,2025년 스마트폰 과의존 실태조사 보고서,smartphone_overdependence_2025_29171_file1.pdf,283,0,18,과의존,https://www.nia.or.kr/site/nia_kor/ex/bbs/View.do?cbIdx=65914&bcIdx=29171&parentSeq=29171
smartphone_overdependence,스마트폰 과의존 실태조사,2025,2025년 스마트폰 과의존 실태조사 보고서,smartphone_overdependence_2025_29171_file1.pdf,284,0,18,과의존,https://www.nia.or.kr/site/nia_kor/ex/bbs/View.do?cbIdx=65914&bcIdx=29171&parentSeq=29171
smartphone_overdependence,스마트폰 과의존 실태조사,2025,2025년 스마트폰 과의존 실태조사 보고서,smartphone_overdependence_2025_29171_file1.pdf,285,0,18,과의존,https://www.nia.or.kr/site/nia_kor/ex/bbs/View.do?cbIdx=65914&bcIdx=29171&parentSeq=29171
smartphone_overdependence,스마트폰 과의존 실태조사,2025,2025년 스마트폰 과의존 실태조사 보고서,smartphone_overdependence_2025_29171_file1.pdf,286,0,18,과의존,https://www.nia.or.kr/site/nia_kor/ex/bbs/View.do?cbIdx=65914&bcIdx=29171&parentSeq=29171
smartphone_overdependence,스마트폰 과의존 실태조사,2025,2025년 스마트폰 과의존 실태조사 보고서,smartphone_overdependence_2025_29171_file1.pdf,287,0,18,과의존,https://www.nia.or.kr/site/nia_kor/ex/bbs/View.do?cbIdx=65914&bcIdx=29171&parentSeq=29171
smartphone_overdependence,스마트폰 과의존 실태조사,2025,2025년 스마트폰 과의존 실태조사 보고서,smartphone_overdependence_2025_29171_file1.pdf,288,0,18,과의존,https://www.nia.or.kr/site/nia_kor/ex/bbs/View.do?cbIdx=65914&bcIdx=29171&parentSeq=29171
smartphone_overdependence,스마트폰 과의존 실태조사,2025,2025년 스마트폰 과의존 실태조사 보고서,smartphone_overdependence_2025_29171_file1.pdf,289,0,18,과의존,https://www.nia.or.kr/site/nia_kor/ex/bbs/View.do?cbIdx=65914&bcIdx=29171&parentSeq=29171
smartphone_overdependence,스마트폰 과의존 실태조사,2025,2025년 스마트폰 과의존 실태조사 보고서,smartphone_overdependence_2025_29171_file1.pdf,290,0,18,과의존,https://www.nia.or.kr/site/nia_kor/ex/bbs/View.do?cbIdx=65914&bcIdx=29171&parentSeq=29171
smartphone_overdependence,스마트폰 과의존 실태조사,2025,2025년 스마트폰 과의존 실태조사 보고서,smartphone_overdependence_2025_29171_file1.pdf,291,0,18,과의존,https://www.nia.or.kr/site/nia_kor/ex/bbs/View.do?cbIdx=65914&bcIdx=29171&parentSeq=29171
smartphone_overdependence,스마트폰 과의존 실태조사,2025,2025년 스마트폰 과의존 실태조사 보고서,smartphone_overdependence_2025_29171_file1.pdf,292,0,18,과의존,https://www.nia.or.kr/site/nia_kor/ex/bbs/View.do?cbIdx=65914&bcIdx=29171&parentSeq=29171
smartphone_overdependence,스마트폰 과의존 실태조사,2025,2025년 스마트폰 과의존 실태조사 보고서,smartphone_overdependence_2025_29171_file1.pdf,293,0,18,과의존,https://www.nia.or.kr/site/nia_kor/ex/bbs/View.do?cbIdx=65914&bcIdx=29171&parentSeq=29171
smartphone_overdependence,스마트폰 과의존 실태조사,2025,2025년 스마트폰 과의존 실태조사 보고서,smartphone_overdependence_2025_29171_file1.pdf,294,0,18,과의존,https://www.nia.or.kr/site/nia_kor/ex/bbs/View.do?cbIdx=65914&bcIdx=29171&parentSeq=29171
smartphone_overdependence,스마트폰 과의존 실태조사,2025,2025년 스마트폰 과의존 실태조사 보고서,smartphone_overdependence_2025_29171_file1.pdf,295,0,18,과의존,https://www.nia.or.kr/site/nia_kor/ex/bbs/View.do?cbIdx=65914&bcIdx=29171&parentSeq=29171
smartphone_overdependence,스마트폰 과의존 실태조사,2025,2025년 스마트폰 과의존 실태조사 보고서,smartphone_overdependence_2025_29171_file1.pdf,296,0,18,과의존,https://www.nia.or.kr/site/nia_kor/ex/bbs/View.do?cbIdx=65914&bcIdx=29171&parentSeq=29171
smartphone_overdependence,스마트폰 과의존 실태조사,2025,2025년 스마트폰 과의존 실태조사 보고서,smartphone_overdependence_2025_29171_file1.pdf,297,0,18,과의존,https://www.nia.or.kr/site/nia_kor/ex/bbs/View.do?cbIdx=65914&bcIdx=29171&parentSeq=29171
smartphone_overdependence,스마트폰 과의존 실태조사,2025,2025년 스마트폰 과의존 실태조사 보고서,smartphone_overdependence_2025_29171_file1.pdf,298,0,18,과의존,https://www.nia.or.kr/site/nia_kor/ex/bbs/View.do?cbIdx=65914&bcIdx=29171&parentSeq=29171
smartphone_overdependence,스마트폰 과의존 실태조사,2025,2025년 스마트폰 과의존 실태조사 보고서,smartphone_overdependence_2025_29171_file1.pdf,299,0,18,과의존,https://www.nia.or.kr/site/nia_kor/ex/bbs/View.do?cbIdx=65914&bcIdx=29171&parentSeq=29171
smartphone_overdependence,스마트폰 과의존 실태조사,2025,2025년 스마트폰 과의존 실태조사 보고서,smartphone_overdependence_2025_29171_file1.pdf,300,0,18,과의존,https://www.nia.or.kr/site/nia_kor/ex/bbs/View.do?cbIdx=65914&bcIdx=29171&parentSeq=29171
smartphone_overdependence,스마트폰 과의존 실태조사,2025,2025년 스마트폰 과의존 실태조사 보고서,smartphone_overdependence_2025_29171_file1.pdf,301,0,19,스트레스; 과의존,https://www.nia.or.kr/site/nia_kor/ex/bbs/View.do?cbIdx=65914&bcIdx=29171&parentSeq=29171
smartphone_overdependence,스마트폰 과의존 실태조사,2025,2025년 스마트폰 과의존 실태조사 보고서,smartphone_overdependence_2025_29171_file1.pdf,302,0,19,우울; 과의존,https://www.nia.or.kr/site/nia_kor/ex/bbs/View.do?cbIdx=65914&bcIdx=29171&parentSeq=29171
smartphone_overdependence,스마트폰 과의존 실태조사,2025,2025년 스마트폰 과의존 실태조사 보고서,smartphone_overdependence_2025_29171_file1.pdf,303,0,19,불안; 과의존,https://www.nia.or.kr/site/nia_kor/ex/bbs/View.do?cbIdx=65914&bcIdx=29171&parentSeq=29171
smartphone_overdependence,스마트폰 과의존 실태조사,2025,2025년 스마트폰 과의존 실태조사 보고서,smartphone_overdependence_2025_29171_file1.pdf,304,0,18,과의존,https://www.nia.or.kr/site/nia_kor/ex/bbs/View.do?cbIdx=65914&bcIdx=29171&parentSeq=29171
smartphone_overdependence,스마트폰 과의존 실태조사,2025,2025년 스마트폰 과의존 실태조사 보고서,smartphone_overdependence_2025_29171_file1.pdf,305,0,18,과의존,https://www.nia.or.kr/site/nia_kor/ex/bbs/View.do?cbIdx=65914&bcIdx=29171&parentSeq=29171
smartphone_overdependence,스마트폰 과의존 실태조사,2025,2025년 스마트폰 과의존 실태조사 보고서,smartphone_overdependence_2025_29171_file1.pdf,306,0,18,과의존,https://www.nia.or.kr/site/nia_kor/ex/bbs/View.do?cbIdx=65914&bcIdx=29171&parentSeq=29171
smartphone_overdependence,스마트폰 과의존 실태조사,2025,2025년 스마트폰 과의존 실태조사 보고서,smartphone_overdependence_2025_29171_file1.pdf,307,0,18,과의존,https://www.nia.or.kr/site/nia_kor/ex/bbs/View.do?cbIdx=65914&bcIdx=29171&parentSeq=29171
smartphone_overdependence,스마트폰 과의존 실태조사,2025,2025년 스마트폰 과의존 실태조사 보고서,smartphone_overdependence_2025_29171_file1.pdf,308,0,18,과의존,https://www.nia.or.kr/site/nia_kor/ex/bbs/View.do?cbIdx=65914&bcIdx=29171&parentSeq=29171
smartphone_overdependence,스마트폰 과의존 실태조사,2025,2025년 스마트폰 과의존 실태조사 보고서,smartphone_overdependence_2025_29171_file1.pdf,309,0,18,과의존,https://www.nia.or.kr/site/nia_kor/ex/bbs/View.do?cbIdx=65914&bcIdx=29171&parentSeq=29171
smartphone_overdependence,스마트폰 과의존 실태조사,2025,2025년 스마트폰 과의존 실태조사 보고서,smartphone_overdependence_2025_29171_file1.pdf,310,0,18,과의존,https://www.nia.or.kr/site/nia_kor/ex/bbs/View.do?cbIdx=65914&bcIdx=29171&parentSeq=29171
smartphone_overdependence,스마트폰 과의존 실태조사,2025,2025년 스마트폰 과의존 실태조사 보고서,smartphone_overdependence_2025_29171_file1.pdf,311,0,18,과의존,https://www.nia.or.kr/site/nia_kor/ex/bbs/View.do?cbIdx=65914&bcIdx=29171&parentSeq=29171
smartphone_overdependence,스마트폰 과의존 실태조사,2025,2025년 스마트폰 과의존 실태조사 보고서,smartphone_overdependence_2025_29171_file1.pdf,312,0,18,과의존,https://www.nia.or.kr/site/nia_kor/ex/bbs/View.do?cbIdx=65914&bcIdx=29171&parentSeq=29171
smartphone_overdependence,스마트폰 과의존 실태조사,2025,2025년 스마트폰 과의존 실태조사 보고서,smartphone_overdependence_2025_29171_file1.pdf,313,0,18,과의존,https://www.nia.or.kr/site/nia_kor/ex/bbs/View.do?cbIdx=65914&bcIdx=29171&parentSeq=29171
smartphone_overdependence,스마트폰 과의존 실태조사,2025,2025년 스마트폰 과의존 실태조사 보고서,smartphone_overdependence_2025_29171_file1.pdf,314,0,18,과의존,https://www.nia.or.kr/site/nia_kor/ex/bbs/View.do?cbIdx=65914&bcIdx=29171&parentSeq=29171
smartphone_overdependence,스마트폰 과의존 실태조사,2025,2025년 스마트폰 과의존 실태조사 보고서,smartphone_overdependence_2025_29171_file1.pdf,315,0,18,과의존,https://www.nia.or.kr/site/nia_kor/ex/bbs/View.do?cbIdx=65914&bcIdx=29171&parentSeq=29171
smartphone_overdependence,스마트폰 과의존 실태조사,2025,2025년 스마트폰 과의존 실태조사 보고서,smartphone_overdependence_2025_29171_file1.pdf,316,0,18,과의존,https://www.nia.or.kr/site/nia_kor/ex/bbs/View.do?cbIdx=65914&bcIdx=29171&parentSeq=29171
smartphone_overdependence,스마트폰 과의존 실태조사,2025,2025년 스마트폰 과의존 실태조사 보고서,smartphone_overdependence_2025_29171_file1.pdf,317,0,18,과의존,https://www.nia.or.kr/site/nia_kor/ex/bbs/View.do?cbIdx=65914&bcIdx=29171&parentSeq=29171
smartphone_overdependence,스마트폰 과의존 실태조사,2025,2025년 스마트폰 과의존 실태조사 보고서,smartphone_overdependence_2025_29171_file1.pdf,318,0,18,과의존,https://www.nia.or.kr/site/nia_kor/ex/bbs/View.do?cbIdx=65914&bcIdx=29171&parentSeq=29171
smartphone_overdependence,스마트폰 과의존 실태조사,2025,2025년 스마트폰 과의존 실태조사 보고서,smartphone_overdependence_2025_29171_file1.pdf,319,0,18,과의존,https://www.nia.or.kr/site/nia_kor/ex/bbs/View.do?cbIdx=65914&bcIdx=29171&parentSeq=29171
smartphone_overdependence,스마트폰 과의존 실태조사,2025,2025년 스마트폰 과의존 실태조사 보고서,smartphone_overdependence_2025_29171_file1.pdf,320,0,18,과의존,https://www.nia.or.kr/site/nia_kor/ex/bbs/View.do?cbIdx=65914&bcIdx=29171&parentSeq=29171
smartphone_overdependence,스마트폰 과의존 실태조사,2025,2025년 스마트폰 과의존 실태조사 보고서,smartphone_overdependence_2025_29171_file1.pdf,321,0,18,과의존,https://www.nia.or.kr/site/nia_kor/ex/bbs/View.do?cbIdx=65914&bcIdx=29171&parentSeq=29171
smartphone_overdependence,스마트폰 과의존 실태조사,2025,2025년 스마트폰 과의존 실태조사 보고서,smartphone_overdependence_2025_29171_file1.pdf,322,0,18,과의존,https://www.nia.or.kr/site/nia_kor/ex/bbs/View.do?cbIdx=65914&bcIdx=29171&parentSeq=29171
smartphone_overdependence,스마트폰 과의존 실태조사,2025,2025년 스마트폰 과의존 실태조사 보고서,smartphone_overdependence_2025_29171_file1.pdf,323,0,18,과의존,https://www.nia.or.kr/site/nia_kor/ex/bbs/View.do?cbIdx=65914&bcIdx=29171&parentSeq=29171
smartphone_overdependence,스마트폰 과의존 실태조사,2025,2025년 스마트폰 과의존 실태조사 보고서,smartphone_overdependence_2025_29171_file1.pdf,324,0,18,과의존,https://www.nia.or.kr/site/nia_kor/ex/bbs/View.do?cbIdx=65914&bcIdx=29171&parentSeq=29171
smartphone_overdependence,스마트폰 과의존 실태조사,2025,2025년 스마트폰 과의존 실태조사 보고서,smartphone_overdependence_2025_29171_file1.pdf,325,0,18,과의존,https://www.nia.or.kr/site/nia_kor/ex/bbs/View.do?cbIdx=65914&bcIdx=29171&parentSeq=29171
smartphone_overdependence,스마트폰 과의존 실태조사,2025,2025년 스마트폰 과의존 실태조사 보고서,smartphone_overdependence_2025_29171_file1.pdf,326,0,18,과의존,https://www.nia.or.kr/site/nia_kor/ex/bbs/View.do?cbIdx=65914&bcIdx=29171&parentSeq=29171
smartphone_overdependence,스마트폰 과의존 실태조사,2025,2025년 스마트폰 과의존 실태조사 보고서,smartphone_overdependence_2025_29171_file1.pdf,327,0,18,과의존,https://www.nia.or.kr/site/nia_kor/ex/bbs/View.do?cbIdx=65914&bcIdx=29171&parentSeq=29171
smartphone_overdependence,스마트폰 과의존 실태조사,2025,2025년 스마트폰 과의존 실태조사 보고서,smartphone_overdependence_2025_29171_file1.pdf,328,0,18,과의존,https://www.nia.or.kr/site/nia_kor/ex/bbs/View.do?cbIdx=65914&bcIdx=29171&parentSeq=29171
smartphone_overdependence,스마트폰 과의존 실태조사,2025,2025년 스마트폰 과의존 실태조사 보고서,smartphone_overdependence_2025_29171_file1.pdf,329,0,18,과의존,https://www.nia.or.kr/site/nia_kor/ex/bbs/View.do?cbIdx=65914&bcIdx=29171&parentSeq=29171
smartphone_overdependence,스마트폰 과의존 실태조사,2025,2025년 스마트폰 과의존 실태조사 보고서,smartphone_overdependence_2025_29171_file1.pdf,330,0,18,과의존,https://www.nia.or.kr/site/nia_kor/ex/bbs/View.do?cbIdx=65914&bcIdx=29171&parentSeq=29171
smartphone_overdependence,스마트폰 과의존 실태조사,2025,2025년 스마트폰 과의존 실태조사 보고서,smartphone_overdependence_2025_29171_file1.pdf,331,0,19,스트레스; 과의존,https://www.nia.or.kr/site/nia_kor/ex/bbs/View.do?cbIdx=65914&bcIdx=29171&parentSeq=29171
smartphone_overdependence,스마트폰 과의존 실태조사,2025,2025년 스마트폰 과의존 실태조사 보고서,smartphone_overdependence_2025_29171_file1.pdf,332,0,19,우울; 과의존,https://www.nia.or.kr/site/nia_kor/ex/bbs/View.do?cbIdx=65914&bcIdx=29171&parentSeq=29171
smartphone_overdependence,스마트폰 과의존 실태조사,2025,2025년 스마트폰 과의존 실태조사 보고서,smartphone_overdependence_2025_29171_file1.pdf,333,0,19,불안; 과의존,https://www.nia.or.kr/site/nia_kor/ex/bbs/View.do?cbIdx=65914&bcIdx=29171&parentSeq=29171
smartphone_overdependence,스마트폰 과의존 실태조사,2025,2025년 스마트폰 과의존 실태조사 보고서,smartphone_overdependence_2025_29171_file1.pdf,334,0,18,과의존,https://www.nia.or.kr/site/nia_kor/ex/bbs/View.do?cbIdx=65914&bcIdx=29171&parentSeq=29171
smartphone_overdependence,스마트폰 과의존 실태조사,2025,2025년 스마트폰 과의존 실태조사 보고서,smartphone_overdependence_2025_29171_file1.pdf,335,0,18,과의존,https://www.nia.or.kr/site/nia_kor/ex/bbs/View.do?cbIdx=65914&bcIdx=29171&parentSeq=29171
smartphone_overdependence,스마트폰 과의존 실태조사,2025,2025년 스마트폰 과의존 실태조사 보고서,smartphone_overdependence_2025_29171_file1.pdf,336,0,18,과의존,https://www.nia.or.kr/site/nia_kor/ex/bbs/View.do?cbIdx=65914&bcIdx=29171&parentSeq=29171
smartphone_overdependence,스마트폰 과의존 실태조사,2025,2025년 스마트폰 과의존 실태조사 보고서,smartphone_overdependence_2025_29171_file1.pdf,337,0,18,과의존,https://www.nia.or.kr/site/nia_kor/ex/bbs/View.do?cbIdx=65914&bcIdx=29171&parentSeq=29171
smartphone_overdependence,스마트폰 과의존 실태조사,2025,2025년 스마트폰 과의존 실태조사 보고서,smartphone_overdependence_2025_29171_file1.pdf,338,0,18,과의존,https://www.nia.or.kr/site/nia_kor/ex/bbs/View.do?cbIdx=65914&bcIdx=29171&parentSeq=29171
smartphone_overdependence,스마트폰 과의존 실태조사,2025,2025년 스마트폰 과의존 실태조사 보고서,smartphone_overdependence_2025_29171_file1.pdf,339,0,18,과의존,https://www.nia.or.kr/site/nia_kor/ex/bbs/View.do?cbIdx=65914&bcIdx=29171&parentSeq=29171
smartphone_overdependence,스마트폰 과의존 실태조사,2025,2025년 스마트폰 과의존 실태조사 보고서,smartphone_overdependence_2025_29171_file1.pdf,340,0,18,과의존,https://www.nia.or.kr/site/nia_kor/ex/bbs/View.do?cbIdx=65914&bcIdx=29171&parentSeq=29171
smartphone_overdependence,스마트폰 과의존 실태조사,2025,2025년 스마트폰 과의존 실태조사 보고서,smartphone_overdependence_2025_29171_file1.pdf,341,0,18,과의존,https://www.nia.or.kr/site/nia_kor/ex/bbs/View.do?cbIdx=65914&bcIdx=29171&parentSeq=29171
smartphone_overdependence,스마트폰 과의존 실태조사,2025,2025년 스마트폰 과의존 실태조사 보고서,smartphone_overdependence_2025_29171_file1.pdf,342,0,18,과의존,https://www.nia.or.kr/site/nia_kor/ex/bbs/View.do?cbIdx=65914&bcIdx=29171&parentSeq=29171
smartphone_overdependence,스마트폰 과의존 실태조사,2025,2025년 스마트폰 과의존 실태조사 보고서,smartphone_overdependence_2025_29171_file1.pdf,343,0,18,과의존,https://www.nia.or.kr/site/nia_kor/ex/bbs/View.do?cbIdx=65914&bcIdx=29171&parentSeq=29171
smartphone_overdependence,스마트폰 과의존 실태조사,2025,2025년 스마트폰 과의존 실태조사 보고서,smartphone_overdependence_2025_29171_file1.pdf,344,0,18,과의존,https://www.nia.or.kr/site/nia_kor/ex/bbs/View.do?cbIdx=65914&bcIdx=29171&parentSeq=29171
smartphone_overdependence,스마트폰 과의존 실태조사,2025,2025년 스마트폰 과의존 실태조사 보고서,smartphone_overdependence_2025_29171_file1.pdf,345,0,18,과의존,https://www.nia.or.kr/site/nia_kor/ex/bbs/View.do?cbIdx=65914&bcIdx=29171&parentSeq=29171
smartphone_overdependence,스마트폰 과의존 실태조사,2025,2025년 스마트폰 과의존 실태조사 보고서,smartphone_overdependence_2025_29171_file1.pdf,346,0,18,과의존,https://www.nia.or.kr/site/nia_kor/ex/bbs/View.do?cbIdx=65914&bcIdx=29171&parentSeq=29171
smartphone_overdependence,스마트폰 과의존 실태조사,2025,2025년 스마트폰 과의존 실태조사 보고서,smartphone_overdependence_2025_29171_file1.pdf,347,0,18,과의존,https://www.nia.or.kr/site/nia_kor/ex/bbs/View.do?cbIdx=65914&bcIdx=29171&parentSeq=29171
smartphone_overdependence,스마트폰 과의존 실태조사,2025,2025년 스마트폰 과의존 실태조사 보고서,smartphone_overdependence_2025_29171_file1.pdf,348,0,18,과의존,https://www.nia.or.kr/site/nia_kor/ex/bbs/View.do?cbIdx=65914&bcIdx=29171&parentSeq=29171
smartphone_overdependence,스마트폰 과의존 실태조사,2025,2025년 스마트폰 과의존 실태조사 보고서,smartphone_overdependence_2025_29171_file1.pdf,349,0,18,과의존,https://www.nia.or.kr/site/nia_kor/ex/bbs/View.do?cbIdx=65914&bcIdx=29171&parentSeq=29171
smartphone_overdependence,스마트폰 과의존 실태조사,2025,2025년 스마트폰 과의존 실태조사 보고서,smartphone_overdependence_2025_29171_file1.pdf,350,0,18,과의존,https://www.nia.or.kr/site/nia_kor/ex/bbs/View.do?cbIdx=65914&bcIdx=29171&parentSeq=29171
smartphone_overdependence,스마트폰 과의존 실태조사,2025,2025년 스마트폰 과의존 실태조사 보고서,smartphone_overdependence_2025_29171_file1.pdf,351,0,18,과의존,https://www.nia.or.kr/site/nia_kor/ex/bbs/View.do?cbIdx=65914&bcIdx=29171&parentSeq=29171
smartphone_overdependence,스마트폰 과의존 실태조사,2025,2025년 스마트폰 과의존 실태조사 보고서,smartphone_overdependence_2025_29171_file1.pdf,352,0,18,과의존,https://www.nia.or.kr/site/nia_kor/ex/bbs/View.do?cbIdx=65914&bcIdx=29171&parentSeq=29171
smartphone_overdependence,스마트폰 과의존 실태조사,2025,2025년 스마트폰 과의존 실태조사 보고서,smartphone_overdependence_2025_29171_file1.pdf,353,0,18,과의존,https://www.nia.or.kr/site/nia_kor/ex/bbs/View.do?cbIdx=65914&bcIdx=29171&parentSeq=29171
smartphone_overdependence,스마트폰 과의존 실태조사,2025,2025년 스마트폰 과의존 실태조사 보고서,smartphone_overdependence_2025_29171_file1.pdf,354,0,18,과의존,https://www.nia.or.kr/site/nia_kor/ex/bbs/View.do?cbIdx=65914&bcIdx=29171&parentSeq=29171
smartphone_overdependence,스마트폰 과의존 실태조사,2025,2025년 스마트폰 과의존 실태조사 보고서,smartphone_overdependence_2025_29171_file1.pdf,355,0,18,과의존,https://www.nia.or.kr/site/nia_kor/ex/bbs/View.do?cbIdx=65914&bcIdx=29171&parentSeq=29171
smartphone_overdependence,스마트폰 과의존 실태조사,2025,2025년 스마트폰 과의존 실태조사 보고서,smartphone_overdependence_2025_29171_file1.pdf,356,0,18,과의존,https://www.nia.or.kr/site/nia_kor/ex/bbs/View.do?cbIdx=65914&bcIdx=29171&parentSeq=29171
smartphone_overdependence,스마트폰 과의존 실태조사,2025,2025년 스마트폰 과의존 실태조사 보고서,smartphone_overdependence_2025_29171_file1.pdf,357,0,18,과의존,https://www.nia.or.kr/site/nia_kor/ex/bbs/View.do?cbIdx=65914&bcIdx=29171&parentSeq=29171
smartphone_overdependence,스마트폰 과의존 실태조사,2025,2025년 스마트폰 과의존 실태조사 보고서,smartphone_overdependence_2025_29171_file1.pdf,358,0,18,과의존,https://www.nia.or.kr/site/nia_kor/ex/bbs/View.do?cbIdx=65914&bcIdx=29171&parentSeq=29171
smartphone_overdependence,스마트폰 과의존 실태조사,2025,2025년 스마트폰 과의존 실태조사 보고서,smartphone_overdependence_2025_29171_file1.pdf,359,0,18,과의존,https://www.nia.or.kr/site/nia_kor/ex/bbs/View.do?cbIdx=65914&bcIdx=29171&parentSeq=29171
smartphone_overdependence,스마트폰 과의존 실태조사,2025,2025년 스마트폰 과의존 실태조사 보고서,smartphone_overdependence_2025_29171_file1.pdf,360,0,18,과의존,https://www.nia.or.kr/site/nia_kor/ex/bbs/View.do?cbIdx=65914&bcIdx=29171&parentSeq=29171
smartphone_overdependence,스마트폰 과의존 실태조사,2025,2025년 스마트폰 과의존 실태조사 보고서,smartphone_overdependence_2025_29171_file1.pdf,361,0,19,스트레스; 과의존,https://www.nia.or.kr/site/nia_kor/ex/bbs/View.do?cbIdx=65914&bcIdx=29171&parentSeq=29171
smartphone_overdependence,스마트폰 과의존 실태조사,2025,2025년 스마트폰 과의존 실태조사 보고서,smartphone_overdependence_2025_29171_file1.pdf,362,0,19,우울; 과의존,https://www.nia.or.kr/site/nia_kor/ex/bbs/View.do?cbIdx=65914&bcIdx=29171&parentSeq=29171
smartphone_overdependence,스마트폰 과의존 실태조사,2025,2025년 스마트폰 과의존 실태조사 보고서,smartphone_overdependence_2025_29171_file1.pdf,363,0,19,불안; 과의존,https://www.nia.or.kr/site/nia_kor/ex/bbs/View.do?cbIdx=65914&bcIdx=29171&parentSeq=29171
smartphone_overdependence,스마트폰 과의존 실태조사,2025,2025년 스마트폰 과의존 실태조사 보고서,smartphone_overdependence_2025_29171_file1.pdf,364,0,18,과의존,https://www.nia.or.kr/site/nia_kor/ex/bbs/View.do?cbIdx=65914&bcIdx=29171&parentSeq=29171
smartphone_overdependence,스마트폰 과의존 실태조사,2025,2025년 스마트폰 과의존 실태조사 보고서,smartphone_overdependence_2025_29171_file1.pdf,365,0,18,과의존,https://www.nia.or.kr/site/nia_kor/ex/bbs/View.do?cbIdx=65914&bcIdx=29171&parentSeq=29171
smartphone_overdependence,스마트폰 과의존 실태조사,2025,2025년 스마트폰 과의존 실태조사 보고서,smartphone_overdependence_2025_29171_file1.pdf,366,0,18,과의존,https://www.nia.or.kr/site/nia_kor/ex/bbs/View.do?cbIdx=65914&bcIdx=29171&parentSeq=29171
smartphone_overdependence,스마트폰 과의존 실태조사,2025,2025년 스마트폰 과의존 실태조사 보고서,smartphone_overdependence_2025_29171_file1.pdf,367,0,18,과의존,https://www.nia.or.kr/site/nia_kor/ex/bbs/View.do?cbIdx=65914&bcIdx=29171&parentSeq=29171
smartphone_overdependence,스마트폰 과의존 실태조사,2025,2025년 스마트폰 과의존 실태조사 보고서,smartphone_overdependence_2025_29171_file1.pdf,368,0,18,과의존,https://www.nia.or.kr/site/nia_kor/ex/bbs/View.do?cbIdx=65914&bcIdx=29171&parentSeq=29171
smartphone_overdependence,스마트폰 과의존 실태조사,2025,2025년 스마트폰 과의존 실태조사 보고서,smartphone_overdependence_2025_29171_file1.pdf,369,0,18,과의존,https://www.nia.or.kr/site/nia_kor/ex/bbs/View.do?cbIdx=65914&bcIdx=29171&parentSeq=29171
smartphone_overdependence,스마트폰 과의존 실태조사,2025,2025년 스마트폰 과의존 실태조사 보고서,smartphone_overdependence_2025_29171_file1.pdf,370,0,19,과의존,https://www.nia.or.kr/site/nia_kor/ex/bbs/View.do?cbIdx=65914&bcIdx=29171&parentSeq=29171
smartphone_overdependence,스마트폰 과의존 실태조사,2025,2025년 스마트폰 과의존 실태조사 보고서,smartphone_overdependence_2025_29171_file1.pdf,371,0,18,과의존,https://www.nia.or.kr/site/nia_kor/ex/bbs/View.do?cbIdx=65914&bcIdx=29171&parentSeq=29171
smartphone_overdependence,스마트폰 과의존 실태조사,2025,2025년 스마트폰 과의존 실태조사 보고서,smartphone_overdependence_2025_29171_file1.pdf,372,0,18,과의존,https://www.nia.or.kr/site/nia_kor/ex/bbs/View.do?cbIdx=65914&bcIdx=29171&parentSeq=29171
smartphone_overdependence,스마트폰 과의존 실태조사,2025,2025년 스마트폰 과의존 실태조사 보고서,smartphone_overdependence_2025_29171_file1.pdf,373,0,18,과의존,https://www.nia.or.kr/site/nia_kor/ex/bbs/View.do?cbIdx=65914&bcIdx=29171&parentSeq=29171
smartphone_overdependence,스마트폰 과의존 실태조사,2025,2025년 스마트폰 과의존 실태조사 보고서,smartphone_overdependence_2025_29171_file1.pdf,374,0,18,과의존,https://www.nia.or.kr/site/nia_kor/ex/bbs/View.do?cbIdx=65914&bcIdx=29171&parentSeq=29171
smartphone_overdependence,스마트폰 과의존 실태조사,2025,2025년 스마트폰 과의존 실태조사 보고서,smartphone_overdependence_2025_29171_file1.pdf,375,0,18,과의존,https://www.nia.or.kr/site/nia_kor/ex/bbs/View.do?cbIdx=65914&bcIdx=29171&parentSeq=29171
smartphone_overdependence,스마트폰 과의존 실태조사,2025,2025년 스마트폰 과의존 실태조사 보고서,smartphone_overdependence_2025_29171_file1.pdf,376,0,19,과의존; 폭력,https://www.nia.or.kr/site/nia_kor/ex/bbs/View.do?cbIdx=65914&bcIdx=29171&parentSeq=29171
smartphone_overdependence,스마트폰 과의존 실태조사,2025,2025년 스마트폰 과의존 실태조사 보고서,smartphone_overdependence_2025_29171_file1.pdf,377,0,18,과의존,https://www.nia.or.kr/site/nia_kor/ex/bbs/View.do?cbIdx=65914&bcIdx=29171&parentSeq=29171
smartphone_overdependence,스마트폰 과의존 실태조사,2025,2025년 스마트폰 과의존 실태조사 보고서,smartphone_overdependence_2025_29171_file1.pdf,378,0,18,과의존,https://www.nia.or.kr/site/nia_kor/ex/bbs/View.do?cbIdx=65914&bcIdx=29171&parentSeq=29171
smartphone_overdependence,스마트폰 과의존 실태조사,2025,2025년 스마트폰 과의존 실태조사 보고서,smartphone_overdependence_2025_29171_file1.pdf,379,0,18,과의존,https://www.nia.or.kr/site/nia_kor/ex/bbs/View.do?cbIdx=65914&bcIdx=29171&parentSeq=29171
smartphone_overdependence,스마트폰 과의존 실태조사,2025,2025년 스마트폰 과의존 실태조사 보고서,smartphone_overdependence_2025_29171_file1.pdf,380,0,18,과의존,https://www.nia.or.kr/site/nia_kor/ex/bbs/View.do?cbIdx=65914&bcIdx=29171&parentSeq=29171
smartphone_overdependence,스마트폰 과의존 실태조사,2025,2025년 스마트폰 과의존 실태조사 보고서,smartphone_overdependence_2025_29171_file1.pdf,381,0,18,과의존,https://www.nia.or.kr/site/nia_kor/ex/bbs/View.do?cbIdx=65914&bcIdx=29171&parentSeq=29171
smartphone_overdependence,스마트폰 과의존 실태조사,2025,2025년 스마트폰 과의존 실태조사 보고서,smartphone_overdependence_2025_29171_file1.pdf,382,0,18,과의존,https://www.nia.or.kr/site/nia_kor/ex/bbs/View.do?cbIdx=65914&bcIdx=29171&parentSeq=29171
smartphone_overdependence,스마트폰 과의존 실태조사,2025,2025년 스마트폰 과의존 실태조사 보고서,smartphone_overdependence_2025_29171_file1.pdf,383,0,18,과의존,https://www.nia.or.kr/site/nia_kor/ex/bbs/View.do?cbIdx=65914&bcIdx=29171&parentSeq=29171
smartphone_overdependence,스마트폰 과의존 실태조사,2025,2025년 스마트폰 과의존 실태조사 보고서,smartphone_overdependence_2025_29171_file1.pdf,384,0,18,과의존,https://www.nia.or.kr/site/nia_kor/ex/bbs/View.do?cbIdx=65914&bcIdx=29171&parentSeq=29171
smartphone_overdependence,스마트폰 과의존 실태조사,2025,2025년 스마트폰 과의존 실태조사 보고서,smartphone_overdependence_2025_29171_file1.pdf,385,1,18,알고리즘; 과의존,https://www.nia.or.kr/site/nia_kor/ex/bbs/View.do?cbIdx=65914&bcIdx=29171&parentSeq=29171
smartphone_overdependence,스마트폰 과의존 실태조사,2025,2025년 스마트폰 과의존 실태조사 보고서,smartphone_overdependence_2025_29171_file1.pdf,386,1,18,생성형; 과의존,https://www.nia.or.kr/site/nia_kor/ex/bbs/View.do?cbIdx=65914&bcIdx=29171&parentSeq=29171
smartphone_overdependence,스마트폰 과의존 실태조사,2025,2025년 스마트폰 과의존 실태조사 보고서,smartphone_overdependence_2025_29171_file1.pdf,387,0,19,과의존,https://www.nia.or.kr/site/nia_kor/ex/bbs/View.do?cbIdx=65914&bcIdx=29171&parentSeq=29171
smartphone_overdependence,스마트폰 과의존 실태조사,2025,2025년 스마트폰 과의존 실태조사 보고서,smartphone_overdependence_2025_29171_file1.pdf,388,0,27,과의존; 도움,https://www.nia.or.kr/site/nia_kor/ex/bbs/View.do?cbIdx=65914&bcIdx=29171&parentSeq=29171
smartphone_overdependence,스마트폰 과의존 실태조사,2025,2025년 스마트폰 과의존 실태조사 보고서,smartphone_overdependence_2025_29171_file1.pdf,389,0,20,상담; 과의존,https://www.nia.or.kr/site/nia_kor/ex/bbs/View.do?cbIdx=65914&bcIdx=29171&parentSeq=29171
smartphone_overdependence,스마트폰 과의존 실태조사,2025,2025년 스마트폰 과의존 실태조사 보고서,smartphone_overdependence_2025_29171_file1.pdf,390,0,22,상담; 과의존,https://www.nia.or.kr/site/nia_kor/ex/bbs/View.do?cbIdx=65914&bcIdx=29171&parentSeq=29171
smartphone_overdependence,스마트폰 과의존 실태조사,2025,2025년 스마트폰 과의존 실태조사 보고서,smartphone_overdependence_2025_29171_file1.pdf,391,0,29,상담; 과의존; 도움,https://www.nia.or.kr/site/nia_kor/ex/bbs/View.do?cbIdx=65914&bcIdx=29171&parentSeq=29171
smartphone_overdependence,스마트폰 과의존 실태조사,2025,2025년 스마트폰 과의존 실태조사 보고서,smartphone_overdependence_2025_29171_file1.pdf,392,0,22,상담; 과의존,https://www.nia.or.kr/site/nia_kor/ex/bbs/View.do?cbIdx=65914&bcIdx=29171&parentSeq=29171
smartphone_overdependence,스마트폰 과의존 실태조사,2025,2025년 스마트폰 과의존 실태조사 보고서,smartphone_overdependence_2025_29171_file1.pdf,393,0,20,상담; 과의존,https://www.nia.or.kr/site/nia_kor/ex/bbs/View.do?cbIdx=65914&bcIdx=29171&parentSeq=29171
smartphone_overdependence,스마트폰 과의존 실태조사,2025,2025년 스마트폰 과의존 실태조사 보고서,smartphone_overdependence_2025_29171_file1.pdf,394,0,19,과의존,https://www.nia.or.kr/site/nia_kor/ex/bbs/View.do?cbIdx=65914&bcIdx=29171&parentSeq=29171
smartphone_overdependence,스마트폰 과의존 실태조사,2025,2025년 스마트폰 과의존 실태조사 보고서,smartphone_overdependence_2025_29171_file1.pdf,395,0,19,과의존,https://www.nia.or.kr/site/nia_kor/ex/bbs/View.do?cbIdx=65914&bcIdx=29171&parentSeq=29171
smartphone_overdependence,스마트폰 과의존 실태조사,2025,2025년 스마트폰 과의존 실태조사 보고서,smartphone_overdependence_2025_29171_file1.pdf,396,0,19,과의존,https://www.nia.or.kr/site/nia_kor/ex/bbs/View.do?cbIdx=65914&bcIdx=29171&parentSeq=29171
smartphone_overdependence,스마트폰 과의존 실태조사,2025,2025년 스마트폰 과의존 실태조사 보고서,smartphone_overdependence_2025_29171_file1.pdf,397,0,20,과의존; 도움,https://www.nia.or.kr/site/nia_kor/ex/bbs/View.do?cbIdx=65914&bcIdx=29171&parentSeq=29171
smartphone_overdependence,스마트폰 과의존 실태조사,2025,2025년 스마트폰 과의존 실태조사 보고서,smartphone_overdependence_2025_29171_file1.pdf,398,0,20,스트레스; 과의존,https://www.nia.or.kr/site/nia_kor/ex/bbs/View.do?cbIdx=65914&bcIdx=29171&parentSeq=29171
smartphone_overdependence,스마트폰 과의존 실태조사,2025,2025년 스마트폰 과의존 실태조사 보고서,smartphone_overdependence_2025_29171_file1.pdf,399,0,19,과의존,https://www.nia.or.kr/site/nia_kor/ex/bbs/View.do?cbIdx=65914&bcIdx=29171&parentSeq=29171
smartphone_overdependence,스마트폰 과의존 실태조사,2025,2025년 스마트폰 과의존 실태조사 보고서,smartphone_overdependence_2025_29171_file1.pdf,400,0,20,상담; 과의존,https://www.nia.or.kr/site/nia_kor/ex/bbs/View.do?cbIdx=65914&bcIdx=29171&parentSeq=29171
smartphone_overdependence,스마트폰 과의존 실태조사,2025,2025년 스마트폰 과의존 실태조사 보고서,smartphone_overdependence_2025_29171_file1.pdf,401,0,19,과의존,https://www.nia.or.kr/site/nia_kor/ex/bbs/View.do?cbIdx=65914&bcIdx=29171&parentSeq=29171
smartphone_overdependence,스마트폰 과의존 실태조사,2025,2025년 스마트폰 과의존 실태조사 보고서,smartphone_overdependence_2025_29171_file1.pdf,402,0,19,과의존,https://www.nia.or.kr/site/nia_kor/ex/bbs/View.do?cbIdx=65914&bcIdx=29171&parentSeq=29171
smartphone_overdependence,스마트폰 과의존 실태조사,2025,2025년 스마트폰 과의존 실태조사 보고서,smartphone_overdependence_2025_29171_file1.pdf,403,1,19,알고리즘; 스트레스; 과의존,https://www.nia.or.kr/site/nia_kor/ex/bbs/View.do?cbIdx=65914&bcIdx=29171&parentSeq=29171
smartphone_overdependence,스마트폰 과의존 실태조사,2025,2025년 스마트폰 과의존 실태조사 보고서,smartphone_overdependence_2025_29171_file1.pdf,404,0,18,과의존,https://www.nia.or.kr/site/nia_kor/ex/bbs/View.do?cbIdx=65914&bcIdx=29171&parentSeq=29171
smartphone_overdependence,스마트폰 과의존 실태조사,2025,2025년 스마트폰 과의존 실태조사 보고서,smartphone_overdependence_2025_29171_file1.pdf,405,0,18,과의존,https://www.nia.or.kr/site/nia_kor/ex/bbs/View.do?cbIdx=65914&bcIdx=29171&parentSeq=29171
smartphone_overdependence,스마트폰 과의존 실태조사,2025,2025년 스마트폰 과의존 실태조사 보고서,smartphone_overdependence_2025_29171_file1.pdf,406,0,18,과의존,https://www.nia.or.kr/site/nia_kor/ex/bbs/View.do?cbIdx=65914&bcIdx=29171&parentSeq=29171
smartphone_overdependence,스마트폰 과의존 실태조사,2025,2025년 스마트폰 과의존 실태조사 보고서,smartphone_overdependence_2025_29171_file1.pdf,407,0,18,과의존,https://www.nia.or.kr/site/nia_kor/ex/bbs/View.do?cbIdx=65914&bcIdx=29171&parentSeq=29171
smartphone_overdependence,스마트폰 과의존 실태조사,2025,2025년 스마트폰 과의존 실태조사 보고서,smartphone_overdependence_2025_29171_file1.pdf,408,0,18,과의존,https://www.nia.or.kr/site/nia_kor/ex/bbs/View.do?cbIdx=65914&bcIdx=29171&parentSeq=29171
smartphone_overdependence,스마트폰 과의존 실태조사,2025,2025년 스마트폰 과의존 실태조사 보고서,smartphone_overdependence_2025_29171_file1.pdf,409,0,18,과의존,https://www.nia.or.kr/site/nia_kor/ex/bbs/View.do?cbIdx=65914&bcIdx=29171&parentSeq=29171
smartphone_overdependence,스마트폰 과의존 실태조사,2025,2025년 스마트폰 과의존 실태조사 보고서,smartphone_overdependence_2025_29171_file1.pdf,410,0,18,과의존,https://www.nia.or.kr/site/nia_kor/ex/bbs/View.do?cbIdx=65914&bcIdx=29171&parentSeq=29171
smartphone_overdependence,스마트폰 과의존 실태조사,2025,2025년 스마트폰 과의존 실태조사 보고서,smartphone_overdependence_2025_29171_file1.pdf,411,0,18,과의존,https://www.nia.or.kr/site/nia_kor/ex/bbs/View.do?cbIdx=65914&bcIdx=29171&parentSeq=29171
smartphone_overdependence,스마트폰 과의존 실태조사,2025,2025년 스마트폰 과의존 실태조사 보고서,smartphone_overdependence_2025_29171_file1.pdf,412,0,18,과의존,https://www.nia.or.kr/site/nia_kor/ex/bbs/View.do?cbIdx=65914&bcIdx=29171&parentSeq=29171
smartphone_overdependence,스마트폰 과의존 실태조사,2025,2025년 스마트폰 과의존 실태조사 보고서,smartphone_overdependence_2025_29171_file1.pdf,413,0,18,과의존,https://www.nia.or.kr/site/nia_kor/ex/bbs/View.do?cbIdx=65914&bcIdx=29171&parentSeq=29171
smartphone_overdependence,스마트폰 과의존 실태조사,2025,2025년 스마트폰 과의존 실태조사 보고서,smartphone_overdependence_2025_29171_file1.pdf,414,0,18,과의존,https://www.nia.or.kr/site/nia_kor/ex/bbs/View.do?cbIdx=65914&bcIdx=29171&parentSeq=29171
smartphone_overdependence,스마트폰 과의존 실태조사,2025,2025년 스마트폰 과의존 실태조사 보고서,smartphone_overdependence_2025_29171_file1.pdf,415,0,18,과의존,https://www.nia.or.kr/site/nia_kor/ex/bbs/View.do?cbIdx=65914&bcIdx=29171&parentSeq=29171
smartphone_overdependence,스마트폰 과의존 실태조사,2025,2025년 스마트폰 과의존 실태조사 보고서,smartphone_overdependence_2025_29171_file1.pdf,416,0,18,과의존,https://www.nia.or.kr/site/nia_kor/ex/bbs/View.do?cbIdx=65914&bcIdx=29171&parentSeq=29171
smartphone_overdependence,스마트폰 과의존 실태조사,2025,2025년 스마트폰 과의존 실태조사 보고서,smartphone_overdependence_2025_29171_file1.pdf,417,0,18,과의존,https://www.nia.or.kr/site/nia_kor/ex/bbs/View.do?cbIdx=65914&bcIdx=29171&parentSeq=29171
smartphone_overdependence,스마트폰 과의존 실태조사,2025,2025년 스마트폰 과의존 실태조사 보고서,smartphone_overdependence_2025_29171_file1.pdf,418,0,18,과의존,https://www.nia.or.kr/site/nia_kor/ex/bbs/View.do?cbIdx=65914&bcIdx=29171&parentSeq=29171
smartphone_overdependence,스마트폰 과의존 실태조사,2025,2025년 스마트폰 과의존 실태조사 보고서,smartphone_overdependence_2025_29171_file1.pdf,419,0,18,과의존,https://www.nia.or.kr/site/nia_kor/ex/bbs/View.do?cbIdx=65914&bcIdx=29171&parentSeq=29171
smartphone_overdependence,스마트폰 과의존 실태조사,2025,2025년 스마트폰 과의존 실태조사 보고서,smartphone_overdependence_2025_29171_file1.pdf,420,0,18,과의존,https://www.nia.or.kr/site/nia_kor/ex/bbs/View.do?cbIdx=65914&bcIdx=29171&parentSeq=29171
smartphone_overdependence,스마트폰 과의존 실태조사,2025,2025년 스마트폰 과의존 실태조사 보고서,smartphone_overdependence_2025_29171_file1.pdf,421,0,18,과의존,https://www.nia.or.kr/site/nia_kor/ex/bbs/View.do?cbIdx=65914&bcIdx=29171&parentSeq=29171
smartphone_overdependence,스마트폰 과의존 실태조사,2025,2025년 스마트폰 과의존 실태조사 보고서,smartphone_overdependence_2025_29171_file1.pdf,422,0,18,과의존,https://www.nia.or.kr/site/nia_kor/ex/bbs/View.do?cbIdx=65914&bcIdx=29171&parentSeq=29171
smartphone_overdependence,스마트폰 과의존 실태조사,2025,2025년 스마트폰 과의존 실태조사 보고서,smartphone_overdependence_2025_29171_file1.pdf,423,0,18,과의존,https://www.nia.or.kr/site/nia_kor/ex/bbs/View.do?cbIdx=65914&bcIdx=29171&parentSeq=29171
smartphone_overdependence,스마트폰 과의존 실태조사,2025,2025년 스마트폰 과의존 실태조사 보고서,smartphone_overdependence_2025_29171_file1.pdf,424,0,21,상담; 과의존,https://www.nia.or.kr/site/nia_kor/ex/bbs/View.do?cbIdx=65914&bcIdx=29171&parentSeq=29171
smartphone_overdependence,스마트폰 과의존 실태조사,2025,2025년 스마트폰 과의존 실태조사 보고서,smartphone_overdependence_2025_29171_file1.pdf,425,0,18,과의존,https://www.nia.or.kr/site/nia_kor/ex/bbs/View.do?cbIdx=65914&bcIdx=29171&parentSeq=29171
smartphone_overdependence,스마트폰 과의존 실태조사,2025,2025년 스마트폰 과의존 실태조사 보고서,smartphone_overdependence_2025_29171_file1.pdf,426,0,18,과의존,https://www.nia.or.kr/site/nia_kor/ex/bbs/View.do?cbIdx=65914&bcIdx=29171&parentSeq=29171
smartphone_overdependence,스마트폰 과의존 실태조사,2025,2025년 스마트폰 과의존 실태조사 보고서,smartphone_overdependence_2025_29171_file1.pdf,427,0,18,과의존,https://www.nia.or.kr/site/nia_kor/ex/bbs/View.do?cbIdx=65914&bcIdx=29171&parentSeq=29171
smartphone_overdependence,스마트폰 과의존 실태조사,2025,2025년 스마트폰 과의존 실태조사 보고서,smartphone_overdependence_2025_29171_file1.pdf,428,0,18,과의존,https://www.nia.or.kr/site/nia_kor/ex/bbs/View.do?cbIdx=65914&bcIdx=29171&parentSeq=29171
smartphone_overdependence,스마트폰 과의존 실태조사,2025,2025년 스마트폰 과의존 실태조사 보고서,smartphone_overdependence_2025_29171_file1.pdf,429,0,18,과의존,https://www.nia.or.kr/site/nia_kor/ex/bbs/View.do?cbIdx=65914&bcIdx=29171&parentSeq=29171
smartphone_overdependence,스마트폰 과의존 실태조사,2025,2025년 스마트폰 과의존 실태조사 보고서,smartphone_overdependence_2025_29171_file1.pdf,430,0,18,과의존,https://www.nia.or.kr/site/nia_kor/ex/bbs/View.do?cbIdx=65914&bcIdx=29171&parentSeq=29171
smartphone_overdependence,스마트폰 과의존 실태조사,2025,2025년 스마트폰 과의존 실태조사 보고서,smartphone_overdependence_2025_29171_file1.pdf,431,0,18,과의존,https://www.nia.or.kr/site/nia_kor/ex/bbs/View.do?cbIdx=65914&bcIdx=29171&parentSeq=29171
smartphone_overdependence,스마트폰 과의존 실태조사,2025,2025년 스마트폰 과의존 실태조사 보고서,smartphone_overdependence_2025_29171_file1.pdf,432,0,18,과의존,https://www.nia.or.kr/site/nia_kor/ex/bbs/View.do?cbIdx=65914&bcIdx=29171&parentSeq=29171
smartphone_overdependence,스마트폰 과의존 실태조사,2025,2025년 스마트폰 과의존 실태조사 보고서,smartphone_overdependence_2025_29171_file1.pdf,433,0,18,과의존,https://www.nia.or.kr/site/nia_kor/ex/bbs/View.do?cbIdx=65914&bcIdx=29171&parentSeq=29171
smartphone_overdependence,스마트폰 과의존 실태조사,2025,2025년 스마트폰 과의존 실태조사 보고서,smartphone_overdependence_2025_29171_file1.pdf,434,0,18,과의존,https://www.nia.or.kr/site/nia_kor/ex/bbs/View.do?cbIdx=65914&bcIdx=29171&parentSeq=29171
smartphone_overdependence,스마트폰 과의존 실태조사,2025,2025년 스마트폰 과의존 실태조사 보고서,smartphone_overdependence_2025_29171_file1.pdf,435,0,18,과의존,https://www.nia.or.kr/site/nia_kor/ex/bbs/View.do?cbIdx=65914&bcIdx=29171&parentSeq=29171
smartphone_overdependence,스마트폰 과의존 실태조사,2025,2025년 스마트폰 과의존 실태조사 보고서,smartphone_overdependence_2025_29171_file1.pdf,436,0,18,과의존,https://www.nia.or.kr/site/nia_kor/ex/bbs/View.do?cbIdx=65914&bcIdx=29171&parentSeq=29171
smartphone_overdependence,스마트폰 과의존 실태조사,2025,2025년 스마트폰 과의존 실태조사 보고서,smartphone_overdependence_2025_29171_file1.pdf,437,0,18,과의존,https://www.nia.or.kr/site/nia_kor/ex/bbs/View.do?cbIdx=65914&bcIdx=29171&parentSeq=29171
smartphone_overdependence,스마트폰 과의존 실태조사,2025,2025년 스마트폰 과의존 실태조사 보고서,smartphone_overdependence_2025_29171_file1.pdf,438,0,18,과의존,https://www.nia.or.kr/site/nia_kor/ex/bbs/View.do?cbIdx=65914&bcIdx=29171&parentSeq=29171
smartphone_overdependence,스마트폰 과의존 실태조사,2025,2025년 스마트폰 과의존 실태조사 보고서,smartphone_overdependence_2025_29171_file1.pdf,439,0,18,과의존,https://www.nia.or.kr/site/nia_kor/ex/bbs/View.do?cbIdx=65914&bcIdx=29171&parentSeq=29171
smartphone_overdependence,스마트폰 과의존 실태조사,2025,2025년 스마트폰 과의존 실태조사 보고서,smartphone_overdependence_2025_29171_file1.pdf,440,0,18,과의존,https://www.nia.or.kr/site/nia_kor/ex/bbs/View.do?cbIdx=65914&bcIdx=29171&parentSeq=29171
smartphone_overdependence,스마트폰 과의존 실태조사,2025,2025년 스마트폰 과의존 실태조사 보고서,smartphone_overdependence_2025_29171_file1.pdf,441,0,18,과의존,https://www.nia.or.kr/site/nia_kor/ex/bbs/View.do?cbIdx=65914&bcIdx=29171&parentSeq=29171
smartphone_overdependence,스마트폰 과의존 실태조사,2025,2025년 스마트폰 과의존 실태조사 보고서,smartphone_overdependence_2025_29171_file1.pdf,442,0,18,과의존,https://www.nia.or.kr/site/nia_kor/ex/bbs/View.do?cbIdx=65914&bcIdx=29171&parentSeq=29171
smartphone_overdependence,스마트폰 과의존 실태조사,2025,2025년 스마트폰 과의존 실태조사 보고서,smartphone_overdependence_2025_29171_file1.pdf,443,0,18,과의존,https://www.nia.or.kr/site/nia_kor/ex/bbs/View.do?cbIdx=65914&bcIdx=29171&parentSeq=29171
smartphone_overdependence,스마트폰 과의존 실태조사,2025,2025년 스마트폰 과의존 실태조사 보고서,smartphone_overdependence_2025_29171_file1.pdf,444,0,18,과의존,https://www.nia.or.kr/site/nia_kor/ex/bbs/View.do?cbIdx=65914&bcIdx=29171&parentSeq=29171
smartphone_overdependence,스마트폰 과의존 실태조사,2025,2025년 스마트폰 과의존 실태조사 보고서,smartphone_overdependence_2025_29171_file1.pdf,445,0,19,과의존,https://www.nia.or.kr/site/nia_kor/ex/bbs/View.do?cbIdx=65914&bcIdx=29171&parentSeq=29171
smartphone_overdependence,스마트폰 과의존 실태조사,2025,2025년 스마트폰 과의존 실태조사 보고서,smartphone_overdependence_2025_29171_file1.pdf,446,0,19,과의존,https://www.nia.or.kr/site/nia_kor/ex/bbs/View.do?cbIdx=65914&bcIdx=29171&parentSeq=29171
smartphone_overdependence,스마트폰 과의존 실태조사,2025,2025년 스마트폰 과의존 실태조사 보고서,smartphone_overdependence_2025_29171_file1.pdf,447,0,18,과의존,https://www.nia.or.kr/site/nia_kor/ex/bbs/View.do?cbIdx=65914&bcIdx=29171&parentSeq=29171
smartphone_overdependence,스마트폰 과의존 실태조사,2025,2025년 스마트폰 과의존 실태조사 보고서,smartphone_overdependence_2025_29171_file1.pdf,448,0,18,과의존,https://www.nia.or.kr/site/nia_kor/ex/bbs/View.do?cbIdx=65914&bcIdx=29171&parentSeq=29171
smartphone_overdependence,스마트폰 과의존 실태조사,2025,2025년 스마트폰 과의존 실태조사 보고서,smartphone_overdependence_2025_29171_file1.pdf,449,0,18,과의존,https://www.nia.or.kr/site/nia_kor/ex/bbs/View.do?cbIdx=65914&bcIdx=29171&parentSeq=29171
smartphone_overdependence,스마트폰 과의존 실태조사,2025,2025년 스마트폰 과의존 실태조사 보고서,smartphone_overdependence_2025_29171_file1.pdf,450,0,18,과의존,https://www.nia.or.kr/site/nia_kor/ex/bbs/View.do?cbIdx=65914&bcIdx=29171&parentSeq=29171
smartphone_overdependence,스마트폰 과의존 실태조사,2025,2025년 스마트폰 과의존 실태조사 보고서,smartphone_overdependence_2025_29171_file1.pdf,452,3,1,지능정보; 과의존,https://www.nia.or.kr/site/nia_kor/ex/bbs/View.do?cbIdx=65914&bcIdx=29171&parentSeq=29171
smartphone_overdependence,스마트폰 과의존 실태조사,2024,2024년 스마트폰 과의존 실태조사 보고서,smartphone_overdependence_2024_27831_file2.pdf,1,0,1,과의존,https://www.nia.or.kr/site/nia_kor/ex/bbs/View.do?cbIdx=65914&bcIdx=27831&parentSeq=27831
smartphone_overdependence,스마트폰 과의존 실태조사,2024,2024년 스마트폰 과의존 실태조사 보고서,smartphone_overdependence_2024_27831_file2.pdf,3,1,1,지능정보; 과의존,https://www.nia.or.kr/site/nia_kor/ex/bbs/View.do?cbIdx=65914&bcIdx=27831&parentSeq=27831
smartphone_overdependence,스마트폰 과의존 실태조사,2024,2024년 스마트폰 과의존 실태조사 보고서,smartphone_overdependence_2024_27831_file2.pdf,5,3,2,지능정보; 과의존,https://www.nia.or.kr/site/nia_kor/ex/bbs/View.do?cbIdx=65914&bcIdx=27831&parentSeq=27831
smartphone_overdependence,스마트폰 과의존 실태조사,2024,2024년 스마트폰 과의존 실태조사 보고서,smartphone_overdependence_2024_27831_file2.pdf,16,0,1,과의존,https://www.nia.or.kr/site/nia_kor/ex/bbs/View.do?cbIdx=65914&bcIdx=27831&parentSeq=27831
smartphone_overdependence,스마트폰 과의존 실태조사,2024,2024년 스마트폰 과의존 실태조사 보고서,smartphone_overdependence_2024_27831_file2.pdf,18,0,2,과의존,https://www.nia.or.kr/site/nia_kor/ex/bbs/View.do?cbIdx=65914&bcIdx=27831&parentSeq=27831
smartphone_overdependence,스마트폰 과의존 실태조사,2024,2024년 스마트폰 과의존 실태조사 보고서,smartphone_overdependence_2024_27831_file2.pdf,19,0,11,과의존,https://www.nia.or.kr/site/nia_kor/ex/bbs/View.do?cbIdx=65914&bcIdx=27831&parentSeq=27831
smartphone_overdependence,스마트폰 과의존 실태조사,2024,2024년 스마트폰 과의존 실태조사 보고서,smartphone_overdependence_2024_27831_file2.pdf,20,0,11,상담; 과의존,https://www.nia.or.kr/site/nia_kor/ex/bbs/View.do?cbIdx=65914&bcIdx=27831&parentSeq=27831
smartphone_overdependence,스마트폰 과의존 실태조사,2024,2024년 스마트폰 과의존 실태조사 보고서,smartphone_overdependence_2024_27831_file2.pdf,21,0,10,과의존,https://www.nia.or.kr/site/nia_kor/ex/bbs/View.do?cbIdx=65914&bcIdx=27831&parentSeq=27831
smartphone_overdependence,스마트폰 과의존 실태조사,2024,2024년 스마트폰 과의존 실태조사 보고서,smartphone_overdependence_2024_27831_file2.pdf,22,0,3,과의존; 도움,https://www.nia.or.kr/site/nia_kor/ex/bbs/View.do?cbIdx=65914&bcIdx=27831&parentSeq=27831
smartphone_overdependence,스마트폰 과의존 실태조사,2024,2024년 스마트폰 과의존 실태조사 보고서,smartphone_overdependence_2024_27831_file2.pdf,23,1,9,알고리즘; 과의존,https://www.nia.or.kr/site/nia_kor/ex/bbs/View.do?cbIdx=65914&bcIdx=27831&parentSeq=27831
smartphone_overdependence,스마트폰 과의존 실태조사,2024,2024년 스마트폰 과의존 실태조사 보고서,smartphone_overdependence_2024_27831_file2.pdf,24,0,18,상담; 과의존; 도움,https://www.nia.or.kr/site/nia_kor/ex/bbs/View.do?cbIdx=65914&bcIdx=27831&parentSeq=27831
smartphone_overdependence,스마트폰 과의존 실태조사,2024,2024년 스마트폰 과의존 실태조사 보고서,smartphone_overdependence_2024_27831_file2.pdf,25,0,25,과의존,https://www.nia.or.kr/site/nia_kor/ex/bbs/View.do?cbIdx=65914&bcIdx=27831&parentSeq=27831
smartphone_overdependence,스마트폰 과의존 실태조사,2024,2024년 스마트폰 과의존 실태조사 보고서,smartphone_overdependence_2024_27831_file2.pdf,26,0,16,과의존,https://www.nia.or.kr/site/nia_kor/ex/bbs/View.do?cbIdx=65914&bcIdx=27831&parentSeq=27831
smartphone_overdependence,스마트폰 과의존 실태조사,2024,2024년 스마트폰 과의존 실태조사 보고서,smartphone_overdependence_2024_27831_file2.pdf,27,1,3,알고리즘; 과의존; 도움,https://www.nia.or.kr/site/nia_kor/ex/bbs/View.do?cbIdx=65914&bcIdx=27831&parentSeq=27831
smartphone_overdependence,스마트폰 과의존 실태조사,2024,2024년 스마트폰 과의존 실태조사 보고서,smartphone_overdependence_2024_27831_file2.pdf,28,0,18,상담; 과의존; 도움,https://www.nia.or.kr/site/nia_kor/ex/bbs/View.do?cbIdx=65914&bcIdx=27831&parentSeq=27831
smartphone_overdependence,스마트폰 과의존 실태조사,2024,2024년 스마트폰 과의존 실태조사 보고서,smartphone_overdependence_2024_27831_file2.pdf,29,0,1,과의존,https://www.nia.or.kr/site/nia_kor/ex/bbs/View.do?cbIdx=65914&bcIdx=27831&parentSeq=27831
smartphone_overdependence,스마트폰 과의존 실태조사,2024,2024년 스마트폰 과의존 실태조사 보고서,smartphone_overdependence_2024_27831_file2.pdf,30,0,2,과의존,https://www.nia.or.kr/site/nia_kor/ex/bbs/View.do?cbIdx=65914&bcIdx=27831&parentSeq=27831
smartphone_overdependence,스마트폰 과의존 실태조사,2024,2024년 스마트폰 과의존 실태조사 보고서,smartphone_overdependence_2024_27831_file2.pdf,31,6,14,지능정보; 중독; 과의존,https://www.nia.or.kr/site/nia_kor/ex/bbs/View.do?cbIdx=65914&bcIdx=27831&parentSeq=27831
smartphone_overdependence,스마트폰 과의존 실태조사,2024,2024년 스마트폰 과의존 실태조사 보고서,smartphone_overdependence_2024_27831_file2.pdf,32,1,0,지능정보,https://www.nia.or.kr/site/nia_kor/ex/bbs/View.do?cbIdx=65914&bcIdx=27831&parentSeq=27831
smartphone_overdependence,스마트폰 과의존 실태조사,2024,2024년 스마트폰 과의존 실태조사 보고서,smartphone_overdependence_2024_27831_file2.pdf,33,1,8,지능정보; 심리; 상담; 과의존,https://www.nia.or.kr/site/nia_kor/ex/bbs/View.do?cbIdx=65914&bcIdx=27831&parentSeq=27831
smartphone_overdependence,스마트폰 과의존 실태조사,2024,2024년 스마트폰 과의존 실태조사 보고서,smartphone_overdependence_2024_27831_file2.pdf,34,2,21,AI; 알고리즘; 심리; 상담; 과의존; 도움,https://www.nia.or.kr/site/nia_kor/ex/bbs/View.do?cbIdx=65914&bcIdx=27831&parentSeq=27831
smartphone_overdependence,스마트폰 과의존 실태조사,2024,2024년 스마트폰 과의존 실태조사 보고서,smartphone_overdependence_2024_27831_file2.pdf,35,1,14,지능정보; 심리; 과의존,https://www.nia.or.kr/site/nia_kor/ex/bbs/View.do?cbIdx=65914&bcIdx=27831&parentSeq=27831
smartphone_overdependence,스마트폰 과의존 실태조사,2024,2024년 스마트폰 과의존 실태조사 보고서,smartphone_overdependence_2024_27831_file2.pdf,36,0,3,과의존,https://www.nia.or.kr/site/nia_kor/ex/bbs/View.do?cbIdx=65914&bcIdx=27831&parentSeq=27831
smartphone_overdependence,스마트폰 과의존 실태조사,2024,2024년 스마트폰 과의존 실태조사 보고서,smartphone_overdependence_2024_27831_file2.pdf,44,1,2,지능정보; 과의존,https://www.nia.or.kr/site/nia_kor/ex/bbs/View.do?cbIdx=65914&bcIdx=27831&parentSeq=27831
smartphone_overdependence,스마트폰 과의존 실태조사,2024,2024년 스마트폰 과의존 실태조사 보고서,smartphone_overdependence_2024_27831_file2.pdf,47,0,1,과의존,https://www.nia.or.kr/site/nia_kor/ex/bbs/View.do?cbIdx=65914&bcIdx=27831&parentSeq=27831
smartphone_overdependence,스마트폰 과의존 실태조사,2024,2024년 스마트폰 과의존 실태조사 보고서,smartphone_overdependence_2024_27831_file2.pdf,48,0,7,과의존,https://www.nia.or.kr/site/nia_kor/ex/bbs/View.do?cbIdx=65914&bcIdx=27831&parentSeq=27831
smartphone_overdependence,스마트폰 과의존 실태조사,2024,2024년 스마트폰 과의존 실태조사 보고서,smartphone_overdependence_2024_27831_file2.pdf,49,0,8,과의존,https://www.nia.or.kr/site/nia_kor/ex/bbs/View.do?cbIdx=65914&bcIdx=27831&parentSeq=27831
smartphone_overdependence,스마트폰 과의존 실태조사,2024,2024년 스마트폰 과의존 실태조사 보고서,smartphone_overdependence_2024_27831_file2.pdf,50,0,7,과의존,https://www.nia.or.kr/site/nia_kor/ex/bbs/View.do?cbIdx=65914&bcIdx=27831&parentSeq=27831
smartphone_overdependence,스마트폰 과의존 실태조사,2024,2024년 스마트폰 과의존 실태조사 보고서,smartphone_overdependence_2024_27831_file2.pdf,51,0,10,심리; 과의존,https://www.nia.or.kr/site/nia_kor/ex/bbs/View.do?cbIdx=65914&bcIdx=27831&parentSeq=27831
smartphone_overdependence,스마트폰 과의존 실태조사,2024,2024년 스마트폰 과의존 실태조사 보고서,smartphone_overdependence_2024_27831_file2.pdf,52,0,7,과의존,https://www.nia.or.kr/site/nia_kor/ex/bbs/View.do?cbIdx=65914&bcIdx=27831&parentSeq=27831
smartphone_overdependence,스마트폰 과의존 실태조사,2024,2024년 스마트폰 과의존 실태조사 보고서,smartphone_overdependence_2024_27831_file2.pdf,53,0,5,과의존,https://www.nia.or.kr/site/nia_kor/ex/bbs/View.do?cbIdx=65914&bcIdx=27831&parentSeq=27831
smartphone_overdependence,스마트폰 과의존 실태조사,2024,2024년 스마트폰 과의존 실태조사 보고서,smartphone_overdependence_2024_27831_file2.pdf,54,0,10,과의존,https://www.nia.or.kr/site/nia_kor/ex/bbs/View.do?cbIdx=65914&bcIdx=27831&parentSeq=27831
smartphone_overdependence,스마트폰 과의존 실태조사,2024,2024년 스마트폰 과의존 실태조사 보고서,smartphone_overdependence_2024_27831_file2.pdf,55,0,8,과의존,https://www.nia.or.kr/site/nia_kor/ex/bbs/View.do?cbIdx=65914&bcIdx=27831&parentSeq=27831
smartphone_overdependence,스마트폰 과의존 실태조사,2024,2024년 스마트폰 과의존 실태조사 보고서,smartphone_overdependence_2024_27831_file2.pdf,56,0,6,과의존,https://www.nia.or.kr/site/nia_kor/ex/bbs/View.do?cbIdx=65914&bcIdx=27831&parentSeq=27831
smartphone_overdependence,스마트폰 과의존 실태조사,2024,2024년 스마트폰 과의존 실태조사 보고서,smartphone_overdependence_2024_27831_file2.pdf,57,0,4,과의존,https://www.nia.or.kr/site/nia_kor/ex/bbs/View.do?cbIdx=65914&bcIdx=27831&parentSeq=27831
smartphone_overdependence,스마트폰 과의존 실태조사,2024,2024년 스마트폰 과의존 실태조사 보고서,smartphone_overdependence_2024_27831_file2.pdf,58,0,6,과의존,https://www.nia.or.kr/site/nia_kor/ex/bbs/View.do?cbIdx=65914&bcIdx=27831&parentSeq=27831
smartphone_overdependence,스마트폰 과의존 실태조사,2024,2024년 스마트폰 과의존 실태조사 보고서,smartphone_overdependence_2024_27831_file2.pdf,59,0,4,과의존,https://www.nia.or.kr/site/nia_kor/ex/bbs/View.do?cbIdx=65914&bcIdx=27831&parentSeq=27831
smartphone_overdependence,스마트폰 과의존 실태조사,2024,2024년 스마트폰 과의존 실태조사 보고서,smartphone_overdependence_2024_27831_file2.pdf,60,0,6,과의존,https://www.nia.or.kr/site/nia_kor/ex/bbs/View.do?cbIdx=65914&bcIdx=27831&parentSeq=27831
smartphone_overdependence,스마트폰 과의존 실태조사,2024,2024년 스마트폰 과의존 실태조사 보고서,smartphone_overdependence_2024_27831_file2.pdf,63,0,7,상담; 과의존,https://www.nia.or.kr/site/nia_kor/ex/bbs/View.do?cbIdx=65914&bcIdx=27831&parentSeq=27831
smartphone_overdependence,스마트폰 과의존 실태조사,2024,2024년 스마트폰 과의존 실태조사 보고서,smartphone_overdependence_2024_27831_file2.pdf,64,0,13,과의존,https://www.nia.or.kr/site/nia_kor/ex/bbs/View.do?cbIdx=65914&bcIdx=27831&parentSeq=27831
smartphone_overdependence,스마트폰 과의존 실태조사,2024,2024년 스마트폰 과의존 실태조사 보고서,smartphone_overdependence_2024_27831_file2.pdf,65,0,5,과의존,https://www.nia.or.kr/site/nia_kor/ex/bbs/View.do?cbIdx=65914&bcIdx=27831&parentSeq=27831
smartphone_overdependence,스마트폰 과의존 실태조사,2024,2024년 스마트폰 과의존 실태조사 보고서,smartphone_overdependence_2024_27831_file2.pdf,66,0,5,과의존,https://www.nia.or.kr/site/nia_kor/ex/bbs/View.do?cbIdx=65914&bcIdx=27831&parentSeq=27831
smartphone_overdependence,스마트폰 과의존 실태조사,2024,2024년 스마트폰 과의존 실태조사 보고서,smartphone_overdependence_2024_27831_file2.pdf,67,0,9,과의존,https://www.nia.or.kr/site/nia_kor/ex/bbs/View.do?cbIdx=65914&bcIdx=27831&parentSeq=27831
smartphone_overdependence,스마트폰 과의존 실태조사,2024,2024년 스마트폰 과의존 실태조사 보고서,smartphone_overdependence_2024_27831_file2.pdf,68,0,9,과의존,https://www.nia.or.kr/site/nia_kor/ex/bbs/View.do?cbIdx=65914&bcIdx=27831&parentSeq=27831
smartphone_overdependence,스마트폰 과의존 실태조사,2024,2024년 스마트폰 과의존 실태조사 보고서,smartphone_overdependence_2024_27831_file2.pdf,69,0,8,과의존,https://www.nia.or.kr/site/nia_kor/ex/bbs/View.do?cbIdx=65914&bcIdx=27831&parentSeq=27831
smartphone_overdependence,스마트폰 과의존 실태조사,2024,2024년 스마트폰 과의존 실태조사 보고서,smartphone_overdependence_2024_27831_file2.pdf,70,0,6,과의존,https://www.nia.or.kr/site/nia_kor/ex/bbs/View.do?cbIdx=65914&bcIdx=27831&parentSeq=27831
smartphone_overdependence,스마트폰 과의존 실태조사,2024,2024년 스마트폰 과의존 실태조사 보고서,smartphone_overdependence_2024_27831_file2.pdf,71,0,9,과의존,https://www.nia.or.kr/site/nia_kor/ex/bbs/View.do?cbIdx=65914&bcIdx=27831&parentSeq=27831
smartphone_overdependence,스마트폰 과의존 실태조사,2024,2024년 스마트폰 과의존 실태조사 보고서,smartphone_overdependence_2024_27831_file2.pdf,72,0,4,과의존,https://www.nia.or.kr/site/nia_kor/ex/bbs/View.do?cbIdx=65914&bcIdx=27831&parentSeq=27831
smartphone_overdependence,스마트폰 과의존 실태조사,2024,2024년 스마트폰 과의존 실태조사 보고서,smartphone_overdependence_2024_27831_file2.pdf,73,0,4,과의존,https://www.nia.or.kr/site/nia_kor/ex/bbs/View.do?cbIdx=65914&bcIdx=27831&parentSeq=27831
smartphone_overdependence,스마트폰 과의존 실태조사,2024,2024년 스마트폰 과의존 실태조사 보고서,smartphone_overdependence_2024_27831_file2.pdf,74,0,4,과의존,https://www.nia.or.kr/site/nia_kor/ex/bbs/View.do?cbIdx=65914&bcIdx=27831&parentSeq=27831
smartphone_overdependence,스마트폰 과의존 실태조사,2024,2024년 스마트폰 과의존 실태조사 보고서,smartphone_overdependence_2024_27831_file2.pdf,75,0,4,과의존,https://www.nia.or.kr/site/nia_kor/ex/bbs/View.do?cbIdx=65914&bcIdx=27831&parentSeq=27831
smartphone_overdependence,스마트폰 과의존 실태조사,2024,2024년 스마트폰 과의존 실태조사 보고서,smartphone_overdependence_2024_27831_file2.pdf,76,0,4,과의존,https://www.nia.or.kr/site/nia_kor/ex/bbs/View.do?cbIdx=65914&bcIdx=27831&parentSeq=27831
smartphone_overdependence,스마트폰 과의존 실태조사,2024,2024년 스마트폰 과의존 실태조사 보고서,smartphone_overdependence_2024_27831_file2.pdf,77,0,4,과의존,https://www.nia.or.kr/site/nia_kor/ex/bbs/View.do?cbIdx=65914&bcIdx=27831&parentSeq=27831
smartphone_overdependence,스마트폰 과의존 실태조사,2024,2024년 스마트폰 과의존 실태조사 보고서,smartphone_overdependence_2024_27831_file2.pdf,78,0,4,과의존,https://www.nia.or.kr/site/nia_kor/ex/bbs/View.do?cbIdx=65914&bcIdx=27831&parentSeq=27831
smartphone_overdependence,스마트폰 과의존 실태조사,2024,2024년 스마트폰 과의존 실태조사 보고서,smartphone_overdependence_2024_27831_file2.pdf,79,0,4,과의존,https://www.nia.or.kr/site/nia_kor/ex/bbs/View.do?cbIdx=65914&bcIdx=27831&parentSeq=27831
smartphone_overdependence,스마트폰 과의존 실태조사,2024,2024년 스마트폰 과의존 실태조사 보고서,smartphone_overdependence_2024_27831_file2.pdf,80,0,4,과의존,https://www.nia.or.kr/site/nia_kor/ex/bbs/View.do?cbIdx=65914&bcIdx=27831&parentSeq=27831
smartphone_overdependence,스마트폰 과의존 실태조사,2024,2024년 스마트폰 과의존 실태조사 보고서,smartphone_overdependence_2024_27831_file2.pdf,81,0,4,과의존,https://www.nia.or.kr/site/nia_kor/ex/bbs/View.do?cbIdx=65914&bcIdx=27831&parentSeq=27831
smartphone_overdependence,스마트폰 과의존 실태조사,2024,2024년 스마트폰 과의존 실태조사 보고서,smartphone_overdependence_2024_27831_file2.pdf,82,0,4,과의존,https://www.nia.or.kr/site/nia_kor/ex/bbs/View.do?cbIdx=65914&bcIdx=27831&parentSeq=27831
smartphone_overdependence,스마트폰 과의존 실태조사,2024,2024년 스마트폰 과의존 실태조사 보고서,smartphone_overdependence_2024_27831_file2.pdf,83,0,4,과의존,https://www.nia.or.kr/site/nia_kor/ex/bbs/View.do?cbIdx=65914&bcIdx=27831&parentSeq=27831
smartphone_overdependence,스마트폰 과의존 실태조사,2024,2024년 스마트폰 과의존 실태조사 보고서,smartphone_overdependence_2024_27831_file2.pdf,84,0,4,과의존,https://www.nia.or.kr/site/nia_kor/ex/bbs/View.do?cbIdx=65914&bcIdx=27831&parentSeq=27831
smartphone_overdependence,스마트폰 과의존 실태조사,2024,2024년 스마트폰 과의존 실태조사 보고서,smartphone_overdependence_2024_27831_file2.pdf,85,0,4,과의존,https://www.nia.or.kr/site/nia_kor/ex/bbs/View.do?cbIdx=65914&bcIdx=27831&parentSeq=27831
smartphone_overdependence,스마트폰 과의존 실태조사,2024,2024년 스마트폰 과의존 실태조사 보고서,smartphone_overdependence_2024_27831_file2.pdf,86,0,4,과의존,https://www.nia.or.kr/site/nia_kor/ex/bbs/View.do?cbIdx=65914&bcIdx=27831&parentSeq=27831
smartphone_overdependence,스마트폰 과의존 실태조사,2024,2024년 스마트폰 과의존 실태조사 보고서,smartphone_overdependence_2024_27831_file2.pdf,87,0,4,과의존,https://www.nia.or.kr/site/nia_kor/ex/bbs/View.do?cbIdx=65914&bcIdx=27831&parentSeq=27831
smartphone_overdependence,스마트폰 과의존 실태조사,2024,2024년 스마트폰 과의존 실태조사 보고서,smartphone_overdependence_2024_27831_file2.pdf,88,0,4,과의존,https://www.nia.or.kr/site/nia_kor/ex/bbs/View.do?cbIdx=65914&bcIdx=27831&parentSeq=27831
smartphone_overdependence,스마트폰 과의존 실태조사,2024,2024년 스마트폰 과의존 실태조사 보고서,smartphone_overdependence_2024_27831_file2.pdf,89,0,2,과의존,https://www.nia.or.kr/site/nia_kor/ex/bbs/View.do?cbIdx=65914&bcIdx=27831&parentSeq=27831
smartphone_overdependence,스마트폰 과의존 실태조사,2024,2024년 스마트폰 과의존 실태조사 보고서,smartphone_overdependence_2024_27831_file2.pdf,90,0,4,과의존,https://www.nia.or.kr/site/nia_kor/ex/bbs/View.do?cbIdx=65914&bcIdx=27831&parentSeq=27831
smartphone_overdependence,스마트폰 과의존 실태조사,2024,2024년 스마트폰 과의존 실태조사 보고서,smartphone_overdependence_2024_27831_file2.pdf,91,0,4,과의존,https://www.nia.or.kr/site/nia_kor/ex/bbs/View.do?cbIdx=65914&bcIdx=27831&parentSeq=27831
smartphone_overdependence,스마트폰 과의존 실태조사,2024,2024년 스마트폰 과의존 실태조사 보고서,smartphone_overdependence_2024_27831_file2.pdf,92,0,4,과의존,https://www.nia.or.kr/site/nia_kor/ex/bbs/View.do?cbIdx=65914&bcIdx=27831&parentSeq=27831
smartphone_overdependence,스마트폰 과의존 실태조사,2024,2024년 스마트폰 과의존 실태조사 보고서,smartphone_overdependence_2024_27831_file2.pdf,93,0,4,과의존,https://www.nia.or.kr/site/nia_kor/ex/bbs/View.do?cbIdx=65914&bcIdx=27831&parentSeq=27831
smartphone_overdependence,스마트폰 과의존 실태조사,2024,2024년 스마트폰 과의존 실태조사 보고서,smartphone_overdependence_2024_27831_file2.pdf,94,0,5,과의존,https://www.nia.or.kr/site/nia_kor/ex/bbs/View.do?cbIdx=65914&bcIdx=27831&parentSeq=27831
smartphone_overdependence,스마트폰 과의존 실태조사,2024,2024년 스마트폰 과의존 실태조사 보고서,smartphone_overdependence_2024_27831_file2.pdf,95,0,4,과의존,https://www.nia.or.kr/site/nia_kor/ex/bbs/View.do?cbIdx=65914&bcIdx=27831&parentSeq=27831
smartphone_overdependence,스마트폰 과의존 실태조사,2024,2024년 스마트폰 과의존 실태조사 보고서,smartphone_overdependence_2024_27831_file2.pdf,96,0,4,과의존,https://www.nia.or.kr/site/nia_kor/ex/bbs/View.do?cbIdx=65914&bcIdx=27831&parentSeq=27831
smartphone_overdependence,스마트폰 과의존 실태조사,2024,2024년 스마트폰 과의존 실태조사 보고서,smartphone_overdependence_2024_27831_file2.pdf,97,0,10,스트레스; 우울; 불안; 과의존,https://www.nia.or.kr/site/nia_kor/ex/bbs/View.do?cbIdx=65914&bcIdx=27831&parentSeq=27831
smartphone_overdependence,스마트폰 과의존 실태조사,2024,2024년 스마트폰 과의존 실태조사 보고서,smartphone_overdependence_2024_27831_file2.pdf,98,0,4,과의존,https://www.nia.or.kr/site/nia_kor/ex/bbs/View.do?cbIdx=65914&bcIdx=27831&parentSeq=27831
smartphone_overdependence,스마트폰 과의존 실태조사,2024,2024년 스마트폰 과의존 실태조사 보고서,smartphone_overdependence_2024_27831_file2.pdf,99,0,4,과의존,https://www.nia.or.kr/site/nia_kor/ex/bbs/View.do?cbIdx=65914&bcIdx=27831&parentSeq=27831
smartphone_overdependence,스마트폰 과의존 실태조사,2024,2024년 스마트폰 과의존 실태조사 보고서,smartphone_overdependence_2024_27831_file2.pdf,100,0,1,과의존,https://www.nia.or.kr/site/nia_kor/ex/bbs/View.do?cbIdx=65914&bcIdx=27831&parentSeq=27831
smartphone_overdependence,스마트폰 과의존 실태조사,2024,2024년 스마트폰 과의존 실태조사 보고서,smartphone_overdependence_2024_27831_file2.pdf,101,2,4,AI; 생성형; 과의존,https://www.nia.or.kr/site/nia_kor/ex/bbs/View.do?cbIdx=65914&bcIdx=27831&parentSeq=27831
smartphone_overdependence,스마트폰 과의존 실태조사,2024,2024년 스마트폰 과의존 실태조사 보고서,smartphone_overdependence_2024_27831_file2.pdf,102,0,1,과의존,https://www.nia.or.kr/site/nia_kor/ex/bbs/View.do?cbIdx=65914&bcIdx=27831&parentSeq=27831
smartphone_overdependence,스마트폰 과의존 실태조사,2024,2024년 스마트폰 과의존 실태조사 보고서,smartphone_overdependence_2024_27831_file2.pdf,103,2,4,AI; 생성형; 과의존,https://www.nia.or.kr/site/nia_kor/ex/bbs/View.do?cbIdx=65914&bcIdx=27831&parentSeq=27831
smartphone_overdependence,스마트폰 과의존 실태조사,2024,2024년 스마트폰 과의존 실태조사 보고서,smartphone_overdependence_2024_27831_file2.pdf,104,0,8,과의존; 도움,https://www.nia.or.kr/site/nia_kor/ex/bbs/View.do?cbIdx=65914&bcIdx=27831&parentSeq=27831
smartphone_overdependence,스마트폰 과의존 실태조사,2024,2024년 스마트폰 과의존 실태조사 보고서,smartphone_overdependence_2024_27831_file2.pdf,105,0,4,과의존,https://www.nia.or.kr/site/nia_kor/ex/bbs/View.do?cbIdx=65914&bcIdx=27831&parentSeq=27831
smartphone_overdependence,스마트폰 과의존 실태조사,2024,2024년 스마트폰 과의존 실태조사 보고서,smartphone_overdependence_2024_27831_file2.pdf,106,0,4,과의존,https://www.nia.or.kr/site/nia_kor/ex/bbs/View.do?cbIdx=65914&bcIdx=27831&parentSeq=27831
smartphone_overdependence,스마트폰 과의존 실태조사,2024,2024년 스마트폰 과의존 실태조사 보고서,smartphone_overdependence_2024_27831_file2.pdf,107,0,2,과의존,https://www.nia.or.kr/site/nia_kor/ex/bbs/View.do?cbIdx=65914&bcIdx=27831&parentSeq=27831
smartphone_overdependence,스마트폰 과의존 실태조사,2024,2024년 스마트폰 과의존 실태조사 보고서,smartphone_overdependence_2024_27831_file2.pdf,108,0,4,과의존,https://www.nia.or.kr/site/nia_kor/ex/bbs/View.do?cbIdx=65914&bcIdx=27831&parentSeq=27831
smartphone_overdependence,스마트폰 과의존 실태조사,2024,2024년 스마트폰 과의존 실태조사 보고서,smartphone_overdependence_2024_27831_file2.pdf,109,0,6,과의존; 폭력,https://www.nia.or.kr/site/nia_kor/ex/bbs/View.do?cbIdx=65914&bcIdx=27831&parentSeq=27831
smartphone_overdependence,스마트폰 과의존 실태조사,2024,2024년 스마트폰 과의존 실태조사 보고서,smartphone_overdependence_2024_27831_file2.pdf,110,0,5,과의존,https://www.nia.or.kr/site/nia_kor/ex/bbs/View.do?cbIdx=65914&bcIdx=27831&parentSeq=27831
smartphone_overdependence,스마트폰 과의존 실태조사,2024,2024년 스마트폰 과의존 실태조사 보고서,smartphone_overdependence_2024_27831_file2.pdf,111,0,4,과의존,https://www.nia.or.kr/site/nia_kor/ex/bbs/View.do?cbIdx=65914&bcIdx=27831&parentSeq=27831
smartphone_overdependence,스마트폰 과의존 실태조사,2024,2024년 스마트폰 과의존 실태조사 보고서,smartphone_overdependence_2024_27831_file2.pdf,112,0,4,과의존,https://www.nia.or.kr/site/nia_kor/ex/bbs/View.do?cbIdx=65914&bcIdx=27831&parentSeq=27831
smartphone_overdependence,스마트폰 과의존 실태조사,2024,2024년 스마트폰 과의존 실태조사 보고서,smartphone_overdependence_2024_27831_file2.pdf,113,4,4,알고리즘; 과의존,https://www.nia.or.kr/site/nia_kor/ex/bbs/View.do?cbIdx=65914&bcIdx=27831&parentSeq=27831
smartphone_overdependence,스마트폰 과의존 실태조사,2024,2024년 스마트폰 과의존 실태조사 보고서,smartphone_overdependence_2024_27831_file2.pdf,114,0,5,과의존,https://www.nia.or.kr/site/nia_kor/ex/bbs/View.do?cbIdx=65914&bcIdx=27831&parentSeq=27831
smartphone_overdependence,스마트폰 과의존 실태조사,2024,2024년 스마트폰 과의존 실태조사 보고서,smartphone_overdependence_2024_27831_file2.pdf,115,0,4,과의존,https://www.nia.or.kr/site/nia_kor/ex/bbs/View.do?cbIdx=65914&bcIdx=27831&parentSeq=27831
smartphone_overdependence,스마트폰 과의존 실태조사,2024,2024년 스마트폰 과의존 실태조사 보고서,smartphone_overdependence_2024_27831_file2.pdf,116,0,3,과의존,https://www.nia.or.kr/site/nia_kor/ex/bbs/View.do?cbIdx=65914&bcIdx=27831&parentSeq=27831
smartphone_overdependence,스마트폰 과의존 실태조사,2024,2024년 스마트폰 과의존 실태조사 보고서,smartphone_overdependence_2024_27831_file2.pdf,117,0,3,과의존,https://www.nia.or.kr/site/nia_kor/ex/bbs/View.do?cbIdx=65914&bcIdx=27831&parentSeq=27831
smartphone_overdependence,스마트폰 과의존 실태조사,2024,2024년 스마트폰 과의존 실태조사 보고서,smartphone_overdependence_2024_27831_file2.pdf,118,0,4,과의존,https://www.nia.or.kr/site/nia_kor/ex/bbs/View.do?cbIdx=65914&bcIdx=27831&parentSeq=27831
smartphone_overdependence,스마트폰 과의존 실태조사,2024,2024년 스마트폰 과의존 실태조사 보고서,smartphone_overdependence_2024_27831_file2.pdf,119,0,4,과의존,https://www.nia.or.kr/site/nia_kor/ex/bbs/View.do?cbIdx=65914&bcIdx=27831&parentSeq=27831
smartphone_overdependence,스마트폰 과의존 실태조사,2024,2024년 스마트폰 과의존 실태조사 보고서,smartphone_overdependence_2024_27831_file2.pdf,120,0,4,과의존,https://www.nia.or.kr/site/nia_kor/ex/bbs/View.do?cbIdx=65914&bcIdx=27831&parentSeq=27831
smartphone_overdependence,스마트폰 과의존 실태조사,2024,2024년 스마트폰 과의존 실태조사 보고서,smartphone_overdependence_2024_27831_file2.pdf,121,0,4,과의존,https://www.nia.or.kr/site/nia_kor/ex/bbs/View.do?cbIdx=65914&bcIdx=27831&parentSeq=27831
smartphone_overdependence,스마트폰 과의존 실태조사,2024,2024년 스마트폰 과의존 실태조사 보고서,smartphone_overdependence_2024_27831_file2.pdf,122,0,4,과의존,https://www.nia.or.kr/site/nia_kor/ex/bbs/View.do?cbIdx=65914&bcIdx=27831&parentSeq=27831
smartphone_overdependence,스마트폰 과의존 실태조사,2024,2024년 스마트폰 과의존 실태조사 보고서,smartphone_overdependence_2024_27831_file2.pdf,123,0,4,과의존,https://www.nia.or.kr/site/nia_kor/ex/bbs/View.do?cbIdx=65914&bcIdx=27831&parentSeq=27831
smartphone_overdependence,스마트폰 과의존 실태조사,2024,2024년 스마트폰 과의존 실태조사 보고서,smartphone_overdependence_2024_27831_file2.pdf,124,0,4,과의존,https://www.nia.or.kr/site/nia_kor/ex/bbs/View.do?cbIdx=65914&bcIdx=27831&parentSeq=27831
smartphone_overdependence,스마트폰 과의존 실태조사,2024,2024년 스마트폰 과의존 실태조사 보고서,smartphone_overdependence_2024_27831_file2.pdf,125,0,4,과의존,https://www.nia.or.kr/site/nia_kor/ex/bbs/View.do?cbIdx=65914&bcIdx=27831&parentSeq=27831
smartphone_overdependence,스마트폰 과의존 실태조사,2024,2024년 스마트폰 과의존 실태조사 보고서,smartphone_overdependence_2024_27831_file2.pdf,126,0,4,과의존,https://www.nia.or.kr/site/nia_kor/ex/bbs/View.do?cbIdx=65914&bcIdx=27831&parentSeq=27831
smartphone_overdependence,스마트폰 과의존 실태조사,2024,2024년 스마트폰 과의존 실태조사 보고서,smartphone_overdependence_2024_27831_file2.pdf,127,0,4,과의존,https://www.nia.or.kr/site/nia_kor/ex/bbs/View.do?cbIdx=65914&bcIdx=27831&parentSeq=27831
smartphone_overdependence,스마트폰 과의존 실태조사,2024,2024년 스마트폰 과의존 실태조사 보고서,smartphone_overdependence_2024_27831_file2.pdf,128,0,10,과의존,https://www.nia.or.kr/site/nia_kor/ex/bbs/View.do?cbIdx=65914&bcIdx=27831&parentSeq=27831
smartphone_overdependence,스마트폰 과의존 실태조사,2024,2024년 스마트폰 과의존 실태조사 보고서,smartphone_overdependence_2024_27831_file2.pdf,129,0,8,과의존,https://www.nia.or.kr/site/nia_kor/ex/bbs/View.do?cbIdx=65914&bcIdx=27831&parentSeq=27831
smartphone_overdependence,스마트폰 과의존 실태조사,2024,2024년 스마트폰 과의존 실태조사 보고서,smartphone_overdependence_2024_27831_file2.pdf,130,0,8,과의존,https://www.nia.or.kr/site/nia_kor/ex/bbs/View.do?cbIdx=65914&bcIdx=27831&parentSeq=27831
smartphone_overdependence,스마트폰 과의존 실태조사,2024,2024년 스마트폰 과의존 실태조사 보고서,smartphone_overdependence_2024_27831_file2.pdf,131,0,8,과의존,https://www.nia.or.kr/site/nia_kor/ex/bbs/View.do?cbIdx=65914&bcIdx=27831&parentSeq=27831
smartphone_overdependence,스마트폰 과의존 실태조사,2024,2024년 스마트폰 과의존 실태조사 보고서,smartphone_overdependence_2024_27831_file2.pdf,132,0,11,과의존; 도움,https://www.nia.or.kr/site/nia_kor/ex/bbs/View.do?cbIdx=65914&bcIdx=27831&parentSeq=27831
smartphone_overdependence,스마트폰 과의존 실태조사,2024,2024년 스마트폰 과의존 실태조사 보고서,smartphone_overdependence_2024_27831_file2.pdf,133,0,11,스트레스; 과의존,https://www.nia.or.kr/site/nia_kor/ex/bbs/View.do?cbIdx=65914&bcIdx=27831&parentSeq=27831
smartphone_overdependence,스마트폰 과의존 실태조사,2024,2024년 스마트폰 과의존 실태조사 보고서,smartphone_overdependence_2024_27831_file2.pdf,134,0,8,과의존,https://www.nia.or.kr/site/nia_kor/ex/bbs/View.do?cbIdx=65914&bcIdx=27831&parentSeq=27831
smartphone_overdependence,스마트폰 과의존 실태조사,2024,2024년 스마트폰 과의존 실태조사 보고서,smartphone_overdependence_2024_27831_file2.pdf,135,0,10,상담; 과의존,https://www.nia.or.kr/site/nia_kor/ex/bbs/View.do?cbIdx=65914&bcIdx=27831&parentSeq=27831
smartphone_overdependence,스마트폰 과의존 실태조사,2024,2024년 스마트폰 과의존 실태조사 보고서,smartphone_overdependence_2024_27831_file2.pdf,136,0,7,과의존,https://www.nia.or.kr/site/nia_kor/ex/bbs/View.do?cbIdx=65914&bcIdx=27831&parentSeq=27831
smartphone_overdependence,스마트폰 과의존 실태조사,2024,2024년 스마트폰 과의존 실태조사 보고서,smartphone_overdependence_2024_27831_file2.pdf,137,0,6,과의존,https://www.nia.or.kr/site/nia_kor/ex/bbs/View.do?cbIdx=65914&bcIdx=27831&parentSeq=27831
smartphone_overdependence,스마트폰 과의존 실태조사,2024,2024년 스마트폰 과의존 실태조사 보고서,smartphone_overdependence_2024_27831_file2.pdf,138,1,4,알고리즘; 스트레스; 과의존,https://www.nia.or.kr/site/nia_kor/ex/bbs/View.do?cbIdx=65914&bcIdx=27831&parentSeq=27831
smartphone_overdependence,스마트폰 과의존 실태조사,2024,2024년 스마트폰 과의존 실태조사 보고서,smartphone_overdependence_2024_27831_file2.pdf,139,1,3,알고리즘; 스트레스; 과의존,https://www.nia.or.kr/site/nia_kor/ex/bbs/View.do?cbIdx=65914&bcIdx=27831&parentSeq=27831
smartphone_overdependence,스마트폰 과의존 실태조사,2024,2024년 스마트폰 과의존 실태조사 보고서,smartphone_overdependence_2024_27831_file2.pdf,140,0,10,상담; 과의존,https://www.nia.or.kr/site/nia_kor/ex/bbs/View.do?cbIdx=65914&bcIdx=27831&parentSeq=27831
smartphone_overdependence,스마트폰 과의존 실태조사,2024,2024년 스마트폰 과의존 실태조사 보고서,smartphone_overdependence_2024_27831_file2.pdf,141,0,22,과의존; 도움,https://www.nia.or.kr/site/nia_kor/ex/bbs/View.do?cbIdx=65914&bcIdx=27831&parentSeq=27831
smartphone_overdependence,스마트폰 과의존 실태조사,2024,2024년 스마트폰 과의존 실태조사 보고서,smartphone_overdependence_2024_27831_file2.pdf,142,0,7,과의존,https://www.nia.or.kr/site/nia_kor/ex/bbs/View.do?cbIdx=65914&bcIdx=27831&parentSeq=27831
smartphone_overdependence,스마트폰 과의존 실태조사,2024,2024년 스마트폰 과의존 실태조사 보고서,smartphone_overdependence_2024_27831_file2.pdf,143,0,9,과의존,https://www.nia.or.kr/site/nia_kor/ex/bbs/View.do?cbIdx=65914&bcIdx=27831&parentSeq=27831
smartphone_overdependence,스마트폰 과의존 실태조사,2024,2024년 스마트폰 과의존 실태조사 보고서,smartphone_overdependence_2024_27831_file2.pdf,144,0,10,과의존,https://www.nia.or.kr/site/nia_kor/ex/bbs/View.do?cbIdx=65914&bcIdx=27831&parentSeq=27831
smartphone_overdependence,스마트폰 과의존 실태조사,2024,2024년 스마트폰 과의존 실태조사 보고서,smartphone_overdependence_2024_27831_file2.pdf,145,0,21,과의존; 도움,https://www.nia.or.kr/site/nia_kor/ex/bbs/View.do?cbIdx=65914&bcIdx=27831&parentSeq=27831
smartphone_overdependence,스마트폰 과의존 실태조사,2024,2024년 스마트폰 과의존 실태조사 보고서,smartphone_overdependence_2024_27831_file2.pdf,146,0,10,과의존,https://www.nia.or.kr/site/nia_kor/ex/bbs/View.do?cbIdx=65914&bcIdx=27831&parentSeq=27831
smartphone_overdependence,스마트폰 과의존 실태조사,2024,2024년 스마트폰 과의존 실태조사 보고서,smartphone_overdependence_2024_27831_file2.pdf,147,0,5,상담; 과의존,https://www.nia.or.kr/site/nia_kor/ex/bbs/View.do?cbIdx=65914&bcIdx=27831&parentSeq=27831
smartphone_overdependence,스마트폰 과의존 실태조사,2024,2024년 스마트폰 과의존 실태조사 보고서,smartphone_overdependence_2024_27831_file2.pdf,148,0,10,상담; 과의존,https://www.nia.or.kr/site/nia_kor/ex/bbs/View.do?cbIdx=65914&bcIdx=27831&parentSeq=27831
smartphone_overdependence,스마트폰 과의존 실태조사,2024,2024년 스마트폰 과의존 실태조사 보고서,smartphone_overdependence_2024_27831_file2.pdf,149,0,3,과의존,https://www.nia.or.kr/site/nia_kor/ex/bbs/View.do?cbIdx=65914&bcIdx=27831&parentSeq=27831
smartphone_overdependence,스마트폰 과의존 실태조사,2024,2024년 스마트폰 과의존 실태조사 보고서,smartphone_overdependence_2024_27831_file2.pdf,150,0,3,과의존,https://www.nia.or.kr/site/nia_kor/ex/bbs/View.do?cbIdx=65914&bcIdx=27831&parentSeq=27831
smartphone_overdependence,스마트폰 과의존 실태조사,2024,2024년 스마트폰 과의존 실태조사 보고서,smartphone_overdependence_2024_27831_file2.pdf,151,0,3,과의존,https://www.nia.or.kr/site/nia_kor/ex/bbs/View.do?cbIdx=65914&bcIdx=27831&parentSeq=27831
smartphone_overdependence,스마트폰 과의존 실태조사,2024,2024년 스마트폰 과의존 실태조사 보고서,smartphone_overdependence_2024_27831_file2.pdf,152,0,3,과의존,https://www.nia.or.kr/site/nia_kor/ex/bbs/View.do?cbIdx=65914&bcIdx=27831&parentSeq=27831
smartphone_overdependence,스마트폰 과의존 실태조사,2024,2024년 스마트폰 과의존 실태조사 보고서,smartphone_overdependence_2024_27831_file2.pdf,153,0,3,과의존,https://www.nia.or.kr/site/nia_kor/ex/bbs/View.do?cbIdx=65914&bcIdx=27831&parentSeq=27831
smartphone_overdependence,스마트폰 과의존 실태조사,2024,2024년 스마트폰 과의존 실태조사 보고서,smartphone_overdependence_2024_27831_file2.pdf,154,0,3,과의존,https://www.nia.or.kr/site/nia_kor/ex/bbs/View.do?cbIdx=65914&bcIdx=27831&parentSeq=27831
smartphone_overdependence,스마트폰 과의존 실태조사,2024,2024년 스마트폰 과의존 실태조사 보고서,smartphone_overdependence_2024_27831_file2.pdf,155,0,4,과의존,https://www.nia.or.kr/site/nia_kor/ex/bbs/View.do?cbIdx=65914&bcIdx=27831&parentSeq=27831
smartphone_overdependence,스마트폰 과의존 실태조사,2024,2024년 스마트폰 과의존 실태조사 보고서,smartphone_overdependence_2024_27831_file2.pdf,156,0,3,과의존,https://www.nia.or.kr/site/nia_kor/ex/bbs/View.do?cbIdx=65914&bcIdx=27831&parentSeq=27831
smartphone_overdependence,스마트폰 과의존 실태조사,2024,2024년 스마트폰 과의존 실태조사 보고서,smartphone_overdependence_2024_27831_file2.pdf,157,0,8,과의존,https://www.nia.or.kr/site/nia_kor/ex/bbs/View.do?cbIdx=65914&bcIdx=27831&parentSeq=27831
smartphone_overdependence,스마트폰 과의존 실태조사,2024,2024년 스마트폰 과의존 실태조사 보고서,smartphone_overdependence_2024_27831_file2.pdf,158,0,3,과의존,https://www.nia.or.kr/site/nia_kor/ex/bbs/View.do?cbIdx=65914&bcIdx=27831&parentSeq=27831
smartphone_overdependence,스마트폰 과의존 실태조사,2024,2024년 스마트폰 과의존 실태조사 보고서,smartphone_overdependence_2024_27831_file2.pdf,159,0,3,과의존,https://www.nia.or.kr/site/nia_kor/ex/bbs/View.do?cbIdx=65914&bcIdx=27831&parentSeq=27831
smartphone_overdependence,스마트폰 과의존 실태조사,2024,2024년 스마트폰 과의존 실태조사 보고서,smartphone_overdependence_2024_27831_file2.pdf,160,0,4,과의존,https://www.nia.or.kr/site/nia_kor/ex/bbs/View.do?cbIdx=65914&bcIdx=27831&parentSeq=27831
smartphone_overdependence,스마트폰 과의존 실태조사,2024,2024년 스마트폰 과의존 실태조사 보고서,smartphone_overdependence_2024_27831_file2.pdf,163,0,1,과의존,https://www.nia.or.kr/site/nia_kor/ex/bbs/View.do?cbIdx=65914&bcIdx=27831&parentSeq=27831
smartphone_overdependence,스마트폰 과의존 실태조사,2024,2024년 스마트폰 과의존 실태조사 보고서,smartphone_overdependence_2024_27831_file2.pdf,164,2,29,AI; 알고리즘; 심리; 상담; 과의존; 도움,https://www.nia.or.kr/site/nia_kor/ex/bbs/View.do?cbIdx=65914&bcIdx=27831&parentSeq=27831
smartphone_overdependence,스마트폰 과의존 실태조사,2024,2024년 스마트폰 과의존 실태조사 보고서,smartphone_overdependence_2024_27831_file2.pdf,165,0,1,과의존,https://www.nia.or.kr/site/nia_kor/ex/bbs/View.do?cbIdx=65914&bcIdx=27831&parentSeq=27831
smartphone_overdependence,스마트폰 과의존 실태조사,2024,2024년 스마트폰 과의존 실태조사 보고서,smartphone_overdependence_2024_27831_file2.pdf,167,0,1,과의존,https://www.nia.or.kr/site/nia_kor/ex/bbs/View.do?cbIdx=65914&bcIdx=27831&parentSeq=27831
smartphone_overdependence,스마트폰 과의존 실태조사,2024,2024년 스마트폰 과의존 실태조사 보고서,smartphone_overdependence_2024_27831_file2.pdf,168,4,2,지능정보; 과의존,https://www.nia.or.kr/site/nia_kor/ex/bbs/View.do?cbIdx=65914&bcIdx=27831&parentSeq=27831
smartphone_overdependence,스마트폰 과의존 실태조사,2024,2024년 스마트폰 과의존 실태조사 보고서,smartphone_overdependence_2024_27831_file2.pdf,170,5,2,지능정보; 과의존,https://www.nia.or.kr/site/nia_kor/ex/bbs/View.do?cbIdx=65914&bcIdx=27831&parentSeq=27831
smartphone_overdependence,스마트폰 과의존 실태조사,2024,2024년 스마트폰 과의존 실태조사 보고서,smartphone_overdependence_2024_27831_file2.pdf,171,2,2,생성형; AI서비스; 도움,https://www.nia.or.kr/site/nia_kor/ex/bbs/View.do?cbIdx=65914&bcIdx=27831&parentSeq=27831
smartphone_overdependence,스마트폰 과의존 실태조사,2024,2024년 스마트폰 과의존 실태조사 보고서,smartphone_overdependence_2024_27831_file2.pdf,172,0,2,스트레스; 불안,https://www.nia.or.kr/site/nia_kor/ex/bbs/View.do?cbIdx=65914&bcIdx=27831&parentSeq=27831
smartphone_overdependence,스마트폰 과의존 실태조사,2024,2024년 스마트폰 과의존 실태조사 보고서,smartphone_overdependence_2024_27831_file2.pdf,173,0,3,스트레스; 우울; 불안,https://www.nia.or.kr/site/nia_kor/ex/bbs/View.do?cbIdx=65914&bcIdx=27831&parentSeq=27831
smartphone_overdependence,스마트폰 과의존 실태조사,2024,2024년 스마트폰 과의존 실태조사 보고서,smartphone_overdependence_2024_27831_file2.pdf,174,1,2,알고리즘; 폭력,https://www.nia.or.kr/site/nia_kor/ex/bbs/View.do?cbIdx=65914&bcIdx=27831&parentSeq=27831
smartphone_overdependence,스마트폰 과의존 실태조사,2024,2024년 스마트폰 과의존 실태조사 보고서,smartphone_overdependence_2024_27831_file2.pdf,175,0,26,상담; 중독; 과의존; 도움,https://www.nia.or.kr/site/nia_kor/ex/bbs/View.do?cbIdx=65914&bcIdx=27831&parentSeq=27831
smartphone_overdependence,스마트폰 과의존 실태조사,2024,2024년 스마트폰 과의존 실태조사 보고서,smartphone_overdependence_2024_27831_file2.pdf,176,1,13,알고리즘; 상담; 스트레스; 과의존; 도움,https://www.nia.or.kr/site/nia_kor/ex/bbs/View.do?cbIdx=65914&bcIdx=27831&parentSeq=27831
smartphone_overdependence,스마트폰 과의존 실태조사,2024,2024년 스마트폰 과의존 실태조사 보고서,smartphone_overdependence_2024_27831_file2.pdf,177,0,2,심리; 도움,https://www.nia.or.kr/site/nia_kor/ex/bbs/View.do?cbIdx=65914&bcIdx=27831&parentSeq=27831
smartphone_overdependence,스마트폰 과의존 실태조사,2024,2024년 스마트폰 과의존 실태조사 보고서,smartphone_overdependence_2024_27831_file2.pdf,178,0,3,상담,https://www.nia.or.kr/site/nia_kor/ex/bbs/View.do?cbIdx=65914&bcIdx=27831&parentSeq=27831
smartphone_overdependence,스마트폰 과의존 실태조사,2024,2024년 스마트폰 과의존 실태조사 보고서,smartphone_overdependence_2024_27831_file2.pdf,179,0,2,과의존,https://www.nia.or.kr/site/nia_kor/ex/bbs/View.do?cbIdx=65914&bcIdx=27831&parentSeq=27831
smartphone_overdependence,스마트폰 과의존 실태조사,2024,2024년 스마트폰 과의존 실태조사 보고서,smartphone_overdependence_2024_27831_file2.pdf,183,0,1,과의존,https://www.nia.or.kr/site/nia_kor/ex/bbs/View.do?cbIdx=65914&bcIdx=27831&parentSeq=27831
smartphone_overdependence,스마트폰 과의존 실태조사,2024,2024년 스마트폰 과의존 실태조사 보고서,smartphone_overdependence_2024_27831_file2.pdf,184,2,11,생성형; AI서비스; 과의존; 도움,https://www.nia.or.kr/site/nia_kor/ex/bbs/View.do?cbIdx=65914&bcIdx=27831&parentSeq=27831
smartphone_overdependence,스마트폰 과의존 실태조사,2024,2024년 스마트폰 과의존 실태조사 보고서,smartphone_overdependence_2024_27831_file2.pdf,186,0,5,스트레스; 우울; 불안,https://www.nia.or.kr/site/nia_kor/ex/bbs/View.do?cbIdx=65914&bcIdx=27831&parentSeq=27831
smartphone_overdependence,스마트폰 과의존 실태조사,2024,2024년 스마트폰 과의존 실태조사 보고서,smartphone_overdependence_2024_27831_file2.pdf,187,0,3,스트레스; 우울; 불안,https://www.nia.or.kr/site/nia_kor/ex/bbs/View.do?cbIdx=65914&bcIdx=27831&parentSeq=27831
smartphone_overdependence,스마트폰 과의존 실태조사,2024,2024년 스마트폰 과의존 실태조사 보고서,smartphone_overdependence_2024_27831_file2.pdf,188,0,5,스트레스; 우울; 불안; 과의존; 폭력,https://www.nia.or.kr/site/nia_kor/ex/bbs/View.do?cbIdx=65914&bcIdx=27831&parentSeq=27831
smartphone_overdependence,스마트폰 과의존 실태조사,2024,2024년 스마트폰 과의존 실태조사 보고서,smartphone_overdependence_2024_27831_file2.pdf,189,1,19,알고리즘; 상담; 과의존; 도움,https://www.nia.or.kr/site/nia_kor/ex/bbs/View.do?cbIdx=65914&bcIdx=27831&parentSeq=27831
smartphone_overdependence,스마트폰 과의존 실태조사,2024,2024년 스마트폰 과의존 실태조사 보고서,smartphone_overdependence_2024_27831_file2.pdf,190,0,2,과의존,https://www.nia.or.kr/site/nia_kor/ex/bbs/View.do?cbIdx=65914&bcIdx=27831&parentSeq=27831
smartphone_overdependence,스마트폰 과의존 실태조사,2024,2024년 스마트폰 과의존 실태조사 보고서,smartphone_overdependence_2024_27831_file2.pdf,191,0,2,과의존,https://www.nia.or.kr/site/nia_kor/ex/bbs/View.do?cbIdx=65914&bcIdx=27831&parentSeq=27831
smartphone_overdependence,스마트폰 과의존 실태조사,2024,2024년 스마트폰 과의존 실태조사 보고서,smartphone_overdependence_2024_27831_file2.pdf,192,0,17,과의존,https://www.nia.or.kr/site/nia_kor/ex/bbs/View.do?cbIdx=65914&bcIdx=27831&parentSeq=27831
smartphone_overdependence,스마트폰 과의존 실태조사,2024,2024년 스마트폰 과의존 실태조사 보고서,smartphone_overdependence_2024_27831_file2.pdf,193,0,16,과의존,https://www.nia.or.kr/site/nia_kor/ex/bbs/View.do?cbIdx=65914&bcIdx=27831&parentSeq=27831
smartphone_overdependence,스마트폰 과의존 실태조사,2024,2024년 스마트폰 과의존 실태조사 보고서,smartphone_overdependence_2024_27831_file2.pdf,194,0,16,과의존,https://www.nia.or.kr/site/nia_kor/ex/bbs/View.do?cbIdx=65914&bcIdx=27831&parentSeq=27831
smartphone_overdependence,스마트폰 과의존 실태조사,2024,2024년 스마트폰 과의존 실태조사 보고서,smartphone_overdependence_2024_27831_file2.pdf,195,2,16,생성형; AI서비스; 과의존,https://www.nia.or.kr/site/nia_kor/ex/bbs/View.do?cbIdx=65914&bcIdx=27831&parentSeq=27831
smartphone_overdependence,스마트폰 과의존 실태조사,2024,2024년 스마트폰 과의존 실태조사 보고서,smartphone_overdependence_2024_27831_file2.pdf,196,0,16,과의존,https://www.nia.or.kr/site/nia_kor/ex/bbs/View.do?cbIdx=65914&bcIdx=27831&parentSeq=27831
smartphone_overdependence,스마트폰 과의존 실태조사,2024,2024년 스마트폰 과의존 실태조사 보고서,smartphone_overdependence_2024_27831_file2.pdf,197,0,16,과의존,https://www.nia.or.kr/site/nia_kor/ex/bbs/View.do?cbIdx=65914&bcIdx=27831&parentSeq=27831
smartphone_overdependence,스마트폰 과의존 실태조사,2024,2024년 스마트폰 과의존 실태조사 보고서,smartphone_overdependence_2024_27831_file2.pdf,198,0,16,과의존,https://www.nia.or.kr/site/nia_kor/ex/bbs/View.do?cbIdx=65914&bcIdx=27831&parentSeq=27831
smartphone_overdependence,스마트폰 과의존 실태조사,2024,2024년 스마트폰 과의존 실태조사 보고서,smartphone_overdependence_2024_27831_file2.pdf,199,0,16,과의존,https://www.nia.or.kr/site/nia_kor/ex/bbs/View.do?cbIdx=65914&bcIdx=27831&parentSeq=27831
smartphone_overdependence,스마트폰 과의존 실태조사,2024,2024년 스마트폰 과의존 실태조사 보고서,smartphone_overdependence_2024_27831_file2.pdf,200,0,16,과의존,https://www.nia.or.kr/site/nia_kor/ex/bbs/View.do?cbIdx=65914&bcIdx=27831&parentSeq=27831
smartphone_overdependence,스마트폰 과의존 실태조사,2024,2024년 스마트폰 과의존 실태조사 보고서,smartphone_overdependence_2024_27831_file2.pdf,201,0,16,과의존,https://www.nia.or.kr/site/nia_kor/ex/bbs/View.do?cbIdx=65914&bcIdx=27831&parentSeq=27831
smartphone_overdependence,스마트폰 과의존 실태조사,2024,2024년 스마트폰 과의존 실태조사 보고서,smartphone_overdependence_2024_27831_file2.pdf,202,0,16,과의존,https://www.nia.or.kr/site/nia_kor/ex/bbs/View.do?cbIdx=65914&bcIdx=27831&parentSeq=27831
smartphone_overdependence,스마트폰 과의존 실태조사,2024,2024년 스마트폰 과의존 실태조사 보고서,smartphone_overdependence_2024_27831_file2.pdf,203,0,16,과의존,https://www.nia.or.kr/site/nia_kor/ex/bbs/View.do?cbIdx=65914&bcIdx=27831&parentSeq=27831
smartphone_overdependence,스마트폰 과의존 실태조사,2024,2024년 스마트폰 과의존 실태조사 보고서,smartphone_overdependence_2024_27831_file2.pdf,204,0,16,과의존,https://www.nia.or.kr/site/nia_kor/ex/bbs/View.do?cbIdx=65914&bcIdx=27831&parentSeq=27831
smartphone_overdependence,스마트폰 과의존 실태조사,2024,2024년 스마트폰 과의존 실태조사 보고서,smartphone_overdependence_2024_27831_file2.pdf,205,0,16,과의존,https://www.nia.or.kr/site/nia_kor/ex/bbs/View.do?cbIdx=65914&bcIdx=27831&parentSeq=27831
smartphone_overdependence,스마트폰 과의존 실태조사,2024,2024년 스마트폰 과의존 실태조사 보고서,smartphone_overdependence_2024_27831_file2.pdf,206,0,16,과의존,https://www.nia.or.kr/site/nia_kor/ex/bbs/View.do?cbIdx=65914&bcIdx=27831&parentSeq=27831
smartphone_overdependence,스마트폰 과의존 실태조사,2024,2024년 스마트폰 과의존 실태조사 보고서,smartphone_overdependence_2024_27831_file2.pdf,207,0,16,과의존,https://www.nia.or.kr/site/nia_kor/ex/bbs/View.do?cbIdx=65914&bcIdx=27831&parentSeq=27831
smartphone_overdependence,스마트폰 과의존 실태조사,2024,2024년 스마트폰 과의존 실태조사 보고서,smartphone_overdependence_2024_27831_file2.pdf,208,0,16,과의존,https://www.nia.or.kr/site/nia_kor/ex/bbs/View.do?cbIdx=65914&bcIdx=27831&parentSeq=27831
smartphone_overdependence,스마트폰 과의존 실태조사,2024,2024년 스마트폰 과의존 실태조사 보고서,smartphone_overdependence_2024_27831_file2.pdf,209,0,16,과의존,https://www.nia.or.kr/site/nia_kor/ex/bbs/View.do?cbIdx=65914&bcIdx=27831&parentSeq=27831
smartphone_overdependence,스마트폰 과의존 실태조사,2024,2024년 스마트폰 과의존 실태조사 보고서,smartphone_overdependence_2024_27831_file2.pdf,210,0,16,과의존,https://www.nia.or.kr/site/nia_kor/ex/bbs/View.do?cbIdx=65914&bcIdx=27831&parentSeq=27831
smartphone_overdependence,스마트폰 과의존 실태조사,2024,2024년 스마트폰 과의존 실태조사 보고서,smartphone_overdependence_2024_27831_file2.pdf,211,0,16,과의존,https://www.nia.or.kr/site/nia_kor/ex/bbs/View.do?cbIdx=65914&bcIdx=27831&parentSeq=27831
smartphone_overdependence,스마트폰 과의존 실태조사,2024,2024년 스마트폰 과의존 실태조사 보고서,smartphone_overdependence_2024_27831_file2.pdf,212,0,16,과의존,https://www.nia.or.kr/site/nia_kor/ex/bbs/View.do?cbIdx=65914&bcIdx=27831&parentSeq=27831
smartphone_overdependence,스마트폰 과의존 실태조사,2024,2024년 스마트폰 과의존 실태조사 보고서,smartphone_overdependence_2024_27831_file2.pdf,213,0,16,과의존,https://www.nia.or.kr/site/nia_kor/ex/bbs/View.do?cbIdx=65914&bcIdx=27831&parentSeq=27831
smartphone_overdependence,스마트폰 과의존 실태조사,2024,2024년 스마트폰 과의존 실태조사 보고서,smartphone_overdependence_2024_27831_file2.pdf,214,0,16,과의존,https://www.nia.or.kr/site/nia_kor/ex/bbs/View.do?cbIdx=65914&bcIdx=27831&parentSeq=27831
smartphone_overdependence,스마트폰 과의존 실태조사,2024,2024년 스마트폰 과의존 실태조사 보고서,smartphone_overdependence_2024_27831_file2.pdf,215,0,16,과의존,https://www.nia.or.kr/site/nia_kor/ex/bbs/View.do?cbIdx=65914&bcIdx=27831&parentSeq=27831
smartphone_overdependence,스마트폰 과의존 실태조사,2024,2024년 스마트폰 과의존 실태조사 보고서,smartphone_overdependence_2024_27831_file2.pdf,216,0,16,과의존,https://www.nia.or.kr/site/nia_kor/ex/bbs/View.do?cbIdx=65914&bcIdx=27831&parentSeq=27831
smartphone_overdependence,스마트폰 과의존 실태조사,2024,2024년 스마트폰 과의존 실태조사 보고서,smartphone_overdependence_2024_27831_file2.pdf,217,0,16,과의존,https://www.nia.or.kr/site/nia_kor/ex/bbs/View.do?cbIdx=65914&bcIdx=27831&parentSeq=27831
smartphone_overdependence,스마트폰 과의존 실태조사,2024,2024년 스마트폰 과의존 실태조사 보고서,smartphone_overdependence_2024_27831_file2.pdf,218,0,16,과의존,https://www.nia.or.kr/site/nia_kor/ex/bbs/View.do?cbIdx=65914&bcIdx=27831&parentSeq=27831
smartphone_overdependence,스마트폰 과의존 실태조사,2024,2024년 스마트폰 과의존 실태조사 보고서,smartphone_overdependence_2024_27831_file2.pdf,219,0,16,과의존,https://www.nia.or.kr/site/nia_kor/ex/bbs/View.do?cbIdx=65914&bcIdx=27831&parentSeq=27831
smartphone_overdependence,스마트폰 과의존 실태조사,2024,2024년 스마트폰 과의존 실태조사 보고서,smartphone_overdependence_2024_27831_file2.pdf,220,0,16,과의존,https://www.nia.or.kr/site/nia_kor/ex/bbs/View.do?cbIdx=65914&bcIdx=27831&parentSeq=27831
smartphone_overdependence,스마트폰 과의존 실태조사,2024,2024년 스마트폰 과의존 실태조사 보고서,smartphone_overdependence_2024_27831_file2.pdf,221,2,16,생성형; AI서비스; 과의존,https://www.nia.or.kr/site/nia_kor/ex/bbs/View.do?cbIdx=65914&bcIdx=27831&parentSeq=27831
smartphone_overdependence,스마트폰 과의존 실태조사,2024,2024년 스마트폰 과의존 실태조사 보고서,smartphone_overdependence_2024_27831_file2.pdf,222,0,17,과의존; 도움,https://www.nia.or.kr/site/nia_kor/ex/bbs/View.do?cbIdx=65914&bcIdx=27831&parentSeq=27831
smartphone_overdependence,스마트폰 과의존 실태조사,2024,2024년 스마트폰 과의존 실태조사 보고서,smartphone_overdependence_2024_27831_file2.pdf,223,2,17,생성형; AI서비스; 과의존; 도움,https://www.nia.or.kr/site/nia_kor/ex/bbs/View.do?cbIdx=65914&bcIdx=27831&parentSeq=27831
smartphone_overdependence,스마트폰 과의존 실태조사,2024,2024년 스마트폰 과의존 실태조사 보고서,smartphone_overdependence_2024_27831_file2.pdf,224,0,17,과의존; 도움,https://www.nia.or.kr/site/nia_kor/ex/bbs/View.do?cbIdx=65914&bcIdx=27831&parentSeq=27831
smartphone_overdependence,스마트폰 과의존 실태조사,2024,2024년 스마트폰 과의존 실태조사 보고서,smartphone_overdependence_2024_27831_file2.pdf,225,0,17,과의존; 도움,https://www.nia.or.kr/site/nia_kor/ex/bbs/View.do?cbIdx=65914&bcIdx=27831&parentSeq=27831
smartphone_overdependence,스마트폰 과의존 실태조사,2024,2024년 스마트폰 과의존 실태조사 보고서,smartphone_overdependence_2024_27831_file2.pdf,226,2,17,생성형; AI서비스; 과의존; 도움,https://www.nia.or.kr/site/nia_kor/ex/bbs/View.do?cbIdx=65914&bcIdx=27831&parentSeq=27831
smartphone_overdependence,스마트폰 과의존 실태조사,2024,2024년 스마트폰 과의존 실태조사 보고서,smartphone_overdependence_2024_27831_file2.pdf,227,0,17,과의존; 도움,https://www.nia.or.kr/site/nia_kor/ex/bbs/View.do?cbIdx=65914&bcIdx=27831&parentSeq=27831
smartphone_overdependence,스마트폰 과의존 실태조사,2024,2024년 스마트폰 과의존 실태조사 보고서,smartphone_overdependence_2024_27831_file2.pdf,228,0,17,과의존; 도움,https://www.nia.or.kr/site/nia_kor/ex/bbs/View.do?cbIdx=65914&bcIdx=27831&parentSeq=27831
smartphone_overdependence,스마트폰 과의존 실태조사,2024,2024년 스마트폰 과의존 실태조사 보고서,smartphone_overdependence_2024_27831_file2.pdf,229,2,17,생성형; AI서비스; 과의존; 도움,https://www.nia.or.kr/site/nia_kor/ex/bbs/View.do?cbIdx=65914&bcIdx=27831&parentSeq=27831
smartphone_overdependence,스마트폰 과의존 실태조사,2024,2024년 스마트폰 과의존 실태조사 보고서,smartphone_overdependence_2024_27831_file2.pdf,230,0,17,과의존; 도움,https://www.nia.or.kr/site/nia_kor/ex/bbs/View.do?cbIdx=65914&bcIdx=27831&parentSeq=27831
smartphone_overdependence,스마트폰 과의존 실태조사,2024,2024년 스마트폰 과의존 실태조사 보고서,smartphone_overdependence_2024_27831_file2.pdf,231,0,16,과의존,https://www.nia.or.kr/site/nia_kor/ex/bbs/View.do?cbIdx=65914&bcIdx=27831&parentSeq=27831
smartphone_overdependence,스마트폰 과의존 실태조사,2024,2024년 스마트폰 과의존 실태조사 보고서,smartphone_overdependence_2024_27831_file2.pdf,232,0,16,과의존,https://www.nia.or.kr/site/nia_kor/ex/bbs/View.do?cbIdx=65914&bcIdx=27831&parentSeq=27831
smartphone_overdependence,스마트폰 과의존 실태조사,2024,2024년 스마트폰 과의존 실태조사 보고서,smartphone_overdependence_2024_27831_file2.pdf,233,2,16,생성형; AI서비스; 과의존,https://www.nia.or.kr/site/nia_kor/ex/bbs/View.do?cbIdx=65914&bcIdx=27831&parentSeq=27831
smartphone_overdependence,스마트폰 과의존 실태조사,2024,2024년 스마트폰 과의존 실태조사 보고서,smartphone_overdependence_2024_27831_file2.pdf,234,0,16,과의존,https://www.nia.or.kr/site/nia_kor/ex/bbs/View.do?cbIdx=65914&bcIdx=27831&parentSeq=27831
smartphone_overdependence,스마트폰 과의존 실태조사,2024,2024년 스마트폰 과의존 실태조사 보고서,smartphone_overdependence_2024_27831_file2.pdf,235,0,16,과의존,https://www.nia.or.kr/site/nia_kor/ex/bbs/View.do?cbIdx=65914&bcIdx=27831&parentSeq=27831
smartphone_overdependence,스마트폰 과의존 실태조사,2024,2024년 스마트폰 과의존 실태조사 보고서,smartphone_overdependence_2024_27831_file2.pdf,236,2,16,생성형; AI서비스; 과의존,https://www.nia.or.kr/site/nia_kor/ex/bbs/View.do?cbIdx=65914&bcIdx=27831&parentSeq=27831
smartphone_overdependence,스마트폰 과의존 실태조사,2024,2024년 스마트폰 과의존 실태조사 보고서,smartphone_overdependence_2024_27831_file2.pdf,237,0,16,과의존,https://www.nia.or.kr/site/nia_kor/ex/bbs/View.do?cbIdx=65914&bcIdx=27831&parentSeq=27831
smartphone_overdependence,스마트폰 과의존 실태조사,2024,2024년 스마트폰 과의존 실태조사 보고서,smartphone_overdependence_2024_27831_file2.pdf,238,0,16,과의존,https://www.nia.or.kr/site/nia_kor/ex/bbs/View.do?cbIdx=65914&bcIdx=27831&parentSeq=27831
smartphone_overdependence,스마트폰 과의존 실태조사,2024,2024년 스마트폰 과의존 실태조사 보고서,smartphone_overdependence_2024_27831_file2.pdf,239,2,16,생성형; AI서비스; 과의존,https://www.nia.or.kr/site/nia_kor/ex/bbs/View.do?cbIdx=65914&bcIdx=27831&parentSeq=27831
smartphone_overdependence,스마트폰 과의존 실태조사,2024,2024년 스마트폰 과의존 실태조사 보고서,smartphone_overdependence_2024_27831_file2.pdf,240,0,16,과의존,https://www.nia.or.kr/site/nia_kor/ex/bbs/View.do?cbIdx=65914&bcIdx=27831&parentSeq=27831
smartphone_overdependence,스마트폰 과의존 실태조사,2024,2024년 스마트폰 과의존 실태조사 보고서,smartphone_overdependence_2024_27831_file2.pdf,241,0,16,과의존,https://www.nia.or.kr/site/nia_kor/ex/bbs/View.do?cbIdx=65914&bcIdx=27831&parentSeq=27831
smartphone_overdependence,스마트폰 과의존 실태조사,2024,2024년 스마트폰 과의존 실태조사 보고서,smartphone_overdependence_2024_27831_file2.pdf,242,2,16,생성형; AI서비스; 과의존,https://www.nia.or.kr/site/nia_kor/ex/bbs/View.do?cbIdx=65914&bcIdx=27831&parentSeq=27831
smartphone_overdependence,스마트폰 과의존 실태조사,2024,2024년 스마트폰 과의존 실태조사 보고서,smartphone_overdependence_2024_27831_file2.pdf,243,0,16,과의존,https://www.nia.or.kr/site/nia_kor/ex/bbs/View.do?cbIdx=65914&bcIdx=27831&parentSeq=27831
smartphone_overdependence,스마트폰 과의존 실태조사,2024,2024년 스마트폰 과의존 실태조사 보고서,smartphone_overdependence_2024_27831_file2.pdf,244,0,16,과의존,https://www.nia.or.kr/site/nia_kor/ex/bbs/View.do?cbIdx=65914&bcIdx=27831&parentSeq=27831
smartphone_overdependence,스마트폰 과의존 실태조사,2024,2024년 스마트폰 과의존 실태조사 보고서,smartphone_overdependence_2024_27831_file2.pdf,245,2,16,생성형; AI서비스; 과의존,https://www.nia.or.kr/site/nia_kor/ex/bbs/View.do?cbIdx=65914&bcIdx=27831&parentSeq=27831
smartphone_overdependence,스마트폰 과의존 실태조사,2024,2024년 스마트폰 과의존 실태조사 보고서,smartphone_overdependence_2024_27831_file2.pdf,246,0,16,과의존,https://www.nia.or.kr/site/nia_kor/ex/bbs/View.do?cbIdx=65914&bcIdx=27831&parentSeq=27831
smartphone_overdependence,스마트폰 과의존 실태조사,2024,2024년 스마트폰 과의존 실태조사 보고서,smartphone_overdependence_2024_27831_file2.pdf,247,0,16,과의존,https://www.nia.or.kr/site/nia_kor/ex/bbs/View.do?cbIdx=65914&bcIdx=27831&parentSeq=27831
smartphone_overdependence,스마트폰 과의존 실태조사,2024,2024년 스마트폰 과의존 실태조사 보고서,smartphone_overdependence_2024_27831_file2.pdf,248,2,16,생성형; AI서비스; 과의존,https://www.nia.or.kr/site/nia_kor/ex/bbs/View.do?cbIdx=65914&bcIdx=27831&parentSeq=27831
smartphone_overdependence,스마트폰 과의존 실태조사,2024,2024년 스마트폰 과의존 실태조사 보고서,smartphone_overdependence_2024_27831_file2.pdf,249,0,16,과의존,https://www.nia.or.kr/site/nia_kor/ex/bbs/View.do?cbIdx=65914&bcIdx=27831&parentSeq=27831
smartphone_overdependence,스마트폰 과의존 실태조사,2024,2024년 스마트폰 과의존 실태조사 보고서,smartphone_overdependence_2024_27831_file2.pdf,250,0,16,과의존,https://www.nia.or.kr/site/nia_kor/ex/bbs/View.do?cbIdx=65914&bcIdx=27831&parentSeq=27831
smartphone_overdependence,스마트폰 과의존 실태조사,2024,2024년 스마트폰 과의존 실태조사 보고서,smartphone_overdependence_2024_27831_file2.pdf,251,0,16,과의존,https://www.nia.or.kr/site/nia_kor/ex/bbs/View.do?cbIdx=65914&bcIdx=27831&parentSeq=27831
smartphone_overdependence,스마트폰 과의존 실태조사,2024,2024년 스마트폰 과의존 실태조사 보고서,smartphone_overdependence_2024_27831_file2.pdf,252,0,16,과의존,https://www.nia.or.kr/site/nia_kor/ex/bbs/View.do?cbIdx=65914&bcIdx=27831&parentSeq=27831
smartphone_overdependence,스마트폰 과의존 실태조사,2024,2024년 스마트폰 과의존 실태조사 보고서,smartphone_overdependence_2024_27831_file2.pdf,253,0,16,과의존,https://www.nia.or.kr/site/nia_kor/ex/bbs/View.do?cbIdx=65914&bcIdx=27831&parentSeq=27831
smartphone_overdependence,스마트폰 과의존 실태조사,2024,2024년 스마트폰 과의존 실태조사 보고서,smartphone_overdependence_2024_27831_file2.pdf,254,0,16,과의존,https://www.nia.or.kr/site/nia_kor/ex/bbs/View.do?cbIdx=65914&bcIdx=27831&parentSeq=27831
smartphone_overdependence,스마트폰 과의존 실태조사,2024,2024년 스마트폰 과의존 실태조사 보고서,smartphone_overdependence_2024_27831_file2.pdf,255,0,16,과의존,https://www.nia.or.kr/site/nia_kor/ex/bbs/View.do?cbIdx=65914&bcIdx=27831&parentSeq=27831
smartphone_overdependence,스마트폰 과의존 실태조사,2024,2024년 스마트폰 과의존 실태조사 보고서,smartphone_overdependence_2024_27831_file2.pdf,256,0,16,과의존,https://www.nia.or.kr/site/nia_kor/ex/bbs/View.do?cbIdx=65914&bcIdx=27831&parentSeq=27831
smartphone_overdependence,스마트폰 과의존 실태조사,2024,2024년 스마트폰 과의존 실태조사 보고서,smartphone_overdependence_2024_27831_file2.pdf,257,0,16,과의존,https://www.nia.or.kr/site/nia_kor/ex/bbs/View.do?cbIdx=65914&bcIdx=27831&parentSeq=27831
smartphone_overdependence,스마트폰 과의존 실태조사,2024,2024년 스마트폰 과의존 실태조사 보고서,smartphone_overdependence_2024_27831_file2.pdf,258,0,16,과의존,https://www.nia.or.kr/site/nia_kor/ex/bbs/View.do?cbIdx=65914&bcIdx=27831&parentSeq=27831
smartphone_overdependence,스마트폰 과의존 실태조사,2024,2024년 스마트폰 과의존 실태조사 보고서,smartphone_overdependence_2024_27831_file2.pdf,259,0,16,과의존,https://www.nia.or.kr/site/nia_kor/ex/bbs/View.do?cbIdx=65914&bcIdx=27831&parentSeq=27831
smartphone_overdependence,스마트폰 과의존 실태조사,2024,2024년 스마트폰 과의존 실태조사 보고서,smartphone_overdependence_2024_27831_file2.pdf,260,0,16,과의존,https://www.nia.or.kr/site/nia_kor/ex/bbs/View.do?cbIdx=65914&bcIdx=27831&parentSeq=27831
smartphone_overdependence,스마트폰 과의존 실태조사,2024,2024년 스마트폰 과의존 실태조사 보고서,smartphone_overdependence_2024_27831_file2.pdf,261,0,16,과의존,https://www.nia.or.kr/site/nia_kor/ex/bbs/View.do?cbIdx=65914&bcIdx=27831&parentSeq=27831
smartphone_overdependence,스마트폰 과의존 실태조사,2024,2024년 스마트폰 과의존 실태조사 보고서,smartphone_overdependence_2024_27831_file2.pdf,262,0,16,과의존,https://www.nia.or.kr/site/nia_kor/ex/bbs/View.do?cbIdx=65914&bcIdx=27831&parentSeq=27831
smartphone_overdependence,스마트폰 과의존 실태조사,2024,2024년 스마트폰 과의존 실태조사 보고서,smartphone_overdependence_2024_27831_file2.pdf,263,0,16,과의존,https://www.nia.or.kr/site/nia_kor/ex/bbs/View.do?cbIdx=65914&bcIdx=27831&parentSeq=27831
smartphone_overdependence,스마트폰 과의존 실태조사,2024,2024년 스마트폰 과의존 실태조사 보고서,smartphone_overdependence_2024_27831_file2.pdf,264,0,16,과의존,https://www.nia.or.kr/site/nia_kor/ex/bbs/View.do?cbIdx=65914&bcIdx=27831&parentSeq=27831
smartphone_overdependence,스마트폰 과의존 실태조사,2024,2024년 스마트폰 과의존 실태조사 보고서,smartphone_overdependence_2024_27831_file2.pdf,265,0,16,과의존,https://www.nia.or.kr/site/nia_kor/ex/bbs/View.do?cbIdx=65914&bcIdx=27831&parentSeq=27831
smartphone_overdependence,스마트폰 과의존 실태조사,2024,2024년 스마트폰 과의존 실태조사 보고서,smartphone_overdependence_2024_27831_file2.pdf,266,0,16,과의존,https://www.nia.or.kr/site/nia_kor/ex/bbs/View.do?cbIdx=65914&bcIdx=27831&parentSeq=27831
smartphone_overdependence,스마트폰 과의존 실태조사,2024,2024년 스마트폰 과의존 실태조사 보고서,smartphone_overdependence_2024_27831_file2.pdf,267,0,16,과의존,https://www.nia.or.kr/site/nia_kor/ex/bbs/View.do?cbIdx=65914&bcIdx=27831&parentSeq=27831
smartphone_overdependence,스마트폰 과의존 실태조사,2024,2024년 스마트폰 과의존 실태조사 보고서,smartphone_overdependence_2024_27831_file2.pdf,268,0,16,과의존,https://www.nia.or.kr/site/nia_kor/ex/bbs/View.do?cbIdx=65914&bcIdx=27831&parentSeq=27831
smartphone_overdependence,스마트폰 과의존 실태조사,2024,2024년 스마트폰 과의존 실태조사 보고서,smartphone_overdependence_2024_27831_file2.pdf,269,0,16,과의존,https://www.nia.or.kr/site/nia_kor/ex/bbs/View.do?cbIdx=65914&bcIdx=27831&parentSeq=27831
smartphone_overdependence,스마트폰 과의존 실태조사,2024,2024년 스마트폰 과의존 실태조사 보고서,smartphone_overdependence_2024_27831_file2.pdf,270,0,16,과의존,https://www.nia.or.kr/site/nia_kor/ex/bbs/View.do?cbIdx=65914&bcIdx=27831&parentSeq=27831
smartphone_overdependence,스마트폰 과의존 실태조사,2024,2024년 스마트폰 과의존 실태조사 보고서,smartphone_overdependence_2024_27831_file2.pdf,271,0,16,과의존,https://www.nia.or.kr/site/nia_kor/ex/bbs/View.do?cbIdx=65914&bcIdx=27831&parentSeq=27831
smartphone_overdependence,스마트폰 과의존 실태조사,2024,2024년 스마트폰 과의존 실태조사 보고서,smartphone_overdependence_2024_27831_file2.pdf,272,0,16,과의존,https://www.nia.or.kr/site/nia_kor/ex/bbs/View.do?cbIdx=65914&bcIdx=27831&parentSeq=27831
smartphone_overdependence,스마트폰 과의존 실태조사,2024,2024년 스마트폰 과의존 실태조사 보고서,smartphone_overdependence_2024_27831_file2.pdf,273,0,16,과의존,https://www.nia.or.kr/site/nia_kor/ex/bbs/View.do?cbIdx=65914&bcIdx=27831&parentSeq=27831
smartphone_overdependence,스마트폰 과의존 실태조사,2024,2024년 스마트폰 과의존 실태조사 보고서,smartphone_overdependence_2024_27831_file2.pdf,274,0,16,과의존,https://www.nia.or.kr/site/nia_kor/ex/bbs/View.do?cbIdx=65914&bcIdx=27831&parentSeq=27831
smartphone_overdependence,스마트폰 과의존 실태조사,2024,2024년 스마트폰 과의존 실태조사 보고서,smartphone_overdependence_2024_27831_file2.pdf,275,0,16,과의존,https://www.nia.or.kr/site/nia_kor/ex/bbs/View.do?cbIdx=65914&bcIdx=27831&parentSeq=27831
smartphone_overdependence,스마트폰 과의존 실태조사,2024,2024년 스마트폰 과의존 실태조사 보고서,smartphone_overdependence_2024_27831_file2.pdf,276,0,16,과의존,https://www.nia.or.kr/site/nia_kor/ex/bbs/View.do?cbIdx=65914&bcIdx=27831&parentSeq=27831
smartphone_overdependence,스마트폰 과의존 실태조사,2024,2024년 스마트폰 과의존 실태조사 보고서,smartphone_overdependence_2024_27831_file2.pdf,277,0,16,과의존,https://www.nia.or.kr/site/nia_kor/ex/bbs/View.do?cbIdx=65914&bcIdx=27831&parentSeq=27831
smartphone_overdependence,스마트폰 과의존 실태조사,2024,2024년 스마트폰 과의존 실태조사 보고서,smartphone_overdependence_2024_27831_file2.pdf,278,0,16,과의존,https://www.nia.or.kr/site/nia_kor/ex/bbs/View.do?cbIdx=65914&bcIdx=27831&parentSeq=27831
smartphone_overdependence,스마트폰 과의존 실태조사,2024,2024년 스마트폰 과의존 실태조사 보고서,smartphone_overdependence_2024_27831_file2.pdf,279,0,17,스트레스; 과의존,https://www.nia.or.kr/site/nia_kor/ex/bbs/View.do?cbIdx=65914&bcIdx=27831&parentSeq=27831
smartphone_overdependence,스마트폰 과의존 실태조사,2024,2024년 스마트폰 과의존 실태조사 보고서,smartphone_overdependence_2024_27831_file2.pdf,280,0,16,과의존,https://www.nia.or.kr/site/nia_kor/ex/bbs/View.do?cbIdx=65914&bcIdx=27831&parentSeq=27831
smartphone_overdependence,스마트폰 과의존 실태조사,2024,2024년 스마트폰 과의존 실태조사 보고서,smartphone_overdependence_2024_27831_file2.pdf,281,0,17,불안; 과의존,https://www.nia.or.kr/site/nia_kor/ex/bbs/View.do?cbIdx=65914&bcIdx=27831&parentSeq=27831
smartphone_overdependence,스마트폰 과의존 실태조사,2024,2024년 스마트폰 과의존 실태조사 보고서,smartphone_overdependence_2024_27831_file2.pdf,282,0,16,과의존,https://www.nia.or.kr/site/nia_kor/ex/bbs/View.do?cbIdx=65914&bcIdx=27831&parentSeq=27831
smartphone_overdependence,스마트폰 과의존 실태조사,2024,2024년 스마트폰 과의존 실태조사 보고서,smartphone_overdependence_2024_27831_file2.pdf,283,0,16,과의존,https://www.nia.or.kr/site/nia_kor/ex/bbs/View.do?cbIdx=65914&bcIdx=27831&parentSeq=27831
smartphone_overdependence,스마트폰 과의존 실태조사,2024,2024년 스마트폰 과의존 실태조사 보고서,smartphone_overdependence_2024_27831_file2.pdf,284,0,16,과의존,https://www.nia.or.kr/site/nia_kor/ex/bbs/View.do?cbIdx=65914&bcIdx=27831&parentSeq=27831
smartphone_overdependence,스마트폰 과의존 실태조사,2024,2024년 스마트폰 과의존 실태조사 보고서,smartphone_overdependence_2024_27831_file2.pdf,285,0,16,과의존,https://www.nia.or.kr/site/nia_kor/ex/bbs/View.do?cbIdx=65914&bcIdx=27831&parentSeq=27831
smartphone_overdependence,스마트폰 과의존 실태조사,2024,2024년 스마트폰 과의존 실태조사 보고서,smartphone_overdependence_2024_27831_file2.pdf,286,0,16,과의존,https://www.nia.or.kr/site/nia_kor/ex/bbs/View.do?cbIdx=65914&bcIdx=27831&parentSeq=27831
smartphone_overdependence,스마트폰 과의존 실태조사,2024,2024년 스마트폰 과의존 실태조사 보고서,smartphone_overdependence_2024_27831_file2.pdf,287,0,16,과의존,https://www.nia.or.kr/site/nia_kor/ex/bbs/View.do?cbIdx=65914&bcIdx=27831&parentSeq=27831
smartphone_overdependence,스마트폰 과의존 실태조사,2024,2024년 스마트폰 과의존 실태조사 보고서,smartphone_overdependence_2024_27831_file2.pdf,288,0,16,과의존,https://www.nia.or.kr/site/nia_kor/ex/bbs/View.do?cbIdx=65914&bcIdx=27831&parentSeq=27831
smartphone_overdependence,스마트폰 과의존 실태조사,2024,2024년 스마트폰 과의존 실태조사 보고서,smartphone_overdependence_2024_27831_file2.pdf,289,0,16,과의존,https://www.nia.or.kr/site/nia_kor/ex/bbs/View.do?cbIdx=65914&bcIdx=27831&parentSeq=27831
smartphone_overdependence,스마트폰 과의존 실태조사,2024,2024년 스마트폰 과의존 실태조사 보고서,smartphone_overdependence_2024_27831_file2.pdf,290,0,16,과의존,https://www.nia.or.kr/site/nia_kor/ex/bbs/View.do?cbIdx=65914&bcIdx=27831&parentSeq=27831
smartphone_overdependence,스마트폰 과의존 실태조사,2024,2024년 스마트폰 과의존 실태조사 보고서,smartphone_overdependence_2024_27831_file2.pdf,291,0,16,과의존,https://www.nia.or.kr/site/nia_kor/ex/bbs/View.do?cbIdx=65914&bcIdx=27831&parentSeq=27831
smartphone_overdependence,스마트폰 과의존 실태조사,2024,2024년 스마트폰 과의존 실태조사 보고서,smartphone_overdependence_2024_27831_file2.pdf,292,0,16,과의존,https://www.nia.or.kr/site/nia_kor/ex/bbs/View.do?cbIdx=65914&bcIdx=27831&parentSeq=27831
smartphone_overdependence,스마트폰 과의존 실태조사,2024,2024년 스마트폰 과의존 실태조사 보고서,smartphone_overdependence_2024_27831_file2.pdf,293,0,16,과의존,https://www.nia.or.kr/site/nia_kor/ex/bbs/View.do?cbIdx=65914&bcIdx=27831&parentSeq=27831
smartphone_overdependence,스마트폰 과의존 실태조사,2024,2024년 스마트폰 과의존 실태조사 보고서,smartphone_overdependence_2024_27831_file2.pdf,294,0,16,과의존,https://www.nia.or.kr/site/nia_kor/ex/bbs/View.do?cbIdx=65914&bcIdx=27831&parentSeq=27831
smartphone_overdependence,스마트폰 과의존 실태조사,2024,2024년 스마트폰 과의존 실태조사 보고서,smartphone_overdependence_2024_27831_file2.pdf,295,0,16,과의존,https://www.nia.or.kr/site/nia_kor/ex/bbs/View.do?cbIdx=65914&bcIdx=27831&parentSeq=27831
smartphone_overdependence,스마트폰 과의존 실태조사,2024,2024년 스마트폰 과의존 실태조사 보고서,smartphone_overdependence_2024_27831_file2.pdf,296,0,16,과의존,https://www.nia.or.kr/site/nia_kor/ex/bbs/View.do?cbIdx=65914&bcIdx=27831&parentSeq=27831
smartphone_overdependence,스마트폰 과의존 실태조사,2024,2024년 스마트폰 과의존 실태조사 보고서,smartphone_overdependence_2024_27831_file2.pdf,297,0,16,과의존,https://www.nia.or.kr/site/nia_kor/ex/bbs/View.do?cbIdx=65914&bcIdx=27831&parentSeq=27831
smartphone_overdependence,스마트폰 과의존 실태조사,2024,2024년 스마트폰 과의존 실태조사 보고서,smartphone_overdependence_2024_27831_file2.pdf,298,0,16,과의존,https://www.nia.or.kr/site/nia_kor/ex/bbs/View.do?cbIdx=65914&bcIdx=27831&parentSeq=27831
smartphone_overdependence,스마트폰 과의존 실태조사,2024,2024년 스마트폰 과의존 실태조사 보고서,smartphone_overdependence_2024_27831_file2.pdf,299,0,16,과의존,https://www.nia.or.kr/site/nia_kor/ex/bbs/View.do?cbIdx=65914&bcIdx=27831&parentSeq=27831
smartphone_overdependence,스마트폰 과의존 실태조사,2024,2024년 스마트폰 과의존 실태조사 보고서,smartphone_overdependence_2024_27831_file2.pdf,300,0,16,과의존,https://www.nia.or.kr/site/nia_kor/ex/bbs/View.do?cbIdx=65914&bcIdx=27831&parentSeq=27831
smartphone_overdependence,스마트폰 과의존 실태조사,2024,2024년 스마트폰 과의존 실태조사 보고서,smartphone_overdependence_2024_27831_file2.pdf,301,0,16,과의존,https://www.nia.or.kr/site/nia_kor/ex/bbs/View.do?cbIdx=65914&bcIdx=27831&parentSeq=27831
smartphone_overdependence,스마트폰 과의존 실태조사,2024,2024년 스마트폰 과의존 실태조사 보고서,smartphone_overdependence_2024_27831_file2.pdf,302,0,16,과의존,https://www.nia.or.kr/site/nia_kor/ex/bbs/View.do?cbIdx=65914&bcIdx=27831&parentSeq=27831
smartphone_overdependence,스마트폰 과의존 실태조사,2024,2024년 스마트폰 과의존 실태조사 보고서,smartphone_overdependence_2024_27831_file2.pdf,303,0,16,과의존,https://www.nia.or.kr/site/nia_kor/ex/bbs/View.do?cbIdx=65914&bcIdx=27831&parentSeq=27831
smartphone_overdependence,스마트폰 과의존 실태조사,2024,2024년 스마트폰 과의존 실태조사 보고서,smartphone_overdependence_2024_27831_file2.pdf,304,0,16,과의존,https://www.nia.or.kr/site/nia_kor/ex/bbs/View.do?cbIdx=65914&bcIdx=27831&parentSeq=27831
smartphone_overdependence,스마트폰 과의존 실태조사,2024,2024년 스마트폰 과의존 실태조사 보고서,smartphone_overdependence_2024_27831_file2.pdf,305,0,16,과의존,https://www.nia.or.kr/site/nia_kor/ex/bbs/View.do?cbIdx=65914&bcIdx=27831&parentSeq=27831
smartphone_overdependence,스마트폰 과의존 실태조사,2024,2024년 스마트폰 과의존 실태조사 보고서,smartphone_overdependence_2024_27831_file2.pdf,306,0,16,과의존,https://www.nia.or.kr/site/nia_kor/ex/bbs/View.do?cbIdx=65914&bcIdx=27831&parentSeq=27831
smartphone_overdependence,스마트폰 과의존 실태조사,2024,2024년 스마트폰 과의존 실태조사 보고서,smartphone_overdependence_2024_27831_file2.pdf,307,0,16,과의존,https://www.nia.or.kr/site/nia_kor/ex/bbs/View.do?cbIdx=65914&bcIdx=27831&parentSeq=27831
smartphone_overdependence,스마트폰 과의존 실태조사,2024,2024년 스마트폰 과의존 실태조사 보고서,smartphone_overdependence_2024_27831_file2.pdf,308,0,16,과의존,https://www.nia.or.kr/site/nia_kor/ex/bbs/View.do?cbIdx=65914&bcIdx=27831&parentSeq=27831
smartphone_overdependence,스마트폰 과의존 실태조사,2024,2024년 스마트폰 과의존 실태조사 보고서,smartphone_overdependence_2024_27831_file2.pdf,309,0,17,스트레스; 과의존,https://www.nia.or.kr/site/nia_kor/ex/bbs/View.do?cbIdx=65914&bcIdx=27831&parentSeq=27831
smartphone_overdependence,스마트폰 과의존 실태조사,2024,2024년 스마트폰 과의존 실태조사 보고서,smartphone_overdependence_2024_27831_file2.pdf,310,0,17,우울; 과의존,https://www.nia.or.kr/site/nia_kor/ex/bbs/View.do?cbIdx=65914&bcIdx=27831&parentSeq=27831
smartphone_overdependence,스마트폰 과의존 실태조사,2024,2024년 스마트폰 과의존 실태조사 보고서,smartphone_overdependence_2024_27831_file2.pdf,311,0,17,불안; 과의존,https://www.nia.or.kr/site/nia_kor/ex/bbs/View.do?cbIdx=65914&bcIdx=27831&parentSeq=27831
smartphone_overdependence,스마트폰 과의존 실태조사,2024,2024년 스마트폰 과의존 실태조사 보고서,smartphone_overdependence_2024_27831_file2.pdf,312,0,16,과의존,https://www.nia.or.kr/site/nia_kor/ex/bbs/View.do?cbIdx=65914&bcIdx=27831&parentSeq=27831
smartphone_overdependence,스마트폰 과의존 실태조사,2024,2024년 스마트폰 과의존 실태조사 보고서,smartphone_overdependence_2024_27831_file2.pdf,313,0,16,과의존,https://www.nia.or.kr/site/nia_kor/ex/bbs/View.do?cbIdx=65914&bcIdx=27831&parentSeq=27831
smartphone_overdependence,스마트폰 과의존 실태조사,2024,2024년 스마트폰 과의존 실태조사 보고서,smartphone_overdependence_2024_27831_file2.pdf,314,0,16,과의존,https://www.nia.or.kr/site/nia_kor/ex/bbs/View.do?cbIdx=65914&bcIdx=27831&parentSeq=27831
smartphone_overdependence,스마트폰 과의존 실태조사,2024,2024년 스마트폰 과의존 실태조사 보고서,smartphone_overdependence_2024_27831_file2.pdf,315,0,16,과의존,https://www.nia.or.kr/site/nia_kor/ex/bbs/View.do?cbIdx=65914&bcIdx=27831&parentSeq=27831
smartphone_overdependence,스마트폰 과의존 실태조사,2024,2024년 스마트폰 과의존 실태조사 보고서,smartphone_overdependence_2024_27831_file2.pdf,316,0,16,과의존,https://www.nia.or.kr/site/nia_kor/ex/bbs/View.do?cbIdx=65914&bcIdx=27831&parentSeq=27831
smartphone_overdependence,스마트폰 과의존 실태조사,2024,2024년 스마트폰 과의존 실태조사 보고서,smartphone_overdependence_2024_27831_file2.pdf,317,0,16,과의존,https://www.nia.or.kr/site/nia_kor/ex/bbs/View.do?cbIdx=65914&bcIdx=27831&parentSeq=27831
smartphone_overdependence,스마트폰 과의존 실태조사,2024,2024년 스마트폰 과의존 실태조사 보고서,smartphone_overdependence_2024_27831_file2.pdf,318,0,16,과의존,https://www.nia.or.kr/site/nia_kor/ex/bbs/View.do?cbIdx=65914&bcIdx=27831&parentSeq=27831
smartphone_overdependence,스마트폰 과의존 실태조사,2024,2024년 스마트폰 과의존 실태조사 보고서,smartphone_overdependence_2024_27831_file2.pdf,319,0,16,과의존,https://www.nia.or.kr/site/nia_kor/ex/bbs/View.do?cbIdx=65914&bcIdx=27831&parentSeq=27831
smartphone_overdependence,스마트폰 과의존 실태조사,2024,2024년 스마트폰 과의존 실태조사 보고서,smartphone_overdependence_2024_27831_file2.pdf,320,0,16,과의존,https://www.nia.or.kr/site/nia_kor/ex/bbs/View.do?cbIdx=65914&bcIdx=27831&parentSeq=27831
smartphone_overdependence,스마트폰 과의존 실태조사,2024,2024년 스마트폰 과의존 실태조사 보고서,smartphone_overdependence_2024_27831_file2.pdf,321,0,16,과의존,https://www.nia.or.kr/site/nia_kor/ex/bbs/View.do?cbIdx=65914&bcIdx=27831&parentSeq=27831
smartphone_overdependence,스마트폰 과의존 실태조사,2024,2024년 스마트폰 과의존 실태조사 보고서,smartphone_overdependence_2024_27831_file2.pdf,322,0,16,과의존,https://www.nia.or.kr/site/nia_kor/ex/bbs/View.do?cbIdx=65914&bcIdx=27831&parentSeq=27831
smartphone_overdependence,스마트폰 과의존 실태조사,2024,2024년 스마트폰 과의존 실태조사 보고서,smartphone_overdependence_2024_27831_file2.pdf,323,0,16,과의존,https://www.nia.or.kr/site/nia_kor/ex/bbs/View.do?cbIdx=65914&bcIdx=27831&parentSeq=27831
smartphone_overdependence,스마트폰 과의존 실태조사,2024,2024년 스마트폰 과의존 실태조사 보고서,smartphone_overdependence_2024_27831_file2.pdf,324,0,16,과의존,https://www.nia.or.kr/site/nia_kor/ex/bbs/View.do?cbIdx=65914&bcIdx=27831&parentSeq=27831
smartphone_overdependence,스마트폰 과의존 실태조사,2024,2024년 스마트폰 과의존 실태조사 보고서,smartphone_overdependence_2024_27831_file2.pdf,325,0,16,과의존,https://www.nia.or.kr/site/nia_kor/ex/bbs/View.do?cbIdx=65914&bcIdx=27831&parentSeq=27831
smartphone_overdependence,스마트폰 과의존 실태조사,2024,2024년 스마트폰 과의존 실태조사 보고서,smartphone_overdependence_2024_27831_file2.pdf,326,0,16,과의존,https://www.nia.or.kr/site/nia_kor/ex/bbs/View.do?cbIdx=65914&bcIdx=27831&parentSeq=27831
smartphone_overdependence,스마트폰 과의존 실태조사,2024,2024년 스마트폰 과의존 실태조사 보고서,smartphone_overdependence_2024_27831_file2.pdf,327,0,16,과의존,https://www.nia.or.kr/site/nia_kor/ex/bbs/View.do?cbIdx=65914&bcIdx=27831&parentSeq=27831
smartphone_overdependence,스마트폰 과의존 실태조사,2024,2024년 스마트폰 과의존 실태조사 보고서,smartphone_overdependence_2024_27831_file2.pdf,328,0,16,과의존,https://www.nia.or.kr/site/nia_kor/ex/bbs/View.do?cbIdx=65914&bcIdx=27831&parentSeq=27831
smartphone_overdependence,스마트폰 과의존 실태조사,2024,2024년 스마트폰 과의존 실태조사 보고서,smartphone_overdependence_2024_27831_file2.pdf,329,0,16,과의존,https://www.nia.or.kr/site/nia_kor/ex/bbs/View.do?cbIdx=65914&bcIdx=27831&parentSeq=27831
smartphone_overdependence,스마트폰 과의존 실태조사,2024,2024년 스마트폰 과의존 실태조사 보고서,smartphone_overdependence_2024_27831_file2.pdf,330,0,16,과의존,https://www.nia.or.kr/site/nia_kor/ex/bbs/View.do?cbIdx=65914&bcIdx=27831&parentSeq=27831
smartphone_overdependence,스마트폰 과의존 실태조사,2024,2024년 스마트폰 과의존 실태조사 보고서,smartphone_overdependence_2024_27831_file2.pdf,331,0,16,과의존,https://www.nia.or.kr/site/nia_kor/ex/bbs/View.do?cbIdx=65914&bcIdx=27831&parentSeq=27831
smartphone_overdependence,스마트폰 과의존 실태조사,2024,2024년 스마트폰 과의존 실태조사 보고서,smartphone_overdependence_2024_27831_file2.pdf,332,0,16,과의존,https://www.nia.or.kr/site/nia_kor/ex/bbs/View.do?cbIdx=65914&bcIdx=27831&parentSeq=27831
smartphone_overdependence,스마트폰 과의존 실태조사,2024,2024년 스마트폰 과의존 실태조사 보고서,smartphone_overdependence_2024_27831_file2.pdf,333,0,16,과의존,https://www.nia.or.kr/site/nia_kor/ex/bbs/View.do?cbIdx=65914&bcIdx=27831&parentSeq=27831
smartphone_overdependence,스마트폰 과의존 실태조사,2024,2024년 스마트폰 과의존 실태조사 보고서,smartphone_overdependence_2024_27831_file2.pdf,334,0,16,과의존,https://www.nia.or.kr/site/nia_kor/ex/bbs/View.do?cbIdx=65914&bcIdx=27831&parentSeq=27831
smartphone_overdependence,스마트폰 과의존 실태조사,2024,2024년 스마트폰 과의존 실태조사 보고서,smartphone_overdependence_2024_27831_file2.pdf,335,0,16,과의존,https://www.nia.or.kr/site/nia_kor/ex/bbs/View.do?cbIdx=65914&bcIdx=27831&parentSeq=27831
smartphone_overdependence,스마트폰 과의존 실태조사,2024,2024년 스마트폰 과의존 실태조사 보고서,smartphone_overdependence_2024_27831_file2.pdf,336,0,16,과의존,https://www.nia.or.kr/site/nia_kor/ex/bbs/View.do?cbIdx=65914&bcIdx=27831&parentSeq=27831
smartphone_overdependence,스마트폰 과의존 실태조사,2024,2024년 스마트폰 과의존 실태조사 보고서,smartphone_overdependence_2024_27831_file2.pdf,337,0,16,과의존,https://www.nia.or.kr/site/nia_kor/ex/bbs/View.do?cbIdx=65914&bcIdx=27831&parentSeq=27831
smartphone_overdependence,스마트폰 과의존 실태조사,2024,2024년 스마트폰 과의존 실태조사 보고서,smartphone_overdependence_2024_27831_file2.pdf,338,0,16,과의존,https://www.nia.or.kr/site/nia_kor/ex/bbs/View.do?cbIdx=65914&bcIdx=27831&parentSeq=27831
smartphone_overdependence,스마트폰 과의존 실태조사,2024,2024년 스마트폰 과의존 실태조사 보고서,smartphone_overdependence_2024_27831_file2.pdf,339,0,17,스트레스; 과의존,https://www.nia.or.kr/site/nia_kor/ex/bbs/View.do?cbIdx=65914&bcIdx=27831&parentSeq=27831
smartphone_overdependence,스마트폰 과의존 실태조사,2024,2024년 스마트폰 과의존 실태조사 보고서,smartphone_overdependence_2024_27831_file2.pdf,340,0,17,우울; 과의존,https://www.nia.or.kr/site/nia_kor/ex/bbs/View.do?cbIdx=65914&bcIdx=27831&parentSeq=27831
smartphone_overdependence,스마트폰 과의존 실태조사,2024,2024년 스마트폰 과의존 실태조사 보고서,smartphone_overdependence_2024_27831_file2.pdf,341,0,17,불안; 과의존,https://www.nia.or.kr/site/nia_kor/ex/bbs/View.do?cbIdx=65914&bcIdx=27831&parentSeq=27831
smartphone_overdependence,스마트폰 과의존 실태조사,2024,2024년 스마트폰 과의존 실태조사 보고서,smartphone_overdependence_2024_27831_file2.pdf,342,0,16,과의존,https://www.nia.or.kr/site/nia_kor/ex/bbs/View.do?cbIdx=65914&bcIdx=27831&parentSeq=27831
smartphone_overdependence,스마트폰 과의존 실태조사,2024,2024년 스마트폰 과의존 실태조사 보고서,smartphone_overdependence_2024_27831_file2.pdf,343,0,16,과의존,https://www.nia.or.kr/site/nia_kor/ex/bbs/View.do?cbIdx=65914&bcIdx=27831&parentSeq=27831
smartphone_overdependence,스마트폰 과의존 실태조사,2024,2024년 스마트폰 과의존 실태조사 보고서,smartphone_overdependence_2024_27831_file2.pdf,344,0,16,과의존,https://www.nia.or.kr/site/nia_kor/ex/bbs/View.do?cbIdx=65914&bcIdx=27831&parentSeq=27831
smartphone_overdependence,스마트폰 과의존 실태조사,2024,2024년 스마트폰 과의존 실태조사 보고서,smartphone_overdependence_2024_27831_file2.pdf,345,0,16,과의존,https://www.nia.or.kr/site/nia_kor/ex/bbs/View.do?cbIdx=65914&bcIdx=27831&parentSeq=27831
smartphone_overdependence,스마트폰 과의존 실태조사,2024,2024년 스마트폰 과의존 실태조사 보고서,smartphone_overdependence_2024_27831_file2.pdf,346,0,16,과의존,https://www.nia.or.kr/site/nia_kor/ex/bbs/View.do?cbIdx=65914&bcIdx=27831&parentSeq=27831
smartphone_overdependence,스마트폰 과의존 실태조사,2024,2024년 스마트폰 과의존 실태조사 보고서,smartphone_overdependence_2024_27831_file2.pdf,347,0,16,과의존,https://www.nia.or.kr/site/nia_kor/ex/bbs/View.do?cbIdx=65914&bcIdx=27831&parentSeq=27831
smartphone_overdependence,스마트폰 과의존 실태조사,2024,2024년 스마트폰 과의존 실태조사 보고서,smartphone_overdependence_2024_27831_file2.pdf,348,0,16,과의존,https://www.nia.or.kr/site/nia_kor/ex/bbs/View.do?cbIdx=65914&bcIdx=27831&parentSeq=27831
smartphone_overdependence,스마트폰 과의존 실태조사,2024,2024년 스마트폰 과의존 실태조사 보고서,smartphone_overdependence_2024_27831_file2.pdf,349,0,16,과의존,https://www.nia.or.kr/site/nia_kor/ex/bbs/View.do?cbIdx=65914&bcIdx=27831&parentSeq=27831
smartphone_overdependence,스마트폰 과의존 실태조사,2024,2024년 스마트폰 과의존 실태조사 보고서,smartphone_overdependence_2024_27831_file2.pdf,350,0,16,과의존,https://www.nia.or.kr/site/nia_kor/ex/bbs/View.do?cbIdx=65914&bcIdx=27831&parentSeq=27831
smartphone_overdependence,스마트폰 과의존 실태조사,2024,2024년 스마트폰 과의존 실태조사 보고서,smartphone_overdependence_2024_27831_file2.pdf,351,0,16,과의존,https://www.nia.or.kr/site/nia_kor/ex/bbs/View.do?cbIdx=65914&bcIdx=27831&parentSeq=27831
smartphone_overdependence,스마트폰 과의존 실태조사,2024,2024년 스마트폰 과의존 실태조사 보고서,smartphone_overdependence_2024_27831_file2.pdf,352,0,16,과의존,https://www.nia.or.kr/site/nia_kor/ex/bbs/View.do?cbIdx=65914&bcIdx=27831&parentSeq=27831
smartphone_overdependence,스마트폰 과의존 실태조사,2024,2024년 스마트폰 과의존 실태조사 보고서,smartphone_overdependence_2024_27831_file2.pdf,353,0,16,과의존,https://www.nia.or.kr/site/nia_kor/ex/bbs/View.do?cbIdx=65914&bcIdx=27831&parentSeq=27831
smartphone_overdependence,스마트폰 과의존 실태조사,2024,2024년 스마트폰 과의존 실태조사 보고서,smartphone_overdependence_2024_27831_file2.pdf,354,0,16,과의존,https://www.nia.or.kr/site/nia_kor/ex/bbs/View.do?cbIdx=65914&bcIdx=27831&parentSeq=27831
smartphone_overdependence,스마트폰 과의존 실태조사,2024,2024년 스마트폰 과의존 실태조사 보고서,smartphone_overdependence_2024_27831_file2.pdf,355,0,16,과의존,https://www.nia.or.kr/site/nia_kor/ex/bbs/View.do?cbIdx=65914&bcIdx=27831&parentSeq=27831
smartphone_overdependence,스마트폰 과의존 실태조사,2024,2024년 스마트폰 과의존 실태조사 보고서,smartphone_overdependence_2024_27831_file2.pdf,356,0,16,과의존,https://www.nia.or.kr/site/nia_kor/ex/bbs/View.do?cbIdx=65914&bcIdx=27831&parentSeq=27831
smartphone_overdependence,스마트폰 과의존 실태조사,2024,2024년 스마트폰 과의존 실태조사 보고서,smartphone_overdependence_2024_27831_file2.pdf,357,0,16,과의존,https://www.nia.or.kr/site/nia_kor/ex/bbs/View.do?cbIdx=65914&bcIdx=27831&parentSeq=27831
smartphone_overdependence,스마트폰 과의존 실태조사,2024,2024년 스마트폰 과의존 실태조사 보고서,smartphone_overdependence_2024_27831_file2.pdf,358,0,16,과의존,https://www.nia.or.kr/site/nia_kor/ex/bbs/View.do?cbIdx=65914&bcIdx=27831&parentSeq=27831
smartphone_overdependence,스마트폰 과의존 실태조사,2024,2024년 스마트폰 과의존 실태조사 보고서,smartphone_overdependence_2024_27831_file2.pdf,359,0,16,과의존,https://www.nia.or.kr/site/nia_kor/ex/bbs/View.do?cbIdx=65914&bcIdx=27831&parentSeq=27831
smartphone_overdependence,스마트폰 과의존 실태조사,2024,2024년 스마트폰 과의존 실태조사 보고서,smartphone_overdependence_2024_27831_file2.pdf,360,0,16,과의존,https://www.nia.or.kr/site/nia_kor/ex/bbs/View.do?cbIdx=65914&bcIdx=27831&parentSeq=27831
smartphone_overdependence,스마트폰 과의존 실태조사,2024,2024년 스마트폰 과의존 실태조사 보고서,smartphone_overdependence_2024_27831_file2.pdf,361,0,16,과의존,https://www.nia.or.kr/site/nia_kor/ex/bbs/View.do?cbIdx=65914&bcIdx=27831&parentSeq=27831
smartphone_overdependence,스마트폰 과의존 실태조사,2024,2024년 스마트폰 과의존 실태조사 보고서,smartphone_overdependence_2024_27831_file2.pdf,362,0,16,과의존,https://www.nia.or.kr/site/nia_kor/ex/bbs/View.do?cbIdx=65914&bcIdx=27831&parentSeq=27831
smartphone_overdependence,스마트폰 과의존 실태조사,2024,2024년 스마트폰 과의존 실태조사 보고서,smartphone_overdependence_2024_27831_file2.pdf,363,0,16,과의존,https://www.nia.or.kr/site/nia_kor/ex/bbs/View.do?cbIdx=65914&bcIdx=27831&parentSeq=27831
smartphone_overdependence,스마트폰 과의존 실태조사,2024,2024년 스마트폰 과의존 실태조사 보고서,smartphone_overdependence_2024_27831_file2.pdf,364,0,16,과의존,https://www.nia.or.kr/site/nia_kor/ex/bbs/View.do?cbIdx=65914&bcIdx=27831&parentSeq=27831
smartphone_overdependence,스마트폰 과의존 실태조사,2024,2024년 스마트폰 과의존 실태조사 보고서,smartphone_overdependence_2024_27831_file2.pdf,365,0,16,과의존,https://www.nia.or.kr/site/nia_kor/ex/bbs/View.do?cbIdx=65914&bcIdx=27831&parentSeq=27831
smartphone_overdependence,스마트폰 과의존 실태조사,2024,2024년 스마트폰 과의존 실태조사 보고서,smartphone_overdependence_2024_27831_file2.pdf,366,0,16,과의존,https://www.nia.or.kr/site/nia_kor/ex/bbs/View.do?cbIdx=65914&bcIdx=27831&parentSeq=27831
smartphone_overdependence,스마트폰 과의존 실태조사,2024,2024년 스마트폰 과의존 실태조사 보고서,smartphone_overdependence_2024_27831_file2.pdf,367,0,16,과의존,https://www.nia.or.kr/site/nia_kor/ex/bbs/View.do?cbIdx=65914&bcIdx=27831&parentSeq=27831
smartphone_overdependence,스마트폰 과의존 실태조사,2024,2024년 스마트폰 과의존 실태조사 보고서,smartphone_overdependence_2024_27831_file2.pdf,368,0,16,과의존,https://www.nia.or.kr/site/nia_kor/ex/bbs/View.do?cbIdx=65914&bcIdx=27831&parentSeq=27831
smartphone_overdependence,스마트폰 과의존 실태조사,2024,2024년 스마트폰 과의존 실태조사 보고서,smartphone_overdependence_2024_27831_file2.pdf,369,0,17,스트레스; 과의존,https://www.nia.or.kr/site/nia_kor/ex/bbs/View.do?cbIdx=65914&bcIdx=27831&parentSeq=27831
smartphone_overdependence,스마트폰 과의존 실태조사,2024,2024년 스마트폰 과의존 실태조사 보고서,smartphone_overdependence_2024_27831_file2.pdf,370,0,17,우울; 과의존,https://www.nia.or.kr/site/nia_kor/ex/bbs/View.do?cbIdx=65914&bcIdx=27831&parentSeq=27831
smartphone_overdependence,스마트폰 과의존 실태조사,2024,2024년 스마트폰 과의존 실태조사 보고서,smartphone_overdependence_2024_27831_file2.pdf,371,0,17,불안; 과의존,https://www.nia.or.kr/site/nia_kor/ex/bbs/View.do?cbIdx=65914&bcIdx=27831&parentSeq=27831
smartphone_overdependence,스마트폰 과의존 실태조사,2024,2024년 스마트폰 과의존 실태조사 보고서,smartphone_overdependence_2024_27831_file2.pdf,372,0,16,과의존,https://www.nia.or.kr/site/nia_kor/ex/bbs/View.do?cbIdx=65914&bcIdx=27831&parentSeq=27831
smartphone_overdependence,스마트폰 과의존 실태조사,2024,2024년 스마트폰 과의존 실태조사 보고서,smartphone_overdependence_2024_27831_file2.pdf,373,0,16,과의존,https://www.nia.or.kr/site/nia_kor/ex/bbs/View.do?cbIdx=65914&bcIdx=27831&parentSeq=27831
smartphone_overdependence,스마트폰 과의존 실태조사,2024,2024년 스마트폰 과의존 실태조사 보고서,smartphone_overdependence_2024_27831_file2.pdf,374,0,16,과의존,https://www.nia.or.kr/site/nia_kor/ex/bbs/View.do?cbIdx=65914&bcIdx=27831&parentSeq=27831
smartphone_overdependence,스마트폰 과의존 실태조사,2024,2024년 스마트폰 과의존 실태조사 보고서,smartphone_overdependence_2024_27831_file2.pdf,375,0,16,과의존,https://www.nia.or.kr/site/nia_kor/ex/bbs/View.do?cbIdx=65914&bcIdx=27831&parentSeq=27831
smartphone_overdependence,스마트폰 과의존 실태조사,2024,2024년 스마트폰 과의존 실태조사 보고서,smartphone_overdependence_2024_27831_file2.pdf,376,0,16,과의존,https://www.nia.or.kr/site/nia_kor/ex/bbs/View.do?cbIdx=65914&bcIdx=27831&parentSeq=27831
smartphone_overdependence,스마트폰 과의존 실태조사,2024,2024년 스마트폰 과의존 실태조사 보고서,smartphone_overdependence_2024_27831_file2.pdf,377,0,16,과의존,https://www.nia.or.kr/site/nia_kor/ex/bbs/View.do?cbIdx=65914&bcIdx=27831&parentSeq=27831
smartphone_overdependence,스마트폰 과의존 실태조사,2024,2024년 스마트폰 과의존 실태조사 보고서,smartphone_overdependence_2024_27831_file2.pdf,378,0,17,과의존,https://www.nia.or.kr/site/nia_kor/ex/bbs/View.do?cbIdx=65914&bcIdx=27831&parentSeq=27831
smartphone_overdependence,스마트폰 과의존 실태조사,2024,2024년 스마트폰 과의존 실태조사 보고서,smartphone_overdependence_2024_27831_file2.pdf,379,0,16,과의존,https://www.nia.or.kr/site/nia_kor/ex/bbs/View.do?cbIdx=65914&bcIdx=27831&parentSeq=27831
smartphone_overdependence,스마트폰 과의존 실태조사,2024,2024년 스마트폰 과의존 실태조사 보고서,smartphone_overdependence_2024_27831_file2.pdf,380,0,16,과의존,https://www.nia.or.kr/site/nia_kor/ex/bbs/View.do?cbIdx=65914&bcIdx=27831&parentSeq=27831
smartphone_overdependence,스마트폰 과의존 실태조사,2024,2024년 스마트폰 과의존 실태조사 보고서,smartphone_overdependence_2024_27831_file2.pdf,381,0,16,과의존,https://www.nia.or.kr/site/nia_kor/ex/bbs/View.do?cbIdx=65914&bcIdx=27831&parentSeq=27831
smartphone_overdependence,스마트폰 과의존 실태조사,2024,2024년 스마트폰 과의존 실태조사 보고서,smartphone_overdependence_2024_27831_file2.pdf,382,0,16,과의존,https://www.nia.or.kr/site/nia_kor/ex/bbs/View.do?cbIdx=65914&bcIdx=27831&parentSeq=27831
smartphone_overdependence,스마트폰 과의존 실태조사,2024,2024년 스마트폰 과의존 실태조사 보고서,smartphone_overdependence_2024_27831_file2.pdf,383,0,16,과의존,https://www.nia.or.kr/site/nia_kor/ex/bbs/View.do?cbIdx=65914&bcIdx=27831&parentSeq=27831
smartphone_overdependence,스마트폰 과의존 실태조사,2024,2024년 스마트폰 과의존 실태조사 보고서,smartphone_overdependence_2024_27831_file2.pdf,384,0,16,과의존,https://www.nia.or.kr/site/nia_kor/ex/bbs/View.do?cbIdx=65914&bcIdx=27831&parentSeq=27831
smartphone_overdependence,스마트폰 과의존 실태조사,2024,2024년 스마트폰 과의존 실태조사 보고서,smartphone_overdependence_2024_27831_file2.pdf,385,0,16,과의존,https://www.nia.or.kr/site/nia_kor/ex/bbs/View.do?cbIdx=65914&bcIdx=27831&parentSeq=27831
smartphone_overdependence,스마트폰 과의존 실태조사,2024,2024년 스마트폰 과의존 실태조사 보고서,smartphone_overdependence_2024_27831_file2.pdf,386,0,17,과의존; 폭력,https://www.nia.or.kr/site/nia_kor/ex/bbs/View.do?cbIdx=65914&bcIdx=27831&parentSeq=27831
smartphone_overdependence,스마트폰 과의존 실태조사,2024,2024년 스마트폰 과의존 실태조사 보고서,smartphone_overdependence_2024_27831_file2.pdf,387,0,16,과의존,https://www.nia.or.kr/site/nia_kor/ex/bbs/View.do?cbIdx=65914&bcIdx=27831&parentSeq=27831
smartphone_overdependence,스마트폰 과의존 실태조사,2024,2024년 스마트폰 과의존 실태조사 보고서,smartphone_overdependence_2024_27831_file2.pdf,388,0,16,과의존,https://www.nia.or.kr/site/nia_kor/ex/bbs/View.do?cbIdx=65914&bcIdx=27831&parentSeq=27831
smartphone_overdependence,스마트폰 과의존 실태조사,2024,2024년 스마트폰 과의존 실태조사 보고서,smartphone_overdependence_2024_27831_file2.pdf,389,0,16,과의존,https://www.nia.or.kr/site/nia_kor/ex/bbs/View.do?cbIdx=65914&bcIdx=27831&parentSeq=27831
smartphone_overdependence,스마트폰 과의존 실태조사,2024,2024년 스마트폰 과의존 실태조사 보고서,smartphone_overdependence_2024_27831_file2.pdf,390,0,16,과의존,https://www.nia.or.kr/site/nia_kor/ex/bbs/View.do?cbIdx=65914&bcIdx=27831&parentSeq=27831
smartphone_overdependence,스마트폰 과의존 실태조사,2024,2024년 스마트폰 과의존 실태조사 보고서,smartphone_overdependence_2024_27831_file2.pdf,391,0,16,과의존,https://www.nia.or.kr/site/nia_kor/ex/bbs/View.do?cbIdx=65914&bcIdx=27831&parentSeq=27831
smartphone_overdependence,스마트폰 과의존 실태조사,2024,2024년 스마트폰 과의존 실태조사 보고서,smartphone_overdependence_2024_27831_file2.pdf,392,0,16,과의존,https://www.nia.or.kr/site/nia_kor/ex/bbs/View.do?cbIdx=65914&bcIdx=27831&parentSeq=27831
smartphone_overdependence,스마트폰 과의존 실태조사,2024,2024년 스마트폰 과의존 실태조사 보고서,smartphone_overdependence_2024_27831_file2.pdf,393,1,16,알고리즘; 과의존,https://www.nia.or.kr/site/nia_kor/ex/bbs/View.do?cbIdx=65914&bcIdx=27831&parentSeq=27831
smartphone_overdependence,스마트폰 과의존 실태조사,2024,2024년 스마트폰 과의존 실태조사 보고서,smartphone_overdependence_2024_27831_file2.pdf,394,0,17,과의존,https://www.nia.or.kr/site/nia_kor/ex/bbs/View.do?cbIdx=65914&bcIdx=27831&parentSeq=27831
smartphone_overdependence,스마트폰 과의존 실태조사,2024,2024년 스마트폰 과의존 실태조사 보고서,smartphone_overdependence_2024_27831_file2.pdf,395,0,25,과의존; 도움,https://www.nia.or.kr/site/nia_kor/ex/bbs/View.do?cbIdx=65914&bcIdx=27831&parentSeq=27831
smartphone_overdependence,스마트폰 과의존 실태조사,2024,2024년 스마트폰 과의존 실태조사 보고서,smartphone_overdependence_2024_27831_file2.pdf,396,0,17,과의존,https://www.nia.or.kr/site/nia_kor/ex/bbs/View.do?cbIdx=65914&bcIdx=27831&parentSeq=27831
smartphone_overdependence,스마트폰 과의존 실태조사,2024,2024년 스마트폰 과의존 실태조사 보고서,smartphone_overdependence_2024_27831_file2.pdf,397,0,19,상담; 과의존,https://www.nia.or.kr/site/nia_kor/ex/bbs/View.do?cbIdx=65914&bcIdx=27831&parentSeq=27831
smartphone_overdependence,스마트폰 과의존 실태조사,2024,2024년 스마트폰 과의존 실태조사 보고서,smartphone_overdependence_2024_27831_file2.pdf,398,0,26,상담; 과의존; 도움,https://www.nia.or.kr/site/nia_kor/ex/bbs/View.do?cbIdx=65914&bcIdx=27831&parentSeq=27831
smartphone_overdependence,스마트폰 과의존 실태조사,2024,2024년 스마트폰 과의존 실태조사 보고서,smartphone_overdependence_2024_27831_file2.pdf,399,0,19,상담; 과의존,https://www.nia.or.kr/site/nia_kor/ex/bbs/View.do?cbIdx=65914&bcIdx=27831&parentSeq=27831
smartphone_overdependence,스마트폰 과의존 실태조사,2024,2024년 스마트폰 과의존 실태조사 보고서,smartphone_overdependence_2024_27831_file2.pdf,400,0,17,과의존,https://www.nia.or.kr/site/nia_kor/ex/bbs/View.do?cbIdx=65914&bcIdx=27831&parentSeq=27831
smartphone_overdependence,스마트폰 과의존 실태조사,2024,2024년 스마트폰 과의존 실태조사 보고서,smartphone_overdependence_2024_27831_file2.pdf,401,0,17,과의존,https://www.nia.or.kr/site/nia_kor/ex/bbs/View.do?cbIdx=65914&bcIdx=27831&parentSeq=27831
smartphone_overdependence,스마트폰 과의존 실태조사,2024,2024년 스마트폰 과의존 실태조사 보고서,smartphone_overdependence_2024_27831_file2.pdf,402,0,17,과의존,https://www.nia.or.kr/site/nia_kor/ex/bbs/View.do?cbIdx=65914&bcIdx=27831&parentSeq=27831
smartphone_overdependence,스마트폰 과의존 실태조사,2024,2024년 스마트폰 과의존 실태조사 보고서,smartphone_overdependence_2024_27831_file2.pdf,403,0,17,과의존,https://www.nia.or.kr/site/nia_kor/ex/bbs/View.do?cbIdx=65914&bcIdx=27831&parentSeq=27831
smartphone_overdependence,스마트폰 과의존 실태조사,2024,2024년 스마트폰 과의존 실태조사 보고서,smartphone_overdependence_2024_27831_file2.pdf,404,0,18,과의존; 도움,https://www.nia.or.kr/site/nia_kor/ex/bbs/View.do?cbIdx=65914&bcIdx=27831&parentSeq=27831
smartphone_overdependence,스마트폰 과의존 실태조사,2024,2024년 스마트폰 과의존 실태조사 보고서,smartphone_overdependence_2024_27831_file2.pdf,405,0,18,스트레스; 과의존,https://www.nia.or.kr/site/nia_kor/ex/bbs/View.do?cbIdx=65914&bcIdx=27831&parentSeq=27831
smartphone_overdependence,스마트폰 과의존 실태조사,2024,2024년 스마트폰 과의존 실태조사 보고서,smartphone_overdependence_2024_27831_file2.pdf,406,0,17,과의존,https://www.nia.or.kr/site/nia_kor/ex/bbs/View.do?cbIdx=65914&bcIdx=27831&parentSeq=27831
smartphone_overdependence,스마트폰 과의존 실태조사,2024,2024년 스마트폰 과의존 실태조사 보고서,smartphone_overdependence_2024_27831_file2.pdf,407,0,18,상담; 과의존,https://www.nia.or.kr/site/nia_kor/ex/bbs/View.do?cbIdx=65914&bcIdx=27831&parentSeq=27831
smartphone_overdependence,스마트폰 과의존 실태조사,2024,2024년 스마트폰 과의존 실태조사 보고서,smartphone_overdependence_2024_27831_file2.pdf,408,0,17,과의존,https://www.nia.or.kr/site/nia_kor/ex/bbs/View.do?cbIdx=65914&bcIdx=27831&parentSeq=27831
smartphone_overdependence,스마트폰 과의존 실태조사,2024,2024년 스마트폰 과의존 실태조사 보고서,smartphone_overdependence_2024_27831_file2.pdf,409,0,17,과의존,https://www.nia.or.kr/site/nia_kor/ex/bbs/View.do?cbIdx=65914&bcIdx=27831&parentSeq=27831
smartphone_overdependence,스마트폰 과의존 실태조사,2024,2024년 스마트폰 과의존 실태조사 보고서,smartphone_overdependence_2024_27831_file2.pdf,410,1,17,알고리즘; 스트레스; 과의존,https://www.nia.or.kr/site/nia_kor/ex/bbs/View.do?cbIdx=65914&bcIdx=27831&parentSeq=27831
smartphone_overdependence,스마트폰 과의존 실태조사,2024,2024년 스마트폰 과의존 실태조사 보고서,smartphone_overdependence_2024_27831_file2.pdf,411,0,16,과의존,https://www.nia.or.kr/site/nia_kor/ex/bbs/View.do?cbIdx=65914&bcIdx=27831&parentSeq=27831
smartphone_overdependence,스마트폰 과의존 실태조사,2024,2024년 스마트폰 과의존 실태조사 보고서,smartphone_overdependence_2024_27831_file2.pdf,412,0,16,과의존,https://www.nia.or.kr/site/nia_kor/ex/bbs/View.do?cbIdx=65914&bcIdx=27831&parentSeq=27831
smartphone_overdependence,스마트폰 과의존 실태조사,2024,2024년 스마트폰 과의존 실태조사 보고서,smartphone_overdependence_2024_27831_file2.pdf,413,0,16,과의존,https://www.nia.or.kr/site/nia_kor/ex/bbs/View.do?cbIdx=65914&bcIdx=27831&parentSeq=27831
smartphone_overdependence,스마트폰 과의존 실태조사,2024,2024년 스마트폰 과의존 실태조사 보고서,smartphone_overdependence_2024_27831_file2.pdf,414,0,16,과의존,https://www.nia.or.kr/site/nia_kor/ex/bbs/View.do?cbIdx=65914&bcIdx=27831&parentSeq=27831
smartphone_overdependence,스마트폰 과의존 실태조사,2024,2024년 스마트폰 과의존 실태조사 보고서,smartphone_overdependence_2024_27831_file2.pdf,415,0,16,과의존,https://www.nia.or.kr/site/nia_kor/ex/bbs/View.do?cbIdx=65914&bcIdx=27831&parentSeq=27831
smartphone_overdependence,스마트폰 과의존 실태조사,2024,2024년 스마트폰 과의존 실태조사 보고서,smartphone_overdependence_2024_27831_file2.pdf,416,0,16,과의존,https://www.nia.or.kr/site/nia_kor/ex/bbs/View.do?cbIdx=65914&bcIdx=27831&parentSeq=27831
smartphone_overdependence,스마트폰 과의존 실태조사,2024,2024년 스마트폰 과의존 실태조사 보고서,smartphone_overdependence_2024_27831_file2.pdf,417,0,16,과의존,https://www.nia.or.kr/site/nia_kor/ex/bbs/View.do?cbIdx=65914&bcIdx=27831&parentSeq=27831
smartphone_overdependence,스마트폰 과의존 실태조사,2024,2024년 스마트폰 과의존 실태조사 보고서,smartphone_overdependence_2024_27831_file2.pdf,418,0,16,과의존,https://www.nia.or.kr/site/nia_kor/ex/bbs/View.do?cbIdx=65914&bcIdx=27831&parentSeq=27831
smartphone_overdependence,스마트폰 과의존 실태조사,2024,2024년 스마트폰 과의존 실태조사 보고서,smartphone_overdependence_2024_27831_file2.pdf,419,0,16,과의존,https://www.nia.or.kr/site/nia_kor/ex/bbs/View.do?cbIdx=65914&bcIdx=27831&parentSeq=27831
smartphone_overdependence,스마트폰 과의존 실태조사,2024,2024년 스마트폰 과의존 실태조사 보고서,smartphone_overdependence_2024_27831_file2.pdf,420,0,16,과의존,https://www.nia.or.kr/site/nia_kor/ex/bbs/View.do?cbIdx=65914&bcIdx=27831&parentSeq=27831
smartphone_overdependence,스마트폰 과의존 실태조사,2024,2024년 스마트폰 과의존 실태조사 보고서,smartphone_overdependence_2024_27831_file2.pdf,421,0,16,과의존,https://www.nia.or.kr/site/nia_kor/ex/bbs/View.do?cbIdx=65914&bcIdx=27831&parentSeq=27831
smartphone_overdependence,스마트폰 과의존 실태조사,2024,2024년 스마트폰 과의존 실태조사 보고서,smartphone_overdependence_2024_27831_file2.pdf,422,0,16,과의존,https://www.nia.or.kr/site/nia_kor/ex/bbs/View.do?cbIdx=65914&bcIdx=27831&parentSeq=27831
smartphone_overdependence,스마트폰 과의존 실태조사,2024,2024년 스마트폰 과의존 실태조사 보고서,smartphone_overdependence_2024_27831_file2.pdf,423,0,16,과의존,https://www.nia.or.kr/site/nia_kor/ex/bbs/View.do?cbIdx=65914&bcIdx=27831&parentSeq=27831
smartphone_overdependence,스마트폰 과의존 실태조사,2024,2024년 스마트폰 과의존 실태조사 보고서,smartphone_overdependence_2024_27831_file2.pdf,424,0,16,과의존,https://www.nia.or.kr/site/nia_kor/ex/bbs/View.do?cbIdx=65914&bcIdx=27831&parentSeq=27831
smartphone_overdependence,스마트폰 과의존 실태조사,2024,2024년 스마트폰 과의존 실태조사 보고서,smartphone_overdependence_2024_27831_file2.pdf,425,0,16,과의존,https://www.nia.or.kr/site/nia_kor/ex/bbs/View.do?cbIdx=65914&bcIdx=27831&parentSeq=27831
smartphone_overdependence,스마트폰 과의존 실태조사,2024,2024년 스마트폰 과의존 실태조사 보고서,smartphone_overdependence_2024_27831_file2.pdf,426,0,16,과의존,https://www.nia.or.kr/site/nia_kor/ex/bbs/View.do?cbIdx=65914&bcIdx=27831&parentSeq=27831
smartphone_overdependence,스마트폰 과의존 실태조사,2024,2024년 스마트폰 과의존 실태조사 보고서,smartphone_overdependence_2024_27831_file2.pdf,427,0,16,과의존,https://www.nia.or.kr/site/nia_kor/ex/bbs/View.do?cbIdx=65914&bcIdx=27831&parentSeq=27831
smartphone_overdependence,스마트폰 과의존 실태조사,2024,2024년 스마트폰 과의존 실태조사 보고서,smartphone_overdependence_2024_27831_file2.pdf,428,0,16,과의존,https://www.nia.or.kr/site/nia_kor/ex/bbs/View.do?cbIdx=65914&bcIdx=27831&parentSeq=27831
smartphone_overdependence,스마트폰 과의존 실태조사,2024,2024년 스마트폰 과의존 실태조사 보고서,smartphone_overdependence_2024_27831_file2.pdf,429,0,16,과의존,https://www.nia.or.kr/site/nia_kor/ex/bbs/View.do?cbIdx=65914&bcIdx=27831&parentSeq=27831
smartphone_overdependence,스마트폰 과의존 실태조사,2024,2024년 스마트폰 과의존 실태조사 보고서,smartphone_overdependence_2024_27831_file2.pdf,430,0,16,과의존,https://www.nia.or.kr/site/nia_kor/ex/bbs/View.do?cbIdx=65914&bcIdx=27831&parentSeq=27831
smartphone_overdependence,스마트폰 과의존 실태조사,2024,2024년 스마트폰 과의존 실태조사 보고서,smartphone_overdependence_2024_27831_file2.pdf,431,0,19,상담; 과의존,https://www.nia.or.kr/site/nia_kor/ex/bbs/View.do?cbIdx=65914&bcIdx=27831&parentSeq=27831
smartphone_overdependence,스마트폰 과의존 실태조사,2024,2024년 스마트폰 과의존 실태조사 보고서,smartphone_overdependence_2024_27831_file2.pdf,432,0,16,과의존,https://www.nia.or.kr/site/nia_kor/ex/bbs/View.do?cbIdx=65914&bcIdx=27831&parentSeq=27831
smartphone_overdependence,스마트폰 과의존 실태조사,2024,2024년 스마트폰 과의존 실태조사 보고서,smartphone_overdependence_2024_27831_file2.pdf,433,0,16,과의존,https://www.nia.or.kr/site/nia_kor/ex/bbs/View.do?cbIdx=65914&bcIdx=27831&parentSeq=27831
smartphone_overdependence,스마트폰 과의존 실태조사,2024,2024년 스마트폰 과의존 실태조사 보고서,smartphone_overdependence_2024_27831_file2.pdf,434,0,16,과의존,https://www.nia.or.kr/site/nia_kor/ex/bbs/View.do?cbIdx=65914&bcIdx=27831&parentSeq=27831
smartphone_overdependence,스마트폰 과의존 실태조사,2024,2024년 스마트폰 과의존 실태조사 보고서,smartphone_overdependence_2024_27831_file2.pdf,435,0,16,과의존,https://www.nia.or.kr/site/nia_kor/ex/bbs/View.do?cbIdx=65914&bcIdx=27831&parentSeq=27831
smartphone_overdependence,스마트폰 과의존 실태조사,2024,2024년 스마트폰 과의존 실태조사 보고서,smartphone_overdependence_2024_27831_file2.pdf,436,0,16,과의존,https://www.nia.or.kr/site/nia_kor/ex/bbs/View.do?cbIdx=65914&bcIdx=27831&parentSeq=27831
smartphone_overdependence,스마트폰 과의존 실태조사,2024,2024년 스마트폰 과의존 실태조사 보고서,smartphone_overdependence_2024_27831_file2.pdf,437,0,16,과의존,https://www.nia.or.kr/site/nia_kor/ex/bbs/View.do?cbIdx=65914&bcIdx=27831&parentSeq=27831
smartphone_overdependence,스마트폰 과의존 실태조사,2024,2024년 스마트폰 과의존 실태조사 보고서,smartphone_overdependence_2024_27831_file2.pdf,438,0,16,과의존,https://www.nia.or.kr/site/nia_kor/ex/bbs/View.do?cbIdx=65914&bcIdx=27831&parentSeq=27831
smartphone_overdependence,스마트폰 과의존 실태조사,2024,2024년 스마트폰 과의존 실태조사 보고서,smartphone_overdependence_2024_27831_file2.pdf,439,0,16,과의존,https://www.nia.or.kr/site/nia_kor/ex/bbs/View.do?cbIdx=65914&bcIdx=27831&parentSeq=27831
smartphone_overdependence,스마트폰 과의존 실태조사,2024,2024년 스마트폰 과의존 실태조사 보고서,smartphone_overdependence_2024_27831_file2.pdf,440,0,16,과의존,https://www.nia.or.kr/site/nia_kor/ex/bbs/View.do?cbIdx=65914&bcIdx=27831&parentSeq=27831
smartphone_overdependence,스마트폰 과의존 실태조사,2024,2024년 스마트폰 과의존 실태조사 보고서,smartphone_overdependence_2024_27831_file2.pdf,441,0,16,과의존,https://www.nia.or.kr/site/nia_kor/ex/bbs/View.do?cbIdx=65914&bcIdx=27831&parentSeq=27831
smartphone_overdependence,스마트폰 과의존 실태조사,2024,2024년 스마트폰 과의존 실태조사 보고서,smartphone_overdependence_2024_27831_file2.pdf,442,0,16,과의존,https://www.nia.or.kr/site/nia_kor/ex/bbs/View.do?cbIdx=65914&bcIdx=27831&parentSeq=27831
smartphone_overdependence,스마트폰 과의존 실태조사,2024,2024년 스마트폰 과의존 실태조사 보고서,smartphone_overdependence_2024_27831_file2.pdf,443,0,16,과의존,https://www.nia.or.kr/site/nia_kor/ex/bbs/View.do?cbIdx=65914&bcIdx=27831&parentSeq=27831
smartphone_overdependence,스마트폰 과의존 실태조사,2024,2024년 스마트폰 과의존 실태조사 보고서,smartphone_overdependence_2024_27831_file2.pdf,444,0,16,과의존,https://www.nia.or.kr/site/nia_kor/ex/bbs/View.do?cbIdx=65914&bcIdx=27831&parentSeq=27831
smartphone_overdependence,스마트폰 과의존 실태조사,2024,2024년 스마트폰 과의존 실태조사 보고서,smartphone_overdependence_2024_27831_file2.pdf,445,0,16,과의존,https://www.nia.or.kr/site/nia_kor/ex/bbs/View.do?cbIdx=65914&bcIdx=27831&parentSeq=27831
smartphone_overdependence,스마트폰 과의존 실태조사,2024,2024년 스마트폰 과의존 실태조사 보고서,smartphone_overdependence_2024_27831_file2.pdf,446,0,16,과의존,https://www.nia.or.kr/site/nia_kor/ex/bbs/View.do?cbIdx=65914&bcIdx=27831&parentSeq=27831
smartphone_overdependence,스마트폰 과의존 실태조사,2024,2024년 스마트폰 과의존 실태조사 보고서,smartphone_overdependence_2024_27831_file2.pdf,447,0,16,과의존,https://www.nia.or.kr/site/nia_kor/ex/bbs/View.do?cbIdx=65914&bcIdx=27831&parentSeq=27831
smartphone_overdependence,스마트폰 과의존 실태조사,2024,2024년 스마트폰 과의존 실태조사 보고서,smartphone_overdependence_2024_27831_file2.pdf,448,0,16,과의존,https://www.nia.or.kr/site/nia_kor/ex/bbs/View.do?cbIdx=65914&bcIdx=27831&parentSeq=27831
smartphone_overdependence,스마트폰 과의존 실태조사,2024,2024년 스마트폰 과의존 실태조사 보고서,smartphone_overdependence_2024_27831_file2.pdf,449,0,16,과의존,https://www.nia.or.kr/site/nia_kor/ex/bbs/View.do?cbIdx=65914&bcIdx=27831&parentSeq=27831
smartphone_overdependence,스마트폰 과의존 실태조사,2024,2024년 스마트폰 과의존 실태조사 보고서,smartphone_overdependence_2024_27831_file2.pdf,450,0,16,과의존,https://www.nia.or.kr/site/nia_kor/ex/bbs/View.do?cbIdx=65914&bcIdx=27831&parentSeq=27831
smartphone_overdependence,스마트폰 과의존 실태조사,2024,2024년 스마트폰 과의존 실태조사 보고서,smartphone_overdependence_2024_27831_file2.pdf,451,0,17,과의존,https://www.nia.or.kr/site/nia_kor/ex/bbs/View.do?cbIdx=65914&bcIdx=27831&parentSeq=27831
smartphone_overdependence,스마트폰 과의존 실태조사,2024,2024년 스마트폰 과의존 실태조사 보고서,smartphone_overdependence_2024_27831_file2.pdf,452,0,16,과의존,https://www.nia.or.kr/site/nia_kor/ex/bbs/View.do?cbIdx=65914&bcIdx=27831&parentSeq=27831
smartphone_overdependence,스마트폰 과의존 실태조사,2024,2024년 스마트폰 과의존 실태조사 보고서,smartphone_overdependence_2024_27831_file2.pdf,453,0,17,과의존,https://www.nia.or.kr/site/nia_kor/ex/bbs/View.do?cbIdx=65914&bcIdx=27831&parentSeq=27831
smartphone_overdependence,스마트폰 과의존 실태조사,2024,2024년 스마트폰 과의존 실태조사 보고서,smartphone_overdependence_2024_27831_file2.pdf,454,0,17,과의존,https://www.nia.or.kr/site/nia_kor/ex/bbs/View.do?cbIdx=65914&bcIdx=27831&parentSeq=27831
smartphone_overdependence,스마트폰 과의존 실태조사,2024,2024년 스마트폰 과의존 실태조사 보고서,smartphone_overdependence_2024_27831_file2.pdf,455,0,16,과의존,https://www.nia.or.kr/site/nia_kor/ex/bbs/View.do?cbIdx=65914&bcIdx=27831&parentSeq=27831
smartphone_overdependence,스마트폰 과의존 실태조사,2024,2024년 스마트폰 과의존 실태조사 보고서,smartphone_overdependence_2024_27831_file2.pdf,456,0,16,과의존,https://www.nia.or.kr/site/nia_kor/ex/bbs/View.do?cbIdx=65914&bcIdx=27831&parentSeq=27831
smartphone_overdependence,스마트폰 과의존 실태조사,2024,2024년 스마트폰 과의존 실태조사 보고서,smartphone_overdependence_2024_27831_file2.pdf,457,0,16,과의존,https://www.nia.or.kr/site/nia_kor/ex/bbs/View.do?cbIdx=65914&bcIdx=27831&parentSeq=27831
smartphone_overdependence,스마트폰 과의존 실태조사,2024,2024년 스마트폰 과의존 실태조사 보고서,smartphone_overdependence_2024_27831_file2.pdf,458,0,16,과의존,https://www.nia.or.kr/site/nia_kor/ex/bbs/View.do?cbIdx=65914&bcIdx=27831&parentSeq=27831
smartphone_overdependence,스마트폰 과의존 실태조사,2024,2024년 스마트폰 과의존 실태조사 보고서,smartphone_overdependence_2024_27831_file2.pdf,460,3,1,지능정보; 과의존,https://www.nia.or.kr/site/nia_kor/ex/bbs/View.do?cbIdx=65914&bcIdx=27831&parentSeq=27831
smartphone_overdependence,스마트폰 과의존 실태조사,2024,2024년 스마트폰 과의존 실태조사 보고서,smartphone_overdependence_2024_27831_file2.pdf,461,0,1,과의존,https://www.nia.or.kr/site/nia_kor/ex/bbs/View.do?cbIdx=65914&bcIdx=27831&parentSeq=27831
smartphone_overdependence,스마트폰 과의존 실태조사,2023,2023년 스마트폰 과의존 실태조사 보고서,smartphone_overdependence_2023_26508_file1.pdf,1,0,1,과의존,https://www.nia.or.kr/site/nia_kor/ex/bbs/View.do?cbIdx=65914&bcIdx=26508&parentSeq=26508
smartphone_overdependence,스마트폰 과의존 실태조사,2023,2023년 스마트폰 과의존 실태조사 보고서,smartphone_overdependence_2023_26508_file1.pdf,3,1,1,지능정보; 과의존,https://www.nia.or.kr/site/nia_kor/ex/bbs/View.do?cbIdx=65914&bcIdx=26508&parentSeq=26508
smartphone_overdependence,스마트폰 과의존 실태조사,2023,2023년 스마트폰 과의존 실태조사 보고서,smartphone_overdependence_2023_26508_file1.pdf,5,3,2,지능정보; 과의존,https://www.nia.or.kr/site/nia_kor/ex/bbs/View.do?cbIdx=65914&bcIdx=26508&parentSeq=26508
smartphone_overdependence,스마트폰 과의존 실태조사,2023,2023년 스마트폰 과의존 실태조사 보고서,smartphone_overdependence_2023_26508_file1.pdf,7,0,2,과의존,https://www.nia.or.kr/site/nia_kor/ex/bbs/View.do?cbIdx=65914&bcIdx=26508&parentSeq=26508
smartphone_overdependence,스마트폰 과의존 실태조사,2023,2023년 스마트폰 과의존 실태조사 보고서,smartphone_overdependence_2023_26508_file1.pdf,8,0,3,과의존,https://www.nia.or.kr/site/nia_kor/ex/bbs/View.do?cbIdx=65914&bcIdx=26508&parentSeq=26508
smartphone_overdependence,스마트폰 과의존 실태조사,2023,2023년 스마트폰 과의존 실태조사 보고서,smartphone_overdependence_2023_26508_file1.pdf,9,0,6,과의존,https://www.nia.or.kr/site/nia_kor/ex/bbs/View.do?cbIdx=65914&bcIdx=26508&parentSeq=26508
smartphone_overdependence,스마트폰 과의존 실태조사,2023,2023년 스마트폰 과의존 실태조사 보고서,smartphone_overdependence_2023_26508_file1.pdf,10,0,2,과의존,https://www.nia.or.kr/site/nia_kor/ex/bbs/View.do?cbIdx=65914&bcIdx=26508&parentSeq=26508
smartphone_overdependence,스마트폰 과의존 실태조사,2023,2023년 스마트폰 과의존 실태조사 보고서,smartphone_overdependence_2023_26508_file1.pdf,11,0,3,과의존,https://www.nia.or.kr/site/nia_kor/ex/bbs/View.do?cbIdx=65914&bcIdx=26508&parentSeq=26508
smartphone_overdependence,스마트폰 과의존 실태조사,2023,2023년 스마트폰 과의존 실태조사 보고서,smartphone_overdependence_2023_26508_file1.pdf,12,0,6,과의존,https://www.nia.or.kr/site/nia_kor/ex/bbs/View.do?cbIdx=65914&bcIdx=26508&parentSeq=26508
smartphone_overdependence,스마트폰 과의존 실태조사,2023,2023년 스마트폰 과의존 실태조사 보고서,smartphone_overdependence_2023_26508_file1.pdf,13,0,5,과의존,https://www.nia.or.kr/site/nia_kor/ex/bbs/View.do?cbIdx=65914&bcIdx=26508&parentSeq=26508
smartphone_overdependence,스마트폰 과의존 실태조사,2023,2023년 스마트폰 과의존 실태조사 보고서,smartphone_overdependence_2023_26508_file1.pdf,14,0,5,과의존,https://www.nia.or.kr/site/nia_kor/ex/bbs/View.do?cbIdx=65914&bcIdx=26508&parentSeq=26508
smartphone_overdependence,스마트폰 과의존 실태조사,2023,2023년 스마트폰 과의존 실태조사 보고서,smartphone_overdependence_2023_26508_file1.pdf,15,0,10,과의존,https://www.nia.or.kr/site/nia_kor/ex/bbs/View.do?cbIdx=65914&bcIdx=26508&parentSeq=26508
smartphone_overdependence,스마트폰 과의존 실태조사,2023,2023년 스마트폰 과의존 실태조사 보고서,smartphone_overdependence_2023_26508_file1.pdf,16,1,13,지능정보; 심리; 상담; 과의존,https://www.nia.or.kr/site/nia_kor/ex/bbs/View.do?cbIdx=65914&bcIdx=26508&parentSeq=26508
smartphone_overdependence,스마트폰 과의존 실태조사,2023,2023년 스마트폰 과의존 실태조사 보고서,smartphone_overdependence_2023_26508_file1.pdf,18,0,1,과의존,https://www.nia.or.kr/site/nia_kor/ex/bbs/View.do?cbIdx=65914&bcIdx=26508&parentSeq=26508
smartphone_overdependence,스마트폰 과의존 실태조사,2023,2023년 스마트폰 과의존 실태조사 보고서,smartphone_overdependence_2023_26508_file1.pdf,19,0,15,심리; 과의존,https://www.nia.or.kr/site/nia_kor/ex/bbs/View.do?cbIdx=65914&bcIdx=26508&parentSeq=26508
smartphone_overdependence,스마트폰 과의존 실태조사,2023,2023년 스마트폰 과의존 실태조사 보고서,smartphone_overdependence_2023_26508_file1.pdf,20,0,9,상담; 과의존,https://www.nia.or.kr/site/nia_kor/ex/bbs/View.do?cbIdx=65914&bcIdx=26508&parentSeq=26508
smartphone_overdependence,스마트폰 과의존 실태조사,2023,2023년 스마트폰 과의존 실태조사 보고서,smartphone_overdependence_2023_26508_file1.pdf,22,0,10,과의존,https://www.nia.or.kr/site/nia_kor/ex/bbs/View.do?cbIdx=65914&bcIdx=26508&parentSeq=26508
smartphone_overdependence,스마트폰 과의존 실태조사,2023,2023년 스마트폰 과의존 실태조사 보고서,smartphone_overdependence_2023_26508_file1.pdf,23,0,3,스트레스; 불안; 도움,https://www.nia.or.kr/site/nia_kor/ex/bbs/View.do?cbIdx=65914&bcIdx=26508&parentSeq=26508
smartphone_overdependence,스마트폰 과의존 실태조사,2023,2023년 스마트폰 과의존 실태조사 보고서,smartphone_overdependence_2023_26508_file1.pdf,24,0,23,상담; 과의존; 도움,https://www.nia.or.kr/site/nia_kor/ex/bbs/View.do?cbIdx=65914&bcIdx=26508&parentSeq=26508
smartphone_overdependence,스마트폰 과의존 실태조사,2023,2023년 스마트폰 과의존 실태조사 보고서,smartphone_overdependence_2023_26508_file1.pdf,25,0,1,과의존,https://www.nia.or.kr/site/nia_kor/ex/bbs/View.do?cbIdx=65914&bcIdx=26508&parentSeq=26508
smartphone_overdependence,스마트폰 과의존 실태조사,2023,2023년 스마트폰 과의존 실태조사 보고서,smartphone_overdependence_2023_26508_file1.pdf,26,0,24,심리; 과의존,https://www.nia.or.kr/site/nia_kor/ex/bbs/View.do?cbIdx=65914&bcIdx=26508&parentSeq=26508
smartphone_overdependence,스마트폰 과의존 실태조사,2023,2023년 스마트폰 과의존 실태조사 보고서,smartphone_overdependence_2023_26508_file1.pdf,27,0,20,스트레스; 불안; 과의존; 도움,https://www.nia.or.kr/site/nia_kor/ex/bbs/View.do?cbIdx=65914&bcIdx=26508&parentSeq=26508
smartphone_overdependence,스마트폰 과의존 실태조사,2023,2023년 스마트폰 과의존 실태조사 보고서,smartphone_overdependence_2023_26508_file1.pdf,28,0,9,과의존,https://www.nia.or.kr/site/nia_kor/ex/bbs/View.do?cbIdx=65914&bcIdx=26508&parentSeq=26508
smartphone_overdependence,스마트폰 과의존 실태조사,2023,2023년 스마트폰 과의존 실태조사 보고서,smartphone_overdependence_2023_26508_file1.pdf,29,0,15,상담; 과의존; 도움,https://www.nia.or.kr/site/nia_kor/ex/bbs/View.do?cbIdx=65914&bcIdx=26508&parentSeq=26508
smartphone_overdependence,스마트폰 과의존 실태조사,2023,2023년 스마트폰 과의존 실태조사 보고서,smartphone_overdependence_2023_26508_file1.pdf,32,0,1,과의존,https://www.nia.or.kr/site/nia_kor/ex/bbs/View.do?cbIdx=65914&bcIdx=26508&parentSeq=26508
smartphone_overdependence,스마트폰 과의존 실태조사,2023,2023년 스마트폰 과의존 실태조사 보고서,smartphone_overdependence_2023_26508_file1.pdf,33,6,14,지능정보; 중독; 과의존,https://www.nia.or.kr/site/nia_kor/ex/bbs/View.do?cbIdx=65914&bcIdx=26508&parentSeq=26508
smartphone_overdependence,스마트폰 과의존 실태조사,2023,2023년 스마트폰 과의존 실태조사 보고서,smartphone_overdependence_2023_26508_file1.pdf,34,1,0,지능정보,https://www.nia.or.kr/site/nia_kor/ex/bbs/View.do?cbIdx=65914&bcIdx=26508&parentSeq=26508
smartphone_overdependence,스마트폰 과의존 실태조사,2023,2023년 스마트폰 과의존 실태조사 보고서,smartphone_overdependence_2023_26508_file1.pdf,35,1,8,지능정보; 심리; 상담; 과의존,https://www.nia.or.kr/site/nia_kor/ex/bbs/View.do?cbIdx=65914&bcIdx=26508&parentSeq=26508
smartphone_overdependence,스마트폰 과의존 실태조사,2023,2023년 스마트폰 과의존 실태조사 보고서,smartphone_overdependence_2023_26508_file1.pdf,36,0,24,심리; 상담; 과의존; 도움,https://www.nia.or.kr/site/nia_kor/ex/bbs/View.do?cbIdx=65914&bcIdx=26508&parentSeq=26508
smartphone_overdependence,스마트폰 과의존 실태조사,2023,2023년 스마트폰 과의존 실태조사 보고서,smartphone_overdependence_2023_26508_file1.pdf,37,1,14,지능정보; 심리; 과의존,https://www.nia.or.kr/site/nia_kor/ex/bbs/View.do?cbIdx=65914&bcIdx=26508&parentSeq=26508
smartphone_overdependence,스마트폰 과의존 실태조사,2023,2023년 스마트폰 과의존 실태조사 보고서,smartphone_overdependence_2023_26508_file1.pdf,38,0,3,과의존,https://www.nia.or.kr/site/nia_kor/ex/bbs/View.do?cbIdx=65914&bcIdx=26508&parentSeq=26508
smartphone_overdependence,스마트폰 과의존 실태조사,2023,2023년 스마트폰 과의존 실태조사 보고서,smartphone_overdependence_2023_26508_file1.pdf,46,1,1,지능정보; 과의존,https://www.nia.or.kr/site/nia_kor/ex/bbs/View.do?cbIdx=65914&bcIdx=26508&parentSeq=26508
smartphone_overdependence,스마트폰 과의존 실태조사,2023,2023년 스마트폰 과의존 실태조사 보고서,smartphone_overdependence_2023_26508_file1.pdf,50,0,8,과의존,https://www.nia.or.kr/site/nia_kor/ex/bbs/View.do?cbIdx=65914&bcIdx=26508&parentSeq=26508
smartphone_overdependence,스마트폰 과의존 실태조사,2023,2023년 스마트폰 과의존 실태조사 보고서,smartphone_overdependence_2023_26508_file1.pdf,51,0,10,과의존,https://www.nia.or.kr/site/nia_kor/ex/bbs/View.do?cbIdx=65914&bcIdx=26508&parentSeq=26508
smartphone_overdependence,스마트폰 과의존 실태조사,2023,2023년 스마트폰 과의존 실태조사 보고서,smartphone_overdependence_2023_26508_file1.pdf,52,0,6,과의존,https://www.nia.or.kr/site/nia_kor/ex/bbs/View.do?cbIdx=65914&bcIdx=26508&parentSeq=26508
smartphone_overdependence,스마트폰 과의존 실태조사,2023,2023년 스마트폰 과의존 실태조사 보고서,smartphone_overdependence_2023_26508_file1.pdf,53,0,12,심리; 과의존,https://www.nia.or.kr/site/nia_kor/ex/bbs/View.do?cbIdx=65914&bcIdx=26508&parentSeq=26508
smartphone_overdependence,스마트폰 과의존 실태조사,2023,2023년 스마트폰 과의존 실태조사 보고서,smartphone_overdependence_2023_26508_file1.pdf,54,0,11,심리; 스트레스; 불안; 과의존,https://www.nia.or.kr/site/nia_kor/ex/bbs/View.do?cbIdx=65914&bcIdx=26508&parentSeq=26508
smartphone_overdependence,스마트폰 과의존 실태조사,2023,2023년 스마트폰 과의존 실태조사 보고서,smartphone_overdependence_2023_26508_file1.pdf,55,0,6,과의존,https://www.nia.or.kr/site/nia_kor/ex/bbs/View.do?cbIdx=65914&bcIdx=26508&parentSeq=26508
smartphone_overdependence,스마트폰 과의존 실태조사,2023,2023년 스마트폰 과의존 실태조사 보고서,smartphone_overdependence_2023_26508_file1.pdf,56,0,3,과의존,https://www.nia.or.kr/site/nia_kor/ex/bbs/View.do?cbIdx=65914&bcIdx=26508&parentSeq=26508
smartphone_overdependence,스마트폰 과의존 실태조사,2023,2023년 스마트폰 과의존 실태조사 보고서,smartphone_overdependence_2023_26508_file1.pdf,57,0,11,과의존,https://www.nia.or.kr/site/nia_kor/ex/bbs/View.do?cbIdx=65914&bcIdx=26508&parentSeq=26508
smartphone_overdependence,스마트폰 과의존 실태조사,2023,2023년 스마트폰 과의존 실태조사 보고서,smartphone_overdependence_2023_26508_file1.pdf,58,0,6,과의존,https://www.nia.or.kr/site/nia_kor/ex/bbs/View.do?cbIdx=65914&bcIdx=26508&parentSeq=26508
smartphone_overdependence,스마트폰 과의존 실태조사,2023,2023년 스마트폰 과의존 실태조사 보고서,smartphone_overdependence_2023_26508_file1.pdf,59,0,1,과의존,https://www.nia.or.kr/site/nia_kor/ex/bbs/View.do?cbIdx=65914&bcIdx=26508&parentSeq=26508
smartphone_overdependence,스마트폰 과의존 실태조사,2023,2023년 스마트폰 과의존 실태조사 보고서,smartphone_overdependence_2023_26508_file1.pdf,60,0,6,과의존,https://www.nia.or.kr/site/nia_kor/ex/bbs/View.do?cbIdx=65914&bcIdx=26508&parentSeq=26508
smartphone_overdependence,스마트폰 과의존 실태조사,2023,2023년 스마트폰 과의존 실태조사 보고서,smartphone_overdependence_2023_26508_file1.pdf,61,0,5,과의존,https://www.nia.or.kr/site/nia_kor/ex/bbs/View.do?cbIdx=65914&bcIdx=26508&parentSeq=26508
smartphone_overdependence,스마트폰 과의존 실태조사,2023,2023년 스마트폰 과의존 실태조사 보고서,smartphone_overdependence_2023_26508_file1.pdf,62,0,8,상담; 과의존,https://www.nia.or.kr/site/nia_kor/ex/bbs/View.do?cbIdx=65914&bcIdx=26508&parentSeq=26508
smartphone_overdependence,스마트폰 과의존 실태조사,2023,2023년 스마트폰 과의존 실태조사 보고서,smartphone_overdependence_2023_26508_file1.pdf,65,0,7,심리; 상담; 과의존,https://www.nia.or.kr/site/nia_kor/ex/bbs/View.do?cbIdx=65914&bcIdx=26508&parentSeq=26508
smartphone_overdependence,스마트폰 과의존 실태조사,2023,2023년 스마트폰 과의존 실태조사 보고서,smartphone_overdependence_2023_26508_file1.pdf,66,0,14,과의존,https://www.nia.or.kr/site/nia_kor/ex/bbs/View.do?cbIdx=65914&bcIdx=26508&parentSeq=26508
smartphone_overdependence,스마트폰 과의존 실태조사,2023,2023년 스마트폰 과의존 실태조사 보고서,smartphone_overdependence_2023_26508_file1.pdf,67,0,8,과의존,https://www.nia.or.kr/site/nia_kor/ex/bbs/View.do?cbIdx=65914&bcIdx=26508&parentSeq=26508
smartphone_overdependence,스마트폰 과의존 실태조사,2023,2023년 스마트폰 과의존 실태조사 보고서,smartphone_overdependence_2023_26508_file1.pdf,68,0,5,과의존,https://www.nia.or.kr/site/nia_kor/ex/bbs/View.do?cbIdx=65914&bcIdx=26508&parentSeq=26508
smartphone_overdependence,스마트폰 과의존 실태조사,2023,2023년 스마트폰 과의존 실태조사 보고서,smartphone_overdependence_2023_26508_file1.pdf,69,0,8,과의존,https://www.nia.or.kr/site/nia_kor/ex/bbs/View.do?cbIdx=65914&bcIdx=26508&parentSeq=26508
smartphone_overdependence,스마트폰 과의존 실태조사,2023,2023년 스마트폰 과의존 실태조사 보고서,smartphone_overdependence_2023_26508_file1.pdf,70,0,9,과의존,https://www.nia.or.kr/site/nia_kor/ex/bbs/View.do?cbIdx=65914&bcIdx=26508&parentSeq=26508
smartphone_overdependence,스마트폰 과의존 실태조사,2023,2023년 스마트폰 과의존 실태조사 보고서,smartphone_overdependence_2023_26508_file1.pdf,71,0,10,과의존,https://www.nia.or.kr/site/nia_kor/ex/bbs/View.do?cbIdx=65914&bcIdx=26508&parentSeq=26508
smartphone_overdependence,스마트폰 과의존 실태조사,2023,2023년 스마트폰 과의존 실태조사 보고서,smartphone_overdependence_2023_26508_file1.pdf,72,0,7,과의존,https://www.nia.or.kr/site/nia_kor/ex/bbs/View.do?cbIdx=65914&bcIdx=26508&parentSeq=26508
smartphone_overdependence,스마트폰 과의존 실태조사,2023,2023년 스마트폰 과의존 실태조사 보고서,smartphone_overdependence_2023_26508_file1.pdf,73,0,9,과의존,https://www.nia.or.kr/site/nia_kor/ex/bbs/View.do?cbIdx=65914&bcIdx=26508&parentSeq=26508
smartphone_overdependence,스마트폰 과의존 실태조사,2023,2023년 스마트폰 과의존 실태조사 보고서,smartphone_overdependence_2023_26508_file1.pdf,74,0,4,과의존,https://www.nia.or.kr/site/nia_kor/ex/bbs/View.do?cbIdx=65914&bcIdx=26508&parentSeq=26508
smartphone_overdependence,스마트폰 과의존 실태조사,2023,2023년 스마트폰 과의존 실태조사 보고서,smartphone_overdependence_2023_26508_file1.pdf,75,0,4,과의존,https://www.nia.or.kr/site/nia_kor/ex/bbs/View.do?cbIdx=65914&bcIdx=26508&parentSeq=26508
smartphone_overdependence,스마트폰 과의존 실태조사,2023,2023년 스마트폰 과의존 실태조사 보고서,smartphone_overdependence_2023_26508_file1.pdf,76,0,4,과의존,https://www.nia.or.kr/site/nia_kor/ex/bbs/View.do?cbIdx=65914&bcIdx=26508&parentSeq=26508
smartphone_overdependence,스마트폰 과의존 실태조사,2023,2023년 스마트폰 과의존 실태조사 보고서,smartphone_overdependence_2023_26508_file1.pdf,77,0,4,과의존,https://www.nia.or.kr/site/nia_kor/ex/bbs/View.do?cbIdx=65914&bcIdx=26508&parentSeq=26508
smartphone_overdependence,스마트폰 과의존 실태조사,2023,2023년 스마트폰 과의존 실태조사 보고서,smartphone_overdependence_2023_26508_file1.pdf,78,0,4,과의존,https://www.nia.or.kr/site/nia_kor/ex/bbs/View.do?cbIdx=65914&bcIdx=26508&parentSeq=26508
smartphone_overdependence,스마트폰 과의존 실태조사,2023,2023년 스마트폰 과의존 실태조사 보고서,smartphone_overdependence_2023_26508_file1.pdf,79,0,4,과의존,https://www.nia.or.kr/site/nia_kor/ex/bbs/View.do?cbIdx=65914&bcIdx=26508&parentSeq=26508
smartphone_overdependence,스마트폰 과의존 실태조사,2023,2023년 스마트폰 과의존 실태조사 보고서,smartphone_overdependence_2023_26508_file1.pdf,80,0,4,과의존,https://www.nia.or.kr/site/nia_kor/ex/bbs/View.do?cbIdx=65914&bcIdx=26508&parentSeq=26508
smartphone_overdependence,스마트폰 과의존 실태조사,2023,2023년 스마트폰 과의존 실태조사 보고서,smartphone_overdependence_2023_26508_file1.pdf,81,0,4,과의존,https://www.nia.or.kr/site/nia_kor/ex/bbs/View.do?cbIdx=65914&bcIdx=26508&parentSeq=26508
smartphone_overdependence,스마트폰 과의존 실태조사,2023,2023년 스마트폰 과의존 실태조사 보고서,smartphone_overdependence_2023_26508_file1.pdf,82,0,4,과의존,https://www.nia.or.kr/site/nia_kor/ex/bbs/View.do?cbIdx=65914&bcIdx=26508&parentSeq=26508
smartphone_overdependence,스마트폰 과의존 실태조사,2023,2023년 스마트폰 과의존 실태조사 보고서,smartphone_overdependence_2023_26508_file1.pdf,83,0,4,과의존,https://www.nia.or.kr/site/nia_kor/ex/bbs/View.do?cbIdx=65914&bcIdx=26508&parentSeq=26508
smartphone_overdependence,스마트폰 과의존 실태조사,2023,2023년 스마트폰 과의존 실태조사 보고서,smartphone_overdependence_2023_26508_file1.pdf,84,0,4,과의존,https://www.nia.or.kr/site/nia_kor/ex/bbs/View.do?cbIdx=65914&bcIdx=26508&parentSeq=26508
smartphone_overdependence,스마트폰 과의존 실태조사,2023,2023년 스마트폰 과의존 실태조사 보고서,smartphone_overdependence_2023_26508_file1.pdf,85,0,4,과의존,https://www.nia.or.kr/site/nia_kor/ex/bbs/View.do?cbIdx=65914&bcIdx=26508&parentSeq=26508
smartphone_overdependence,스마트폰 과의존 실태조사,2023,2023년 스마트폰 과의존 실태조사 보고서,smartphone_overdependence_2023_26508_file1.pdf,86,0,4,과의존,https://www.nia.or.kr/site/nia_kor/ex/bbs/View.do?cbIdx=65914&bcIdx=26508&parentSeq=26508
smartphone_overdependence,스마트폰 과의존 실태조사,2023,2023년 스마트폰 과의존 실태조사 보고서,smartphone_overdependence_2023_26508_file1.pdf,87,0,4,과의존,https://www.nia.or.kr/site/nia_kor/ex/bbs/View.do?cbIdx=65914&bcIdx=26508&parentSeq=26508
smartphone_overdependence,스마트폰 과의존 실태조사,2023,2023년 스마트폰 과의존 실태조사 보고서,smartphone_overdependence_2023_26508_file1.pdf,88,0,4,과의존,https://www.nia.or.kr/site/nia_kor/ex/bbs/View.do?cbIdx=65914&bcIdx=26508&parentSeq=26508
smartphone_overdependence,스마트폰 과의존 실태조사,2023,2023년 스마트폰 과의존 실태조사 보고서,smartphone_overdependence_2023_26508_file1.pdf,89,0,4,과의존,https://www.nia.or.kr/site/nia_kor/ex/bbs/View.do?cbIdx=65914&bcIdx=26508&parentSeq=26508
smartphone_overdependence,스마트폰 과의존 실태조사,2023,2023년 스마트폰 과의존 실태조사 보고서,smartphone_overdependence_2023_26508_file1.pdf,90,0,4,과의존,https://www.nia.or.kr/site/nia_kor/ex/bbs/View.do?cbIdx=65914&bcIdx=26508&parentSeq=26508
smartphone_overdependence,스마트폰 과의존 실태조사,2023,2023년 스마트폰 과의존 실태조사 보고서,smartphone_overdependence_2023_26508_file1.pdf,91,0,2,과의존,https://www.nia.or.kr/site/nia_kor/ex/bbs/View.do?cbIdx=65914&bcIdx=26508&parentSeq=26508
smartphone_overdependence,스마트폰 과의존 실태조사,2023,2023년 스마트폰 과의존 실태조사 보고서,smartphone_overdependence_2023_26508_file1.pdf,92,0,3,과의존,https://www.nia.or.kr/site/nia_kor/ex/bbs/View.do?cbIdx=65914&bcIdx=26508&parentSeq=26508
smartphone_overdependence,스마트폰 과의존 실태조사,2023,2023년 스마트폰 과의존 실태조사 보고서,smartphone_overdependence_2023_26508_file1.pdf,93,0,3,과의존,https://www.nia.or.kr/site/nia_kor/ex/bbs/View.do?cbIdx=65914&bcIdx=26508&parentSeq=26508
smartphone_overdependence,스마트폰 과의존 실태조사,2023,2023년 스마트폰 과의존 실태조사 보고서,smartphone_overdependence_2023_26508_file1.pdf,94,0,3,과의존,https://www.nia.or.kr/site/nia_kor/ex/bbs/View.do?cbIdx=65914&bcIdx=26508&parentSeq=26508
smartphone_overdependence,스마트폰 과의존 실태조사,2023,2023년 스마트폰 과의존 실태조사 보고서,smartphone_overdependence_2023_26508_file1.pdf,95,0,3,과의존,https://www.nia.or.kr/site/nia_kor/ex/bbs/View.do?cbIdx=65914&bcIdx=26508&parentSeq=26508
smartphone_overdependence,스마트폰 과의존 실태조사,2023,2023년 스마트폰 과의존 실태조사 보고서,smartphone_overdependence_2023_26508_file1.pdf,96,0,12,심리; 불안; 과의존,https://www.nia.or.kr/site/nia_kor/ex/bbs/View.do?cbIdx=65914&bcIdx=26508&parentSeq=26508
smartphone_overdependence,스마트폰 과의존 실태조사,2023,2023년 스마트폰 과의존 실태조사 보고서,smartphone_overdependence_2023_26508_file1.pdf,97,0,4,과의존,https://www.nia.or.kr/site/nia_kor/ex/bbs/View.do?cbIdx=65914&bcIdx=26508&parentSeq=26508
smartphone_overdependence,스마트폰 과의존 실태조사,2023,2023년 스마트폰 과의존 실태조사 보고서,smartphone_overdependence_2023_26508_file1.pdf,98,0,5,우울; 과의존,https://www.nia.or.kr/site/nia_kor/ex/bbs/View.do?cbIdx=65914&bcIdx=26508&parentSeq=26508
smartphone_overdependence,스마트폰 과의존 실태조사,2023,2023년 스마트폰 과의존 실태조사 보고서,smartphone_overdependence_2023_26508_file1.pdf,99,0,5,과의존,https://www.nia.or.kr/site/nia_kor/ex/bbs/View.do?cbIdx=65914&bcIdx=26508&parentSeq=26508
smartphone_overdependence,스마트폰 과의존 실태조사,2023,2023년 스마트폰 과의존 실태조사 보고서,smartphone_overdependence_2023_26508_file1.pdf,100,0,4,과의존,https://www.nia.or.kr/site/nia_kor/ex/bbs/View.do?cbIdx=65914&bcIdx=26508&parentSeq=26508
smartphone_overdependence,스마트폰 과의존 실태조사,2023,2023년 스마트폰 과의존 실태조사 보고서,smartphone_overdependence_2023_26508_file1.pdf,101,0,4,과의존,https://www.nia.or.kr/site/nia_kor/ex/bbs/View.do?cbIdx=65914&bcIdx=26508&parentSeq=26508
smartphone_overdependence,스마트폰 과의존 실태조사,2023,2023년 스마트폰 과의존 실태조사 보고서,smartphone_overdependence_2023_26508_file1.pdf,102,0,10,스트레스; 과의존,https://www.nia.or.kr/site/nia_kor/ex/bbs/View.do?cbIdx=65914&bcIdx=26508&parentSeq=26508
smartphone_overdependence,스마트폰 과의존 실태조사,2023,2023년 스마트폰 과의존 실태조사 보고서,smartphone_overdependence_2023_26508_file1.pdf,103,0,1,과의존,https://www.nia.or.kr/site/nia_kor/ex/bbs/View.do?cbIdx=65914&bcIdx=26508&parentSeq=26508
smartphone_overdependence,스마트폰 과의존 실태조사,2023,2023년 스마트폰 과의존 실태조사 보고서,smartphone_overdependence_2023_26508_file1.pdf,104,0,4,과의존,https://www.nia.or.kr/site/nia_kor/ex/bbs/View.do?cbIdx=65914&bcIdx=26508&parentSeq=26508
smartphone_overdependence,스마트폰 과의존 실태조사,2023,2023년 스마트폰 과의존 실태조사 보고서,smartphone_overdependence_2023_26508_file1.pdf,105,0,1,과의존,https://www.nia.or.kr/site/nia_kor/ex/bbs/View.do?cbIdx=65914&bcIdx=26508&parentSeq=26508
smartphone_overdependence,스마트폰 과의존 실태조사,2023,2023년 스마트폰 과의존 실태조사 보고서,smartphone_overdependence_2023_26508_file1.pdf,106,0,4,과의존,https://www.nia.or.kr/site/nia_kor/ex/bbs/View.do?cbIdx=65914&bcIdx=26508&parentSeq=26508
smartphone_overdependence,스마트폰 과의존 실태조사,2023,2023년 스마트폰 과의존 실태조사 보고서,smartphone_overdependence_2023_26508_file1.pdf,107,0,8,과의존; 도움,https://www.nia.or.kr/site/nia_kor/ex/bbs/View.do?cbIdx=65914&bcIdx=26508&parentSeq=26508
smartphone_overdependence,스마트폰 과의존 실태조사,2023,2023년 스마트폰 과의존 실태조사 보고서,smartphone_overdependence_2023_26508_file1.pdf,108,0,4,과의존,https://www.nia.or.kr/site/nia_kor/ex/bbs/View.do?cbIdx=65914&bcIdx=26508&parentSeq=26508
smartphone_overdependence,스마트폰 과의존 실태조사,2023,2023년 스마트폰 과의존 실태조사 보고서,smartphone_overdependence_2023_26508_file1.pdf,109,0,5,과의존,https://www.nia.or.kr/site/nia_kor/ex/bbs/View.do?cbIdx=65914&bcIdx=26508&parentSeq=26508
smartphone_overdependence,스마트폰 과의존 실태조사,2023,2023년 스마트폰 과의존 실태조사 보고서,smartphone_overdependence_2023_26508_file1.pdf,110,0,1,과의존,https://www.nia.or.kr/site/nia_kor/ex/bbs/View.do?cbIdx=65914&bcIdx=26508&parentSeq=26508
smartphone_overdependence,스마트폰 과의존 실태조사,2023,2023년 스마트폰 과의존 실태조사 보고서,smartphone_overdependence_2023_26508_file1.pdf,111,0,4,과의존,https://www.nia.or.kr/site/nia_kor/ex/bbs/View.do?cbIdx=65914&bcIdx=26508&parentSeq=26508
smartphone_overdependence,스마트폰 과의존 실태조사,2023,2023년 스마트폰 과의존 실태조사 보고서,smartphone_overdependence_2023_26508_file1.pdf,112,0,6,과의존; 폭력,https://www.nia.or.kr/site/nia_kor/ex/bbs/View.do?cbIdx=65914&bcIdx=26508&parentSeq=26508
smartphone_overdependence,스마트폰 과의존 실태조사,2023,2023년 스마트폰 과의존 실태조사 보고서,smartphone_overdependence_2023_26508_file1.pdf,113,0,3,과의존,https://www.nia.or.kr/site/nia_kor/ex/bbs/View.do?cbIdx=65914&bcIdx=26508&parentSeq=26508
smartphone_overdependence,스마트폰 과의존 실태조사,2023,2023년 스마트폰 과의존 실태조사 보고서,smartphone_overdependence_2023_26508_file1.pdf,114,0,4,과의존,https://www.nia.or.kr/site/nia_kor/ex/bbs/View.do?cbIdx=65914&bcIdx=26508&parentSeq=26508
smartphone_overdependence,스마트폰 과의존 실태조사,2023,2023년 스마트폰 과의존 실태조사 보고서,smartphone_overdependence_2023_26508_file1.pdf,115,0,3,과의존,https://www.nia.or.kr/site/nia_kor/ex/bbs/View.do?cbIdx=65914&bcIdx=26508&parentSeq=26508
smartphone_overdependence,스마트폰 과의존 실태조사,2023,2023년 스마트폰 과의존 실태조사 보고서,smartphone_overdependence_2023_26508_file1.pdf,116,0,5,과의존,https://www.nia.or.kr/site/nia_kor/ex/bbs/View.do?cbIdx=65914&bcIdx=26508&parentSeq=26508
smartphone_overdependence,스마트폰 과의존 실태조사,2023,2023년 스마트폰 과의존 실태조사 보고서,smartphone_overdependence_2023_26508_file1.pdf,117,0,4,과의존,https://www.nia.or.kr/site/nia_kor/ex/bbs/View.do?cbIdx=65914&bcIdx=26508&parentSeq=26508
smartphone_overdependence,스마트폰 과의존 실태조사,2023,2023년 스마트폰 과의존 실태조사 보고서,smartphone_overdependence_2023_26508_file1.pdf,118,0,3,과의존,https://www.nia.or.kr/site/nia_kor/ex/bbs/View.do?cbIdx=65914&bcIdx=26508&parentSeq=26508
smartphone_overdependence,스마트폰 과의존 실태조사,2023,2023년 스마트폰 과의존 실태조사 보고서,smartphone_overdependence_2023_26508_file1.pdf,119,0,3,과의존,https://www.nia.or.kr/site/nia_kor/ex/bbs/View.do?cbIdx=65914&bcIdx=26508&parentSeq=26508
smartphone_overdependence,스마트폰 과의존 실태조사,2023,2023년 스마트폰 과의존 실태조사 보고서,smartphone_overdependence_2023_26508_file1.pdf,120,0,3,과의존,https://www.nia.or.kr/site/nia_kor/ex/bbs/View.do?cbIdx=65914&bcIdx=26508&parentSeq=26508
smartphone_overdependence,스마트폰 과의존 실태조사,2023,2023년 스마트폰 과의존 실태조사 보고서,smartphone_overdependence_2023_26508_file1.pdf,121,0,3,과의존,https://www.nia.or.kr/site/nia_kor/ex/bbs/View.do?cbIdx=65914&bcIdx=26508&parentSeq=26508
smartphone_overdependence,스마트폰 과의존 실태조사,2023,2023년 스마트폰 과의존 실태조사 보고서,smartphone_overdependence_2023_26508_file1.pdf,122,0,3,과의존,https://www.nia.or.kr/site/nia_kor/ex/bbs/View.do?cbIdx=65914&bcIdx=26508&parentSeq=26508
smartphone_overdependence,스마트폰 과의존 실태조사,2023,2023년 스마트폰 과의존 실태조사 보고서,smartphone_overdependence_2023_26508_file1.pdf,123,0,3,과의존,https://www.nia.or.kr/site/nia_kor/ex/bbs/View.do?cbIdx=65914&bcIdx=26508&parentSeq=26508
smartphone_overdependence,스마트폰 과의존 실태조사,2023,2023년 스마트폰 과의존 실태조사 보고서,smartphone_overdependence_2023_26508_file1.pdf,124,0,3,과의존,https://www.nia.or.kr/site/nia_kor/ex/bbs/View.do?cbIdx=65914&bcIdx=26508&parentSeq=26508
smartphone_overdependence,스마트폰 과의존 실태조사,2023,2023년 스마트폰 과의존 실태조사 보고서,smartphone_overdependence_2023_26508_file1.pdf,125,0,3,과의존,https://www.nia.or.kr/site/nia_kor/ex/bbs/View.do?cbIdx=65914&bcIdx=26508&parentSeq=26508
smartphone_overdependence,스마트폰 과의존 실태조사,2023,2023년 스마트폰 과의존 실태조사 보고서,smartphone_overdependence_2023_26508_file1.pdf,126,0,3,과의존,https://www.nia.or.kr/site/nia_kor/ex/bbs/View.do?cbIdx=65914&bcIdx=26508&parentSeq=26508
smartphone_overdependence,스마트폰 과의존 실태조사,2023,2023년 스마트폰 과의존 실태조사 보고서,smartphone_overdependence_2023_26508_file1.pdf,127,0,3,과의존,https://www.nia.or.kr/site/nia_kor/ex/bbs/View.do?cbIdx=65914&bcIdx=26508&parentSeq=26508
smartphone_overdependence,스마트폰 과의존 실태조사,2023,2023년 스마트폰 과의존 실태조사 보고서,smartphone_overdependence_2023_26508_file1.pdf,128,0,3,과의존,https://www.nia.or.kr/site/nia_kor/ex/bbs/View.do?cbIdx=65914&bcIdx=26508&parentSeq=26508
smartphone_overdependence,스마트폰 과의존 실태조사,2023,2023년 스마트폰 과의존 실태조사 보고서,smartphone_overdependence_2023_26508_file1.pdf,129,0,3,과의존,https://www.nia.or.kr/site/nia_kor/ex/bbs/View.do?cbIdx=65914&bcIdx=26508&parentSeq=26508
smartphone_overdependence,스마트폰 과의존 실태조사,2023,2023년 스마트폰 과의존 실태조사 보고서,smartphone_overdependence_2023_26508_file1.pdf,130,0,3,과의존,https://www.nia.or.kr/site/nia_kor/ex/bbs/View.do?cbIdx=65914&bcIdx=26508&parentSeq=26508
smartphone_overdependence,스마트폰 과의존 실태조사,2023,2023년 스마트폰 과의존 실태조사 보고서,smartphone_overdependence_2023_26508_file1.pdf,131,0,3,과의존,https://www.nia.or.kr/site/nia_kor/ex/bbs/View.do?cbIdx=65914&bcIdx=26508&parentSeq=26508
smartphone_overdependence,스마트폰 과의존 실태조사,2023,2023년 스마트폰 과의존 실태조사 보고서,smartphone_overdependence_2023_26508_file1.pdf,132,0,3,과의존,https://www.nia.or.kr/site/nia_kor/ex/bbs/View.do?cbIdx=65914&bcIdx=26508&parentSeq=26508
smartphone_overdependence,스마트폰 과의존 실태조사,2023,2023년 스마트폰 과의존 실태조사 보고서,smartphone_overdependence_2023_26508_file1.pdf,133,0,3,과의존,https://www.nia.or.kr/site/nia_kor/ex/bbs/View.do?cbIdx=65914&bcIdx=26508&parentSeq=26508
smartphone_overdependence,스마트폰 과의존 실태조사,2023,2023년 스마트폰 과의존 실태조사 보고서,smartphone_overdependence_2023_26508_file1.pdf,134,0,9,과의존,https://www.nia.or.kr/site/nia_kor/ex/bbs/View.do?cbIdx=65914&bcIdx=26508&parentSeq=26508
smartphone_overdependence,스마트폰 과의존 실태조사,2023,2023년 스마트폰 과의존 실태조사 보고서,smartphone_overdependence_2023_26508_file1.pdf,135,0,7,과의존,https://www.nia.or.kr/site/nia_kor/ex/bbs/View.do?cbIdx=65914&bcIdx=26508&parentSeq=26508
smartphone_overdependence,스마트폰 과의존 실태조사,2023,2023년 스마트폰 과의존 실태조사 보고서,smartphone_overdependence_2023_26508_file1.pdf,136,0,8,과의존,https://www.nia.or.kr/site/nia_kor/ex/bbs/View.do?cbIdx=65914&bcIdx=26508&parentSeq=26508
smartphone_overdependence,스마트폰 과의존 실태조사,2023,2023년 스마트폰 과의존 실태조사 보고서,smartphone_overdependence_2023_26508_file1.pdf,137,0,8,과의존,https://www.nia.or.kr/site/nia_kor/ex/bbs/View.do?cbIdx=65914&bcIdx=26508&parentSeq=26508
smartphone_overdependence,스마트폰 과의존 실태조사,2023,2023년 스마트폰 과의존 실태조사 보고서,smartphone_overdependence_2023_26508_file1.pdf,138,0,9,과의존; 도움,https://www.nia.or.kr/site/nia_kor/ex/bbs/View.do?cbIdx=65914&bcIdx=26508&parentSeq=26508
smartphone_overdependence,스마트폰 과의존 실태조사,2023,2023년 스마트폰 과의존 실태조사 보고서,smartphone_overdependence_2023_26508_file1.pdf,139,0,10,스트레스; 과의존,https://www.nia.or.kr/site/nia_kor/ex/bbs/View.do?cbIdx=65914&bcIdx=26508&parentSeq=26508
smartphone_overdependence,스마트폰 과의존 실태조사,2023,2023년 스마트폰 과의존 실태조사 보고서,smartphone_overdependence_2023_26508_file1.pdf,140,0,8,과의존,https://www.nia.or.kr/site/nia_kor/ex/bbs/View.do?cbIdx=65914&bcIdx=26508&parentSeq=26508
smartphone_overdependence,스마트폰 과의존 실태조사,2023,2023년 스마트폰 과의존 실태조사 보고서,smartphone_overdependence_2023_26508_file1.pdf,141,0,9,상담; 과의존,https://www.nia.or.kr/site/nia_kor/ex/bbs/View.do?cbIdx=65914&bcIdx=26508&parentSeq=26508
smartphone_overdependence,스마트폰 과의존 실태조사,2023,2023년 스마트폰 과의존 실태조사 보고서,smartphone_overdependence_2023_26508_file1.pdf,142,0,7,과의존,https://www.nia.or.kr/site/nia_kor/ex/bbs/View.do?cbIdx=65914&bcIdx=26508&parentSeq=26508
smartphone_overdependence,스마트폰 과의존 실태조사,2023,2023년 스마트폰 과의존 실태조사 보고서,smartphone_overdependence_2023_26508_file1.pdf,143,0,5,과의존,https://www.nia.or.kr/site/nia_kor/ex/bbs/View.do?cbIdx=65914&bcIdx=26508&parentSeq=26508
smartphone_overdependence,스마트폰 과의존 실태조사,2023,2023년 스마트폰 과의존 실태조사 보고서,smartphone_overdependence_2023_26508_file1.pdf,144,0,5,과의존,https://www.nia.or.kr/site/nia_kor/ex/bbs/View.do?cbIdx=65914&bcIdx=26508&parentSeq=26508
smartphone_overdependence,스마트폰 과의존 실태조사,2023,2023년 스마트폰 과의존 실태조사 보고서,smartphone_overdependence_2023_26508_file1.pdf,145,0,9,상담; 과의존,https://www.nia.or.kr/site/nia_kor/ex/bbs/View.do?cbIdx=65914&bcIdx=26508&parentSeq=26508
smartphone_overdependence,스마트폰 과의존 실태조사,2023,2023년 스마트폰 과의존 실태조사 보고서,smartphone_overdependence_2023_26508_file1.pdf,146,0,21,과의존; 도움,https://www.nia.or.kr/site/nia_kor/ex/bbs/View.do?cbIdx=65914&bcIdx=26508&parentSeq=26508
smartphone_overdependence,스마트폰 과의존 실태조사,2023,2023년 스마트폰 과의존 실태조사 보고서,smartphone_overdependence_2023_26508_file1.pdf,147,0,6,과의존,https://www.nia.or.kr/site/nia_kor/ex/bbs/View.do?cbIdx=65914&bcIdx=26508&parentSeq=26508
smartphone_overdependence,스마트폰 과의존 실태조사,2023,2023년 스마트폰 과의존 실태조사 보고서,smartphone_overdependence_2023_26508_file1.pdf,148,0,12,상담; 과의존,https://www.nia.or.kr/site/nia_kor/ex/bbs/View.do?cbIdx=65914&bcIdx=26508&parentSeq=26508
smartphone_overdependence,스마트폰 과의존 실태조사,2023,2023년 스마트폰 과의존 실태조사 보고서,smartphone_overdependence_2023_26508_file1.pdf,149,0,15,상담; 과의존,https://www.nia.or.kr/site/nia_kor/ex/bbs/View.do?cbIdx=65914&bcIdx=26508&parentSeq=26508
smartphone_overdependence,스마트폰 과의존 실태조사,2023,2023년 스마트폰 과의존 실태조사 보고서,smartphone_overdependence_2023_26508_file1.pdf,150,0,22,상담; 과의존; 도움,https://www.nia.or.kr/site/nia_kor/ex/bbs/View.do?cbIdx=65914&bcIdx=26508&parentSeq=26508
smartphone_overdependence,스마트폰 과의존 실태조사,2023,2023년 스마트폰 과의존 실태조사 보고서,smartphone_overdependence_2023_26508_file1.pdf,151,0,13,상담; 과의존; 도움,https://www.nia.or.kr/site/nia_kor/ex/bbs/View.do?cbIdx=65914&bcIdx=26508&parentSeq=26508
smartphone_overdependence,스마트폰 과의존 실태조사,2023,2023년 스마트폰 과의존 실태조사 보고서,smartphone_overdependence_2023_26508_file1.pdf,152,0,5,상담; 과의존,https://www.nia.or.kr/site/nia_kor/ex/bbs/View.do?cbIdx=65914&bcIdx=26508&parentSeq=26508
smartphone_overdependence,스마트폰 과의존 실태조사,2023,2023년 스마트폰 과의존 실태조사 보고서,smartphone_overdependence_2023_26508_file1.pdf,153,0,10,상담; 과의존,https://www.nia.or.kr/site/nia_kor/ex/bbs/View.do?cbIdx=65914&bcIdx=26508&parentSeq=26508
smartphone_overdependence,스마트폰 과의존 실태조사,2023,2023년 스마트폰 과의존 실태조사 보고서,smartphone_overdependence_2023_26508_file1.pdf,154,0,3,과의존,https://www.nia.or.kr/site/nia_kor/ex/bbs/View.do?cbIdx=65914&bcIdx=26508&parentSeq=26508
smartphone_overdependence,스마트폰 과의존 실태조사,2023,2023년 스마트폰 과의존 실태조사 보고서,smartphone_overdependence_2023_26508_file1.pdf,155,0,3,과의존,https://www.nia.or.kr/site/nia_kor/ex/bbs/View.do?cbIdx=65914&bcIdx=26508&parentSeq=26508
smartphone_overdependence,스마트폰 과의존 실태조사,2023,2023년 스마트폰 과의존 실태조사 보고서,smartphone_overdependence_2023_26508_file1.pdf,156,0,3,과의존,https://www.nia.or.kr/site/nia_kor/ex/bbs/View.do?cbIdx=65914&bcIdx=26508&parentSeq=26508
smartphone_overdependence,스마트폰 과의존 실태조사,2023,2023년 스마트폰 과의존 실태조사 보고서,smartphone_overdependence_2023_26508_file1.pdf,157,0,3,과의존,https://www.nia.or.kr/site/nia_kor/ex/bbs/View.do?cbIdx=65914&bcIdx=26508&parentSeq=26508
smartphone_overdependence,스마트폰 과의존 실태조사,2023,2023년 스마트폰 과의존 실태조사 보고서,smartphone_overdependence_2023_26508_file1.pdf,158,0,3,과의존,https://www.nia.or.kr/site/nia_kor/ex/bbs/View.do?cbIdx=65914&bcIdx=26508&parentSeq=26508
smartphone_overdependence,스마트폰 과의존 실태조사,2023,2023년 스마트폰 과의존 실태조사 보고서,smartphone_overdependence_2023_26508_file1.pdf,159,0,3,과의존,https://www.nia.or.kr/site/nia_kor/ex/bbs/View.do?cbIdx=65914&bcIdx=26508&parentSeq=26508
smartphone_overdependence,스마트폰 과의존 실태조사,2023,2023년 스마트폰 과의존 실태조사 보고서,smartphone_overdependence_2023_26508_file1.pdf,160,0,4,과의존,https://www.nia.or.kr/site/nia_kor/ex/bbs/View.do?cbIdx=65914&bcIdx=26508&parentSeq=26508
smartphone_overdependence,스마트폰 과의존 실태조사,2023,2023년 스마트폰 과의존 실태조사 보고서,smartphone_overdependence_2023_26508_file1.pdf,161,0,3,과의존,https://www.nia.or.kr/site/nia_kor/ex/bbs/View.do?cbIdx=65914&bcIdx=26508&parentSeq=26508
smartphone_overdependence,스마트폰 과의존 실태조사,2023,2023년 스마트폰 과의존 실태조사 보고서,smartphone_overdependence_2023_26508_file1.pdf,162,0,8,과의존,https://www.nia.or.kr/site/nia_kor/ex/bbs/View.do?cbIdx=65914&bcIdx=26508&parentSeq=26508
smartphone_overdependence,스마트폰 과의존 실태조사,2023,2023년 스마트폰 과의존 실태조사 보고서,smartphone_overdependence_2023_26508_file1.pdf,163,0,3,과의존,https://www.nia.or.kr/site/nia_kor/ex/bbs/View.do?cbIdx=65914&bcIdx=26508&parentSeq=26508
smartphone_overdependence,스마트폰 과의존 실태조사,2023,2023년 스마트폰 과의존 실태조사 보고서,smartphone_overdependence_2023_26508_file1.pdf,164,0,3,과의존,https://www.nia.or.kr/site/nia_kor/ex/bbs/View.do?cbIdx=65914&bcIdx=26508&parentSeq=26508
smartphone_overdependence,스마트폰 과의존 실태조사,2023,2023년 스마트폰 과의존 실태조사 보고서,smartphone_overdependence_2023_26508_file1.pdf,165,0,3,과의존,https://www.nia.or.kr/site/nia_kor/ex/bbs/View.do?cbIdx=65914&bcIdx=26508&parentSeq=26508
smartphone_overdependence,스마트폰 과의존 실태조사,2023,2023년 스마트폰 과의존 실태조사 보고서,smartphone_overdependence_2023_26508_file1.pdf,168,0,24,심리; 상담; 과의존; 도움,https://www.nia.or.kr/site/nia_kor/ex/bbs/View.do?cbIdx=65914&bcIdx=26508&parentSeq=26508
smartphone_overdependence,스마트폰 과의존 실태조사,2023,2023년 스마트폰 과의존 실태조사 보고서,smartphone_overdependence_2023_26508_file1.pdf,169,0,1,과의존,https://www.nia.or.kr/site/nia_kor/ex/bbs/View.do?cbIdx=65914&bcIdx=26508&parentSeq=26508
smartphone_overdependence,스마트폰 과의존 실태조사,2023,2023년 스마트폰 과의존 실태조사 보고서,smartphone_overdependence_2023_26508_file1.pdf,172,5,2,지능정보; 과의존,https://www.nia.or.kr/site/nia_kor/ex/bbs/View.do?cbIdx=65914&bcIdx=26508&parentSeq=26508
smartphone_overdependence,스마트폰 과의존 실태조사,2023,2023년 스마트폰 과의존 실태조사 보고서,smartphone_overdependence_2023_26508_file1.pdf,174,5,2,지능정보; 과의존,https://www.nia.or.kr/site/nia_kor/ex/bbs/View.do?cbIdx=65914&bcIdx=26508&parentSeq=26508
smartphone_overdependence,스마트폰 과의존 실태조사,2023,2023년 스마트폰 과의존 실태조사 보고서,smartphone_overdependence_2023_26508_file1.pdf,175,0,2,도움,https://www.nia.or.kr/site/nia_kor/ex/bbs/View.do?cbIdx=65914&bcIdx=26508&parentSeq=26508
smartphone_overdependence,스마트폰 과의존 실태조사,2023,2023년 스마트폰 과의존 실태조사 보고서,smartphone_overdependence_2023_26508_file1.pdf,177,0,6,심리; 스트레스; 우울; 불안; 폭력,https://www.nia.or.kr/site/nia_kor/ex/bbs/View.do?cbIdx=65914&bcIdx=26508&parentSeq=26508
smartphone_overdependence,스마트폰 과의존 실태조사,2023,2023년 스마트폰 과의존 실태조사 보고서,smartphone_overdependence_2023_26508_file1.pdf,178,0,24,상담; 중독; 과의존; 도움,https://www.nia.or.kr/site/nia_kor/ex/bbs/View.do?cbIdx=65914&bcIdx=26508&parentSeq=26508
smartphone_overdependence,스마트폰 과의존 실태조사,2023,2023년 스마트폰 과의존 실태조사 보고서,smartphone_overdependence_2023_26508_file1.pdf,179,0,13,상담; 스트레스; 과의존; 도움,https://www.nia.or.kr/site/nia_kor/ex/bbs/View.do?cbIdx=65914&bcIdx=26508&parentSeq=26508
smartphone_overdependence,스마트폰 과의존 실태조사,2023,2023년 스마트폰 과의존 실태조사 보고서,smartphone_overdependence_2023_26508_file1.pdf,180,0,1,심리,https://www.nia.or.kr/site/nia_kor/ex/bbs/View.do?cbIdx=65914&bcIdx=26508&parentSeq=26508
smartphone_overdependence,스마트폰 과의존 실태조사,2023,2023년 스마트폰 과의존 실태조사 보고서,smartphone_overdependence_2023_26508_file1.pdf,181,0,3,상담,https://www.nia.or.kr/site/nia_kor/ex/bbs/View.do?cbIdx=65914&bcIdx=26508&parentSeq=26508
smartphone_overdependence,스마트폰 과의존 실태조사,2023,2023년 스마트폰 과의존 실태조사 보고서,smartphone_overdependence_2023_26508_file1.pdf,182,0,2,과의존,https://www.nia.or.kr/site/nia_kor/ex/bbs/View.do?cbIdx=65914&bcIdx=26508&parentSeq=26508
smartphone_overdependence,스마트폰 과의존 실태조사,2023,2023년 스마트폰 과의존 실태조사 보고서,smartphone_overdependence_2023_26508_file1.pdf,186,0,11,과의존; 도움,https://www.nia.or.kr/site/nia_kor/ex/bbs/View.do?cbIdx=65914&bcIdx=26508&parentSeq=26508
smartphone_overdependence,스마트폰 과의존 실태조사,2023,2023년 스마트폰 과의존 실태조사 보고서,smartphone_overdependence_2023_26508_file1.pdf,188,0,10,스트레스; 우울; 불안; 과의존,https://www.nia.or.kr/site/nia_kor/ex/bbs/View.do?cbIdx=65914&bcIdx=26508&parentSeq=26508
smartphone_overdependence,스마트폰 과의존 실태조사,2023,2023년 스마트폰 과의존 실태조사 보고서,smartphone_overdependence_2023_26508_file1.pdf,189,0,22,상담; 과의존; 폭력; 도움,https://www.nia.or.kr/site/nia_kor/ex/bbs/View.do?cbIdx=65914&bcIdx=26508&parentSeq=26508
smartphone_overdependence,스마트폰 과의존 실태조사,2023,2023년 스마트폰 과의존 실태조사 보고서,smartphone_overdependence_2023_26508_file1.pdf,190,0,3,상담; 과의존,https://www.nia.or.kr/site/nia_kor/ex/bbs/View.do?cbIdx=65914&bcIdx=26508&parentSeq=26508
smartphone_overdependence,스마트폰 과의존 실태조사,2023,2023년 스마트폰 과의존 실태조사 보고서,smartphone_overdependence_2023_26508_file1.pdf,191,0,2,과의존,https://www.nia.or.kr/site/nia_kor/ex/bbs/View.do?cbIdx=65914&bcIdx=26508&parentSeq=26508
smartphone_overdependence,스마트폰 과의존 실태조사,2023,2023년 스마트폰 과의존 실태조사 보고서,smartphone_overdependence_2023_26508_file1.pdf,192,0,17,과의존,https://www.nia.or.kr/site/nia_kor/ex/bbs/View.do?cbIdx=65914&bcIdx=26508&parentSeq=26508
smartphone_overdependence,스마트폰 과의존 실태조사,2023,2023년 스마트폰 과의존 실태조사 보고서,smartphone_overdependence_2023_26508_file1.pdf,193,0,16,과의존,https://www.nia.or.kr/site/nia_kor/ex/bbs/View.do?cbIdx=65914&bcIdx=26508&parentSeq=26508
smartphone_overdependence,스마트폰 과의존 실태조사,2023,2023년 스마트폰 과의존 실태조사 보고서,smartphone_overdependence_2023_26508_file1.pdf,194,0,16,과의존,https://www.nia.or.kr/site/nia_kor/ex/bbs/View.do?cbIdx=65914&bcIdx=26508&parentSeq=26508
smartphone_overdependence,스마트폰 과의존 실태조사,2023,2023년 스마트폰 과의존 실태조사 보고서,smartphone_overdependence_2023_26508_file1.pdf,195,0,16,과의존,https://www.nia.or.kr/site/nia_kor/ex/bbs/View.do?cbIdx=65914&bcIdx=26508&parentSeq=26508
smartphone_overdependence,스마트폰 과의존 실태조사,2023,2023년 스마트폰 과의존 실태조사 보고서,smartphone_overdependence_2023_26508_file1.pdf,196,0,16,과의존,https://www.nia.or.kr/site/nia_kor/ex/bbs/View.do?cbIdx=65914&bcIdx=26508&parentSeq=26508
smartphone_overdependence,스마트폰 과의존 실태조사,2023,2023년 스마트폰 과의존 실태조사 보고서,smartphone_overdependence_2023_26508_file1.pdf,197,0,16,과의존,https://www.nia.or.kr/site/nia_kor/ex/bbs/View.do?cbIdx=65914&bcIdx=26508&parentSeq=26508
smartphone_overdependence,스마트폰 과의존 실태조사,2023,2023년 스마트폰 과의존 실태조사 보고서,smartphone_overdependence_2023_26508_file1.pdf,198,0,16,과의존,https://www.nia.or.kr/site/nia_kor/ex/bbs/View.do?cbIdx=65914&bcIdx=26508&parentSeq=26508
smartphone_overdependence,스마트폰 과의존 실태조사,2023,2023년 스마트폰 과의존 실태조사 보고서,smartphone_overdependence_2023_26508_file1.pdf,199,0,16,과의존,https://www.nia.or.kr/site/nia_kor/ex/bbs/View.do?cbIdx=65914&bcIdx=26508&parentSeq=26508
smartphone_overdependence,스마트폰 과의존 실태조사,2023,2023년 스마트폰 과의존 실태조사 보고서,smartphone_overdependence_2023_26508_file1.pdf,200,0,16,과의존,https://www.nia.or.kr/site/nia_kor/ex/bbs/View.do?cbIdx=65914&bcIdx=26508&parentSeq=26508
smartphone_overdependence,스마트폰 과의존 실태조사,2023,2023년 스마트폰 과의존 실태조사 보고서,smartphone_overdependence_2023_26508_file1.pdf,201,0,16,과의존,https://www.nia.or.kr/site/nia_kor/ex/bbs/View.do?cbIdx=65914&bcIdx=26508&parentSeq=26508
smartphone_overdependence,스마트폰 과의존 실태조사,2023,2023년 스마트폰 과의존 실태조사 보고서,smartphone_overdependence_2023_26508_file1.pdf,202,0,16,과의존,https://www.nia.or.kr/site/nia_kor/ex/bbs/View.do?cbIdx=65914&bcIdx=26508&parentSeq=26508
smartphone_overdependence,스마트폰 과의존 실태조사,2023,2023년 스마트폰 과의존 실태조사 보고서,smartphone_overdependence_2023_26508_file1.pdf,203,0,16,과의존,https://www.nia.or.kr/site/nia_kor/ex/bbs/View.do?cbIdx=65914&bcIdx=26508&parentSeq=26508
smartphone_overdependence,스마트폰 과의존 실태조사,2023,2023년 스마트폰 과의존 실태조사 보고서,smartphone_overdependence_2023_26508_file1.pdf,204,0,16,과의존,https://www.nia.or.kr/site/nia_kor/ex/bbs/View.do?cbIdx=65914&bcIdx=26508&parentSeq=26508
smartphone_overdependence,스마트폰 과의존 실태조사,2023,2023년 스마트폰 과의존 실태조사 보고서,smartphone_overdependence_2023_26508_file1.pdf,205,0,16,과의존,https://www.nia.or.kr/site/nia_kor/ex/bbs/View.do?cbIdx=65914&bcIdx=26508&parentSeq=26508
smartphone_overdependence,스마트폰 과의존 실태조사,2023,2023년 스마트폰 과의존 실태조사 보고서,smartphone_overdependence_2023_26508_file1.pdf,206,0,16,과의존,https://www.nia.or.kr/site/nia_kor/ex/bbs/View.do?cbIdx=65914&bcIdx=26508&parentSeq=26508
smartphone_overdependence,스마트폰 과의존 실태조사,2023,2023년 스마트폰 과의존 실태조사 보고서,smartphone_overdependence_2023_26508_file1.pdf,207,0,16,과의존,https://www.nia.or.kr/site/nia_kor/ex/bbs/View.do?cbIdx=65914&bcIdx=26508&parentSeq=26508
smartphone_overdependence,스마트폰 과의존 실태조사,2023,2023년 스마트폰 과의존 실태조사 보고서,smartphone_overdependence_2023_26508_file1.pdf,208,0,16,과의존,https://www.nia.or.kr/site/nia_kor/ex/bbs/View.do?cbIdx=65914&bcIdx=26508&parentSeq=26508
smartphone_overdependence,스마트폰 과의존 실태조사,2023,2023년 스마트폰 과의존 실태조사 보고서,smartphone_overdependence_2023_26508_file1.pdf,209,0,16,과의존,https://www.nia.or.kr/site/nia_kor/ex/bbs/View.do?cbIdx=65914&bcIdx=26508&parentSeq=26508
smartphone_overdependence,스마트폰 과의존 실태조사,2023,2023년 스마트폰 과의존 실태조사 보고서,smartphone_overdependence_2023_26508_file1.pdf,210,0,16,과의존,https://www.nia.or.kr/site/nia_kor/ex/bbs/View.do?cbIdx=65914&bcIdx=26508&parentSeq=26508
smartphone_overdependence,스마트폰 과의존 실태조사,2023,2023년 스마트폰 과의존 실태조사 보고서,smartphone_overdependence_2023_26508_file1.pdf,211,0,16,과의존,https://www.nia.or.kr/site/nia_kor/ex/bbs/View.do?cbIdx=65914&bcIdx=26508&parentSeq=26508
smartphone_overdependence,스마트폰 과의존 실태조사,2023,2023년 스마트폰 과의존 실태조사 보고서,smartphone_overdependence_2023_26508_file1.pdf,212,0,16,과의존,https://www.nia.or.kr/site/nia_kor/ex/bbs/View.do?cbIdx=65914&bcIdx=26508&parentSeq=26508
smartphone_overdependence,스마트폰 과의존 실태조사,2023,2023년 스마트폰 과의존 실태조사 보고서,smartphone_overdependence_2023_26508_file1.pdf,213,0,16,과의존,https://www.nia.or.kr/site/nia_kor/ex/bbs/View.do?cbIdx=65914&bcIdx=26508&parentSeq=26508
smartphone_overdependence,스마트폰 과의존 실태조사,2023,2023년 스마트폰 과의존 실태조사 보고서,smartphone_overdependence_2023_26508_file1.pdf,214,0,16,과의존,https://www.nia.or.kr/site/nia_kor/ex/bbs/View.do?cbIdx=65914&bcIdx=26508&parentSeq=26508
smartphone_overdependence,스마트폰 과의존 실태조사,2023,2023년 스마트폰 과의존 실태조사 보고서,smartphone_overdependence_2023_26508_file1.pdf,215,0,16,과의존,https://www.nia.or.kr/site/nia_kor/ex/bbs/View.do?cbIdx=65914&bcIdx=26508&parentSeq=26508
smartphone_overdependence,스마트폰 과의존 실태조사,2023,2023년 스마트폰 과의존 실태조사 보고서,smartphone_overdependence_2023_26508_file1.pdf,216,0,16,과의존,https://www.nia.or.kr/site/nia_kor/ex/bbs/View.do?cbIdx=65914&bcIdx=26508&parentSeq=26508
smartphone_overdependence,스마트폰 과의존 실태조사,2023,2023년 스마트폰 과의존 실태조사 보고서,smartphone_overdependence_2023_26508_file1.pdf,217,0,16,과의존,https://www.nia.or.kr/site/nia_kor/ex/bbs/View.do?cbIdx=65914&bcIdx=26508&parentSeq=26508
smartphone_overdependence,스마트폰 과의존 실태조사,2023,2023년 스마트폰 과의존 실태조사 보고서,smartphone_overdependence_2023_26508_file1.pdf,218,0,16,과의존,https://www.nia.or.kr/site/nia_kor/ex/bbs/View.do?cbIdx=65914&bcIdx=26508&parentSeq=26508
smartphone_overdependence,스마트폰 과의존 실태조사,2023,2023년 스마트폰 과의존 실태조사 보고서,smartphone_overdependence_2023_26508_file1.pdf,219,0,16,과의존,https://www.nia.or.kr/site/nia_kor/ex/bbs/View.do?cbIdx=65914&bcIdx=26508&parentSeq=26508
smartphone_overdependence,스마트폰 과의존 실태조사,2023,2023년 스마트폰 과의존 실태조사 보고서,smartphone_overdependence_2023_26508_file1.pdf,220,0,16,과의존,https://www.nia.or.kr/site/nia_kor/ex/bbs/View.do?cbIdx=65914&bcIdx=26508&parentSeq=26508
smartphone_overdependence,스마트폰 과의존 실태조사,2023,2023년 스마트폰 과의존 실태조사 보고서,smartphone_overdependence_2023_26508_file1.pdf,221,0,17,과의존; 도움,https://www.nia.or.kr/site/nia_kor/ex/bbs/View.do?cbIdx=65914&bcIdx=26508&parentSeq=26508
smartphone_overdependence,스마트폰 과의존 실태조사,2023,2023년 스마트폰 과의존 실태조사 보고서,smartphone_overdependence_2023_26508_file1.pdf,222,0,17,과의존; 도움,https://www.nia.or.kr/site/nia_kor/ex/bbs/View.do?cbIdx=65914&bcIdx=26508&parentSeq=26508
smartphone_overdependence,스마트폰 과의존 실태조사,2023,2023년 스마트폰 과의존 실태조사 보고서,smartphone_overdependence_2023_26508_file1.pdf,223,0,17,과의존; 도움,https://www.nia.or.kr/site/nia_kor/ex/bbs/View.do?cbIdx=65914&bcIdx=26508&parentSeq=26508
smartphone_overdependence,스마트폰 과의존 실태조사,2023,2023년 스마트폰 과의존 실태조사 보고서,smartphone_overdependence_2023_26508_file1.pdf,224,0,17,과의존; 도움,https://www.nia.or.kr/site/nia_kor/ex/bbs/View.do?cbIdx=65914&bcIdx=26508&parentSeq=26508
smartphone_overdependence,스마트폰 과의존 실태조사,2023,2023년 스마트폰 과의존 실태조사 보고서,smartphone_overdependence_2023_26508_file1.pdf,225,0,17,과의존; 도움,https://www.nia.or.kr/site/nia_kor/ex/bbs/View.do?cbIdx=65914&bcIdx=26508&parentSeq=26508
smartphone_overdependence,스마트폰 과의존 실태조사,2023,2023년 스마트폰 과의존 실태조사 보고서,smartphone_overdependence_2023_26508_file1.pdf,226,0,17,과의존; 도움,https://www.nia.or.kr/site/nia_kor/ex/bbs/View.do?cbIdx=65914&bcIdx=26508&parentSeq=26508
smartphone_overdependence,스마트폰 과의존 실태조사,2023,2023년 스마트폰 과의존 실태조사 보고서,smartphone_overdependence_2023_26508_file1.pdf,227,0,17,과의존; 도움,https://www.nia.or.kr/site/nia_kor/ex/bbs/View.do?cbIdx=65914&bcIdx=26508&parentSeq=26508
smartphone_overdependence,스마트폰 과의존 실태조사,2023,2023년 스마트폰 과의존 실태조사 보고서,smartphone_overdependence_2023_26508_file1.pdf,228,0,17,과의존; 도움,https://www.nia.or.kr/site/nia_kor/ex/bbs/View.do?cbIdx=65914&bcIdx=26508&parentSeq=26508
smartphone_overdependence,스마트폰 과의존 실태조사,2023,2023년 스마트폰 과의존 실태조사 보고서,smartphone_overdependence_2023_26508_file1.pdf,229,0,17,과의존; 도움,https://www.nia.or.kr/site/nia_kor/ex/bbs/View.do?cbIdx=65914&bcIdx=26508&parentSeq=26508
smartphone_overdependence,스마트폰 과의존 실태조사,2023,2023년 스마트폰 과의존 실태조사 보고서,smartphone_overdependence_2023_26508_file1.pdf,230,0,16,과의존,https://www.nia.or.kr/site/nia_kor/ex/bbs/View.do?cbIdx=65914&bcIdx=26508&parentSeq=26508
smartphone_overdependence,스마트폰 과의존 실태조사,2023,2023년 스마트폰 과의존 실태조사 보고서,smartphone_overdependence_2023_26508_file1.pdf,231,0,16,과의존,https://www.nia.or.kr/site/nia_kor/ex/bbs/View.do?cbIdx=65914&bcIdx=26508&parentSeq=26508
smartphone_overdependence,스마트폰 과의존 실태조사,2023,2023년 스마트폰 과의존 실태조사 보고서,smartphone_overdependence_2023_26508_file1.pdf,232,0,16,과의존,https://www.nia.or.kr/site/nia_kor/ex/bbs/View.do?cbIdx=65914&bcIdx=26508&parentSeq=26508
smartphone_overdependence,스마트폰 과의존 실태조사,2023,2023년 스마트폰 과의존 실태조사 보고서,smartphone_overdependence_2023_26508_file1.pdf,233,0,16,과의존,https://www.nia.or.kr/site/nia_kor/ex/bbs/View.do?cbIdx=65914&bcIdx=26508&parentSeq=26508
smartphone_overdependence,스마트폰 과의존 실태조사,2023,2023년 스마트폰 과의존 실태조사 보고서,smartphone_overdependence_2023_26508_file1.pdf,234,0,16,과의존,https://www.nia.or.kr/site/nia_kor/ex/bbs/View.do?cbIdx=65914&bcIdx=26508&parentSeq=26508
smartphone_overdependence,스마트폰 과의존 실태조사,2023,2023년 스마트폰 과의존 실태조사 보고서,smartphone_overdependence_2023_26508_file1.pdf,235,0,16,과의존,https://www.nia.or.kr/site/nia_kor/ex/bbs/View.do?cbIdx=65914&bcIdx=26508&parentSeq=26508
smartphone_overdependence,스마트폰 과의존 실태조사,2023,2023년 스마트폰 과의존 실태조사 보고서,smartphone_overdependence_2023_26508_file1.pdf,236,0,16,과의존,https://www.nia.or.kr/site/nia_kor/ex/bbs/View.do?cbIdx=65914&bcIdx=26508&parentSeq=26508
smartphone_overdependence,스마트폰 과의존 실태조사,2023,2023년 스마트폰 과의존 실태조사 보고서,smartphone_overdependence_2023_26508_file1.pdf,237,0,16,과의존,https://www.nia.or.kr/site/nia_kor/ex/bbs/View.do?cbIdx=65914&bcIdx=26508&parentSeq=26508
smartphone_overdependence,스마트폰 과의존 실태조사,2023,2023년 스마트폰 과의존 실태조사 보고서,smartphone_overdependence_2023_26508_file1.pdf,238,0,16,과의존,https://www.nia.or.kr/site/nia_kor/ex/bbs/View.do?cbIdx=65914&bcIdx=26508&parentSeq=26508
smartphone_overdependence,스마트폰 과의존 실태조사,2023,2023년 스마트폰 과의존 실태조사 보고서,smartphone_overdependence_2023_26508_file1.pdf,239,0,16,과의존,https://www.nia.or.kr/site/nia_kor/ex/bbs/View.do?cbIdx=65914&bcIdx=26508&parentSeq=26508
smartphone_overdependence,스마트폰 과의존 실태조사,2023,2023년 스마트폰 과의존 실태조사 보고서,smartphone_overdependence_2023_26508_file1.pdf,240,0,16,과의존,https://www.nia.or.kr/site/nia_kor/ex/bbs/View.do?cbIdx=65914&bcIdx=26508&parentSeq=26508
smartphone_overdependence,스마트폰 과의존 실태조사,2023,2023년 스마트폰 과의존 실태조사 보고서,smartphone_overdependence_2023_26508_file1.pdf,241,0,16,과의존,https://www.nia.or.kr/site/nia_kor/ex/bbs/View.do?cbIdx=65914&bcIdx=26508&parentSeq=26508
smartphone_overdependence,스마트폰 과의존 실태조사,2023,2023년 스마트폰 과의존 실태조사 보고서,smartphone_overdependence_2023_26508_file1.pdf,242,0,16,과의존,https://www.nia.or.kr/site/nia_kor/ex/bbs/View.do?cbIdx=65914&bcIdx=26508&parentSeq=26508
smartphone_overdependence,스마트폰 과의존 실태조사,2023,2023년 스마트폰 과의존 실태조사 보고서,smartphone_overdependence_2023_26508_file1.pdf,243,0,16,과의존,https://www.nia.or.kr/site/nia_kor/ex/bbs/View.do?cbIdx=65914&bcIdx=26508&parentSeq=26508
smartphone_overdependence,스마트폰 과의존 실태조사,2023,2023년 스마트폰 과의존 실태조사 보고서,smartphone_overdependence_2023_26508_file1.pdf,244,0,16,과의존,https://www.nia.or.kr/site/nia_kor/ex/bbs/View.do?cbIdx=65914&bcIdx=26508&parentSeq=26508
smartphone_overdependence,스마트폰 과의존 실태조사,2023,2023년 스마트폰 과의존 실태조사 보고서,smartphone_overdependence_2023_26508_file1.pdf,245,0,16,과의존,https://www.nia.or.kr/site/nia_kor/ex/bbs/View.do?cbIdx=65914&bcIdx=26508&parentSeq=26508
smartphone_overdependence,스마트폰 과의존 실태조사,2023,2023년 스마트폰 과의존 실태조사 보고서,smartphone_overdependence_2023_26508_file1.pdf,246,0,16,과의존,https://www.nia.or.kr/site/nia_kor/ex/bbs/View.do?cbIdx=65914&bcIdx=26508&parentSeq=26508
smartphone_overdependence,스마트폰 과의존 실태조사,2023,2023년 스마트폰 과의존 실태조사 보고서,smartphone_overdependence_2023_26508_file1.pdf,247,0,16,과의존,https://www.nia.or.kr/site/nia_kor/ex/bbs/View.do?cbIdx=65914&bcIdx=26508&parentSeq=26508
smartphone_overdependence,스마트폰 과의존 실태조사,2023,2023년 스마트폰 과의존 실태조사 보고서,smartphone_overdependence_2023_26508_file1.pdf,248,0,16,과의존,https://www.nia.or.kr/site/nia_kor/ex/bbs/View.do?cbIdx=65914&bcIdx=26508&parentSeq=26508
smartphone_overdependence,스마트폰 과의존 실태조사,2023,2023년 스마트폰 과의존 실태조사 보고서,smartphone_overdependence_2023_26508_file1.pdf,249,0,16,과의존,https://www.nia.or.kr/site/nia_kor/ex/bbs/View.do?cbIdx=65914&bcIdx=26508&parentSeq=26508
smartphone_overdependence,스마트폰 과의존 실태조사,2023,2023년 스마트폰 과의존 실태조사 보고서,smartphone_overdependence_2023_26508_file1.pdf,250,0,16,과의존,https://www.nia.or.kr/site/nia_kor/ex/bbs/View.do?cbIdx=65914&bcIdx=26508&parentSeq=26508
smartphone_overdependence,스마트폰 과의존 실태조사,2023,2023년 스마트폰 과의존 실태조사 보고서,smartphone_overdependence_2023_26508_file1.pdf,251,0,16,과의존,https://www.nia.or.kr/site/nia_kor/ex/bbs/View.do?cbIdx=65914&bcIdx=26508&parentSeq=26508
smartphone_overdependence,스마트폰 과의존 실태조사,2023,2023년 스마트폰 과의존 실태조사 보고서,smartphone_overdependence_2023_26508_file1.pdf,252,0,16,과의존,https://www.nia.or.kr/site/nia_kor/ex/bbs/View.do?cbIdx=65914&bcIdx=26508&parentSeq=26508
smartphone_overdependence,스마트폰 과의존 실태조사,2023,2023년 스마트폰 과의존 실태조사 보고서,smartphone_overdependence_2023_26508_file1.pdf,253,0,16,과의존,https://www.nia.or.kr/site/nia_kor/ex/bbs/View.do?cbIdx=65914&bcIdx=26508&parentSeq=26508
smartphone_overdependence,스마트폰 과의존 실태조사,2023,2023년 스마트폰 과의존 실태조사 보고서,smartphone_overdependence_2023_26508_file1.pdf,254,0,16,과의존,https://www.nia.or.kr/site/nia_kor/ex/bbs/View.do?cbIdx=65914&bcIdx=26508&parentSeq=26508
smartphone_overdependence,스마트폰 과의존 실태조사,2023,2023년 스마트폰 과의존 실태조사 보고서,smartphone_overdependence_2023_26508_file1.pdf,255,0,16,과의존,https://www.nia.or.kr/site/nia_kor/ex/bbs/View.do?cbIdx=65914&bcIdx=26508&parentSeq=26508
smartphone_overdependence,스마트폰 과의존 실태조사,2023,2023년 스마트폰 과의존 실태조사 보고서,smartphone_overdependence_2023_26508_file1.pdf,256,0,16,과의존,https://www.nia.or.kr/site/nia_kor/ex/bbs/View.do?cbIdx=65914&bcIdx=26508&parentSeq=26508
smartphone_overdependence,스마트폰 과의존 실태조사,2023,2023년 스마트폰 과의존 실태조사 보고서,smartphone_overdependence_2023_26508_file1.pdf,257,0,16,과의존,https://www.nia.or.kr/site/nia_kor/ex/bbs/View.do?cbIdx=65914&bcIdx=26508&parentSeq=26508
smartphone_overdependence,스마트폰 과의존 실태조사,2023,2023년 스마트폰 과의존 실태조사 보고서,smartphone_overdependence_2023_26508_file1.pdf,258,0,16,과의존,https://www.nia.or.kr/site/nia_kor/ex/bbs/View.do?cbIdx=65914&bcIdx=26508&parentSeq=26508
smartphone_overdependence,스마트폰 과의존 실태조사,2023,2023년 스마트폰 과의존 실태조사 보고서,smartphone_overdependence_2023_26508_file1.pdf,259,0,16,과의존,https://www.nia.or.kr/site/nia_kor/ex/bbs/View.do?cbIdx=65914&bcIdx=26508&parentSeq=26508
smartphone_overdependence,스마트폰 과의존 실태조사,2023,2023년 스마트폰 과의존 실태조사 보고서,smartphone_overdependence_2023_26508_file1.pdf,260,0,16,과의존,https://www.nia.or.kr/site/nia_kor/ex/bbs/View.do?cbIdx=65914&bcIdx=26508&parentSeq=26508
smartphone_overdependence,스마트폰 과의존 실태조사,2023,2023년 스마트폰 과의존 실태조사 보고서,smartphone_overdependence_2023_26508_file1.pdf,261,0,16,과의존,https://www.nia.or.kr/site/nia_kor/ex/bbs/View.do?cbIdx=65914&bcIdx=26508&parentSeq=26508
smartphone_overdependence,스마트폰 과의존 실태조사,2023,2023년 스마트폰 과의존 실태조사 보고서,smartphone_overdependence_2023_26508_file1.pdf,262,0,16,과의존,https://www.nia.or.kr/site/nia_kor/ex/bbs/View.do?cbIdx=65914&bcIdx=26508&parentSeq=26508
smartphone_overdependence,스마트폰 과의존 실태조사,2023,2023년 스마트폰 과의존 실태조사 보고서,smartphone_overdependence_2023_26508_file1.pdf,263,0,16,과의존,https://www.nia.or.kr/site/nia_kor/ex/bbs/View.do?cbIdx=65914&bcIdx=26508&parentSeq=26508
smartphone_overdependence,스마트폰 과의존 실태조사,2023,2023년 스마트폰 과의존 실태조사 보고서,smartphone_overdependence_2023_26508_file1.pdf,264,0,16,과의존,https://www.nia.or.kr/site/nia_kor/ex/bbs/View.do?cbIdx=65914&bcIdx=26508&parentSeq=26508
smartphone_overdependence,스마트폰 과의존 실태조사,2023,2023년 스마트폰 과의존 실태조사 보고서,smartphone_overdependence_2023_26508_file1.pdf,265,0,16,과의존,https://www.nia.or.kr/site/nia_kor/ex/bbs/View.do?cbIdx=65914&bcIdx=26508&parentSeq=26508
smartphone_overdependence,스마트폰 과의존 실태조사,2023,2023년 스마트폰 과의존 실태조사 보고서,smartphone_overdependence_2023_26508_file1.pdf,266,0,16,과의존,https://www.nia.or.kr/site/nia_kor/ex/bbs/View.do?cbIdx=65914&bcIdx=26508&parentSeq=26508
smartphone_overdependence,스마트폰 과의존 실태조사,2023,2023년 스마트폰 과의존 실태조사 보고서,smartphone_overdependence_2023_26508_file1.pdf,267,0,16,과의존,https://www.nia.or.kr/site/nia_kor/ex/bbs/View.do?cbIdx=65914&bcIdx=26508&parentSeq=26508
smartphone_overdependence,스마트폰 과의존 실태조사,2023,2023년 스마트폰 과의존 실태조사 보고서,smartphone_overdependence_2023_26508_file1.pdf,268,0,16,과의존,https://www.nia.or.kr/site/nia_kor/ex/bbs/View.do?cbIdx=65914&bcIdx=26508&parentSeq=26508
smartphone_overdependence,스마트폰 과의존 실태조사,2023,2023년 스마트폰 과의존 실태조사 보고서,smartphone_overdependence_2023_26508_file1.pdf,269,0,16,과의존,https://www.nia.or.kr/site/nia_kor/ex/bbs/View.do?cbIdx=65914&bcIdx=26508&parentSeq=26508
smartphone_overdependence,스마트폰 과의존 실태조사,2023,2023년 스마트폰 과의존 실태조사 보고서,smartphone_overdependence_2023_26508_file1.pdf,270,0,16,과의존,https://www.nia.or.kr/site/nia_kor/ex/bbs/View.do?cbIdx=65914&bcIdx=26508&parentSeq=26508
smartphone_overdependence,스마트폰 과의존 실태조사,2023,2023년 스마트폰 과의존 실태조사 보고서,smartphone_overdependence_2023_26508_file1.pdf,271,0,16,과의존,https://www.nia.or.kr/site/nia_kor/ex/bbs/View.do?cbIdx=65914&bcIdx=26508&parentSeq=26508
smartphone_overdependence,스마트폰 과의존 실태조사,2023,2023년 스마트폰 과의존 실태조사 보고서,smartphone_overdependence_2023_26508_file1.pdf,272,0,16,과의존,https://www.nia.or.kr/site/nia_kor/ex/bbs/View.do?cbIdx=65914&bcIdx=26508&parentSeq=26508
smartphone_overdependence,스마트폰 과의존 실태조사,2023,2023년 스마트폰 과의존 실태조사 보고서,smartphone_overdependence_2023_26508_file1.pdf,273,0,16,과의존,https://www.nia.or.kr/site/nia_kor/ex/bbs/View.do?cbIdx=65914&bcIdx=26508&parentSeq=26508
smartphone_overdependence,스마트폰 과의존 실태조사,2023,2023년 스마트폰 과의존 실태조사 보고서,smartphone_overdependence_2023_26508_file1.pdf,274,0,16,과의존,https://www.nia.or.kr/site/nia_kor/ex/bbs/View.do?cbIdx=65914&bcIdx=26508&parentSeq=26508
smartphone_overdependence,스마트폰 과의존 실태조사,2023,2023년 스마트폰 과의존 실태조사 보고서,smartphone_overdependence_2023_26508_file1.pdf,275,0,16,과의존,https://www.nia.or.kr/site/nia_kor/ex/bbs/View.do?cbIdx=65914&bcIdx=26508&parentSeq=26508
smartphone_overdependence,스마트폰 과의존 실태조사,2023,2023년 스마트폰 과의존 실태조사 보고서,smartphone_overdependence_2023_26508_file1.pdf,276,0,16,과의존,https://www.nia.or.kr/site/nia_kor/ex/bbs/View.do?cbIdx=65914&bcIdx=26508&parentSeq=26508
smartphone_overdependence,스마트폰 과의존 실태조사,2023,2023년 스마트폰 과의존 실태조사 보고서,smartphone_overdependence_2023_26508_file1.pdf,277,0,16,과의존,https://www.nia.or.kr/site/nia_kor/ex/bbs/View.do?cbIdx=65914&bcIdx=26508&parentSeq=26508
smartphone_overdependence,스마트폰 과의존 실태조사,2023,2023년 스마트폰 과의존 실태조사 보고서,smartphone_overdependence_2023_26508_file1.pdf,278,0,16,과의존,https://www.nia.or.kr/site/nia_kor/ex/bbs/View.do?cbIdx=65914&bcIdx=26508&parentSeq=26508
smartphone_overdependence,스마트폰 과의존 실태조사,2023,2023년 스마트폰 과의존 실태조사 보고서,smartphone_overdependence_2023_26508_file1.pdf,279,0,16,과의존,https://www.nia.or.kr/site/nia_kor/ex/bbs/View.do?cbIdx=65914&bcIdx=26508&parentSeq=26508
smartphone_overdependence,스마트폰 과의존 실태조사,2023,2023년 스마트폰 과의존 실태조사 보고서,smartphone_overdependence_2023_26508_file1.pdf,280,0,16,과의존,https://www.nia.or.kr/site/nia_kor/ex/bbs/View.do?cbIdx=65914&bcIdx=26508&parentSeq=26508
smartphone_overdependence,스마트폰 과의존 실태조사,2023,2023년 스마트폰 과의존 실태조사 보고서,smartphone_overdependence_2023_26508_file1.pdf,281,0,16,과의존,https://www.nia.or.kr/site/nia_kor/ex/bbs/View.do?cbIdx=65914&bcIdx=26508&parentSeq=26508
smartphone_overdependence,스마트폰 과의존 실태조사,2023,2023년 스마트폰 과의존 실태조사 보고서,smartphone_overdependence_2023_26508_file1.pdf,282,0,16,과의존,https://www.nia.or.kr/site/nia_kor/ex/bbs/View.do?cbIdx=65914&bcIdx=26508&parentSeq=26508
smartphone_overdependence,스마트폰 과의존 실태조사,2023,2023년 스마트폰 과의존 실태조사 보고서,smartphone_overdependence_2023_26508_file1.pdf,283,0,16,과의존,https://www.nia.or.kr/site/nia_kor/ex/bbs/View.do?cbIdx=65914&bcIdx=26508&parentSeq=26508
smartphone_overdependence,스마트폰 과의존 실태조사,2023,2023년 스마트폰 과의존 실태조사 보고서,smartphone_overdependence_2023_26508_file1.pdf,284,0,16,과의존,https://www.nia.or.kr/site/nia_kor/ex/bbs/View.do?cbIdx=65914&bcIdx=26508&parentSeq=26508
smartphone_overdependence,스마트폰 과의존 실태조사,2023,2023년 스마트폰 과의존 실태조사 보고서,smartphone_overdependence_2023_26508_file1.pdf,285,0,16,과의존,https://www.nia.or.kr/site/nia_kor/ex/bbs/View.do?cbIdx=65914&bcIdx=26508&parentSeq=26508
smartphone_overdependence,스마트폰 과의존 실태조사,2023,2023년 스마트폰 과의존 실태조사 보고서,smartphone_overdependence_2023_26508_file1.pdf,286,0,16,과의존,https://www.nia.or.kr/site/nia_kor/ex/bbs/View.do?cbIdx=65914&bcIdx=26508&parentSeq=26508
smartphone_overdependence,스마트폰 과의존 실태조사,2023,2023년 스마트폰 과의존 실태조사 보고서,smartphone_overdependence_2023_26508_file1.pdf,287,0,16,과의존,https://www.nia.or.kr/site/nia_kor/ex/bbs/View.do?cbIdx=65914&bcIdx=26508&parentSeq=26508
smartphone_overdependence,스마트폰 과의존 실태조사,2023,2023년 스마트폰 과의존 실태조사 보고서,smartphone_overdependence_2023_26508_file1.pdf,288,0,16,과의존,https://www.nia.or.kr/site/nia_kor/ex/bbs/View.do?cbIdx=65914&bcIdx=26508&parentSeq=26508
smartphone_overdependence,스마트폰 과의존 실태조사,2023,2023년 스마트폰 과의존 실태조사 보고서,smartphone_overdependence_2023_26508_file1.pdf,289,0,16,과의존,https://www.nia.or.kr/site/nia_kor/ex/bbs/View.do?cbIdx=65914&bcIdx=26508&parentSeq=26508
smartphone_overdependence,스마트폰 과의존 실태조사,2023,2023년 스마트폰 과의존 실태조사 보고서,smartphone_overdependence_2023_26508_file1.pdf,290,0,16,과의존,https://www.nia.or.kr/site/nia_kor/ex/bbs/View.do?cbIdx=65914&bcIdx=26508&parentSeq=26508
smartphone_overdependence,스마트폰 과의존 실태조사,2023,2023년 스마트폰 과의존 실태조사 보고서,smartphone_overdependence_2023_26508_file1.pdf,291,0,16,과의존,https://www.nia.or.kr/site/nia_kor/ex/bbs/View.do?cbIdx=65914&bcIdx=26508&parentSeq=26508
smartphone_overdependence,스마트폰 과의존 실태조사,2023,2023년 스마트폰 과의존 실태조사 보고서,smartphone_overdependence_2023_26508_file1.pdf,292,0,16,과의존,https://www.nia.or.kr/site/nia_kor/ex/bbs/View.do?cbIdx=65914&bcIdx=26508&parentSeq=26508
smartphone_overdependence,스마트폰 과의존 실태조사,2023,2023년 스마트폰 과의존 실태조사 보고서,smartphone_overdependence_2023_26508_file1.pdf,293,0,16,과의존,https://www.nia.or.kr/site/nia_kor/ex/bbs/View.do?cbIdx=65914&bcIdx=26508&parentSeq=26508
smartphone_overdependence,스마트폰 과의존 실태조사,2023,2023년 스마트폰 과의존 실태조사 보고서,smartphone_overdependence_2023_26508_file1.pdf,294,0,16,과의존,https://www.nia.or.kr/site/nia_kor/ex/bbs/View.do?cbIdx=65914&bcIdx=26508&parentSeq=26508
smartphone_overdependence,스마트폰 과의존 실태조사,2023,2023년 스마트폰 과의존 실태조사 보고서,smartphone_overdependence_2023_26508_file1.pdf,295,0,16,과의존,https://www.nia.or.kr/site/nia_kor/ex/bbs/View.do?cbIdx=65914&bcIdx=26508&parentSeq=26508
smartphone_overdependence,스마트폰 과의존 실태조사,2023,2023년 스마트폰 과의존 실태조사 보고서,smartphone_overdependence_2023_26508_file1.pdf,296,0,16,과의존,https://www.nia.or.kr/site/nia_kor/ex/bbs/View.do?cbIdx=65914&bcIdx=26508&parentSeq=26508
smartphone_overdependence,스마트폰 과의존 실태조사,2023,2023년 스마트폰 과의존 실태조사 보고서,smartphone_overdependence_2023_26508_file1.pdf,297,0,17,과의존,https://www.nia.or.kr/site/nia_kor/ex/bbs/View.do?cbIdx=65914&bcIdx=26508&parentSeq=26508
smartphone_overdependence,스마트폰 과의존 실태조사,2023,2023년 스마트폰 과의존 실태조사 보고서,smartphone_overdependence_2023_26508_file1.pdf,298,0,17,불안; 과의존,https://www.nia.or.kr/site/nia_kor/ex/bbs/View.do?cbIdx=65914&bcIdx=26508&parentSeq=26508
smartphone_overdependence,스마트폰 과의존 실태조사,2023,2023년 스마트폰 과의존 실태조사 보고서,smartphone_overdependence_2023_26508_file1.pdf,299,0,16,과의존,https://www.nia.or.kr/site/nia_kor/ex/bbs/View.do?cbIdx=65914&bcIdx=26508&parentSeq=26508
smartphone_overdependence,스마트폰 과의존 실태조사,2023,2023년 스마트폰 과의존 실태조사 보고서,smartphone_overdependence_2023_26508_file1.pdf,300,0,17,우울; 과의존,https://www.nia.or.kr/site/nia_kor/ex/bbs/View.do?cbIdx=65914&bcIdx=26508&parentSeq=26508
smartphone_overdependence,스마트폰 과의존 실태조사,2023,2023년 스마트폰 과의존 실태조사 보고서,smartphone_overdependence_2023_26508_file1.pdf,301,0,16,과의존,https://www.nia.or.kr/site/nia_kor/ex/bbs/View.do?cbIdx=65914&bcIdx=26508&parentSeq=26508
smartphone_overdependence,스마트폰 과의존 실태조사,2023,2023년 스마트폰 과의존 실태조사 보고서,smartphone_overdependence_2023_26508_file1.pdf,302,0,16,과의존,https://www.nia.or.kr/site/nia_kor/ex/bbs/View.do?cbIdx=65914&bcIdx=26508&parentSeq=26508
smartphone_overdependence,스마트폰 과의존 실태조사,2023,2023년 스마트폰 과의존 실태조사 보고서,smartphone_overdependence_2023_26508_file1.pdf,303,0,16,과의존,https://www.nia.or.kr/site/nia_kor/ex/bbs/View.do?cbIdx=65914&bcIdx=26508&parentSeq=26508
smartphone_overdependence,스마트폰 과의존 실태조사,2023,2023년 스마트폰 과의존 실태조사 보고서,smartphone_overdependence_2023_26508_file1.pdf,304,0,17,스트레스; 과의존,https://www.nia.or.kr/site/nia_kor/ex/bbs/View.do?cbIdx=65914&bcIdx=26508&parentSeq=26508
smartphone_overdependence,스마트폰 과의존 실태조사,2023,2023년 스마트폰 과의존 실태조사 보고서,smartphone_overdependence_2023_26508_file1.pdf,305,0,17,불안; 과의존,https://www.nia.or.kr/site/nia_kor/ex/bbs/View.do?cbIdx=65914&bcIdx=26508&parentSeq=26508
smartphone_overdependence,스마트폰 과의존 실태조사,2023,2023년 스마트폰 과의존 실태조사 보고서,smartphone_overdependence_2023_26508_file1.pdf,306,0,16,과의존,https://www.nia.or.kr/site/nia_kor/ex/bbs/View.do?cbIdx=65914&bcIdx=26508&parentSeq=26508
smartphone_overdependence,스마트폰 과의존 실태조사,2023,2023년 스마트폰 과의존 실태조사 보고서,smartphone_overdependence_2023_26508_file1.pdf,307,0,17,우울; 과의존,https://www.nia.or.kr/site/nia_kor/ex/bbs/View.do?cbIdx=65914&bcIdx=26508&parentSeq=26508
smartphone_overdependence,스마트폰 과의존 실태조사,2023,2023년 스마트폰 과의존 실태조사 보고서,smartphone_overdependence_2023_26508_file1.pdf,308,0,16,과의존,https://www.nia.or.kr/site/nia_kor/ex/bbs/View.do?cbIdx=65914&bcIdx=26508&parentSeq=26508
smartphone_overdependence,스마트폰 과의존 실태조사,2023,2023년 스마트폰 과의존 실태조사 보고서,smartphone_overdependence_2023_26508_file1.pdf,309,0,16,과의존,https://www.nia.or.kr/site/nia_kor/ex/bbs/View.do?cbIdx=65914&bcIdx=26508&parentSeq=26508
smartphone_overdependence,스마트폰 과의존 실태조사,2023,2023년 스마트폰 과의존 실태조사 보고서,smartphone_overdependence_2023_26508_file1.pdf,310,0,16,과의존,https://www.nia.or.kr/site/nia_kor/ex/bbs/View.do?cbIdx=65914&bcIdx=26508&parentSeq=26508
smartphone_overdependence,스마트폰 과의존 실태조사,2023,2023년 스마트폰 과의존 실태조사 보고서,smartphone_overdependence_2023_26508_file1.pdf,311,0,17,스트레스; 과의존,https://www.nia.or.kr/site/nia_kor/ex/bbs/View.do?cbIdx=65914&bcIdx=26508&parentSeq=26508
smartphone_overdependence,스마트폰 과의존 실태조사,2023,2023년 스마트폰 과의존 실태조사 보고서,smartphone_overdependence_2023_26508_file1.pdf,312,0,17,불안; 과의존,https://www.nia.or.kr/site/nia_kor/ex/bbs/View.do?cbIdx=65914&bcIdx=26508&parentSeq=26508
smartphone_overdependence,스마트폰 과의존 실태조사,2023,2023년 스마트폰 과의존 실태조사 보고서,smartphone_overdependence_2023_26508_file1.pdf,313,0,16,과의존,https://www.nia.or.kr/site/nia_kor/ex/bbs/View.do?cbIdx=65914&bcIdx=26508&parentSeq=26508
smartphone_overdependence,스마트폰 과의존 실태조사,2023,2023년 스마트폰 과의존 실태조사 보고서,smartphone_overdependence_2023_26508_file1.pdf,314,0,17,우울; 과의존,https://www.nia.or.kr/site/nia_kor/ex/bbs/View.do?cbIdx=65914&bcIdx=26508&parentSeq=26508
smartphone_overdependence,스마트폰 과의존 실태조사,2023,2023년 스마트폰 과의존 실태조사 보고서,smartphone_overdependence_2023_26508_file1.pdf,315,0,16,과의존,https://www.nia.or.kr/site/nia_kor/ex/bbs/View.do?cbIdx=65914&bcIdx=26508&parentSeq=26508
smartphone_overdependence,스마트폰 과의존 실태조사,2023,2023년 스마트폰 과의존 실태조사 보고서,smartphone_overdependence_2023_26508_file1.pdf,316,0,16,과의존,https://www.nia.or.kr/site/nia_kor/ex/bbs/View.do?cbIdx=65914&bcIdx=26508&parentSeq=26508
smartphone_overdependence,스마트폰 과의존 실태조사,2023,2023년 스마트폰 과의존 실태조사 보고서,smartphone_overdependence_2023_26508_file1.pdf,317,0,16,과의존,https://www.nia.or.kr/site/nia_kor/ex/bbs/View.do?cbIdx=65914&bcIdx=26508&parentSeq=26508
smartphone_overdependence,스마트폰 과의존 실태조사,2023,2023년 스마트폰 과의존 실태조사 보고서,smartphone_overdependence_2023_26508_file1.pdf,318,0,17,스트레스; 과의존,https://www.nia.or.kr/site/nia_kor/ex/bbs/View.do?cbIdx=65914&bcIdx=26508&parentSeq=26508
smartphone_overdependence,스마트폰 과의존 실태조사,2023,2023년 스마트폰 과의존 실태조사 보고서,smartphone_overdependence_2023_26508_file1.pdf,319,0,16,과의존,https://www.nia.or.kr/site/nia_kor/ex/bbs/View.do?cbIdx=65914&bcIdx=26508&parentSeq=26508
smartphone_overdependence,스마트폰 과의존 실태조사,2023,2023년 스마트폰 과의존 실태조사 보고서,smartphone_overdependence_2023_26508_file1.pdf,320,0,16,과의존,https://www.nia.or.kr/site/nia_kor/ex/bbs/View.do?cbIdx=65914&bcIdx=26508&parentSeq=26508
smartphone_overdependence,스마트폰 과의존 실태조사,2023,2023년 스마트폰 과의존 실태조사 보고서,smartphone_overdependence_2023_26508_file1.pdf,321,0,16,과의존,https://www.nia.or.kr/site/nia_kor/ex/bbs/View.do?cbIdx=65914&bcIdx=26508&parentSeq=26508
smartphone_overdependence,스마트폰 과의존 실태조사,2023,2023년 스마트폰 과의존 실태조사 보고서,smartphone_overdependence_2023_26508_file1.pdf,322,0,16,과의존,https://www.nia.or.kr/site/nia_kor/ex/bbs/View.do?cbIdx=65914&bcIdx=26508&parentSeq=26508
smartphone_overdependence,스마트폰 과의존 실태조사,2023,2023년 스마트폰 과의존 실태조사 보고서,smartphone_overdependence_2023_26508_file1.pdf,323,0,16,과의존,https://www.nia.or.kr/site/nia_kor/ex/bbs/View.do?cbIdx=65914&bcIdx=26508&parentSeq=26508
smartphone_overdependence,스마트폰 과의존 실태조사,2023,2023년 스마트폰 과의존 실태조사 보고서,smartphone_overdependence_2023_26508_file1.pdf,324,0,16,과의존,https://www.nia.or.kr/site/nia_kor/ex/bbs/View.do?cbIdx=65914&bcIdx=26508&parentSeq=26508
smartphone_overdependence,스마트폰 과의존 실태조사,2023,2023년 스마트폰 과의존 실태조사 보고서,smartphone_overdependence_2023_26508_file1.pdf,325,0,16,과의존,https://www.nia.or.kr/site/nia_kor/ex/bbs/View.do?cbIdx=65914&bcIdx=26508&parentSeq=26508
smartphone_overdependence,스마트폰 과의존 실태조사,2023,2023년 스마트폰 과의존 실태조사 보고서,smartphone_overdependence_2023_26508_file1.pdf,326,0,17,과의존; 폭력,https://www.nia.or.kr/site/nia_kor/ex/bbs/View.do?cbIdx=65914&bcIdx=26508&parentSeq=26508
smartphone_overdependence,스마트폰 과의존 실태조사,2023,2023년 스마트폰 과의존 실태조사 보고서,smartphone_overdependence_2023_26508_file1.pdf,327,0,16,과의존,https://www.nia.or.kr/site/nia_kor/ex/bbs/View.do?cbIdx=65914&bcIdx=26508&parentSeq=26508
smartphone_overdependence,스마트폰 과의존 실태조사,2023,2023년 스마트폰 과의존 실태조사 보고서,smartphone_overdependence_2023_26508_file1.pdf,328,0,16,과의존,https://www.nia.or.kr/site/nia_kor/ex/bbs/View.do?cbIdx=65914&bcIdx=26508&parentSeq=26508
smartphone_overdependence,스마트폰 과의존 실태조사,2023,2023년 스마트폰 과의존 실태조사 보고서,smartphone_overdependence_2023_26508_file1.pdf,329,0,16,과의존,https://www.nia.or.kr/site/nia_kor/ex/bbs/View.do?cbIdx=65914&bcIdx=26508&parentSeq=26508
smartphone_overdependence,스마트폰 과의존 실태조사,2023,2023년 스마트폰 과의존 실태조사 보고서,smartphone_overdependence_2023_26508_file1.pdf,330,0,16,과의존,https://www.nia.or.kr/site/nia_kor/ex/bbs/View.do?cbIdx=65914&bcIdx=26508&parentSeq=26508
smartphone_overdependence,스마트폰 과의존 실태조사,2023,2023년 스마트폰 과의존 실태조사 보고서,smartphone_overdependence_2023_26508_file1.pdf,331,0,16,과의존,https://www.nia.or.kr/site/nia_kor/ex/bbs/View.do?cbIdx=65914&bcIdx=26508&parentSeq=26508
smartphone_overdependence,스마트폰 과의존 실태조사,2023,2023년 스마트폰 과의존 실태조사 보고서,smartphone_overdependence_2023_26508_file1.pdf,332,0,17,과의존,https://www.nia.or.kr/site/nia_kor/ex/bbs/View.do?cbIdx=65914&bcIdx=26508&parentSeq=26508
smartphone_overdependence,스마트폰 과의존 실태조사,2023,2023년 스마트폰 과의존 실태조사 보고서,smartphone_overdependence_2023_26508_file1.pdf,333,0,23,과의존; 도움,https://www.nia.or.kr/site/nia_kor/ex/bbs/View.do?cbIdx=65914&bcIdx=26508&parentSeq=26508
smartphone_overdependence,스마트폰 과의존 실태조사,2023,2023년 스마트폰 과의존 실태조사 보고서,smartphone_overdependence_2023_26508_file1.pdf,334,0,18,상담; 과의존,https://www.nia.or.kr/site/nia_kor/ex/bbs/View.do?cbIdx=65914&bcIdx=26508&parentSeq=26508
smartphone_overdependence,스마트폰 과의존 실태조사,2023,2023년 스마트폰 과의존 실태조사 보고서,smartphone_overdependence_2023_26508_file1.pdf,335,0,20,상담; 과의존,https://www.nia.or.kr/site/nia_kor/ex/bbs/View.do?cbIdx=65914&bcIdx=26508&parentSeq=26508
smartphone_overdependence,스마트폰 과의존 실태조사,2023,2023년 스마트폰 과의존 실태조사 보고서,smartphone_overdependence_2023_26508_file1.pdf,336,0,24,상담; 과의존; 도움,https://www.nia.or.kr/site/nia_kor/ex/bbs/View.do?cbIdx=65914&bcIdx=26508&parentSeq=26508
smartphone_overdependence,스마트폰 과의존 실태조사,2023,2023년 스마트폰 과의존 실태조사 보고서,smartphone_overdependence_2023_26508_file1.pdf,337,0,19,상담; 과의존,https://www.nia.or.kr/site/nia_kor/ex/bbs/View.do?cbIdx=65914&bcIdx=26508&parentSeq=26508
smartphone_overdependence,스마트폰 과의존 실태조사,2023,2023년 스마트폰 과의존 실태조사 보고서,smartphone_overdependence_2023_26508_file1.pdf,338,0,17,과의존,https://www.nia.or.kr/site/nia_kor/ex/bbs/View.do?cbIdx=65914&bcIdx=26508&parentSeq=26508
smartphone_overdependence,스마트폰 과의존 실태조사,2023,2023년 스마트폰 과의존 실태조사 보고서,smartphone_overdependence_2023_26508_file1.pdf,339,0,17,과의존,https://www.nia.or.kr/site/nia_kor/ex/bbs/View.do?cbIdx=65914&bcIdx=26508&parentSeq=26508
smartphone_overdependence,스마트폰 과의존 실태조사,2023,2023년 스마트폰 과의존 실태조사 보고서,smartphone_overdependence_2023_26508_file1.pdf,340,0,17,과의존,https://www.nia.or.kr/site/nia_kor/ex/bbs/View.do?cbIdx=65914&bcIdx=26508&parentSeq=26508
smartphone_overdependence,스마트폰 과의존 실태조사,2023,2023년 스마트폰 과의존 실태조사 보고서,smartphone_overdependence_2023_26508_file1.pdf,341,0,17,과의존,https://www.nia.or.kr/site/nia_kor/ex/bbs/View.do?cbIdx=65914&bcIdx=26508&parentSeq=26508
smartphone_overdependence,스마트폰 과의존 실태조사,2023,2023년 스마트폰 과의존 실태조사 보고서,smartphone_overdependence_2023_26508_file1.pdf,342,0,18,과의존; 도움,https://www.nia.or.kr/site/nia_kor/ex/bbs/View.do?cbIdx=65914&bcIdx=26508&parentSeq=26508
smartphone_overdependence,스마트폰 과의존 실태조사,2023,2023년 스마트폰 과의존 실태조사 보고서,smartphone_overdependence_2023_26508_file1.pdf,343,0,18,스트레스; 과의존,https://www.nia.or.kr/site/nia_kor/ex/bbs/View.do?cbIdx=65914&bcIdx=26508&parentSeq=26508
smartphone_overdependence,스마트폰 과의존 실태조사,2023,2023년 스마트폰 과의존 실태조사 보고서,smartphone_overdependence_2023_26508_file1.pdf,344,0,17,과의존,https://www.nia.or.kr/site/nia_kor/ex/bbs/View.do?cbIdx=65914&bcIdx=26508&parentSeq=26508
smartphone_overdependence,스마트폰 과의존 실태조사,2023,2023년 스마트폰 과의존 실태조사 보고서,smartphone_overdependence_2023_26508_file1.pdf,345,0,18,상담; 과의존,https://www.nia.or.kr/site/nia_kor/ex/bbs/View.do?cbIdx=65914&bcIdx=26508&parentSeq=26508
smartphone_overdependence,스마트폰 과의존 실태조사,2023,2023년 스마트폰 과의존 실태조사 보고서,smartphone_overdependence_2023_26508_file1.pdf,346,0,17,과의존,https://www.nia.or.kr/site/nia_kor/ex/bbs/View.do?cbIdx=65914&bcIdx=26508&parentSeq=26508
smartphone_overdependence,스마트폰 과의존 실태조사,2023,2023년 스마트폰 과의존 실태조사 보고서,smartphone_overdependence_2023_26508_file1.pdf,347,0,17,과의존,https://www.nia.or.kr/site/nia_kor/ex/bbs/View.do?cbIdx=65914&bcIdx=26508&parentSeq=26508
smartphone_overdependence,스마트폰 과의존 실태조사,2023,2023년 스마트폰 과의존 실태조사 보고서,smartphone_overdependence_2023_26508_file1.pdf,348,0,17,과의존,https://www.nia.or.kr/site/nia_kor/ex/bbs/View.do?cbIdx=65914&bcIdx=26508&parentSeq=26508
smartphone_overdependence,스마트폰 과의존 실태조사,2023,2023년 스마트폰 과의존 실태조사 보고서,smartphone_overdependence_2023_26508_file1.pdf,349,0,16,과의존,https://www.nia.or.kr/site/nia_kor/ex/bbs/View.do?cbIdx=65914&bcIdx=26508&parentSeq=26508
smartphone_overdependence,스마트폰 과의존 실태조사,2023,2023년 스마트폰 과의존 실태조사 보고서,smartphone_overdependence_2023_26508_file1.pdf,350,0,16,과의존,https://www.nia.or.kr/site/nia_kor/ex/bbs/View.do?cbIdx=65914&bcIdx=26508&parentSeq=26508
smartphone_overdependence,스마트폰 과의존 실태조사,2023,2023년 스마트폰 과의존 실태조사 보고서,smartphone_overdependence_2023_26508_file1.pdf,351,0,16,과의존,https://www.nia.or.kr/site/nia_kor/ex/bbs/View.do?cbIdx=65914&bcIdx=26508&parentSeq=26508
smartphone_overdependence,스마트폰 과의존 실태조사,2023,2023년 스마트폰 과의존 실태조사 보고서,smartphone_overdependence_2023_26508_file1.pdf,352,0,16,과의존,https://www.nia.or.kr/site/nia_kor/ex/bbs/View.do?cbIdx=65914&bcIdx=26508&parentSeq=26508
smartphone_overdependence,스마트폰 과의존 실태조사,2023,2023년 스마트폰 과의존 실태조사 보고서,smartphone_overdependence_2023_26508_file1.pdf,353,0,16,과의존,https://www.nia.or.kr/site/nia_kor/ex/bbs/View.do?cbIdx=65914&bcIdx=26508&parentSeq=26508
smartphone_overdependence,스마트폰 과의존 실태조사,2023,2023년 스마트폰 과의존 실태조사 보고서,smartphone_overdependence_2023_26508_file1.pdf,354,0,16,과의존,https://www.nia.or.kr/site/nia_kor/ex/bbs/View.do?cbIdx=65914&bcIdx=26508&parentSeq=26508
smartphone_overdependence,스마트폰 과의존 실태조사,2023,2023년 스마트폰 과의존 실태조사 보고서,smartphone_overdependence_2023_26508_file1.pdf,355,0,16,과의존,https://www.nia.or.kr/site/nia_kor/ex/bbs/View.do?cbIdx=65914&bcIdx=26508&parentSeq=26508
smartphone_overdependence,스마트폰 과의존 실태조사,2023,2023년 스마트폰 과의존 실태조사 보고서,smartphone_overdependence_2023_26508_file1.pdf,356,0,16,과의존,https://www.nia.or.kr/site/nia_kor/ex/bbs/View.do?cbIdx=65914&bcIdx=26508&parentSeq=26508
smartphone_overdependence,스마트폰 과의존 실태조사,2023,2023년 스마트폰 과의존 실태조사 보고서,smartphone_overdependence_2023_26508_file1.pdf,357,0,16,과의존,https://www.nia.or.kr/site/nia_kor/ex/bbs/View.do?cbIdx=65914&bcIdx=26508&parentSeq=26508
smartphone_overdependence,스마트폰 과의존 실태조사,2023,2023년 스마트폰 과의존 실태조사 보고서,smartphone_overdependence_2023_26508_file1.pdf,358,0,16,과의존,https://www.nia.or.kr/site/nia_kor/ex/bbs/View.do?cbIdx=65914&bcIdx=26508&parentSeq=26508
smartphone_overdependence,스마트폰 과의존 실태조사,2023,2023년 스마트폰 과의존 실태조사 보고서,smartphone_overdependence_2023_26508_file1.pdf,359,0,16,과의존,https://www.nia.or.kr/site/nia_kor/ex/bbs/View.do?cbIdx=65914&bcIdx=26508&parentSeq=26508
smartphone_overdependence,스마트폰 과의존 실태조사,2023,2023년 스마트폰 과의존 실태조사 보고서,smartphone_overdependence_2023_26508_file1.pdf,360,0,16,과의존,https://www.nia.or.kr/site/nia_kor/ex/bbs/View.do?cbIdx=65914&bcIdx=26508&parentSeq=26508
smartphone_overdependence,스마트폰 과의존 실태조사,2023,2023년 스마트폰 과의존 실태조사 보고서,smartphone_overdependence_2023_26508_file1.pdf,361,0,16,과의존,https://www.nia.or.kr/site/nia_kor/ex/bbs/View.do?cbIdx=65914&bcIdx=26508&parentSeq=26508
smartphone_overdependence,스마트폰 과의존 실태조사,2023,2023년 스마트폰 과의존 실태조사 보고서,smartphone_overdependence_2023_26508_file1.pdf,362,0,16,과의존,https://www.nia.or.kr/site/nia_kor/ex/bbs/View.do?cbIdx=65914&bcIdx=26508&parentSeq=26508
smartphone_overdependence,스마트폰 과의존 실태조사,2023,2023년 스마트폰 과의존 실태조사 보고서,smartphone_overdependence_2023_26508_file1.pdf,363,0,16,과의존,https://www.nia.or.kr/site/nia_kor/ex/bbs/View.do?cbIdx=65914&bcIdx=26508&parentSeq=26508
smartphone_overdependence,스마트폰 과의존 실태조사,2023,2023년 스마트폰 과의존 실태조사 보고서,smartphone_overdependence_2023_26508_file1.pdf,364,0,16,과의존,https://www.nia.or.kr/site/nia_kor/ex/bbs/View.do?cbIdx=65914&bcIdx=26508&parentSeq=26508
smartphone_overdependence,스마트폰 과의존 실태조사,2023,2023년 스마트폰 과의존 실태조사 보고서,smartphone_overdependence_2023_26508_file1.pdf,365,0,16,과의존,https://www.nia.or.kr/site/nia_kor/ex/bbs/View.do?cbIdx=65914&bcIdx=26508&parentSeq=26508
smartphone_overdependence,스마트폰 과의존 실태조사,2023,2023년 스마트폰 과의존 실태조사 보고서,smartphone_overdependence_2023_26508_file1.pdf,366,0,16,과의존,https://www.nia.or.kr/site/nia_kor/ex/bbs/View.do?cbIdx=65914&bcIdx=26508&parentSeq=26508
smartphone_overdependence,스마트폰 과의존 실태조사,2023,2023년 스마트폰 과의존 실태조사 보고서,smartphone_overdependence_2023_26508_file1.pdf,367,0,16,과의존,https://www.nia.or.kr/site/nia_kor/ex/bbs/View.do?cbIdx=65914&bcIdx=26508&parentSeq=26508
smartphone_overdependence,스마트폰 과의존 실태조사,2023,2023년 스마트폰 과의존 실태조사 보고서,smartphone_overdependence_2023_26508_file1.pdf,368,0,16,과의존,https://www.nia.or.kr/site/nia_kor/ex/bbs/View.do?cbIdx=65914&bcIdx=26508&parentSeq=26508
smartphone_overdependence,스마트폰 과의존 실태조사,2023,2023년 스마트폰 과의존 실태조사 보고서,smartphone_overdependence_2023_26508_file1.pdf,369,0,16,과의존,https://www.nia.or.kr/site/nia_kor/ex/bbs/View.do?cbIdx=65914&bcIdx=26508&parentSeq=26508
smartphone_overdependence,스마트폰 과의존 실태조사,2023,2023년 스마트폰 과의존 실태조사 보고서,smartphone_overdependence_2023_26508_file1.pdf,370,0,16,과의존,https://www.nia.or.kr/site/nia_kor/ex/bbs/View.do?cbIdx=65914&bcIdx=26508&parentSeq=26508
smartphone_overdependence,스마트폰 과의존 실태조사,2023,2023년 스마트폰 과의존 실태조사 보고서,smartphone_overdependence_2023_26508_file1.pdf,371,0,16,과의존,https://www.nia.or.kr/site/nia_kor/ex/bbs/View.do?cbIdx=65914&bcIdx=26508&parentSeq=26508
smartphone_overdependence,스마트폰 과의존 실태조사,2023,2023년 스마트폰 과의존 실태조사 보고서,smartphone_overdependence_2023_26508_file1.pdf,372,0,19,상담; 과의존,https://www.nia.or.kr/site/nia_kor/ex/bbs/View.do?cbIdx=65914&bcIdx=26508&parentSeq=26508
smartphone_overdependence,스마트폰 과의존 실태조사,2023,2023년 스마트폰 과의존 실태조사 보고서,smartphone_overdependence_2023_26508_file1.pdf,373,0,16,과의존,https://www.nia.or.kr/site/nia_kor/ex/bbs/View.do?cbIdx=65914&bcIdx=26508&parentSeq=26508
smartphone_overdependence,스마트폰 과의존 실태조사,2023,2023년 스마트폰 과의존 실태조사 보고서,smartphone_overdependence_2023_26508_file1.pdf,374,0,16,과의존,https://www.nia.or.kr/site/nia_kor/ex/bbs/View.do?cbIdx=65914&bcIdx=26508&parentSeq=26508
smartphone_overdependence,스마트폰 과의존 실태조사,2023,2023년 스마트폰 과의존 실태조사 보고서,smartphone_overdependence_2023_26508_file1.pdf,375,0,16,과의존,https://www.nia.or.kr/site/nia_kor/ex/bbs/View.do?cbIdx=65914&bcIdx=26508&parentSeq=26508
smartphone_overdependence,스마트폰 과의존 실태조사,2023,2023년 스마트폰 과의존 실태조사 보고서,smartphone_overdependence_2023_26508_file1.pdf,376,0,16,과의존,https://www.nia.or.kr/site/nia_kor/ex/bbs/View.do?cbIdx=65914&bcIdx=26508&parentSeq=26508
smartphone_overdependence,스마트폰 과의존 실태조사,2023,2023년 스마트폰 과의존 실태조사 보고서,smartphone_overdependence_2023_26508_file1.pdf,377,0,16,과의존,https://www.nia.or.kr/site/nia_kor/ex/bbs/View.do?cbIdx=65914&bcIdx=26508&parentSeq=26508
smartphone_overdependence,스마트폰 과의존 실태조사,2023,2023년 스마트폰 과의존 실태조사 보고서,smartphone_overdependence_2023_26508_file1.pdf,378,0,16,과의존,https://www.nia.or.kr/site/nia_kor/ex/bbs/View.do?cbIdx=65914&bcIdx=26508&parentSeq=26508
smartphone_overdependence,스마트폰 과의존 실태조사,2023,2023년 스마트폰 과의존 실태조사 보고서,smartphone_overdependence_2023_26508_file1.pdf,379,0,16,과의존,https://www.nia.or.kr/site/nia_kor/ex/bbs/View.do?cbIdx=65914&bcIdx=26508&parentSeq=26508
smartphone_overdependence,스마트폰 과의존 실태조사,2023,2023년 스마트폰 과의존 실태조사 보고서,smartphone_overdependence_2023_26508_file1.pdf,380,0,16,과의존,https://www.nia.or.kr/site/nia_kor/ex/bbs/View.do?cbIdx=65914&bcIdx=26508&parentSeq=26508
smartphone_overdependence,스마트폰 과의존 실태조사,2023,2023년 스마트폰 과의존 실태조사 보고서,smartphone_overdependence_2023_26508_file1.pdf,381,0,16,과의존,https://www.nia.or.kr/site/nia_kor/ex/bbs/View.do?cbIdx=65914&bcIdx=26508&parentSeq=26508
smartphone_overdependence,스마트폰 과의존 실태조사,2023,2023년 스마트폰 과의존 실태조사 보고서,smartphone_overdependence_2023_26508_file1.pdf,382,0,16,과의존,https://www.nia.or.kr/site/nia_kor/ex/bbs/View.do?cbIdx=65914&bcIdx=26508&parentSeq=26508
smartphone_overdependence,스마트폰 과의존 실태조사,2023,2023년 스마트폰 과의존 실태조사 보고서,smartphone_overdependence_2023_26508_file1.pdf,383,0,16,과의존,https://www.nia.or.kr/site/nia_kor/ex/bbs/View.do?cbIdx=65914&bcIdx=26508&parentSeq=26508
smartphone_overdependence,스마트폰 과의존 실태조사,2023,2023년 스마트폰 과의존 실태조사 보고서,smartphone_overdependence_2023_26508_file1.pdf,384,0,16,과의존,https://www.nia.or.kr/site/nia_kor/ex/bbs/View.do?cbIdx=65914&bcIdx=26508&parentSeq=26508
smartphone_overdependence,스마트폰 과의존 실태조사,2023,2023년 스마트폰 과의존 실태조사 보고서,smartphone_overdependence_2023_26508_file1.pdf,385,0,16,과의존,https://www.nia.or.kr/site/nia_kor/ex/bbs/View.do?cbIdx=65914&bcIdx=26508&parentSeq=26508
smartphone_overdependence,스마트폰 과의존 실태조사,2023,2023년 스마트폰 과의존 실태조사 보고서,smartphone_overdependence_2023_26508_file1.pdf,386,0,16,과의존,https://www.nia.or.kr/site/nia_kor/ex/bbs/View.do?cbIdx=65914&bcIdx=26508&parentSeq=26508
smartphone_overdependence,스마트폰 과의존 실태조사,2023,2023년 스마트폰 과의존 실태조사 보고서,smartphone_overdependence_2023_26508_file1.pdf,387,0,16,과의존,https://www.nia.or.kr/site/nia_kor/ex/bbs/View.do?cbIdx=65914&bcIdx=26508&parentSeq=26508
smartphone_overdependence,스마트폰 과의존 실태조사,2023,2023년 스마트폰 과의존 실태조사 보고서,smartphone_overdependence_2023_26508_file1.pdf,388,0,16,과의존,https://www.nia.or.kr/site/nia_kor/ex/bbs/View.do?cbIdx=65914&bcIdx=26508&parentSeq=26508
smartphone_overdependence,스마트폰 과의존 실태조사,2023,2023년 스마트폰 과의존 실태조사 보고서,smartphone_overdependence_2023_26508_file1.pdf,389,0,16,과의존,https://www.nia.or.kr/site/nia_kor/ex/bbs/View.do?cbIdx=65914&bcIdx=26508&parentSeq=26508
smartphone_overdependence,스마트폰 과의존 실태조사,2023,2023년 스마트폰 과의존 실태조사 보고서,smartphone_overdependence_2023_26508_file1.pdf,390,0,16,과의존,https://www.nia.or.kr/site/nia_kor/ex/bbs/View.do?cbIdx=65914&bcIdx=26508&parentSeq=26508
smartphone_overdependence,스마트폰 과의존 실태조사,2023,2023년 스마트폰 과의존 실태조사 보고서,smartphone_overdependence_2023_26508_file1.pdf,391,0,16,과의존,https://www.nia.or.kr/site/nia_kor/ex/bbs/View.do?cbIdx=65914&bcIdx=26508&parentSeq=26508
smartphone_overdependence,스마트폰 과의존 실태조사,2023,2023년 스마트폰 과의존 실태조사 보고서,smartphone_overdependence_2023_26508_file1.pdf,392,0,17,과의존,https://www.nia.or.kr/site/nia_kor/ex/bbs/View.do?cbIdx=65914&bcIdx=26508&parentSeq=26508
smartphone_overdependence,스마트폰 과의존 실태조사,2023,2023년 스마트폰 과의존 실태조사 보고서,smartphone_overdependence_2023_26508_file1.pdf,393,0,16,과의존,https://www.nia.or.kr/site/nia_kor/ex/bbs/View.do?cbIdx=65914&bcIdx=26508&parentSeq=26508
smartphone_overdependence,스마트폰 과의존 실태조사,2023,2023년 스마트폰 과의존 실태조사 보고서,smartphone_overdependence_2023_26508_file1.pdf,394,0,17,과의존,https://www.nia.or.kr/site/nia_kor/ex/bbs/View.do?cbIdx=65914&bcIdx=26508&parentSeq=26508
smartphone_overdependence,스마트폰 과의존 실태조사,2023,2023년 스마트폰 과의존 실태조사 보고서,smartphone_overdependence_2023_26508_file1.pdf,395,0,17,과의존,https://www.nia.or.kr/site/nia_kor/ex/bbs/View.do?cbIdx=65914&bcIdx=26508&parentSeq=26508
smartphone_overdependence,스마트폰 과의존 실태조사,2023,2023년 스마트폰 과의존 실태조사 보고서,smartphone_overdependence_2023_26508_file1.pdf,396,0,16,과의존,https://www.nia.or.kr/site/nia_kor/ex/bbs/View.do?cbIdx=65914&bcIdx=26508&parentSeq=26508
smartphone_overdependence,스마트폰 과의존 실태조사,2023,2023년 스마트폰 과의존 실태조사 보고서,smartphone_overdependence_2023_26508_file1.pdf,397,0,16,과의존,https://www.nia.or.kr/site/nia_kor/ex/bbs/View.do?cbIdx=65914&bcIdx=26508&parentSeq=26508
smartphone_overdependence,스마트폰 과의존 실태조사,2023,2023년 스마트폰 과의존 실태조사 보고서,smartphone_overdependence_2023_26508_file1.pdf,398,0,16,과의존,https://www.nia.or.kr/site/nia_kor/ex/bbs/View.do?cbIdx=65914&bcIdx=26508&parentSeq=26508
smartphone_overdependence,스마트폰 과의존 실태조사,2023,2023년 스마트폰 과의존 실태조사 보고서,smartphone_overdependence_2023_26508_file1.pdf,399,0,16,과의존,https://www.nia.or.kr/site/nia_kor/ex/bbs/View.do?cbIdx=65914&bcIdx=26508&parentSeq=26508
smartphone_overdependence,스마트폰 과의존 실태조사,2023,2023년 스마트폰 과의존 실태조사 보고서,smartphone_overdependence_2023_26508_file1.pdf,401,3,1,지능정보; 과의존,https://www.nia.or.kr/site/nia_kor/ex/bbs/View.do?cbIdx=65914&bcIdx=26508&parentSeq=26508
smartphone_overdependence,스마트폰 과의존 실태조사,2023,2023년 스마트폰 과의존 실태조사 보고서,smartphone_overdependence_2023_26508_file1.pdf,402,0,1,과의존,https://www.nia.or.kr/site/nia_kor/ex/bbs/View.do?cbIdx=65914&bcIdx=26508&parentSeq=26508
cyber_violence,사이버폭력 실태조사,2025,2025년 사이버폭력 실태조사,cyber_violence_2025_29190_file1.pdf,5,1,1,지능정보; 폭력,https://www.nia.or.kr/site/nia_kor/ex/bbs/View.do?cbIdx=68302&bcIdx=29190&parentSeq=29190
cyber_violence,사이버폭력 실태조사,2025,2025년 사이버폭력 실태조사,cyber_violence_2025_29190_file1.pdf,7,0,12,피해; 폭력,https://www.nia.or.kr/site/nia_kor/ex/bbs/View.do?cbIdx=68302&bcIdx=29190&parentSeq=29190
cyber_violence,사이버폭력 실태조사,2025,2025년 사이버폭력 실태조사,cyber_violence_2025_29190_file1.pdf,8,0,6,피해; 폭력,https://www.nia.or.kr/site/nia_kor/ex/bbs/View.do?cbIdx=68302&bcIdx=29190&parentSeq=29190
cyber_violence,사이버폭력 실태조사,2025,2025년 사이버폭력 실태조사,cyber_violence_2025_29190_file1.pdf,9,0,15,스트레스; 우울; 불안; 피해; 폭력,https://www.nia.or.kr/site/nia_kor/ex/bbs/View.do?cbIdx=68302&bcIdx=29190&parentSeq=29190
cyber_violence,사이버폭력 실태조사,2025,2025년 사이버폭력 실태조사,cyber_violence_2025_29190_file1.pdf,10,0,2,폭력,https://www.nia.or.kr/site/nia_kor/ex/bbs/View.do?cbIdx=68302&bcIdx=29190&parentSeq=29190
cyber_violence,사이버폭력 실태조사,2025,2025년 사이버폭력 실태조사,cyber_violence_2025_29190_file1.pdf,11,0,3,폭력,https://www.nia.or.kr/site/nia_kor/ex/bbs/View.do?cbIdx=68302&bcIdx=29190&parentSeq=29190
cyber_violence,사이버폭력 실태조사,2025,2025년 사이버폭력 실태조사,cyber_violence_2025_29190_file1.pdf,12,0,1,폭력,https://www.nia.or.kr/site/nia_kor/ex/bbs/View.do?cbIdx=68302&bcIdx=29190&parentSeq=29190
cyber_violence,사이버폭력 실태조사,2025,2025년 사이버폭력 실태조사,cyber_violence_2025_29190_file1.pdf,13,0,16,피해; 폭력; 도움,https://www.nia.or.kr/site/nia_kor/ex/bbs/View.do?cbIdx=68302&bcIdx=29190&parentSeq=29190
cyber_violence,사이버폭력 실태조사,2025,2025년 사이버폭력 실태조사,cyber_violence_2025_29190_file1.pdf,14,5,6,인공지능; AI; 피해; 폭력,https://www.nia.or.kr/site/nia_kor/ex/bbs/View.do?cbIdx=68302&bcIdx=29190&parentSeq=29190
cyber_violence,사이버폭력 실태조사,2025,2025년 사이버폭력 실태조사,cyber_violence_2025_29190_file1.pdf,16,0,24,피해; 폭력,https://www.nia.or.kr/site/nia_kor/ex/bbs/View.do?cbIdx=68302&bcIdx=29190&parentSeq=29190
cyber_violence,사이버폭력 실태조사,2025,2025년 사이버폭력 실태조사,cyber_violence_2025_29190_file1.pdf,17,2,26,인공지능; AI; 심리; 상담; 폭력,https://www.nia.or.kr/site/nia_kor/ex/bbs/View.do?cbIdx=68302&bcIdx=29190&parentSeq=29190
cyber_violence,사이버폭력 실태조사,2025,2025년 사이버폭력 실태조사,cyber_violence_2025_29190_file1.pdf,19,0,24,피해; 폭력,https://www.nia.or.kr/site/nia_kor/ex/bbs/View.do?cbIdx=68302&bcIdx=29190&parentSeq=29190
cyber_violence,사이버폭력 실태조사,2025,2025년 사이버폭력 실태조사,cyber_violence_2025_29190_file1.pdf,20,2,26,인공지능; AI; 심리; 상담; 폭력,https://www.nia.or.kr/site/nia_kor/ex/bbs/View.do?cbIdx=68302&bcIdx=29190&parentSeq=29190
cyber_violence,사이버폭력 실태조사,2025,2025년 사이버폭력 실태조사,cyber_violence_2025_29190_file1.pdf,22,2,40,인공지능; AI; 심리; 피해; 폭력; 도움,https://www.nia.or.kr/site/nia_kor/ex/bbs/View.do?cbIdx=68302&bcIdx=29190&parentSeq=29190
cyber_violence,사이버폭력 실태조사,2025,2025년 사이버폭력 실태조사,cyber_violence_2025_29190_file1.pdf,23,4,14,인공지능; AI; 상담; 폭력,https://www.nia.or.kr/site/nia_kor/ex/bbs/View.do?cbIdx=68302&bcIdx=29190&parentSeq=29190
cyber_violence,사이버폭력 실태조사,2025,2025년 사이버폭력 실태조사,cyber_violence_2025_29190_file1.pdf,24,6,46,인공지능; AI; 심리; 피해; 폭력; 도움,https://www.nia.or.kr/site/nia_kor/ex/bbs/View.do?cbIdx=68302&bcIdx=29190&parentSeq=29190
cyber_violence,사이버폭력 실태조사,2025,2025년 사이버폭력 실태조사,cyber_violence_2025_29190_file1.pdf,25,0,7,상담; 폭력,https://www.nia.or.kr/site/nia_kor/ex/bbs/View.do?cbIdx=68302&bcIdx=29190&parentSeq=29190
cyber_violence,사이버폭력 실태조사,2025,2025년 사이버폭력 실태조사,cyber_violence_2025_29190_file1.pdf,26,1,65,인공지능; 심리; 피해; 폭력; 도움,https://www.nia.or.kr/site/nia_kor/ex/bbs/View.do?cbIdx=68302&bcIdx=29190&parentSeq=29190
cyber_violence,사이버폭력 실태조사,2025,2025년 사이버폭력 실태조사,cyber_violence_2025_29190_file1.pdf,27,6,24,인공지능; AI; 심리; 상담; 폭력,https://www.nia.or.kr/site/nia_kor/ex/bbs/View.do?cbIdx=68302&bcIdx=29190&parentSeq=29190
cyber_violence,사이버폭력 실태조사,2025,2025년 사이버폭력 실태조사,cyber_violence_2025_29190_file1.pdf,28,1,66,인공지능; 심리; 피해; 폭력; 도움,https://www.nia.or.kr/site/nia_kor/ex/bbs/View.do?cbIdx=68302&bcIdx=29190&parentSeq=29190
cyber_violence,사이버폭력 실태조사,2025,2025년 사이버폭력 실태조사,cyber_violence_2025_29190_file1.pdf,29,6,23,인공지능; AI; 심리; 상담; 폭력,https://www.nia.or.kr/site/nia_kor/ex/bbs/View.do?cbIdx=68302&bcIdx=29190&parentSeq=29190
cyber_violence,사이버폭력 실태조사,2025,2025년 사이버폭력 실태조사,cyber_violence_2025_29190_file1.pdf,35,0,15,폭력,https://www.nia.or.kr/site/nia_kor/ex/bbs/View.do?cbIdx=68302&bcIdx=29190&parentSeq=29190
cyber_violence,사이버폭력 실태조사,2025,2025년 사이버폭력 실태조사,cyber_violence_2025_29190_file1.pdf,36,0,8,피해; 폭력,https://www.nia.or.kr/site/nia_kor/ex/bbs/View.do?cbIdx=68302&bcIdx=29190&parentSeq=29190
cyber_violence,사이버폭력 실태조사,2025,2025년 사이버폭력 실태조사,cyber_violence_2025_29190_file1.pdf,37,2,39,인공지능; AI; 심리; 피해; 폭력; 도움,https://www.nia.or.kr/site/nia_kor/ex/bbs/View.do?cbIdx=68302&bcIdx=29190&parentSeq=29190
cyber_violence,사이버폭력 실태조사,2025,2025년 사이버폭력 실태조사,cyber_violence_2025_29190_file1.pdf,38,4,13,인공지능; AI; 상담; 폭력,https://www.nia.or.kr/site/nia_kor/ex/bbs/View.do?cbIdx=68302&bcIdx=29190&parentSeq=29190
cyber_violence,사이버폭력 실태조사,2025,2025년 사이버폭력 실태조사,cyber_violence_2025_29190_file1.pdf,39,2,1,지능정보; 폭력,https://www.nia.or.kr/site/nia_kor/ex/bbs/View.do?cbIdx=68302&bcIdx=29190&parentSeq=29190
cyber_violence,사이버폭력 실태조사,2025,2025년 사이버폭력 실태조사,cyber_violence_2025_29190_file1.pdf,45,0,4,피해; 폭력,https://www.nia.or.kr/site/nia_kor/ex/bbs/View.do?cbIdx=68302&bcIdx=29190&parentSeq=29190
cyber_violence,사이버폭력 실태조사,2025,2025년 사이버폭력 실태조사,cyber_violence_2025_29190_file1.pdf,49,0,1,폭력,https://www.nia.or.kr/site/nia_kor/ex/bbs/View.do?cbIdx=68302&bcIdx=29190&parentSeq=29190
cyber_violence,사이버폭력 실태조사,2025,2025년 사이버폭력 실태조사,cyber_violence_2025_29190_file1.pdf,53,0,23,피해; 폭력,https://www.nia.or.kr/site/nia_kor/ex/bbs/View.do?cbIdx=68302&bcIdx=29190&parentSeq=29190
cyber_violence,사이버폭력 실태조사,2025,2025년 사이버폭력 실태조사,cyber_violence_2025_29190_file1.pdf,54,0,22,피해; 폭력,https://www.nia.or.kr/site/nia_kor/ex/bbs/View.do?cbIdx=68302&bcIdx=29190&parentSeq=29190
cyber_violence,사이버폭력 실태조사,2025,2025년 사이버폭력 실태조사,cyber_violence_2025_29190_file1.pdf,55,0,17,상담; 피해; 폭력,https://www.nia.or.kr/site/nia_kor/ex/bbs/View.do?cbIdx=68302&bcIdx=29190&parentSeq=29190
cyber_violence,사이버폭력 실태조사,2025,2025년 사이버폭력 실태조사,cyber_violence_2025_29190_file1.pdf,56,0,21,심리; 상담; 스트레스; 우울; 자살; 불안; 피해; 폭력; 도움,https://www.nia.or.kr/site/nia_kor/ex/bbs/View.do?cbIdx=68302&bcIdx=29190&parentSeq=29190
cyber_violence,사이버폭력 실태조사,2025,2025년 사이버폭력 실태조사,cyber_violence_2025_29190_file1.pdf,57,0,10,폭력,https://www.nia.or.kr/site/nia_kor/ex/bbs/View.do?cbIdx=68302&bcIdx=29190&parentSeq=29190
cyber_violence,사이버폭력 실태조사,2025,2025년 사이버폭력 실태조사,cyber_violence_2025_29190_file1.pdf,58,3,3,인공지능; AI; 폭력,https://www.nia.or.kr/site/nia_kor/ex/bbs/View.do?cbIdx=68302&bcIdx=29190&parentSeq=29190
cyber_violence,사이버폭력 실태조사,2025,2025년 사이버폭력 실태조사,cyber_violence_2025_29190_file1.pdf,59,0,6,심리; 스트레스; 폭력,https://www.nia.or.kr/site/nia_kor/ex/bbs/View.do?cbIdx=68302&bcIdx=29190&parentSeq=29190
cyber_violence,사이버폭력 실태조사,2025,2025년 사이버폭력 실태조사,cyber_violence_2025_29190_file1.pdf,60,0,9,폭력,https://www.nia.or.kr/site/nia_kor/ex/bbs/View.do?cbIdx=68302&bcIdx=29190&parentSeq=29190
cyber_violence,사이버폭력 실태조사,2025,2025년 사이버폭력 실태조사,cyber_violence_2025_29190_file1.pdf,61,0,13,상담; 피해; 폭력; 도움,https://www.nia.or.kr/site/nia_kor/ex/bbs/View.do?cbIdx=68302&bcIdx=29190&parentSeq=29190
cyber_violence,사이버폭력 실태조사,2025,2025년 사이버폭력 실태조사,cyber_violence_2025_29190_file1.pdf,62,0,7,피해; 폭력,https://www.nia.or.kr/site/nia_kor/ex/bbs/View.do?cbIdx=68302&bcIdx=29190&parentSeq=29190
cyber_violence,사이버폭력 실태조사,2025,2025년 사이버폭력 실태조사,cyber_violence_2025_29190_file1.pdf,63,7,8,인공지능; AI; 피해; 폭력,https://www.nia.or.kr/site/nia_kor/ex/bbs/View.do?cbIdx=68302&bcIdx=29190&parentSeq=29190
cyber_violence,사이버폭력 실태조사,2025,2025년 사이버폭력 실태조사,cyber_violence_2025_29190_file1.pdf,64,0,14,피해; 폭력; 도움,https://www.nia.or.kr/site/nia_kor/ex/bbs/View.do?cbIdx=68302&bcIdx=29190&parentSeq=29190
cyber_violence,사이버폭력 실태조사,2025,2025년 사이버폭력 실태조사,cyber_violence_2025_29190_file1.pdf,65,0,2,폭력,https://www.nia.or.kr/site/nia_kor/ex/bbs/View.do?cbIdx=68302&bcIdx=29190&parentSeq=29190
cyber_violence,사이버폭력 실태조사,2025,2025년 사이버폭력 실태조사,cyber_violence_2025_29190_file1.pdf,66,0,2,스트레스; 폭력,https://www.nia.or.kr/site/nia_kor/ex/bbs/View.do?cbIdx=68302&bcIdx=29190&parentSeq=29190
cyber_violence,사이버폭력 실태조사,2025,2025년 사이버폭력 실태조사,cyber_violence_2025_29190_file1.pdf,67,0,8,피해,https://www.nia.or.kr/site/nia_kor/ex/bbs/View.do?cbIdx=68302&bcIdx=29190&parentSeq=29190
cyber_violence,사이버폭력 실태조사,2025,2025년 사이버폭력 실태조사,cyber_violence_2025_29190_file1.pdf,68,0,12,상담; 피해; 폭력,https://www.nia.or.kr/site/nia_kor/ex/bbs/View.do?cbIdx=68302&bcIdx=29190&parentSeq=29190
cyber_violence,사이버폭력 실태조사,2025,2025년 사이버폭력 실태조사,cyber_violence_2025_29190_file1.pdf,69,0,6,피해,https://www.nia.or.kr/site/nia_kor/ex/bbs/View.do?cbIdx=68302&bcIdx=29190&parentSeq=29190
cyber_violence,사이버폭력 실태조사,2025,2025년 사이버폭력 실태조사,cyber_violence_2025_29190_file1.pdf,73,0,23,피해; 폭력,https://www.nia.or.kr/site/nia_kor/ex/bbs/View.do?cbIdx=68302&bcIdx=29190&parentSeq=29190
cyber_violence,사이버폭력 실태조사,2025,2025년 사이버폭력 실태조사,cyber_violence_2025_29190_file1.pdf,74,0,14,피해; 폭력,https://www.nia.or.kr/site/nia_kor/ex/bbs/View.do?cbIdx=68302&bcIdx=29190&parentSeq=29190
cyber_violence,사이버폭력 실태조사,2025,2025년 사이버폭력 실태조사,cyber_violence_2025_29190_file1.pdf,75,0,19,피해; 폭력,https://www.nia.or.kr/site/nia_kor/ex/bbs/View.do?cbIdx=68302&bcIdx=29190&parentSeq=29190
cyber_violence,사이버폭력 실태조사,2025,2025년 사이버폭력 실태조사,cyber_violence_2025_29190_file1.pdf,76,0,13,피해; 폭력,https://www.nia.or.kr/site/nia_kor/ex/bbs/View.do?cbIdx=68302&bcIdx=29190&parentSeq=29190
cyber_violence,사이버폭력 실태조사,2025,2025년 사이버폭력 실태조사,cyber_violence_2025_29190_file1.pdf,77,0,6,피해; 폭력,https://www.nia.or.kr/site/nia_kor/ex/bbs/View.do?cbIdx=68302&bcIdx=29190&parentSeq=29190
cyber_violence,사이버폭력 실태조사,2025,2025년 사이버폭력 실태조사,cyber_violence_2025_29190_file1.pdf,78,0,8,피해; 폭력,https://www.nia.or.kr/site/nia_kor/ex/bbs/View.do?cbIdx=68302&bcIdx=29190&parentSeq=29190
cyber_violence,사이버폭력 실태조사,2025,2025년 사이버폭력 실태조사,cyber_violence_2025_29190_file1.pdf,79,0,11,피해; 폭력,https://www.nia.or.kr/site/nia_kor/ex/bbs/View.do?cbIdx=68302&bcIdx=29190&parentSeq=29190
cyber_violence,사이버폭력 실태조사,2025,2025년 사이버폭력 실태조사,cyber_violence_2025_29190_file1.pdf,80,0,11,피해; 폭력,https://www.nia.or.kr/site/nia_kor/ex/bbs/View.do?cbIdx=68302&bcIdx=29190&parentSeq=29190
cyber_violence,사이버폭력 실태조사,2025,2025년 사이버폭력 실태조사,cyber_violence_2025_29190_file1.pdf,81,0,29,심리; 스트레스; 우울; 자살; 불안; 피해; 폭력,https://www.nia.or.kr/site/nia_kor/ex/bbs/View.do?cbIdx=68302&bcIdx=29190&parentSeq=29190
cyber_violence,사이버폭력 실태조사,2025,2025년 사이버폭력 실태조사,cyber_violence_2025_29190_file1.pdf,82,0,19,상담; 피해; 폭력; 도움,https://www.nia.or.kr/site/nia_kor/ex/bbs/View.do?cbIdx=68302&bcIdx=29190&parentSeq=29190
cyber_violence,사이버폭력 실태조사,2025,2025년 사이버폭력 실태조사,cyber_violence_2025_29190_file1.pdf,83,0,16,피해; 폭력; 도움,https://www.nia.or.kr/site/nia_kor/ex/bbs/View.do?cbIdx=68302&bcIdx=29190&parentSeq=29190
cyber_violence,사이버폭력 실태조사,2025,2025년 사이버폭력 실태조사,cyber_violence_2025_29190_file1.pdf,84,0,26,상담; 피해; 폭력; 도움,https://www.nia.or.kr/site/nia_kor/ex/bbs/View.do?cbIdx=68302&bcIdx=29190&parentSeq=29190
cyber_violence,사이버폭력 실태조사,2025,2025년 사이버폭력 실태조사,cyber_violence_2025_29190_file1.pdf,85,0,15,상담; 피해; 폭력,https://www.nia.or.kr/site/nia_kor/ex/bbs/View.do?cbIdx=68302&bcIdx=29190&parentSeq=29190
cyber_violence,사이버폭력 실태조사,2025,2025년 사이버폭력 실태조사,cyber_violence_2025_29190_file1.pdf,86,0,12,폭력,https://www.nia.or.kr/site/nia_kor/ex/bbs/View.do?cbIdx=68302&bcIdx=29190&parentSeq=29190
cyber_violence,사이버폭력 실태조사,2025,2025년 사이버폭력 실태조사,cyber_violence_2025_29190_file1.pdf,87,0,7,폭력,https://www.nia.or.kr/site/nia_kor/ex/bbs/View.do?cbIdx=68302&bcIdx=29190&parentSeq=29190
cyber_violence,사이버폭력 실태조사,2025,2025년 사이버폭력 실태조사,cyber_violence_2025_29190_file1.pdf,88,0,11,폭력,https://www.nia.or.kr/site/nia_kor/ex/bbs/View.do?cbIdx=68302&bcIdx=29190&parentSeq=29190
cyber_violence,사이버폭력 실태조사,2025,2025년 사이버폭력 실태조사,cyber_violence_2025_29190_file1.pdf,89,0,6,폭력,https://www.nia.or.kr/site/nia_kor/ex/bbs/View.do?cbIdx=68302&bcIdx=29190&parentSeq=29190
cyber_violence,사이버폭력 실태조사,2025,2025년 사이버폭력 실태조사,cyber_violence_2025_29190_file1.pdf,90,0,5,폭력,https://www.nia.or.kr/site/nia_kor/ex/bbs/View.do?cbIdx=68302&bcIdx=29190&parentSeq=29190
cyber_violence,사이버폭력 실태조사,2025,2025년 사이버폭력 실태조사,cyber_violence_2025_29190_file1.pdf,91,0,5,폭력,https://www.nia.or.kr/site/nia_kor/ex/bbs/View.do?cbIdx=68302&bcIdx=29190&parentSeq=29190
cyber_violence,사이버폭력 실태조사,2025,2025년 사이버폭력 실태조사,cyber_violence_2025_29190_file1.pdf,92,7,6,인공지능; AI; 폭력,https://www.nia.or.kr/site/nia_kor/ex/bbs/View.do?cbIdx=68302&bcIdx=29190&parentSeq=29190
cyber_violence,사이버폭력 실태조사,2025,2025년 사이버폭력 실태조사,cyber_violence_2025_29190_file1.pdf,93,0,9,스트레스; 폭력,https://www.nia.or.kr/site/nia_kor/ex/bbs/View.do?cbIdx=68302&bcIdx=29190&parentSeq=29190
cyber_violence,사이버폭력 실태조사,2025,2025년 사이버폭력 실태조사,cyber_violence_2025_29190_file1.pdf,94,0,8,심리; 폭력,https://www.nia.or.kr/site/nia_kor/ex/bbs/View.do?cbIdx=68302&bcIdx=29190&parentSeq=29190
cyber_violence,사이버폭력 실태조사,2025,2025년 사이버폭력 실태조사,cyber_violence_2025_29190_file1.pdf,95,0,5,폭력,https://www.nia.or.kr/site/nia_kor/ex/bbs/View.do?cbIdx=68302&bcIdx=29190&parentSeq=29190
cyber_violence,사이버폭력 실태조사,2025,2025년 사이버폭력 실태조사,cyber_violence_2025_29190_file1.pdf,96,0,4,폭력,https://www.nia.or.kr/site/nia_kor/ex/bbs/View.do?cbIdx=68302&bcIdx=29190&parentSeq=29190
cyber_violence,사이버폭력 실태조사,2025,2025년 사이버폭력 실태조사,cyber_violence_2025_29190_file1.pdf,97,0,19,피해; 폭력,https://www.nia.or.kr/site/nia_kor/ex/bbs/View.do?cbIdx=68302&bcIdx=29190&parentSeq=29190
cyber_violence,사이버폭력 실태조사,2025,2025년 사이버폭력 실태조사,cyber_violence_2025_29190_file1.pdf,98,0,11,피해; 폭력,https://www.nia.or.kr/site/nia_kor/ex/bbs/View.do?cbIdx=68302&bcIdx=29190&parentSeq=29190
cyber_violence,사이버폭력 실태조사,2025,2025년 사이버폭력 실태조사,cyber_violence_2025_29190_file1.pdf,99,0,9,피해; 폭력,https://www.nia.or.kr/site/nia_kor/ex/bbs/View.do?cbIdx=68302&bcIdx=29190&parentSeq=29190
cyber_violence,사이버폭력 실태조사,2025,2025년 사이버폭력 실태조사,cyber_violence_2025_29190_file1.pdf,100,0,19,상담; 피해; 폭력; 도움,https://www.nia.or.kr/site/nia_kor/ex/bbs/View.do?cbIdx=68302&bcIdx=29190&parentSeq=29190
cyber_violence,사이버폭력 실태조사,2025,2025년 사이버폭력 실태조사,cyber_violence_2025_29190_file1.pdf,101,0,13,피해; 폭력,https://www.nia.or.kr/site/nia_kor/ex/bbs/View.do?cbIdx=68302&bcIdx=29190&parentSeq=29190
cyber_violence,사이버폭력 실태조사,2025,2025년 사이버폭력 실태조사,cyber_violence_2025_29190_file1.pdf,102,0,10,피해; 폭력,https://www.nia.or.kr/site/nia_kor/ex/bbs/View.do?cbIdx=68302&bcIdx=29190&parentSeq=29190
cyber_violence,사이버폭력 실태조사,2025,2025년 사이버폭력 실태조사,cyber_violence_2025_29190_file1.pdf,103,0,7,폭력,https://www.nia.or.kr/site/nia_kor/ex/bbs/View.do?cbIdx=68302&bcIdx=29190&parentSeq=29190
cyber_violence,사이버폭력 실태조사,2025,2025년 사이버폭력 실태조사,cyber_violence_2025_29190_file1.pdf,104,0,8,피해; 폭력,https://www.nia.or.kr/site/nia_kor/ex/bbs/View.do?cbIdx=68302&bcIdx=29190&parentSeq=29190
cyber_violence,사이버폭력 실태조사,2025,2025년 사이버폭력 실태조사,cyber_violence_2025_29190_file1.pdf,105,10,7,인공지능; AI; 피해; 폭력,https://www.nia.or.kr/site/nia_kor/ex/bbs/View.do?cbIdx=68302&bcIdx=29190&parentSeq=29190
cyber_violence,사이버폭력 실태조사,2025,2025년 사이버폭력 실태조사,cyber_violence_2025_29190_file1.pdf,106,12,16,인공지능; AI; 피해; 폭력,https://www.nia.or.kr/site/nia_kor/ex/bbs/View.do?cbIdx=68302&bcIdx=29190&parentSeq=29190
cyber_violence,사이버폭력 실태조사,2025,2025년 사이버폭력 실태조사,cyber_violence_2025_29190_file1.pdf,107,0,10,피해; 폭력,https://www.nia.or.kr/site/nia_kor/ex/bbs/View.do?cbIdx=68302&bcIdx=29190&parentSeq=29190
cyber_violence,사이버폭력 실태조사,2025,2025년 사이버폭력 실태조사,cyber_violence_2025_29190_file1.pdf,108,0,24,피해; 폭력; 도움,https://www.nia.or.kr/site/nia_kor/ex/bbs/View.do?cbIdx=68302&bcIdx=29190&parentSeq=29190
cyber_violence,사이버폭력 실태조사,2025,2025년 사이버폭력 실태조사,cyber_violence_2025_29190_file1.pdf,109,0,11,피해; 폭력,https://www.nia.or.kr/site/nia_kor/ex/bbs/View.do?cbIdx=68302&bcIdx=29190&parentSeq=29190
cyber_violence,사이버폭력 실태조사,2025,2025년 사이버폭력 실태조사,cyber_violence_2025_29190_file1.pdf,110,0,9,상담; 피해; 폭력,https://www.nia.or.kr/site/nia_kor/ex/bbs/View.do?cbIdx=68302&bcIdx=29190&parentSeq=29190
cyber_violence,사이버폭력 실태조사,2025,2025년 사이버폭력 실태조사,cyber_violence_2025_29190_file1.pdf,111,0,8,피해; 폭력,https://www.nia.or.kr/site/nia_kor/ex/bbs/View.do?cbIdx=68302&bcIdx=29190&parentSeq=29190
cyber_violence,사이버폭력 실태조사,2025,2025년 사이버폭력 실태조사,cyber_violence_2025_29190_file1.pdf,112,0,10,피해; 폭력,https://www.nia.or.kr/site/nia_kor/ex/bbs/View.do?cbIdx=68302&bcIdx=29190&parentSeq=29190
cyber_violence,사이버폭력 실태조사,2025,2025년 사이버폭력 실태조사,cyber_violence_2025_29190_file1.pdf,113,0,2,피해,https://www.nia.or.kr/site/nia_kor/ex/bbs/View.do?cbIdx=68302&bcIdx=29190&parentSeq=29190
cyber_violence,사이버폭력 실태조사,2025,2025년 사이버폭력 실태조사,cyber_violence_2025_29190_file1.pdf,114,0,2,피해,https://www.nia.or.kr/site/nia_kor/ex/bbs/View.do?cbIdx=68302&bcIdx=29190&parentSeq=29190
cyber_violence,사이버폭력 실태조사,2025,2025년 사이버폭력 실태조사,cyber_violence_2025_29190_file1.pdf,116,0,3,피해,https://www.nia.or.kr/site/nia_kor/ex/bbs/View.do?cbIdx=68302&bcIdx=29190&parentSeq=29190
cyber_violence,사이버폭력 실태조사,2025,2025년 사이버폭력 실태조사,cyber_violence_2025_29190_file1.pdf,117,0,1,피해,https://www.nia.or.kr/site/nia_kor/ex/bbs/View.do?cbIdx=68302&bcIdx=29190&parentSeq=29190
cyber_violence,사이버폭력 실태조사,2025,2025년 사이버폭력 실태조사,cyber_violence_2025_29190_file1.pdf,118,0,2,피해,https://www.nia.or.kr/site/nia_kor/ex/bbs/View.do?cbIdx=68302&bcIdx=29190&parentSeq=29190
cyber_violence,사이버폭력 실태조사,2025,2025년 사이버폭력 실태조사,cyber_violence_2025_29190_file1.pdf,120,0,2,피해,https://www.nia.or.kr/site/nia_kor/ex/bbs/View.do?cbIdx=68302&bcIdx=29190&parentSeq=29190
cyber_violence,사이버폭력 실태조사,2025,2025년 사이버폭력 실태조사,cyber_violence_2025_29190_file1.pdf,121,0,3,스트레스; 피해,https://www.nia.or.kr/site/nia_kor/ex/bbs/View.do?cbIdx=68302&bcIdx=29190&parentSeq=29190
cyber_violence,사이버폭력 실태조사,2025,2025년 사이버폭력 실태조사,cyber_violence_2025_29190_file1.pdf,122,0,1,피해,https://www.nia.or.kr/site/nia_kor/ex/bbs/View.do?cbIdx=68302&bcIdx=29190&parentSeq=29190
cyber_violence,사이버폭력 실태조사,2025,2025년 사이버폭력 실태조사,cyber_violence_2025_29190_file1.pdf,123,0,2,피해,https://www.nia.or.kr/site/nia_kor/ex/bbs/View.do?cbIdx=68302&bcIdx=29190&parentSeq=29190
cyber_violence,사이버폭력 실태조사,2025,2025년 사이버폭력 실태조사,cyber_violence_2025_29190_file1.pdf,124,0,2,피해,https://www.nia.or.kr/site/nia_kor/ex/bbs/View.do?cbIdx=68302&bcIdx=29190&parentSeq=29190
cyber_violence,사이버폭력 실태조사,2025,2025년 사이버폭력 실태조사,cyber_violence_2025_29190_file1.pdf,125,0,12,피해; 폭력,https://www.nia.or.kr/site/nia_kor/ex/bbs/View.do?cbIdx=68302&bcIdx=29190&parentSeq=29190
cyber_violence,사이버폭력 실태조사,2025,2025년 사이버폭력 실태조사,cyber_violence_2025_29190_file1.pdf,126,0,1,피해,https://www.nia.or.kr/site/nia_kor/ex/bbs/View.do?cbIdx=68302&bcIdx=29190&parentSeq=29190
cyber_violence,사이버폭력 실태조사,2025,2025년 사이버폭력 실태조사,cyber_violence_2025_29190_file1.pdf,127,0,2,피해,https://www.nia.or.kr/site/nia_kor/ex/bbs/View.do?cbIdx=68302&bcIdx=29190&parentSeq=29190
cyber_violence,사이버폭력 실태조사,2025,2025년 사이버폭력 실태조사,cyber_violence_2025_29190_file1.pdf,128,0,5,피해; 폭력,https://www.nia.or.kr/site/nia_kor/ex/bbs/View.do?cbIdx=68302&bcIdx=29190&parentSeq=29190
cyber_violence,사이버폭력 실태조사,2025,2025년 사이버폭력 실태조사,cyber_violence_2025_29190_file1.pdf,129,0,3,폭력,https://www.nia.or.kr/site/nia_kor/ex/bbs/View.do?cbIdx=68302&bcIdx=29190&parentSeq=29190
cyber_violence,사이버폭력 실태조사,2025,2025년 사이버폭력 실태조사,cyber_violence_2025_29190_file1.pdf,130,0,2,피해,https://www.nia.or.kr/site/nia_kor/ex/bbs/View.do?cbIdx=68302&bcIdx=29190&parentSeq=29190
cyber_violence,사이버폭력 실태조사,2025,2025년 사이버폭력 실태조사,cyber_violence_2025_29190_file1.pdf,135,0,15,폭력,https://www.nia.or.kr/site/nia_kor/ex/bbs/View.do?cbIdx=68302&bcIdx=29190&parentSeq=29190
cyber_violence,사이버폭력 실태조사,2025,2025년 사이버폭력 실태조사,cyber_violence_2025_29190_file1.pdf,136,0,8,피해; 폭력,https://www.nia.or.kr/site/nia_kor/ex/bbs/View.do?cbIdx=68302&bcIdx=29190&parentSeq=29190
cyber_violence,사이버폭력 실태조사,2025,2025년 사이버폭력 실태조사,cyber_violence_2025_29190_file1.pdf,137,2,38,인공지능; AI; 심리; 피해; 폭력; 도움,https://www.nia.or.kr/site/nia_kor/ex/bbs/View.do?cbIdx=68302&bcIdx=29190&parentSeq=29190
cyber_violence,사이버폭력 실태조사,2025,2025년 사이버폭력 실태조사,cyber_violence_2025_29190_file1.pdf,138,4,13,인공지능; AI; 상담; 폭력,https://www.nia.or.kr/site/nia_kor/ex/bbs/View.do?cbIdx=68302&bcIdx=29190&parentSeq=29190
cyber_violence,사이버폭력 실태조사,2025,2025년 사이버폭력 실태조사,cyber_violence_2025_29190_file1.pdf,139,2,1,지능정보; 폭력,https://www.nia.or.kr/site/nia_kor/ex/bbs/View.do?cbIdx=68302&bcIdx=29190&parentSeq=29190
cyber_violence,사이버폭력 실태조사,2025,2025년 사이버폭력 실태조사,cyber_violence_2025_29190_file1.pdf,145,0,4,피해; 폭력,https://www.nia.or.kr/site/nia_kor/ex/bbs/View.do?cbIdx=68302&bcIdx=29190&parentSeq=29190
cyber_violence,사이버폭력 실태조사,2025,2025년 사이버폭력 실태조사,cyber_violence_2025_29190_file1.pdf,149,0,1,폭력,https://www.nia.or.kr/site/nia_kor/ex/bbs/View.do?cbIdx=68302&bcIdx=29190&parentSeq=29190
cyber_violence,사이버폭력 실태조사,2025,2025년 사이버폭력 실태조사,cyber_violence_2025_29190_file1.pdf,153,0,23,피해; 폭력,https://www.nia.or.kr/site/nia_kor/ex/bbs/View.do?cbIdx=68302&bcIdx=29190&parentSeq=29190
cyber_violence,사이버폭력 실태조사,2025,2025년 사이버폭력 실태조사,cyber_violence_2025_29190_file1.pdf,154,0,23,피해; 폭력,https://www.nia.or.kr/site/nia_kor/ex/bbs/View.do?cbIdx=68302&bcIdx=29190&parentSeq=29190
cyber_violence,사이버폭력 실태조사,2025,2025년 사이버폭력 실태조사,cyber_violence_2025_29190_file1.pdf,155,0,18,상담; 피해; 폭력,https://www.nia.or.kr/site/nia_kor/ex/bbs/View.do?cbIdx=68302&bcIdx=29190&parentSeq=29190
cyber_violence,사이버폭력 실태조사,2025,2025년 사이버폭력 실태조사,cyber_violence_2025_29190_file1.pdf,156,0,20,심리; 상담; 스트레스; 우울; 자살; 불안; 피해; 폭력; 도움,https://www.nia.or.kr/site/nia_kor/ex/bbs/View.do?cbIdx=68302&bcIdx=29190&parentSeq=29190
cyber_violence,사이버폭력 실태조사,2025,2025년 사이버폭력 실태조사,cyber_violence_2025_29190_file1.pdf,157,0,11,폭력,https://www.nia.or.kr/site/nia_kor/ex/bbs/View.do?cbIdx=68302&bcIdx=29190&parentSeq=29190
cyber_violence,사이버폭력 실태조사,2025,2025년 사이버폭력 실태조사,cyber_violence_2025_29190_file1.pdf,158,2,2,인공지능; AI; 폭력,https://www.nia.or.kr/site/nia_kor/ex/bbs/View.do?cbIdx=68302&bcIdx=29190&parentSeq=29190
cyber_violence,사이버폭력 실태조사,2025,2025년 사이버폭력 실태조사,cyber_violence_2025_29190_file1.pdf,159,0,7,심리; 스트레스; 폭력,https://www.nia.or.kr/site/nia_kor/ex/bbs/View.do?cbIdx=68302&bcIdx=29190&parentSeq=29190
cyber_violence,사이버폭력 실태조사,2025,2025년 사이버폭력 실태조사,cyber_violence_2025_29190_file1.pdf,160,0,10,폭력,https://www.nia.or.kr/site/nia_kor/ex/bbs/View.do?cbIdx=68302&bcIdx=29190&parentSeq=29190
cyber_violence,사이버폭력 실태조사,2025,2025년 사이버폭력 실태조사,cyber_violence_2025_29190_file1.pdf,161,0,11,상담; 피해; 폭력; 도움,https://www.nia.or.kr/site/nia_kor/ex/bbs/View.do?cbIdx=68302&bcIdx=29190&parentSeq=29190
cyber_violence,사이버폭력 실태조사,2025,2025년 사이버폭력 실태조사,cyber_violence_2025_29190_file1.pdf,162,0,5,피해; 폭력,https://www.nia.or.kr/site/nia_kor/ex/bbs/View.do?cbIdx=68302&bcIdx=29190&parentSeq=29190
cyber_violence,사이버폭력 실태조사,2025,2025년 사이버폭력 실태조사,cyber_violence_2025_29190_file1.pdf,163,5,9,인공지능; AI; 피해; 폭력,https://www.nia.or.kr/site/nia_kor/ex/bbs/View.do?cbIdx=68302&bcIdx=29190&parentSeq=29190
cyber_violence,사이버폭력 실태조사,2025,2025년 사이버폭력 실태조사,cyber_violence_2025_29190_file1.pdf,164,0,16,피해; 폭력; 도움,https://www.nia.or.kr/site/nia_kor/ex/bbs/View.do?cbIdx=68302&bcIdx=29190&parentSeq=29190
cyber_violence,사이버폭력 실태조사,2025,2025년 사이버폭력 실태조사,cyber_violence_2025_29190_file1.pdf,165,0,3,폭력,https://www.nia.or.kr/site/nia_kor/ex/bbs/View.do?cbIdx=68302&bcIdx=29190&parentSeq=29190
cyber_violence,사이버폭력 실태조사,2025,2025년 사이버폭력 실태조사,cyber_violence_2025_29190_file1.pdf,166,0,2,스트레스; 폭력,https://www.nia.or.kr/site/nia_kor/ex/bbs/View.do?cbIdx=68302&bcIdx=29190&parentSeq=29190
cyber_violence,사이버폭력 실태조사,2025,2025년 사이버폭력 실태조사,cyber_violence_2025_29190_file1.pdf,167,0,7,피해,https://www.nia.or.kr/site/nia_kor/ex/bbs/View.do?cbIdx=68302&bcIdx=29190&parentSeq=29190
cyber_violence,사이버폭력 실태조사,2025,2025년 사이버폭력 실태조사,cyber_violence_2025_29190_file1.pdf,168,0,7,피해,https://www.nia.or.kr/site/nia_kor/ex/bbs/View.do?cbIdx=68302&bcIdx=29190&parentSeq=29190
cyber_violence,사이버폭력 실태조사,2025,2025년 사이버폭력 실태조사,cyber_violence_2025_29190_file1.pdf,171,0,22,피해; 폭력,https://www.nia.or.kr/site/nia_kor/ex/bbs/View.do?cbIdx=68302&bcIdx=29190&parentSeq=29190
cyber_violence,사이버폭력 실태조사,2025,2025년 사이버폭력 실태조사,cyber_violence_2025_29190_file1.pdf,172,0,15,피해; 폭력,https://www.nia.or.kr/site/nia_kor/ex/bbs/View.do?cbIdx=68302&bcIdx=29190&parentSeq=29190
cyber_violence,사이버폭력 실태조사,2025,2025년 사이버폭력 실태조사,cyber_violence_2025_29190_file1.pdf,173,0,17,피해; 폭력,https://www.nia.or.kr/site/nia_kor/ex/bbs/View.do?cbIdx=68302&bcIdx=29190&parentSeq=29190
cyber_violence,사이버폭력 실태조사,2025,2025년 사이버폭력 실태조사,cyber_violence_2025_29190_file1.pdf,174,0,11,피해; 폭력,https://www.nia.or.kr/site/nia_kor/ex/bbs/View.do?cbIdx=68302&bcIdx=29190&parentSeq=29190
cyber_violence,사이버폭력 실태조사,2025,2025년 사이버폭력 실태조사,cyber_violence_2025_29190_file1.pdf,175,0,9,피해; 폭력,https://www.nia.or.kr/site/nia_kor/ex/bbs/View.do?cbIdx=68302&bcIdx=29190&parentSeq=29190
cyber_violence,사이버폭력 실태조사,2025,2025년 사이버폭력 실태조사,cyber_violence_2025_29190_file1.pdf,176,0,11,피해; 폭력,https://www.nia.or.kr/site/nia_kor/ex/bbs/View.do?cbIdx=68302&bcIdx=29190&parentSeq=29190
cyber_violence,사이버폭력 실태조사,2025,2025년 사이버폭력 실태조사,cyber_violence_2025_29190_file1.pdf,177,0,11,피해; 폭력,https://www.nia.or.kr/site/nia_kor/ex/bbs/View.do?cbIdx=68302&bcIdx=29190&parentSeq=29190
cyber_violence,사이버폭력 실태조사,2025,2025년 사이버폭력 실태조사,cyber_violence_2025_29190_file1.pdf,178,0,29,심리; 스트레스; 우울; 자살; 불안; 피해; 폭력,https://www.nia.or.kr/site/nia_kor/ex/bbs/View.do?cbIdx=68302&bcIdx=29190&parentSeq=29190
cyber_violence,사이버폭력 실태조사,2025,2025년 사이버폭력 실태조사,cyber_violence_2025_29190_file1.pdf,179,0,18,상담; 피해; 폭력; 도움,https://www.nia.or.kr/site/nia_kor/ex/bbs/View.do?cbIdx=68302&bcIdx=29190&parentSeq=29190
cyber_violence,사이버폭력 실태조사,2025,2025년 사이버폭력 실태조사,cyber_violence_2025_29190_file1.pdf,180,0,15,피해; 폭력; 도움,https://www.nia.or.kr/site/nia_kor/ex/bbs/View.do?cbIdx=68302&bcIdx=29190&parentSeq=29190
cyber_violence,사이버폭력 실태조사,2025,2025년 사이버폭력 실태조사,cyber_violence_2025_29190_file1.pdf,181,0,27,상담; 피해; 폭력; 도움,https://www.nia.or.kr/site/nia_kor/ex/bbs/View.do?cbIdx=68302&bcIdx=29190&parentSeq=29190
cyber_violence,사이버폭력 실태조사,2025,2025년 사이버폭력 실태조사,cyber_violence_2025_29190_file1.pdf,182,0,16,상담; 피해; 폭력,https://www.nia.or.kr/site/nia_kor/ex/bbs/View.do?cbIdx=68302&bcIdx=29190&parentSeq=29190
cyber_violence,사이버폭력 실태조사,2025,2025년 사이버폭력 실태조사,cyber_violence_2025_29190_file1.pdf,183,0,12,폭력,https://www.nia.or.kr/site/nia_kor/ex/bbs/View.do?cbIdx=68302&bcIdx=29190&parentSeq=29190
cyber_violence,사이버폭력 실태조사,2025,2025년 사이버폭력 실태조사,cyber_violence_2025_29190_file1.pdf,184,0,6,폭력,https://www.nia.or.kr/site/nia_kor/ex/bbs/View.do?cbIdx=68302&bcIdx=29190&parentSeq=29190
cyber_violence,사이버폭력 실태조사,2025,2025년 사이버폭력 실태조사,cyber_violence_2025_29190_file1.pdf,185,0,12,폭력,https://www.nia.or.kr/site/nia_kor/ex/bbs/View.do?cbIdx=68302&bcIdx=29190&parentSeq=29190
cyber_violence,사이버폭력 실태조사,2025,2025년 사이버폭력 실태조사,cyber_violence_2025_29190_file1.pdf,186,0,6,폭력,https://www.nia.or.kr/site/nia_kor/ex/bbs/View.do?cbIdx=68302&bcIdx=29190&parentSeq=29190
cyber_violence,사이버폭력 실태조사,2025,2025년 사이버폭력 실태조사,cyber_violence_2025_29190_file1.pdf,187,0,5,폭력,https://www.nia.or.kr/site/nia_kor/ex/bbs/View.do?cbIdx=68302&bcIdx=29190&parentSeq=29190
cyber_violence,사이버폭력 실태조사,2025,2025년 사이버폭력 실태조사,cyber_violence_2025_29190_file1.pdf,188,0,5,폭력,https://www.nia.or.kr/site/nia_kor/ex/bbs/View.do?cbIdx=68302&bcIdx=29190&parentSeq=29190
cyber_violence,사이버폭력 실태조사,2025,2025년 사이버폭력 실태조사,cyber_violence_2025_29190_file1.pdf,189,7,6,인공지능; AI; 폭력,https://www.nia.or.kr/site/nia_kor/ex/bbs/View.do?cbIdx=68302&bcIdx=29190&parentSeq=29190
cyber_violence,사이버폭력 실태조사,2025,2025년 사이버폭력 실태조사,cyber_violence_2025_29190_file1.pdf,190,0,7,스트레스; 폭력,https://www.nia.or.kr/site/nia_kor/ex/bbs/View.do?cbIdx=68302&bcIdx=29190&parentSeq=29190
cyber_violence,사이버폭력 실태조사,2025,2025년 사이버폭력 실태조사,cyber_violence_2025_29190_file1.pdf,191,0,8,심리; 폭력,https://www.nia.or.kr/site/nia_kor/ex/bbs/View.do?cbIdx=68302&bcIdx=29190&parentSeq=29190
cyber_violence,사이버폭력 실태조사,2025,2025년 사이버폭력 실태조사,cyber_violence_2025_29190_file1.pdf,192,0,5,폭력,https://www.nia.or.kr/site/nia_kor/ex/bbs/View.do?cbIdx=68302&bcIdx=29190&parentSeq=29190
cyber_violence,사이버폭력 실태조사,2025,2025년 사이버폭력 실태조사,cyber_violence_2025_29190_file1.pdf,193,0,4,폭력,https://www.nia.or.kr/site/nia_kor/ex/bbs/View.do?cbIdx=68302&bcIdx=29190&parentSeq=29190
cyber_violence,사이버폭력 실태조사,2025,2025년 사이버폭력 실태조사,cyber_violence_2025_29190_file1.pdf,194,0,19,피해; 폭력,https://www.nia.or.kr/site/nia_kor/ex/bbs/View.do?cbIdx=68302&bcIdx=29190&parentSeq=29190
cyber_violence,사이버폭력 실태조사,2025,2025년 사이버폭력 실태조사,cyber_violence_2025_29190_file1.pdf,195,0,13,피해; 폭력,https://www.nia.or.kr/site/nia_kor/ex/bbs/View.do?cbIdx=68302&bcIdx=29190&parentSeq=29190
cyber_violence,사이버폭력 실태조사,2025,2025년 사이버폭력 실태조사,cyber_violence_2025_29190_file1.pdf,196,0,9,피해; 폭력,https://www.nia.or.kr/site/nia_kor/ex/bbs/View.do?cbIdx=68302&bcIdx=29190&parentSeq=29190
cyber_violence,사이버폭력 실태조사,2025,2025년 사이버폭력 실태조사,cyber_violence_2025_29190_file1.pdf,197,0,21,상담; 피해; 폭력; 도움,https://www.nia.or.kr/site/nia_kor/ex/bbs/View.do?cbIdx=68302&bcIdx=29190&parentSeq=29190
cyber_violence,사이버폭력 실태조사,2025,2025년 사이버폭력 실태조사,cyber_violence_2025_29190_file1.pdf,198,0,11,피해; 폭력,https://www.nia.or.kr/site/nia_kor/ex/bbs/View.do?cbIdx=68302&bcIdx=29190&parentSeq=29190
cyber_violence,사이버폭력 실태조사,2025,2025년 사이버폭력 실태조사,cyber_violence_2025_29190_file1.pdf,199,0,11,피해; 폭력,https://www.nia.or.kr/site/nia_kor/ex/bbs/View.do?cbIdx=68302&bcIdx=29190&parentSeq=29190
cyber_violence,사이버폭력 실태조사,2025,2025년 사이버폭력 실태조사,cyber_violence_2025_29190_file1.pdf,200,0,6,폭력,https://www.nia.or.kr/site/nia_kor/ex/bbs/View.do?cbIdx=68302&bcIdx=29190&parentSeq=29190
cyber_violence,사이버폭력 실태조사,2025,2025년 사이버폭력 실태조사,cyber_violence_2025_29190_file1.pdf,201,0,8,피해; 폭력,https://www.nia.or.kr/site/nia_kor/ex/bbs/View.do?cbIdx=68302&bcIdx=29190&parentSeq=29190
cyber_violence,사이버폭력 실태조사,2025,2025년 사이버폭력 실태조사,cyber_violence_2025_29190_file1.pdf,202,10,8,인공지능; AI; 피해; 폭력,https://www.nia.or.kr/site/nia_kor/ex/bbs/View.do?cbIdx=68302&bcIdx=29190&parentSeq=29190
cyber_violence,사이버폭력 실태조사,2025,2025년 사이버폭력 실태조사,cyber_violence_2025_29190_file1.pdf,203,12,18,인공지능; AI; 피해; 폭력,https://www.nia.or.kr/site/nia_kor/ex/bbs/View.do?cbIdx=68302&bcIdx=29190&parentSeq=29190
cyber_violence,사이버폭력 실태조사,2025,2025년 사이버폭력 실태조사,cyber_violence_2025_29190_file1.pdf,204,0,12,피해; 폭력,https://www.nia.or.kr/site/nia_kor/ex/bbs/View.do?cbIdx=68302&bcIdx=29190&parentSeq=29190
cyber_violence,사이버폭력 실태조사,2025,2025년 사이버폭력 실태조사,cyber_violence_2025_29190_file1.pdf,205,0,24,피해; 폭력; 도움,https://www.nia.or.kr/site/nia_kor/ex/bbs/View.do?cbIdx=68302&bcIdx=29190&parentSeq=29190
cyber_violence,사이버폭력 실태조사,2025,2025년 사이버폭력 실태조사,cyber_violence_2025_29190_file1.pdf,206,0,11,피해; 폭력,https://www.nia.or.kr/site/nia_kor/ex/bbs/View.do?cbIdx=68302&bcIdx=29190&parentSeq=29190
cyber_violence,사이버폭력 실태조사,2025,2025년 사이버폭력 실태조사,cyber_violence_2025_29190_file1.pdf,207,0,11,상담; 피해; 폭력,https://www.nia.or.kr/site/nia_kor/ex/bbs/View.do?cbIdx=68302&bcIdx=29190&parentSeq=29190
cyber_violence,사이버폭력 실태조사,2025,2025년 사이버폭력 실태조사,cyber_violence_2025_29190_file1.pdf,208,0,7,피해; 폭력,https://www.nia.or.kr/site/nia_kor/ex/bbs/View.do?cbIdx=68302&bcIdx=29190&parentSeq=29190
cyber_violence,사이버폭력 실태조사,2025,2025년 사이버폭력 실태조사,cyber_violence_2025_29190_file1.pdf,209,0,10,피해; 폭력,https://www.nia.or.kr/site/nia_kor/ex/bbs/View.do?cbIdx=68302&bcIdx=29190&parentSeq=29190
cyber_violence,사이버폭력 실태조사,2025,2025년 사이버폭력 실태조사,cyber_violence_2025_29190_file1.pdf,210,0,2,피해,https://www.nia.or.kr/site/nia_kor/ex/bbs/View.do?cbIdx=68302&bcIdx=29190&parentSeq=29190
cyber_violence,사이버폭력 실태조사,2025,2025년 사이버폭력 실태조사,cyber_violence_2025_29190_file1.pdf,211,0,2,피해,https://www.nia.or.kr/site/nia_kor/ex/bbs/View.do?cbIdx=68302&bcIdx=29190&parentSeq=29190
cyber_violence,사이버폭력 실태조사,2025,2025년 사이버폭력 실태조사,cyber_violence_2025_29190_file1.pdf,213,0,2,피해,https://www.nia.or.kr/site/nia_kor/ex/bbs/View.do?cbIdx=68302&bcIdx=29190&parentSeq=29190
cyber_violence,사이버폭력 실태조사,2025,2025년 사이버폭력 실태조사,cyber_violence_2025_29190_file1.pdf,214,0,3,피해,https://www.nia.or.kr/site/nia_kor/ex/bbs/View.do?cbIdx=68302&bcIdx=29190&parentSeq=29190
cyber_violence,사이버폭력 실태조사,2025,2025년 사이버폭력 실태조사,cyber_violence_2025_29190_file1.pdf,216,0,2,피해,https://www.nia.or.kr/site/nia_kor/ex/bbs/View.do?cbIdx=68302&bcIdx=29190&parentSeq=29190
cyber_violence,사이버폭력 실태조사,2025,2025년 사이버폭력 실태조사,cyber_violence_2025_29190_file1.pdf,217,0,2,피해,https://www.nia.or.kr/site/nia_kor/ex/bbs/View.do?cbIdx=68302&bcIdx=29190&parentSeq=29190
cyber_violence,사이버폭력 실태조사,2025,2025년 사이버폭력 실태조사,cyber_violence_2025_29190_file1.pdf,218,0,2,피해,https://www.nia.or.kr/site/nia_kor/ex/bbs/View.do?cbIdx=68302&bcIdx=29190&parentSeq=29190
cyber_violence,사이버폭력 실태조사,2025,2025년 사이버폭력 실태조사,cyber_violence_2025_29190_file1.pdf,220,0,2,피해,https://www.nia.or.kr/site/nia_kor/ex/bbs/View.do?cbIdx=68302&bcIdx=29190&parentSeq=29190
cyber_violence,사이버폭력 실태조사,2025,2025년 사이버폭력 실태조사,cyber_violence_2025_29190_file1.pdf,221,0,5,스트레스; 피해; 폭력,https://www.nia.or.kr/site/nia_kor/ex/bbs/View.do?cbIdx=68302&bcIdx=29190&parentSeq=29190
cyber_violence,사이버폭력 실태조사,2025,2025년 사이버폭력 실태조사,cyber_violence_2025_29190_file1.pdf,222,0,4,피해; 폭력,https://www.nia.or.kr/site/nia_kor/ex/bbs/View.do?cbIdx=68302&bcIdx=29190&parentSeq=29190
cyber_violence,사이버폭력 실태조사,2025,2025년 사이버폭력 실태조사,cyber_violence_2025_29190_file1.pdf,223,0,2,피해,https://www.nia.or.kr/site/nia_kor/ex/bbs/View.do?cbIdx=68302&bcIdx=29190&parentSeq=29190
cyber_violence,사이버폭력 실태조사,2025,2025년 사이버폭력 실태조사,cyber_violence_2025_29190_file1.pdf,224,0,1,피해,https://www.nia.or.kr/site/nia_kor/ex/bbs/View.do?cbIdx=68302&bcIdx=29190&parentSeq=29190
cyber_violence,사이버폭력 실태조사,2025,2025년 사이버폭력 실태조사,cyber_violence_2025_29190_file1.pdf,225,0,2,피해,https://www.nia.or.kr/site/nia_kor/ex/bbs/View.do?cbIdx=68302&bcIdx=29190&parentSeq=29190
cyber_violence,사이버폭력 실태조사,2025,2025년 사이버폭력 실태조사,cyber_violence_2025_29190_file1.pdf,226,0,5,피해; 폭력,https://www.nia.or.kr/site/nia_kor/ex/bbs/View.do?cbIdx=68302&bcIdx=29190&parentSeq=29190
cyber_violence,사이버폭력 실태조사,2025,2025년 사이버폭력 실태조사,cyber_violence_2025_29190_file1.pdf,227,0,3,폭력,https://www.nia.or.kr/site/nia_kor/ex/bbs/View.do?cbIdx=68302&bcIdx=29190&parentSeq=29190
cyber_violence,사이버폭력 실태조사,2025,2025년 사이버폭력 실태조사,cyber_violence_2025_29190_file1.pdf,228,0,2,피해,https://www.nia.or.kr/site/nia_kor/ex/bbs/View.do?cbIdx=68302&bcIdx=29190&parentSeq=29190
cyber_violence,사이버폭력 실태조사,2025,2025년 사이버폭력 실태조사,cyber_violence_2025_29190_file1.pdf,231,0,9,불안; 피해; 폭력,https://www.nia.or.kr/site/nia_kor/ex/bbs/View.do?cbIdx=68302&bcIdx=29190&parentSeq=29190
cyber_violence,사이버폭력 실태조사,2025,2025년 사이버폭력 실태조사,cyber_violence_2025_29190_file1.pdf,232,0,1,폭력,https://www.nia.or.kr/site/nia_kor/ex/bbs/View.do?cbIdx=68302&bcIdx=29190&parentSeq=29190
cyber_violence,사이버폭력 실태조사,2025,2025년 사이버폭력 실태조사,cyber_violence_2025_29190_file1.pdf,233,0,3,폭력,https://www.nia.or.kr/site/nia_kor/ex/bbs/View.do?cbIdx=68302&bcIdx=29190&parentSeq=29190
cyber_violence,사이버폭력 실태조사,2025,2025년 사이버폭력 실태조사,cyber_violence_2025_29190_file1.pdf,234,0,4,피해,https://www.nia.or.kr/site/nia_kor/ex/bbs/View.do?cbIdx=68302&bcIdx=29190&parentSeq=29190
cyber_violence,사이버폭력 실태조사,2025,2025년 사이버폭력 실태조사,cyber_violence_2025_29190_file1.pdf,235,4,0,인공지능; AI; 생성형,https://www.nia.or.kr/site/nia_kor/ex/bbs/View.do?cbIdx=68302&bcIdx=29190&parentSeq=29190
cyber_violence,사이버폭력 실태조사,2025,2025년 사이버폭력 실태조사,cyber_violence_2025_29190_file1.pdf,281,0,9,피해; 폭력,https://www.nia.or.kr/site/nia_kor/ex/bbs/View.do?cbIdx=68302&bcIdx=29190&parentSeq=29190
cyber_violence,사이버폭력 실태조사,2025,2025년 사이버폭력 실태조사,cyber_violence_2025_29190_file1.pdf,282,0,77,심리; 스트레스; 우울; 불안; 피해; 폭력; 도움,https://www.nia.or.kr/site/nia_kor/ex/bbs/View.do?cbIdx=68302&bcIdx=29190&parentSeq=29190
cyber_violence,사이버폭력 실태조사,2025,2025년 사이버폭력 실태조사,cyber_violence_2025_29190_file1.pdf,283,1,45,인공지능; 심리; 상담; 피해; 폭력,https://www.nia.or.kr/site/nia_kor/ex/bbs/View.do?cbIdx=68302&bcIdx=29190&parentSeq=29190
cyber_violence,사이버폭력 실태조사,2025,2025년 사이버폭력 실태조사,cyber_violence_2025_29190_file1.pdf,284,2,2,인공지능; 폭력,https://www.nia.or.kr/site/nia_kor/ex/bbs/View.do?cbIdx=68302&bcIdx=29190&parentSeq=29190
cyber_violence,사이버폭력 실태조사,2025,2025년 사이버폭력 실태조사,cyber_violence_2025_29190_file1.pdf,285,0,11,피해; 폭력,https://www.nia.or.kr/site/nia_kor/ex/bbs/View.do?cbIdx=68302&bcIdx=29190&parentSeq=29190
cyber_violence,사이버폭력 실태조사,2025,2025년 사이버폭력 실태조사,cyber_violence_2025_29190_file1.pdf,286,0,78,심리; 스트레스; 우울; 불안; 피해; 폭력; 도움,https://www.nia.or.kr/site/nia_kor/ex/bbs/View.do?cbIdx=68302&bcIdx=29190&parentSeq=29190
cyber_violence,사이버폭력 실태조사,2025,2025년 사이버폭력 실태조사,cyber_violence_2025_29190_file1.pdf,287,1,41,인공지능; 심리; 상담; 피해; 폭력,https://www.nia.or.kr/site/nia_kor/ex/bbs/View.do?cbIdx=68302&bcIdx=29190&parentSeq=29190
cyber_violence,사이버폭력 실태조사,2025,2025년 사이버폭력 실태조사,cyber_violence_2025_29190_file1.pdf,288,2,2,인공지능; 폭력,https://www.nia.or.kr/site/nia_kor/ex/bbs/View.do?cbIdx=68302&bcIdx=29190&parentSeq=29190
cyber_violence,사이버폭력 실태조사,2025,2025년 사이버폭력 실태조사,cyber_violence_2025_29190_file1.pdf,289,0,3,피해; 폭력,https://www.nia.or.kr/site/nia_kor/ex/bbs/View.do?cbIdx=68302&bcIdx=29190&parentSeq=29190
cyber_violence,사이버폭력 실태조사,2025,2025년 사이버폭력 실태조사,cyber_violence_2025_29190_file1.pdf,290,0,2,폭력,https://www.nia.or.kr/site/nia_kor/ex/bbs/View.do?cbIdx=68302&bcIdx=29190&parentSeq=29190
cyber_violence,사이버폭력 실태조사,2025,2025년 사이버폭력 실태조사,cyber_violence_2025_29190_file1.pdf,291,0,4,피해; 폭력,https://www.nia.or.kr/site/nia_kor/ex/bbs/View.do?cbIdx=68302&bcIdx=29190&parentSeq=29190
cyber_violence,사이버폭력 실태조사,2025,2025년 사이버폭력 실태조사,cyber_violence_2025_29190_file1.pdf,292,0,4,피해; 폭력,https://www.nia.or.kr/site/nia_kor/ex/bbs/View.do?cbIdx=68302&bcIdx=29190&parentSeq=29190
cyber_violence,사이버폭력 실태조사,2025,2025년 사이버폭력 실태조사,cyber_violence_2025_29190_file1.pdf,293,0,1,폭력,https://www.nia.or.kr/site/nia_kor/ex/bbs/View.do?cbIdx=68302&bcIdx=29190&parentSeq=29190
cyber_violence,사이버폭력 실태조사,2025,2025년 사이버폭력 실태조사,cyber_violence_2025_29190_file1.pdf,294,0,1,폭력,https://www.nia.or.kr/site/nia_kor/ex/bbs/View.do?cbIdx=68302&bcIdx=29190&parentSeq=29190
cyber_violence,사이버폭력 실태조사,2025,2025년 사이버폭력 실태조사,cyber_violence_2025_29190_file1.pdf,295,0,1,폭력,https://www.nia.or.kr/site/nia_kor/ex/bbs/View.do?cbIdx=68302&bcIdx=29190&parentSeq=29190
cyber_violence,사이버폭력 실태조사,2025,2025년 사이버폭력 실태조사,cyber_violence_2025_29190_file1.pdf,296,0,1,폭력,https://www.nia.or.kr/site/nia_kor/ex/bbs/View.do?cbIdx=68302&bcIdx=29190&parentSeq=29190
cyber_violence,사이버폭력 실태조사,2025,2025년 사이버폭력 실태조사,cyber_violence_2025_29190_file1.pdf,297,0,1,폭력,https://www.nia.or.kr/site/nia_kor/ex/bbs/View.do?cbIdx=68302&bcIdx=29190&parentSeq=29190
cyber_violence,사이버폭력 실태조사,2025,2025년 사이버폭력 실태조사,cyber_violence_2025_29190_file1.pdf,298,0,1,폭력,https://www.nia.or.kr/site/nia_kor/ex/bbs/View.do?cbIdx=68302&bcIdx=29190&parentSeq=29190
cyber_violence,사이버폭력 실태조사,2025,2025년 사이버폭력 실태조사,cyber_violence_2025_29190_file1.pdf,299,0,1,폭력,https://www.nia.or.kr/site/nia_kor/ex/bbs/View.do?cbIdx=68302&bcIdx=29190&parentSeq=29190
cyber_violence,사이버폭력 실태조사,2025,2025년 사이버폭력 실태조사,cyber_violence_2025_29190_file1.pdf,300,0,1,폭력,https://www.nia.or.kr/site/nia_kor/ex/bbs/View.do?cbIdx=68302&bcIdx=29190&parentSeq=29190
cyber_violence,사이버폭력 실태조사,2025,2025년 사이버폭력 실태조사,cyber_violence_2025_29190_file1.pdf,301,0,1,폭력,https://www.nia.or.kr/site/nia_kor/ex/bbs/View.do?cbIdx=68302&bcIdx=29190&parentSeq=29190
cyber_violence,사이버폭력 실태조사,2025,2025년 사이버폭력 실태조사,cyber_violence_2025_29190_file1.pdf,302,0,1,폭력,https://www.nia.or.kr/site/nia_kor/ex/bbs/View.do?cbIdx=68302&bcIdx=29190&parentSeq=29190
cyber_violence,사이버폭력 실태조사,2025,2025년 사이버폭력 실태조사,cyber_violence_2025_29190_file1.pdf,303,0,1,폭력,https://www.nia.or.kr/site/nia_kor/ex/bbs/View.do?cbIdx=68302&bcIdx=29190&parentSeq=29190
cyber_violence,사이버폭력 실태조사,2025,2025년 사이버폭력 실태조사,cyber_violence_2025_29190_file1.pdf,304,0,1,폭력,https://www.nia.or.kr/site/nia_kor/ex/bbs/View.do?cbIdx=68302&bcIdx=29190&parentSeq=29190
cyber_violence,사이버폭력 실태조사,2025,2025년 사이버폭력 실태조사,cyber_violence_2025_29190_file1.pdf,305,0,2,폭력,https://www.nia.or.kr/site/nia_kor/ex/bbs/View.do?cbIdx=68302&bcIdx=29190&parentSeq=29190
cyber_violence,사이버폭력 실태조사,2025,2025년 사이버폭력 실태조사,cyber_violence_2025_29190_file1.pdf,306,0,3,폭력,https://www.nia.or.kr/site/nia_kor/ex/bbs/View.do?cbIdx=68302&bcIdx=29190&parentSeq=29190
cyber_violence,사이버폭력 실태조사,2025,2025년 사이버폭력 실태조사,cyber_violence_2025_29190_file1.pdf,307,0,1,폭력,https://www.nia.or.kr/site/nia_kor/ex/bbs/View.do?cbIdx=68302&bcIdx=29190&parentSeq=29190
cyber_violence,사이버폭력 실태조사,2025,2025년 사이버폭력 실태조사,cyber_violence_2025_29190_file1.pdf,308,0,1,폭력,https://www.nia.or.kr/site/nia_kor/ex/bbs/View.do?cbIdx=68302&bcIdx=29190&parentSeq=29190
cyber_violence,사이버폭력 실태조사,2025,2025년 사이버폭력 실태조사,cyber_violence_2025_29190_file1.pdf,309,0,1,폭력,https://www.nia.or.kr/site/nia_kor/ex/bbs/View.do?cbIdx=68302&bcIdx=29190&parentSeq=29190
cyber_violence,사이버폭력 실태조사,2025,2025년 사이버폭력 실태조사,cyber_violence_2025_29190_file1.pdf,310,0,1,폭력,https://www.nia.or.kr/site/nia_kor/ex/bbs/View.do?cbIdx=68302&bcIdx=29190&parentSeq=29190
cyber_violence,사이버폭력 실태조사,2025,2025년 사이버폭력 실태조사,cyber_violence_2025_29190_file1.pdf,311,0,1,폭력,https://www.nia.or.kr/site/nia_kor/ex/bbs/View.do?cbIdx=68302&bcIdx=29190&parentSeq=29190
cyber_violence,사이버폭력 실태조사,2025,2025년 사이버폭력 실태조사,cyber_violence_2025_29190_file1.pdf,312,0,1,폭력,https://www.nia.or.kr/site/nia_kor/ex/bbs/View.do?cbIdx=68302&bcIdx=29190&parentSeq=29190
cyber_violence,사이버폭력 실태조사,2025,2025년 사이버폭력 실태조사,cyber_violence_2025_29190_file1.pdf,313,0,1,폭력,https://www.nia.or.kr/site/nia_kor/ex/bbs/View.do?cbIdx=68302&bcIdx=29190&parentSeq=29190
cyber_violence,사이버폭력 실태조사,2025,2025년 사이버폭력 실태조사,cyber_violence_2025_29190_file1.pdf,314,0,1,폭력,https://www.nia.or.kr/site/nia_kor/ex/bbs/View.do?cbIdx=68302&bcIdx=29190&parentSeq=29190
cyber_violence,사이버폭력 실태조사,2025,2025년 사이버폭력 실태조사,cyber_violence_2025_29190_file1.pdf,315,0,1,폭력,https://www.nia.or.kr/site/nia_kor/ex/bbs/View.do?cbIdx=68302&bcIdx=29190&parentSeq=29190
cyber_violence,사이버폭력 실태조사,2025,2025년 사이버폭력 실태조사,cyber_violence_2025_29190_file1.pdf,316,0,1,폭력,https://www.nia.or.kr/site/nia_kor/ex/bbs/View.do?cbIdx=68302&bcIdx=29190&parentSeq=29190
cyber_violence,사이버폭력 실태조사,2025,2025년 사이버폭력 실태조사,cyber_violence_2025_29190_file1.pdf,317,0,1,폭력,https://www.nia.or.kr/site/nia_kor/ex/bbs/View.do?cbIdx=68302&bcIdx=29190&parentSeq=29190
cyber_violence,사이버폭력 실태조사,2025,2025년 사이버폭력 실태조사,cyber_violence_2025_29190_file1.pdf,318,0,1,폭력,https://www.nia.or.kr/site/nia_kor/ex/bbs/View.do?cbIdx=68302&bcIdx=29190&parentSeq=29190
cyber_violence,사이버폭력 실태조사,2025,2025년 사이버폭력 실태조사,cyber_violence_2025_29190_file1.pdf,319,0,1,폭력,https://www.nia.or.kr/site/nia_kor/ex/bbs/View.do?cbIdx=68302&bcIdx=29190&parentSeq=29190
cyber_violence,사이버폭력 실태조사,2025,2025년 사이버폭력 실태조사,cyber_violence_2025_29190_file1.pdf,320,0,6,상담; 폭력,https://www.nia.or.kr/site/nia_kor/ex/bbs/View.do?cbIdx=68302&bcIdx=29190&parentSeq=29190
cyber_violence,사이버폭력 실태조사,2025,2025년 사이버폭력 실태조사,cyber_violence_2025_29190_file1.pdf,321,0,4,피해; 폭력,https://www.nia.or.kr/site/nia_kor/ex/bbs/View.do?cbIdx=68302&bcIdx=29190&parentSeq=29190
cyber_violence,사이버폭력 실태조사,2025,2025년 사이버폭력 실태조사,cyber_violence_2025_29190_file1.pdf,322,0,5,피해; 폭력,https://www.nia.or.kr/site/nia_kor/ex/bbs/View.do?cbIdx=68302&bcIdx=29190&parentSeq=29190
cyber_violence,사이버폭력 실태조사,2025,2025년 사이버폭력 실태조사,cyber_violence_2025_29190_file1.pdf,323,0,4,폭력,https://www.nia.or.kr/site/nia_kor/ex/bbs/View.do?cbIdx=68302&bcIdx=29190&parentSeq=29190
cyber_violence,사이버폭력 실태조사,2025,2025년 사이버폭력 실태조사,cyber_violence_2025_29190_file1.pdf,324,0,3,폭력,https://www.nia.or.kr/site/nia_kor/ex/bbs/View.do?cbIdx=68302&bcIdx=29190&parentSeq=29190
cyber_violence,사이버폭력 실태조사,2025,2025년 사이버폭력 실태조사,cyber_violence_2025_29190_file1.pdf,325,0,7,상담; 피해; 폭력; 도움,https://www.nia.or.kr/site/nia_kor/ex/bbs/View.do?cbIdx=68302&bcIdx=29190&parentSeq=29190
cyber_violence,사이버폭력 실태조사,2025,2025년 사이버폭력 실태조사,cyber_violence_2025_29190_file1.pdf,326,0,5,피해; 폭력,https://www.nia.or.kr/site/nia_kor/ex/bbs/View.do?cbIdx=68302&bcIdx=29190&parentSeq=29190
cyber_violence,사이버폭력 실태조사,2025,2025년 사이버폭력 실태조사,cyber_violence_2025_29190_file1.pdf,327,0,6,피해; 폭력,https://www.nia.or.kr/site/nia_kor/ex/bbs/View.do?cbIdx=68302&bcIdx=29190&parentSeq=29190
cyber_violence,사이버폭력 실태조사,2025,2025년 사이버폭력 실태조사,cyber_violence_2025_29190_file1.pdf,328,0,3,피해; 폭력,https://www.nia.or.kr/site/nia_kor/ex/bbs/View.do?cbIdx=68302&bcIdx=29190&parentSeq=29190
cyber_violence,사이버폭력 실태조사,2025,2025년 사이버폭력 실태조사,cyber_violence_2025_29190_file1.pdf,329,0,5,피해; 폭력,https://www.nia.or.kr/site/nia_kor/ex/bbs/View.do?cbIdx=68302&bcIdx=29190&parentSeq=29190
cyber_violence,사이버폭력 실태조사,2025,2025년 사이버폭력 실태조사,cyber_violence_2025_29190_file1.pdf,330,0,5,피해; 폭력,https://www.nia.or.kr/site/nia_kor/ex/bbs/View.do?cbIdx=68302&bcIdx=29190&parentSeq=29190
cyber_violence,사이버폭력 실태조사,2025,2025년 사이버폭력 실태조사,cyber_violence_2025_29190_file1.pdf,331,0,4,피해; 폭력,https://www.nia.or.kr/site/nia_kor/ex/bbs/View.do?cbIdx=68302&bcIdx=29190&parentSeq=29190
cyber_violence,사이버폭력 실태조사,2025,2025년 사이버폭력 실태조사,cyber_violence_2025_29190_file1.pdf,332,0,4,피해; 폭력,https://www.nia.or.kr/site/nia_kor/ex/bbs/View.do?cbIdx=68302&bcIdx=29190&parentSeq=29190
cyber_violence,사이버폭력 실태조사,2025,2025년 사이버폭력 실태조사,cyber_violence_2025_29190_file1.pdf,333,0,5,피해; 폭력,https://www.nia.or.kr/site/nia_kor/ex/bbs/View.do?cbIdx=68302&bcIdx=29190&parentSeq=29190
cyber_violence,사이버폭력 실태조사,2025,2025년 사이버폭력 실태조사,cyber_violence_2025_29190_file1.pdf,334,0,4,피해; 폭력,https://www.nia.or.kr/site/nia_kor/ex/bbs/View.do?cbIdx=68302&bcIdx=29190&parentSeq=29190
cyber_violence,사이버폭력 실태조사,2025,2025년 사이버폭력 실태조사,cyber_violence_2025_29190_file1.pdf,335,0,4,피해; 폭력,https://www.nia.or.kr/site/nia_kor/ex/bbs/View.do?cbIdx=68302&bcIdx=29190&parentSeq=29190
cyber_violence,사이버폭력 실태조사,2025,2025년 사이버폭력 실태조사,cyber_violence_2025_29190_file1.pdf,336,0,4,피해; 폭력,https://www.nia.or.kr/site/nia_kor/ex/bbs/View.do?cbIdx=68302&bcIdx=29190&parentSeq=29190
cyber_violence,사이버폭력 실태조사,2025,2025년 사이버폭력 실태조사,cyber_violence_2025_29190_file1.pdf,337,0,4,피해; 폭력,https://www.nia.or.kr/site/nia_kor/ex/bbs/View.do?cbIdx=68302&bcIdx=29190&parentSeq=29190
cyber_violence,사이버폭력 실태조사,2025,2025년 사이버폭력 실태조사,cyber_violence_2025_29190_file1.pdf,338,0,4,피해; 폭력,https://www.nia.or.kr/site/nia_kor/ex/bbs/View.do?cbIdx=68302&bcIdx=29190&parentSeq=29190
cyber_violence,사이버폭력 실태조사,2025,2025년 사이버폭력 실태조사,cyber_violence_2025_29190_file1.pdf,339,0,2,폭력,https://www.nia.or.kr/site/nia_kor/ex/bbs/View.do?cbIdx=68302&bcIdx=29190&parentSeq=29190
cyber_violence,사이버폭력 실태조사,2025,2025년 사이버폭력 실태조사,cyber_violence_2025_29190_file1.pdf,340,0,4,피해; 폭력,https://www.nia.or.kr/site/nia_kor/ex/bbs/View.do?cbIdx=68302&bcIdx=29190&parentSeq=29190
cyber_violence,사이버폭력 실태조사,2025,2025년 사이버폭력 실태조사,cyber_violence_2025_29190_file1.pdf,341,0,5,피해; 폭력,https://www.nia.or.kr/site/nia_kor/ex/bbs/View.do?cbIdx=68302&bcIdx=29190&parentSeq=29190
cyber_violence,사이버폭력 실태조사,2025,2025년 사이버폭력 실태조사,cyber_violence_2025_29190_file1.pdf,342,0,5,피해; 폭력,https://www.nia.or.kr/site/nia_kor/ex/bbs/View.do?cbIdx=68302&bcIdx=29190&parentSeq=29190
cyber_violence,사이버폭력 실태조사,2025,2025년 사이버폭력 실태조사,cyber_violence_2025_29190_file1.pdf,343,0,6,상담; 피해; 폭력,https://www.nia.or.kr/site/nia_kor/ex/bbs/View.do?cbIdx=68302&bcIdx=29190&parentSeq=29190
cyber_violence,사이버폭력 실태조사,2025,2025년 사이버폭력 실태조사,cyber_violence_2025_29190_file1.pdf,344,0,7,상담; 피해; 폭력; 도움,https://www.nia.or.kr/site/nia_kor/ex/bbs/View.do?cbIdx=68302&bcIdx=29190&parentSeq=29190
cyber_violence,사이버폭력 실태조사,2025,2025년 사이버폭력 실태조사,cyber_violence_2025_29190_file1.pdf,345,0,8,피해; 폭력; 도움,https://www.nia.or.kr/site/nia_kor/ex/bbs/View.do?cbIdx=68302&bcIdx=29190&parentSeq=29190
cyber_violence,사이버폭력 실태조사,2025,2025년 사이버폭력 실태조사,cyber_violence_2025_29190_file1.pdf,346,0,12,상담; 피해; 폭력; 도움,https://www.nia.or.kr/site/nia_kor/ex/bbs/View.do?cbIdx=68302&bcIdx=29190&parentSeq=29190
cyber_violence,사이버폭력 실태조사,2025,2025년 사이버폭력 실태조사,cyber_violence_2025_29190_file1.pdf,347,0,10,심리; 스트레스; 우울; 자살; 불안; 피해; 폭력,https://www.nia.or.kr/site/nia_kor/ex/bbs/View.do?cbIdx=68302&bcIdx=29190&parentSeq=29190
cyber_violence,사이버폭력 실태조사,2025,2025년 사이버폭력 실태조사,cyber_violence_2025_29190_file1.pdf,348,0,6,심리; 피해; 폭력,https://www.nia.or.kr/site/nia_kor/ex/bbs/View.do?cbIdx=68302&bcIdx=29190&parentSeq=29190
cyber_violence,사이버폭력 실태조사,2025,2025년 사이버폭력 실태조사,cyber_violence_2025_29190_file1.pdf,349,0,6,심리; 피해; 폭력,https://www.nia.or.kr/site/nia_kor/ex/bbs/View.do?cbIdx=68302&bcIdx=29190&parentSeq=29190
cyber_violence,사이버폭력 실태조사,2025,2025년 사이버폭력 실태조사,cyber_violence_2025_29190_file1.pdf,350,0,6,심리; 피해; 폭력,https://www.nia.or.kr/site/nia_kor/ex/bbs/View.do?cbIdx=68302&bcIdx=29190&parentSeq=29190
cyber_violence,사이버폭력 실태조사,2025,2025년 사이버폭력 실태조사,cyber_violence_2025_29190_file1.pdf,351,0,12,심리; 스트레스; 우울; 불안; 피해; 폭력,https://www.nia.or.kr/site/nia_kor/ex/bbs/View.do?cbIdx=68302&bcIdx=29190&parentSeq=29190
cyber_violence,사이버폭력 실태조사,2025,2025년 사이버폭력 실태조사,cyber_violence_2025_29190_file1.pdf,352,0,6,심리; 피해; 폭력,https://www.nia.or.kr/site/nia_kor/ex/bbs/View.do?cbIdx=68302&bcIdx=29190&parentSeq=29190
cyber_violence,사이버폭력 실태조사,2025,2025년 사이버폭력 실태조사,cyber_violence_2025_29190_file1.pdf,353,0,7,심리; 피해; 폭력,https://www.nia.or.kr/site/nia_kor/ex/bbs/View.do?cbIdx=68302&bcIdx=29190&parentSeq=29190
cyber_violence,사이버폭력 실태조사,2025,2025년 사이버폭력 실태조사,cyber_violence_2025_29190_file1.pdf,354,0,6,심리; 피해; 폭력,https://www.nia.or.kr/site/nia_kor/ex/bbs/View.do?cbIdx=68302&bcIdx=29190&parentSeq=29190
cyber_violence,사이버폭력 실태조사,2025,2025년 사이버폭력 실태조사,cyber_violence_2025_29190_file1.pdf,355,0,4,폭력,https://www.nia.or.kr/site/nia_kor/ex/bbs/View.do?cbIdx=68302&bcIdx=29190&parentSeq=29190
cyber_violence,사이버폭력 실태조사,2025,2025년 사이버폭력 실태조사,cyber_violence_2025_29190_file1.pdf,356,0,2,폭력,https://www.nia.or.kr/site/nia_kor/ex/bbs/View.do?cbIdx=68302&bcIdx=29190&parentSeq=29190
cyber_violence,사이버폭력 실태조사,2025,2025년 사이버폭력 실태조사,cyber_violence_2025_29190_file1.pdf,357,0,3,폭력,https://www.nia.or.kr/site/nia_kor/ex/bbs/View.do?cbIdx=68302&bcIdx=29190&parentSeq=29190
cyber_violence,사이버폭력 실태조사,2025,2025년 사이버폭력 실태조사,cyber_violence_2025_29190_file1.pdf,358,0,3,폭력,https://www.nia.or.kr/site/nia_kor/ex/bbs/View.do?cbIdx=68302&bcIdx=29190&parentSeq=29190
cyber_violence,사이버폭력 실태조사,2025,2025년 사이버폭력 실태조사,cyber_violence_2025_29190_file1.pdf,359,0,2,폭력,https://www.nia.or.kr/site/nia_kor/ex/bbs/View.do?cbIdx=68302&bcIdx=29190&parentSeq=29190
cyber_violence,사이버폭력 실태조사,2025,2025년 사이버폭력 실태조사,cyber_violence_2025_29190_file1.pdf,360,0,2,폭력,https://www.nia.or.kr/site/nia_kor/ex/bbs/View.do?cbIdx=68302&bcIdx=29190&parentSeq=29190
cyber_violence,사이버폭력 실태조사,2025,2025년 사이버폭력 실태조사,cyber_violence_2025_29190_file1.pdf,361,0,3,폭력,https://www.nia.or.kr/site/nia_kor/ex/bbs/View.do?cbIdx=68302&bcIdx=29190&parentSeq=29190
cyber_violence,사이버폭력 실태조사,2025,2025년 사이버폭력 실태조사,cyber_violence_2025_29190_file1.pdf,362,0,2,폭력,https://www.nia.or.kr/site/nia_kor/ex/bbs/View.do?cbIdx=68302&bcIdx=29190&parentSeq=29190
cyber_violence,사이버폭력 실태조사,2025,2025년 사이버폭력 실태조사,cyber_violence_2025_29190_file1.pdf,363,0,2,폭력,https://www.nia.or.kr/site/nia_kor/ex/bbs/View.do?cbIdx=68302&bcIdx=29190&parentSeq=29190
cyber_violence,사이버폭력 실태조사,2025,2025년 사이버폭력 실태조사,cyber_violence_2025_29190_file1.pdf,364,0,2,폭력,https://www.nia.or.kr/site/nia_kor/ex/bbs/View.do?cbIdx=68302&bcIdx=29190&parentSeq=29190
cyber_violence,사이버폭력 실태조사,2025,2025년 사이버폭력 실태조사,cyber_violence_2025_29190_file1.pdf,365,0,2,폭력,https://www.nia.or.kr/site/nia_kor/ex/bbs/View.do?cbIdx=68302&bcIdx=29190&parentSeq=29190
cyber_violence,사이버폭력 실태조사,2025,2025년 사이버폭력 실태조사,cyber_violence_2025_29190_file1.pdf,366,0,3,폭력,https://www.nia.or.kr/site/nia_kor/ex/bbs/View.do?cbIdx=68302&bcIdx=29190&parentSeq=29190
cyber_violence,사이버폭력 실태조사,2025,2025년 사이버폭력 실태조사,cyber_violence_2025_29190_file1.pdf,367,0,3,폭력,https://www.nia.or.kr/site/nia_kor/ex/bbs/View.do?cbIdx=68302&bcIdx=29190&parentSeq=29190
cyber_violence,사이버폭력 실태조사,2025,2025년 사이버폭력 실태조사,cyber_violence_2025_29190_file1.pdf,368,0,3,폭력,https://www.nia.or.kr/site/nia_kor/ex/bbs/View.do?cbIdx=68302&bcIdx=29190&parentSeq=29190
cyber_violence,사이버폭력 실태조사,2025,2025년 사이버폭력 실태조사,cyber_violence_2025_29190_file1.pdf,369,3,2,인공지능; AI; 폭력,https://www.nia.or.kr/site/nia_kor/ex/bbs/View.do?cbIdx=68302&bcIdx=29190&parentSeq=29190
cyber_violence,사이버폭력 실태조사,2025,2025년 사이버폭력 실태조사,cyber_violence_2025_29190_file1.pdf,370,0,4,스트레스; 폭력,https://www.nia.or.kr/site/nia_kor/ex/bbs/View.do?cbIdx=68302&bcIdx=29190&parentSeq=29190
cyber_violence,사이버폭력 실태조사,2025,2025년 사이버폭력 실태조사,cyber_violence_2025_29190_file1.pdf,371,0,3,폭력,https://www.nia.or.kr/site/nia_kor/ex/bbs/View.do?cbIdx=68302&bcIdx=29190&parentSeq=29190
cyber_violence,사이버폭력 실태조사,2025,2025년 사이버폭력 실태조사,cyber_violence_2025_29190_file1.pdf,372,0,4,심리; 폭력,https://www.nia.or.kr/site/nia_kor/ex/bbs/View.do?cbIdx=68302&bcIdx=29190&parentSeq=29190
cyber_violence,사이버폭력 실태조사,2025,2025년 사이버폭력 실태조사,cyber_violence_2025_29190_file1.pdf,373,0,4,심리; 폭력,https://www.nia.or.kr/site/nia_kor/ex/bbs/View.do?cbIdx=68302&bcIdx=29190&parentSeq=29190
cyber_violence,사이버폭력 실태조사,2025,2025년 사이버폭력 실태조사,cyber_violence_2025_29190_file1.pdf,374,0,4,심리; 폭력,https://www.nia.or.kr/site/nia_kor/ex/bbs/View.do?cbIdx=68302&bcIdx=29190&parentSeq=29190
cyber_violence,사이버폭력 실태조사,2025,2025년 사이버폭력 실태조사,cyber_violence_2025_29190_file1.pdf,375,0,4,심리; 폭력,https://www.nia.or.kr/site/nia_kor/ex/bbs/View.do?cbIdx=68302&bcIdx=29190&parentSeq=29190
cyber_violence,사이버폭력 실태조사,2025,2025년 사이버폭력 실태조사,cyber_violence_2025_29190_file1.pdf,376,0,4,심리; 폭력,https://www.nia.or.kr/site/nia_kor/ex/bbs/View.do?cbIdx=68302&bcIdx=29190&parentSeq=29190
cyber_violence,사이버폭력 실태조사,2025,2025년 사이버폭력 실태조사,cyber_violence_2025_29190_file1.pdf,377,0,4,심리; 폭력,https://www.nia.or.kr/site/nia_kor/ex/bbs/View.do?cbIdx=68302&bcIdx=29190&parentSeq=29190
cyber_violence,사이버폭력 실태조사,2025,2025년 사이버폭력 실태조사,cyber_violence_2025_29190_file1.pdf,378,0,2,폭력,https://www.nia.or.kr/site/nia_kor/ex/bbs/View.do?cbIdx=68302&bcIdx=29190&parentSeq=29190
cyber_violence,사이버폭력 실태조사,2025,2025년 사이버폭력 실태조사,cyber_violence_2025_29190_file1.pdf,379,0,3,피해; 폭력,https://www.nia.or.kr/site/nia_kor/ex/bbs/View.do?cbIdx=68302&bcIdx=29190&parentSeq=29190
cyber_violence,사이버폭력 실태조사,2025,2025년 사이버폭력 실태조사,cyber_violence_2025_29190_file1.pdf,380,0,2,폭력,https://www.nia.or.kr/site/nia_kor/ex/bbs/View.do?cbIdx=68302&bcIdx=29190&parentSeq=29190
cyber_violence,사이버폭력 실태조사,2025,2025년 사이버폭력 실태조사,cyber_violence_2025_29190_file1.pdf,381,0,4,피해; 폭력,https://www.nia.or.kr/site/nia_kor/ex/bbs/View.do?cbIdx=68302&bcIdx=29190&parentSeq=29190
cyber_violence,사이버폭력 실태조사,2025,2025년 사이버폭력 실태조사,cyber_violence_2025_29190_file1.pdf,382,0,2,폭력,https://www.nia.or.kr/site/nia_kor/ex/bbs/View.do?cbIdx=68302&bcIdx=29190&parentSeq=29190
cyber_violence,사이버폭력 실태조사,2025,2025년 사이버폭력 실태조사,cyber_violence_2025_29190_file1.pdf,383,0,2,폭력,https://www.nia.or.kr/site/nia_kor/ex/bbs/View.do?cbIdx=68302&bcIdx=29190&parentSeq=29190
cyber_violence,사이버폭력 실태조사,2025,2025년 사이버폭력 실태조사,cyber_violence_2025_29190_file1.pdf,384,0,2,폭력,https://www.nia.or.kr/site/nia_kor/ex/bbs/View.do?cbIdx=68302&bcIdx=29190&parentSeq=29190
cyber_violence,사이버폭력 실태조사,2025,2025년 사이버폭력 실태조사,cyber_violence_2025_29190_file1.pdf,385,0,3,폭력,https://www.nia.or.kr/site/nia_kor/ex/bbs/View.do?cbIdx=68302&bcIdx=29190&parentSeq=29190
cyber_violence,사이버폭력 실태조사,2025,2025년 사이버폭력 실태조사,cyber_violence_2025_29190_file1.pdf,386,0,4,폭력,https://www.nia.or.kr/site/nia_kor/ex/bbs/View.do?cbIdx=68302&bcIdx=29190&parentSeq=29190
cyber_violence,사이버폭력 실태조사,2025,2025년 사이버폭력 실태조사,cyber_violence_2025_29190_file1.pdf,387,0,3,폭력,https://www.nia.or.kr/site/nia_kor/ex/bbs/View.do?cbIdx=68302&bcIdx=29190&parentSeq=29190
cyber_violence,사이버폭력 실태조사,2025,2025년 사이버폭력 실태조사,cyber_violence_2025_29190_file1.pdf,388,0,3,폭력,https://www.nia.or.kr/site/nia_kor/ex/bbs/View.do?cbIdx=68302&bcIdx=29190&parentSeq=29190
cyber_violence,사이버폭력 실태조사,2025,2025년 사이버폭력 실태조사,cyber_violence_2025_29190_file1.pdf,389,0,11,폭력; 도움,https://www.nia.or.kr/site/nia_kor/ex/bbs/View.do?cbIdx=68302&bcIdx=29190&parentSeq=29190
cyber_violence,사이버폭력 실태조사,2025,2025년 사이버폭력 실태조사,cyber_violence_2025_29190_file1.pdf,390,0,5,폭력,https://www.nia.or.kr/site/nia_kor/ex/bbs/View.do?cbIdx=68302&bcIdx=29190&parentSeq=29190
cyber_violence,사이버폭력 실태조사,2025,2025년 사이버폭력 실태조사,cyber_violence_2025_29190_file1.pdf,391,0,5,폭력,https://www.nia.or.kr/site/nia_kor/ex/bbs/View.do?cbIdx=68302&bcIdx=29190&parentSeq=29190
cyber_violence,사이버폭력 실태조사,2025,2025년 사이버폭력 실태조사,cyber_violence_2025_29190_file1.pdf,392,0,5,상담; 폭력,https://www.nia.or.kr/site/nia_kor/ex/bbs/View.do?cbIdx=68302&bcIdx=29190&parentSeq=29190
cyber_violence,사이버폭력 실태조사,2025,2025년 사이버폭력 실태조사,cyber_violence_2025_29190_file1.pdf,393,0,5,피해; 폭력,https://www.nia.or.kr/site/nia_kor/ex/bbs/View.do?cbIdx=68302&bcIdx=29190&parentSeq=29190
cyber_violence,사이버폭력 실태조사,2025,2025년 사이버폭력 실태조사,cyber_violence_2025_29190_file1.pdf,394,0,12,피해; 폭력,https://www.nia.or.kr/site/nia_kor/ex/bbs/View.do?cbIdx=68302&bcIdx=29190&parentSeq=29190
cyber_violence,사이버폭력 실태조사,2025,2025년 사이버폭력 실태조사,cyber_violence_2025_29190_file1.pdf,395,0,12,피해; 폭력,https://www.nia.or.kr/site/nia_kor/ex/bbs/View.do?cbIdx=68302&bcIdx=29190&parentSeq=29190
cyber_violence,사이버폭력 실태조사,2025,2025년 사이버폭력 실태조사,cyber_violence_2025_29190_file1.pdf,396,0,1,폭력,https://www.nia.or.kr/site/nia_kor/ex/bbs/View.do?cbIdx=68302&bcIdx=29190&parentSeq=29190
cyber_violence,사이버폭력 실태조사,2025,2025년 사이버폭력 실태조사,cyber_violence_2025_29190_file1.pdf,397,0,1,폭력,https://www.nia.or.kr/site/nia_kor/ex/bbs/View.do?cbIdx=68302&bcIdx=29190&parentSeq=29190
cyber_violence,사이버폭력 실태조사,2025,2025년 사이버폭력 실태조사,cyber_violence_2025_29190_file1.pdf,398,0,1,폭력,https://www.nia.or.kr/site/nia_kor/ex/bbs/View.do?cbIdx=68302&bcIdx=29190&parentSeq=29190
cyber_violence,사이버폭력 실태조사,2025,2025년 사이버폭력 실태조사,cyber_violence_2025_29190_file1.pdf,399,0,1,폭력,https://www.nia.or.kr/site/nia_kor/ex/bbs/View.do?cbIdx=68302&bcIdx=29190&parentSeq=29190
cyber_violence,사이버폭력 실태조사,2025,2025년 사이버폭력 실태조사,cyber_violence_2025_29190_file1.pdf,400,0,1,폭력,https://www.nia.or.kr/site/nia_kor/ex/bbs/View.do?cbIdx=68302&bcIdx=29190&parentSeq=29190
cyber_violence,사이버폭력 실태조사,2025,2025년 사이버폭력 실태조사,cyber_violence_2025_29190_file1.pdf,401,0,1,폭력,https://www.nia.or.kr/site/nia_kor/ex/bbs/View.do?cbIdx=68302&bcIdx=29190&parentSeq=29190
cyber_violence,사이버폭력 실태조사,2025,2025년 사이버폭력 실태조사,cyber_violence_2025_29190_file1.pdf,402,0,1,폭력,https://www.nia.or.kr/site/nia_kor/ex/bbs/View.do?cbIdx=68302&bcIdx=29190&parentSeq=29190
cyber_violence,사이버폭력 실태조사,2025,2025년 사이버폭력 실태조사,cyber_violence_2025_29190_file1.pdf,403,0,1,폭력,https://www.nia.or.kr/site/nia_kor/ex/bbs/View.do?cbIdx=68302&bcIdx=29190&parentSeq=29190
cyber_violence,사이버폭력 실태조사,2025,2025년 사이버폭력 실태조사,cyber_violence_2025_29190_file1.pdf,404,0,1,폭력,https://www.nia.or.kr/site/nia_kor/ex/bbs/View.do?cbIdx=68302&bcIdx=29190&parentSeq=29190
cyber_violence,사이버폭력 실태조사,2025,2025년 사이버폭력 실태조사,cyber_violence_2025_29190_file1.pdf,405,0,1,폭력,https://www.nia.or.kr/site/nia_kor/ex/bbs/View.do?cbIdx=68302&bcIdx=29190&parentSeq=29190
cyber_violence,사이버폭력 실태조사,2025,2025년 사이버폭력 실태조사,cyber_violence_2025_29190_file1.pdf,406,0,1,폭력,https://www.nia.or.kr/site/nia_kor/ex/bbs/View.do?cbIdx=68302&bcIdx=29190&parentSeq=29190
cyber_violence,사이버폭력 실태조사,2025,2025년 사이버폭력 실태조사,cyber_violence_2025_29190_file1.pdf,407,0,1,폭력,https://www.nia.or.kr/site/nia_kor/ex/bbs/View.do?cbIdx=68302&bcIdx=29190&parentSeq=29190
cyber_violence,사이버폭력 실태조사,2025,2025년 사이버폭력 실태조사,cyber_violence_2025_29190_file1.pdf,408,0,1,폭력,https://www.nia.or.kr/site/nia_kor/ex/bbs/View.do?cbIdx=68302&bcIdx=29190&parentSeq=29190
cyber_violence,사이버폭력 실태조사,2025,2025년 사이버폭력 실태조사,cyber_violence_2025_29190_file1.pdf,409,0,1,폭력,https://www.nia.or.kr/site/nia_kor/ex/bbs/View.do?cbIdx=68302&bcIdx=29190&parentSeq=29190
cyber_violence,사이버폭력 실태조사,2025,2025년 사이버폭력 실태조사,cyber_violence_2025_29190_file1.pdf,410,0,1,폭력,https://www.nia.or.kr/site/nia_kor/ex/bbs/View.do?cbIdx=68302&bcIdx=29190&parentSeq=29190
cyber_violence,사이버폭력 실태조사,2025,2025년 사이버폭력 실태조사,cyber_violence_2025_29190_file1.pdf,411,0,1,폭력,https://www.nia.or.kr/site/nia_kor/ex/bbs/View.do?cbIdx=68302&bcIdx=29190&parentSeq=29190
cyber_violence,사이버폭력 실태조사,2025,2025년 사이버폭력 실태조사,cyber_violence_2025_29190_file1.pdf,412,0,1,폭력,https://www.nia.or.kr/site/nia_kor/ex/bbs/View.do?cbIdx=68302&bcIdx=29190&parentSeq=29190
cyber_violence,사이버폭력 실태조사,2025,2025년 사이버폭력 실태조사,cyber_violence_2025_29190_file1.pdf,413,0,1,폭력,https://www.nia.or.kr/site/nia_kor/ex/bbs/View.do?cbIdx=68302&bcIdx=29190&parentSeq=29190
cyber_violence,사이버폭력 실태조사,2025,2025년 사이버폭력 실태조사,cyber_violence_2025_29190_file1.pdf,414,0,1,폭력,https://www.nia.or.kr/site/nia_kor/ex/bbs/View.do?cbIdx=68302&bcIdx=29190&parentSeq=29190
cyber_violence,사이버폭력 실태조사,2025,2025년 사이버폭력 실태조사,cyber_violence_2025_29190_file1.pdf,415,0,2,스트레스; 폭력,https://www.nia.or.kr/site/nia_kor/ex/bbs/View.do?cbIdx=68302&bcIdx=29190&parentSeq=29190
cyber_violence,사이버폭력 실태조사,2025,2025년 사이버폭력 실태조사,cyber_violence_2025_29190_file1.pdf,416,3,3,인공지능; AI; 폭력,https://www.nia.or.kr/site/nia_kor/ex/bbs/View.do?cbIdx=68302&bcIdx=29190&parentSeq=29190
cyber_violence,사이버폭력 실태조사,2025,2025년 사이버폭력 실태조사,cyber_violence_2025_29190_file1.pdf,417,4,7,인공지능; AI; 피해; 폭력,https://www.nia.or.kr/site/nia_kor/ex/bbs/View.do?cbIdx=68302&bcIdx=29190&parentSeq=29190
cyber_violence,사이버폭력 실태조사,2025,2025년 사이버폭력 실태조사,cyber_violence_2025_29190_file1.pdf,418,0,3,피해; 폭력,https://www.nia.or.kr/site/nia_kor/ex/bbs/View.do?cbIdx=68302&bcIdx=29190&parentSeq=29190
cyber_violence,사이버폭력 실태조사,2025,2025년 사이버폭력 실태조사,cyber_violence_2025_29190_file1.pdf,419,0,2,폭력,https://www.nia.or.kr/site/nia_kor/ex/bbs/View.do?cbIdx=68302&bcIdx=29190&parentSeq=29190
cyber_violence,사이버폭력 실태조사,2025,2025년 사이버폭력 실태조사,cyber_violence_2025_29190_file1.pdf,420,0,4,피해; 폭력,https://www.nia.or.kr/site/nia_kor/ex/bbs/View.do?cbIdx=68302&bcIdx=29190&parentSeq=29190
cyber_violence,사이버폭력 실태조사,2025,2025년 사이버폭력 실태조사,cyber_violence_2025_29190_file1.pdf,421,0,4,피해; 폭력,https://www.nia.or.kr/site/nia_kor/ex/bbs/View.do?cbIdx=68302&bcIdx=29190&parentSeq=29190
cyber_violence,사이버폭력 실태조사,2025,2025년 사이버폭력 실태조사,cyber_violence_2025_29190_file1.pdf,422,0,1,폭력,https://www.nia.or.kr/site/nia_kor/ex/bbs/View.do?cbIdx=68302&bcIdx=29190&parentSeq=29190
cyber_violence,사이버폭력 실태조사,2025,2025년 사이버폭력 실태조사,cyber_violence_2025_29190_file1.pdf,423,0,1,폭력,https://www.nia.or.kr/site/nia_kor/ex/bbs/View.do?cbIdx=68302&bcIdx=29190&parentSeq=29190
cyber_violence,사이버폭력 실태조사,2025,2025년 사이버폭력 실태조사,cyber_violence_2025_29190_file1.pdf,424,0,1,폭력,https://www.nia.or.kr/site/nia_kor/ex/bbs/View.do?cbIdx=68302&bcIdx=29190&parentSeq=29190
cyber_violence,사이버폭력 실태조사,2025,2025년 사이버폭력 실태조사,cyber_violence_2025_29190_file1.pdf,425,0,1,폭력,https://www.nia.or.kr/site/nia_kor/ex/bbs/View.do?cbIdx=68302&bcIdx=29190&parentSeq=29190
cyber_violence,사이버폭력 실태조사,2025,2025년 사이버폭력 실태조사,cyber_violence_2025_29190_file1.pdf,426,0,1,폭력,https://www.nia.or.kr/site/nia_kor/ex/bbs/View.do?cbIdx=68302&bcIdx=29190&parentSeq=29190
cyber_violence,사이버폭력 실태조사,2025,2025년 사이버폭력 실태조사,cyber_violence_2025_29190_file1.pdf,427,0,1,폭력,https://www.nia.or.kr/site/nia_kor/ex/bbs/View.do?cbIdx=68302&bcIdx=29190&parentSeq=29190
cyber_violence,사이버폭력 실태조사,2025,2025년 사이버폭력 실태조사,cyber_violence_2025_29190_file1.pdf,428,0,1,폭력,https://www.nia.or.kr/site/nia_kor/ex/bbs/View.do?cbIdx=68302&bcIdx=29190&parentSeq=29190
cyber_violence,사이버폭력 실태조사,2025,2025년 사이버폭력 실태조사,cyber_violence_2025_29190_file1.pdf,429,0,1,폭력,https://www.nia.or.kr/site/nia_kor/ex/bbs/View.do?cbIdx=68302&bcIdx=29190&parentSeq=29190
cyber_violence,사이버폭력 실태조사,2025,2025년 사이버폭력 실태조사,cyber_violence_2025_29190_file1.pdf,430,0,1,폭력,https://www.nia.or.kr/site/nia_kor/ex/bbs/View.do?cbIdx=68302&bcIdx=29190&parentSeq=29190
cyber_violence,사이버폭력 실태조사,2025,2025년 사이버폭력 실태조사,cyber_violence_2025_29190_file1.pdf,431,0,1,폭력,https://www.nia.or.kr/site/nia_kor/ex/bbs/View.do?cbIdx=68302&bcIdx=29190&parentSeq=29190
cyber_violence,사이버폭력 실태조사,2025,2025년 사이버폭력 실태조사,cyber_violence_2025_29190_file1.pdf,432,0,1,폭력,https://www.nia.or.kr/site/nia_kor/ex/bbs/View.do?cbIdx=68302&bcIdx=29190&parentSeq=29190
cyber_violence,사이버폭력 실태조사,2025,2025년 사이버폭력 실태조사,cyber_violence_2025_29190_file1.pdf,433,0,1,폭력,https://www.nia.or.kr/site/nia_kor/ex/bbs/View.do?cbIdx=68302&bcIdx=29190&parentSeq=29190
cyber_violence,사이버폭력 실태조사,2025,2025년 사이버폭력 실태조사,cyber_violence_2025_29190_file1.pdf,434,0,2,폭력,https://www.nia.or.kr/site/nia_kor/ex/bbs/View.do?cbIdx=68302&bcIdx=29190&parentSeq=29190
cyber_violence,사이버폭력 실태조사,2025,2025년 사이버폭력 실태조사,cyber_violence_2025_29190_file1.pdf,435,0,3,폭력,https://www.nia.or.kr/site/nia_kor/ex/bbs/View.do?cbIdx=68302&bcIdx=29190&parentSeq=29190
cyber_violence,사이버폭력 실태조사,2025,2025년 사이버폭력 실태조사,cyber_violence_2025_29190_file1.pdf,436,0,1,폭력,https://www.nia.or.kr/site/nia_kor/ex/bbs/View.do?cbIdx=68302&bcIdx=29190&parentSeq=29190
cyber_violence,사이버폭력 실태조사,2025,2025년 사이버폭력 실태조사,cyber_violence_2025_29190_file1.pdf,437,0,1,폭력,https://www.nia.or.kr/site/nia_kor/ex/bbs/View.do?cbIdx=68302&bcIdx=29190&parentSeq=29190
cyber_violence,사이버폭력 실태조사,2025,2025년 사이버폭력 실태조사,cyber_violence_2025_29190_file1.pdf,438,0,1,폭력,https://www.nia.or.kr/site/nia_kor/ex/bbs/View.do?cbIdx=68302&bcIdx=29190&parentSeq=29190
cyber_violence,사이버폭력 실태조사,2025,2025년 사이버폭력 실태조사,cyber_violence_2025_29190_file1.pdf,439,0,1,폭력,https://www.nia.or.kr/site/nia_kor/ex/bbs/View.do?cbIdx=68302&bcIdx=29190&parentSeq=29190
cyber_violence,사이버폭력 실태조사,2025,2025년 사이버폭력 실태조사,cyber_violence_2025_29190_file1.pdf,440,0,1,폭력,https://www.nia.or.kr/site/nia_kor/ex/bbs/View.do?cbIdx=68302&bcIdx=29190&parentSeq=29190
cyber_violence,사이버폭력 실태조사,2025,2025년 사이버폭력 실태조사,cyber_violence_2025_29190_file1.pdf,441,0,1,폭력,https://www.nia.or.kr/site/nia_kor/ex/bbs/View.do?cbIdx=68302&bcIdx=29190&parentSeq=29190
cyber_violence,사이버폭력 실태조사,2025,2025년 사이버폭력 실태조사,cyber_violence_2025_29190_file1.pdf,442,0,1,폭력,https://www.nia.or.kr/site/nia_kor/ex/bbs/View.do?cbIdx=68302&bcIdx=29190&parentSeq=29190
cyber_violence,사이버폭력 실태조사,2025,2025년 사이버폭력 실태조사,cyber_violence_2025_29190_file1.pdf,443,0,1,폭력,https://www.nia.or.kr/site/nia_kor/ex/bbs/View.do?cbIdx=68302&bcIdx=29190&parentSeq=29190
cyber_violence,사이버폭력 실태조사,2025,2025년 사이버폭력 실태조사,cyber_violence_2025_29190_file1.pdf,444,0,1,폭력,https://www.nia.or.kr/site/nia_kor/ex/bbs/View.do?cbIdx=68302&bcIdx=29190&parentSeq=29190
cyber_violence,사이버폭력 실태조사,2025,2025년 사이버폭력 실태조사,cyber_violence_2025_29190_file1.pdf,445,0,1,폭력,https://www.nia.or.kr/site/nia_kor/ex/bbs/View.do?cbIdx=68302&bcIdx=29190&parentSeq=29190
cyber_violence,사이버폭력 실태조사,2025,2025년 사이버폭력 실태조사,cyber_violence_2025_29190_file1.pdf,446,0,1,폭력,https://www.nia.or.kr/site/nia_kor/ex/bbs/View.do?cbIdx=68302&bcIdx=29190&parentSeq=29190
cyber_violence,사이버폭력 실태조사,2025,2025년 사이버폭력 실태조사,cyber_violence_2025_29190_file1.pdf,447,0,1,폭력,https://www.nia.or.kr/site/nia_kor/ex/bbs/View.do?cbIdx=68302&bcIdx=29190&parentSeq=29190
cyber_violence,사이버폭력 실태조사,2025,2025년 사이버폭력 실태조사,cyber_violence_2025_29190_file1.pdf,448,0,4,피해; 폭력,https://www.nia.or.kr/site/nia_kor/ex/bbs/View.do?cbIdx=68302&bcIdx=29190&parentSeq=29190
cyber_violence,사이버폭력 실태조사,2025,2025년 사이버폭력 실태조사,cyber_violence_2025_29190_file1.pdf,449,0,5,피해; 폭력,https://www.nia.or.kr/site/nia_kor/ex/bbs/View.do?cbIdx=68302&bcIdx=29190&parentSeq=29190
cyber_violence,사이버폭력 실태조사,2025,2025년 사이버폭력 실태조사,cyber_violence_2025_29190_file1.pdf,450,0,4,폭력,https://www.nia.or.kr/site/nia_kor/ex/bbs/View.do?cbIdx=68302&bcIdx=29190&parentSeq=29190
cyber_violence,사이버폭력 실태조사,2025,2025년 사이버폭력 실태조사,cyber_violence_2025_29190_file1.pdf,451,0,3,폭력,https://www.nia.or.kr/site/nia_kor/ex/bbs/View.do?cbIdx=68302&bcIdx=29190&parentSeq=29190
cyber_violence,사이버폭력 실태조사,2025,2025년 사이버폭력 실태조사,cyber_violence_2025_29190_file1.pdf,452,0,7,상담; 피해; 폭력; 도움,https://www.nia.or.kr/site/nia_kor/ex/bbs/View.do?cbIdx=68302&bcIdx=29190&parentSeq=29190
cyber_violence,사이버폭력 실태조사,2025,2025년 사이버폭력 실태조사,cyber_violence_2025_29190_file1.pdf,453,0,5,피해; 폭력,https://www.nia.or.kr/site/nia_kor/ex/bbs/View.do?cbIdx=68302&bcIdx=29190&parentSeq=29190
cyber_violence,사이버폭력 실태조사,2025,2025년 사이버폭력 실태조사,cyber_violence_2025_29190_file1.pdf,454,0,6,피해; 폭력,https://www.nia.or.kr/site/nia_kor/ex/bbs/View.do?cbIdx=68302&bcIdx=29190&parentSeq=29190
cyber_violence,사이버폭력 실태조사,2025,2025년 사이버폭력 실태조사,cyber_violence_2025_29190_file1.pdf,455,0,3,피해; 폭력,https://www.nia.or.kr/site/nia_kor/ex/bbs/View.do?cbIdx=68302&bcIdx=29190&parentSeq=29190
cyber_violence,사이버폭력 실태조사,2025,2025년 사이버폭력 실태조사,cyber_violence_2025_29190_file1.pdf,456,0,5,피해; 폭력,https://www.nia.or.kr/site/nia_kor/ex/bbs/View.do?cbIdx=68302&bcIdx=29190&parentSeq=29190
cyber_violence,사이버폭력 실태조사,2025,2025년 사이버폭력 실태조사,cyber_violence_2025_29190_file1.pdf,457,0,5,피해; 폭력,https://www.nia.or.kr/site/nia_kor/ex/bbs/View.do?cbIdx=68302&bcIdx=29190&parentSeq=29190
cyber_violence,사이버폭력 실태조사,2025,2025년 사이버폭력 실태조사,cyber_violence_2025_29190_file1.pdf,458,0,4,피해; 폭력,https://www.nia.or.kr/site/nia_kor/ex/bbs/View.do?cbIdx=68302&bcIdx=29190&parentSeq=29190
cyber_violence,사이버폭력 실태조사,2025,2025년 사이버폭력 실태조사,cyber_violence_2025_29190_file1.pdf,459,0,4,피해; 폭력,https://www.nia.or.kr/site/nia_kor/ex/bbs/View.do?cbIdx=68302&bcIdx=29190&parentSeq=29190
cyber_violence,사이버폭력 실태조사,2025,2025년 사이버폭력 실태조사,cyber_violence_2025_29190_file1.pdf,460,0,5,피해; 폭력,https://www.nia.or.kr/site/nia_kor/ex/bbs/View.do?cbIdx=68302&bcIdx=29190&parentSeq=29190
cyber_violence,사이버폭력 실태조사,2025,2025년 사이버폭력 실태조사,cyber_violence_2025_29190_file1.pdf,461,0,4,피해; 폭력,https://www.nia.or.kr/site/nia_kor/ex/bbs/View.do?cbIdx=68302&bcIdx=29190&parentSeq=29190
cyber_violence,사이버폭력 실태조사,2025,2025년 사이버폭력 실태조사,cyber_violence_2025_29190_file1.pdf,462,0,4,피해; 폭력,https://www.nia.or.kr/site/nia_kor/ex/bbs/View.do?cbIdx=68302&bcIdx=29190&parentSeq=29190
cyber_violence,사이버폭력 실태조사,2025,2025년 사이버폭력 실태조사,cyber_violence_2025_29190_file1.pdf,463,0,4,피해; 폭력,https://www.nia.or.kr/site/nia_kor/ex/bbs/View.do?cbIdx=68302&bcIdx=29190&parentSeq=29190
cyber_violence,사이버폭력 실태조사,2025,2025년 사이버폭력 실태조사,cyber_violence_2025_29190_file1.pdf,464,0,4,피해; 폭력,https://www.nia.or.kr/site/nia_kor/ex/bbs/View.do?cbIdx=68302&bcIdx=29190&parentSeq=29190
cyber_violence,사이버폭력 실태조사,2025,2025년 사이버폭력 실태조사,cyber_violence_2025_29190_file1.pdf,465,0,4,피해; 폭력,https://www.nia.or.kr/site/nia_kor/ex/bbs/View.do?cbIdx=68302&bcIdx=29190&parentSeq=29190
cyber_violence,사이버폭력 실태조사,2025,2025년 사이버폭력 실태조사,cyber_violence_2025_29190_file1.pdf,466,0,4,피해; 폭력,https://www.nia.or.kr/site/nia_kor/ex/bbs/View.do?cbIdx=68302&bcIdx=29190&parentSeq=29190
cyber_violence,사이버폭력 실태조사,2025,2025년 사이버폭력 실태조사,cyber_violence_2025_29190_file1.pdf,467,0,5,피해; 폭력,https://www.nia.or.kr/site/nia_kor/ex/bbs/View.do?cbIdx=68302&bcIdx=29190&parentSeq=29190
cyber_violence,사이버폭력 실태조사,2025,2025년 사이버폭력 실태조사,cyber_violence_2025_29190_file1.pdf,468,0,5,피해; 폭력,https://www.nia.or.kr/site/nia_kor/ex/bbs/View.do?cbIdx=68302&bcIdx=29190&parentSeq=29190
cyber_violence,사이버폭력 실태조사,2025,2025년 사이버폭력 실태조사,cyber_violence_2025_29190_file1.pdf,469,0,6,상담; 피해; 폭력,https://www.nia.or.kr/site/nia_kor/ex/bbs/View.do?cbIdx=68302&bcIdx=29190&parentSeq=29190
cyber_violence,사이버폭력 실태조사,2025,2025년 사이버폭력 실태조사,cyber_violence_2025_29190_file1.pdf,470,0,7,상담; 피해; 폭력; 도움,https://www.nia.or.kr/site/nia_kor/ex/bbs/View.do?cbIdx=68302&bcIdx=29190&parentSeq=29190
cyber_violence,사이버폭력 실태조사,2025,2025년 사이버폭력 실태조사,cyber_violence_2025_29190_file1.pdf,471,0,9,피해; 폭력; 도움,https://www.nia.or.kr/site/nia_kor/ex/bbs/View.do?cbIdx=68302&bcIdx=29190&parentSeq=29190
cyber_violence,사이버폭력 실태조사,2025,2025년 사이버폭력 실태조사,cyber_violence_2025_29190_file1.pdf,472,0,12,상담; 피해; 폭력; 도움,https://www.nia.or.kr/site/nia_kor/ex/bbs/View.do?cbIdx=68302&bcIdx=29190&parentSeq=29190
cyber_violence,사이버폭력 실태조사,2025,2025년 사이버폭력 실태조사,cyber_violence_2025_29190_file1.pdf,473,0,9,심리; 스트레스; 우울; 불안; 피해; 폭력,https://www.nia.or.kr/site/nia_kor/ex/bbs/View.do?cbIdx=68302&bcIdx=29190&parentSeq=29190
cyber_violence,사이버폭력 실태조사,2025,2025년 사이버폭력 실태조사,cyber_violence_2025_29190_file1.pdf,474,0,6,심리; 피해; 폭력,https://www.nia.or.kr/site/nia_kor/ex/bbs/View.do?cbIdx=68302&bcIdx=29190&parentSeq=29190
cyber_violence,사이버폭력 실태조사,2025,2025년 사이버폭력 실태조사,cyber_violence_2025_29190_file1.pdf,475,0,6,심리; 피해; 폭력,https://www.nia.or.kr/site/nia_kor/ex/bbs/View.do?cbIdx=68302&bcIdx=29190&parentSeq=29190
cyber_violence,사이버폭력 실태조사,2025,2025년 사이버폭력 실태조사,cyber_violence_2025_29190_file1.pdf,476,0,6,심리; 피해; 폭력,https://www.nia.or.kr/site/nia_kor/ex/bbs/View.do?cbIdx=68302&bcIdx=29190&parentSeq=29190
cyber_violence,사이버폭력 실태조사,2025,2025년 사이버폭력 실태조사,cyber_violence_2025_29190_file1.pdf,477,0,12,심리; 스트레스; 우울; 불안; 피해; 폭력,https://www.nia.or.kr/site/nia_kor/ex/bbs/View.do?cbIdx=68302&bcIdx=29190&parentSeq=29190
cyber_violence,사이버폭력 실태조사,2025,2025년 사이버폭력 실태조사,cyber_violence_2025_29190_file1.pdf,478,0,6,심리; 피해; 폭력,https://www.nia.or.kr/site/nia_kor/ex/bbs/View.do?cbIdx=68302&bcIdx=29190&parentSeq=29190
cyber_violence,사이버폭력 실태조사,2025,2025년 사이버폭력 실태조사,cyber_violence_2025_29190_file1.pdf,479,0,7,심리; 피해; 폭력,https://www.nia.or.kr/site/nia_kor/ex/bbs/View.do?cbIdx=68302&bcIdx=29190&parentSeq=29190
cyber_violence,사이버폭력 실태조사,2025,2025년 사이버폭력 실태조사,cyber_violence_2025_29190_file1.pdf,480,0,6,심리; 피해; 폭력,https://www.nia.or.kr/site/nia_kor/ex/bbs/View.do?cbIdx=68302&bcIdx=29190&parentSeq=29190
cyber_violence,사이버폭력 실태조사,2025,2025년 사이버폭력 실태조사,cyber_violence_2025_29190_file1.pdf,481,0,4,폭력,https://www.nia.or.kr/site/nia_kor/ex/bbs/View.do?cbIdx=68302&bcIdx=29190&parentSeq=29190
cyber_violence,사이버폭력 실태조사,2025,2025년 사이버폭력 실태조사,cyber_violence_2025_29190_file1.pdf,482,0,2,폭력,https://www.nia.or.kr/site/nia_kor/ex/bbs/View.do?cbIdx=68302&bcIdx=29190&parentSeq=29190
cyber_violence,사이버폭력 실태조사,2025,2025년 사이버폭력 실태조사,cyber_violence_2025_29190_file1.pdf,483,0,3,폭력,https://www.nia.or.kr/site/nia_kor/ex/bbs/View.do?cbIdx=68302&bcIdx=29190&parentSeq=29190
cyber_violence,사이버폭력 실태조사,2025,2025년 사이버폭력 실태조사,cyber_violence_2025_29190_file1.pdf,484,0,3,폭력,https://www.nia.or.kr/site/nia_kor/ex/bbs/View.do?cbIdx=68302&bcIdx=29190&parentSeq=29190
cyber_violence,사이버폭력 실태조사,2025,2025년 사이버폭력 실태조사,cyber_violence_2025_29190_file1.pdf,485,0,2,폭력,https://www.nia.or.kr/site/nia_kor/ex/bbs/View.do?cbIdx=68302&bcIdx=29190&parentSeq=29190
cyber_violence,사이버폭력 실태조사,2025,2025년 사이버폭력 실태조사,cyber_violence_2025_29190_file1.pdf,486,0,2,폭력,https://www.nia.or.kr/site/nia_kor/ex/bbs/View.do?cbIdx=68302&bcIdx=29190&parentSeq=29190
cyber_violence,사이버폭력 실태조사,2025,2025년 사이버폭력 실태조사,cyber_violence_2025_29190_file1.pdf,487,0,3,폭력,https://www.nia.or.kr/site/nia_kor/ex/bbs/View.do?cbIdx=68302&bcIdx=29190&parentSeq=29190
cyber_violence,사이버폭력 실태조사,2025,2025년 사이버폭력 실태조사,cyber_violence_2025_29190_file1.pdf,488,0,2,폭력,https://www.nia.or.kr/site/nia_kor/ex/bbs/View.do?cbIdx=68302&bcIdx=29190&parentSeq=29190
cyber_violence,사이버폭력 실태조사,2025,2025년 사이버폭력 실태조사,cyber_violence_2025_29190_file1.pdf,489,0,2,폭력,https://www.nia.or.kr/site/nia_kor/ex/bbs/View.do?cbIdx=68302&bcIdx=29190&parentSeq=29190
cyber_violence,사이버폭력 실태조사,2025,2025년 사이버폭력 실태조사,cyber_violence_2025_29190_file1.pdf,490,0,2,폭력,https://www.nia.or.kr/site/nia_kor/ex/bbs/View.do?cbIdx=68302&bcIdx=29190&parentSeq=29190
cyber_violence,사이버폭력 실태조사,2025,2025년 사이버폭력 실태조사,cyber_violence_2025_29190_file1.pdf,491,0,2,폭력,https://www.nia.or.kr/site/nia_kor/ex/bbs/View.do?cbIdx=68302&bcIdx=29190&parentSeq=29190
cyber_violence,사이버폭력 실태조사,2025,2025년 사이버폭력 실태조사,cyber_violence_2025_29190_file1.pdf,492,0,3,폭력,https://www.nia.or.kr/site/nia_kor/ex/bbs/View.do?cbIdx=68302&bcIdx=29190&parentSeq=29190
cyber_violence,사이버폭력 실태조사,2025,2025년 사이버폭력 실태조사,cyber_violence_2025_29190_file1.pdf,493,0,3,폭력,https://www.nia.or.kr/site/nia_kor/ex/bbs/View.do?cbIdx=68302&bcIdx=29190&parentSeq=29190
cyber_violence,사이버폭력 실태조사,2025,2025년 사이버폭력 실태조사,cyber_violence_2025_29190_file1.pdf,494,0,3,폭력,https://www.nia.or.kr/site/nia_kor/ex/bbs/View.do?cbIdx=68302&bcIdx=29190&parentSeq=29190
cyber_violence,사이버폭력 실태조사,2025,2025년 사이버폭력 실태조사,cyber_violence_2025_29190_file1.pdf,495,3,2,인공지능; AI; 폭력,https://www.nia.or.kr/site/nia_kor/ex/bbs/View.do?cbIdx=68302&bcIdx=29190&parentSeq=29190
cyber_violence,사이버폭력 실태조사,2025,2025년 사이버폭력 실태조사,cyber_violence_2025_29190_file1.pdf,496,0,4,스트레스; 폭력,https://www.nia.or.kr/site/nia_kor/ex/bbs/View.do?cbIdx=68302&bcIdx=29190&parentSeq=29190
cyber_violence,사이버폭력 실태조사,2025,2025년 사이버폭력 실태조사,cyber_violence_2025_29190_file1.pdf,497,0,3,폭력,https://www.nia.or.kr/site/nia_kor/ex/bbs/View.do?cbIdx=68302&bcIdx=29190&parentSeq=29190
cyber_violence,사이버폭력 실태조사,2025,2025년 사이버폭력 실태조사,cyber_violence_2025_29190_file1.pdf,498,0,4,심리; 폭력,https://www.nia.or.kr/site/nia_kor/ex/bbs/View.do?cbIdx=68302&bcIdx=29190&parentSeq=29190
cyber_violence,사이버폭력 실태조사,2025,2025년 사이버폭력 실태조사,cyber_violence_2025_29190_file1.pdf,499,0,4,심리; 폭력,https://www.nia.or.kr/site/nia_kor/ex/bbs/View.do?cbIdx=68302&bcIdx=29190&parentSeq=29190
cyber_violence,사이버폭력 실태조사,2025,2025년 사이버폭력 실태조사,cyber_violence_2025_29190_file1.pdf,500,0,4,심리; 폭력,https://www.nia.or.kr/site/nia_kor/ex/bbs/View.do?cbIdx=68302&bcIdx=29190&parentSeq=29190
cyber_violence,사이버폭력 실태조사,2025,2025년 사이버폭력 실태조사,cyber_violence_2025_29190_file1.pdf,501,0,4,심리; 폭력,https://www.nia.or.kr/site/nia_kor/ex/bbs/View.do?cbIdx=68302&bcIdx=29190&parentSeq=29190
cyber_violence,사이버폭력 실태조사,2025,2025년 사이버폭력 실태조사,cyber_violence_2025_29190_file1.pdf,502,0,4,심리; 폭력,https://www.nia.or.kr/site/nia_kor/ex/bbs/View.do?cbIdx=68302&bcIdx=29190&parentSeq=29190
cyber_violence,사이버폭력 실태조사,2025,2025년 사이버폭력 실태조사,cyber_violence_2025_29190_file1.pdf,503,0,4,심리; 폭력,https://www.nia.or.kr/site/nia_kor/ex/bbs/View.do?cbIdx=68302&bcIdx=29190&parentSeq=29190
cyber_violence,사이버폭력 실태조사,2025,2025년 사이버폭력 실태조사,cyber_violence_2025_29190_file1.pdf,504,0,2,폭력,https://www.nia.or.kr/site/nia_kor/ex/bbs/View.do?cbIdx=68302&bcIdx=29190&parentSeq=29190
cyber_violence,사이버폭력 실태조사,2025,2025년 사이버폭력 실태조사,cyber_violence_2025_29190_file1.pdf,505,0,3,피해; 폭력,https://www.nia.or.kr/site/nia_kor/ex/bbs/View.do?cbIdx=68302&bcIdx=29190&parentSeq=29190
cyber_violence,사이버폭력 실태조사,2025,2025년 사이버폭력 실태조사,cyber_violence_2025_29190_file1.pdf,506,0,2,폭력,https://www.nia.or.kr/site/nia_kor/ex/bbs/View.do?cbIdx=68302&bcIdx=29190&parentSeq=29190
cyber_violence,사이버폭력 실태조사,2025,2025년 사이버폭력 실태조사,cyber_violence_2025_29190_file1.pdf,507,0,4,피해; 폭력,https://www.nia.or.kr/site/nia_kor/ex/bbs/View.do?cbIdx=68302&bcIdx=29190&parentSeq=29190
cyber_violence,사이버폭력 실태조사,2025,2025년 사이버폭력 실태조사,cyber_violence_2025_29190_file1.pdf,508,0,2,폭력,https://www.nia.or.kr/site/nia_kor/ex/bbs/View.do?cbIdx=68302&bcIdx=29190&parentSeq=29190
cyber_violence,사이버폭력 실태조사,2025,2025년 사이버폭력 실태조사,cyber_violence_2025_29190_file1.pdf,509,0,2,폭력,https://www.nia.or.kr/site/nia_kor/ex/bbs/View.do?cbIdx=68302&bcIdx=29190&parentSeq=29190
cyber_violence,사이버폭력 실태조사,2025,2025년 사이버폭력 실태조사,cyber_violence_2025_29190_file1.pdf,510,0,2,폭력,https://www.nia.or.kr/site/nia_kor/ex/bbs/View.do?cbIdx=68302&bcIdx=29190&parentSeq=29190
cyber_violence,사이버폭력 실태조사,2025,2025년 사이버폭력 실태조사,cyber_violence_2025_29190_file1.pdf,511,0,3,폭력,https://www.nia.or.kr/site/nia_kor/ex/bbs/View.do?cbIdx=68302&bcIdx=29190&parentSeq=29190
cyber_violence,사이버폭력 실태조사,2025,2025년 사이버폭력 실태조사,cyber_violence_2025_29190_file1.pdf,512,0,4,폭력,https://www.nia.or.kr/site/nia_kor/ex/bbs/View.do?cbIdx=68302&bcIdx=29190&parentSeq=29190
cyber_violence,사이버폭력 실태조사,2025,2025년 사이버폭력 실태조사,cyber_violence_2025_29190_file1.pdf,513,0,3,폭력,https://www.nia.or.kr/site/nia_kor/ex/bbs/View.do?cbIdx=68302&bcIdx=29190&parentSeq=29190
cyber_violence,사이버폭력 실태조사,2025,2025년 사이버폭력 실태조사,cyber_violence_2025_29190_file1.pdf,514,0,3,폭력,https://www.nia.or.kr/site/nia_kor/ex/bbs/View.do?cbIdx=68302&bcIdx=29190&parentSeq=29190
cyber_violence,사이버폭력 실태조사,2025,2025년 사이버폭력 실태조사,cyber_violence_2025_29190_file1.pdf,515,0,11,폭력; 도움,https://www.nia.or.kr/site/nia_kor/ex/bbs/View.do?cbIdx=68302&bcIdx=29190&parentSeq=29190
cyber_violence,사이버폭력 실태조사,2025,2025년 사이버폭력 실태조사,cyber_violence_2025_29190_file1.pdf,516,0,5,폭력,https://www.nia.or.kr/site/nia_kor/ex/bbs/View.do?cbIdx=68302&bcIdx=29190&parentSeq=29190
cyber_violence,사이버폭력 실태조사,2025,2025년 사이버폭력 실태조사,cyber_violence_2025_29190_file1.pdf,517,0,5,폭력,https://www.nia.or.kr/site/nia_kor/ex/bbs/View.do?cbIdx=68302&bcIdx=29190&parentSeq=29190
cyber_violence,사이버폭력 실태조사,2025,2025년 사이버폭력 실태조사,cyber_violence_2025_29190_file1.pdf,518,0,5,상담; 폭력,https://www.nia.or.kr/site/nia_kor/ex/bbs/View.do?cbIdx=68302&bcIdx=29190&parentSeq=29190
cyber_violence,사이버폭력 실태조사,2025,2025년 사이버폭력 실태조사,cyber_violence_2025_29190_file1.pdf,519,0,5,피해; 폭력,https://www.nia.or.kr/site/nia_kor/ex/bbs/View.do?cbIdx=68302&bcIdx=29190&parentSeq=29190
cyber_violence,사이버폭력 실태조사,2025,2025년 사이버폭력 실태조사,cyber_violence_2025_29190_file1.pdf,520,0,12,피해; 폭력,https://www.nia.or.kr/site/nia_kor/ex/bbs/View.do?cbIdx=68302&bcIdx=29190&parentSeq=29190
cyber_violence,사이버폭력 실태조사,2025,2025년 사이버폭력 실태조사,cyber_violence_2025_29190_file1.pdf,521,0,12,피해; 폭력,https://www.nia.or.kr/site/nia_kor/ex/bbs/View.do?cbIdx=68302&bcIdx=29190&parentSeq=29190
cyber_violence,사이버폭력 실태조사,2025,2025년 사이버폭력 실태조사,cyber_violence_2025_29190_file1.pdf,522,0,1,폭력,https://www.nia.or.kr/site/nia_kor/ex/bbs/View.do?cbIdx=68302&bcIdx=29190&parentSeq=29190
cyber_violence,사이버폭력 실태조사,2025,2025년 사이버폭력 실태조사,cyber_violence_2025_29190_file1.pdf,523,0,1,폭력,https://www.nia.or.kr/site/nia_kor/ex/bbs/View.do?cbIdx=68302&bcIdx=29190&parentSeq=29190
cyber_violence,사이버폭력 실태조사,2025,2025년 사이버폭력 실태조사,cyber_violence_2025_29190_file1.pdf,524,0,1,폭력,https://www.nia.or.kr/site/nia_kor/ex/bbs/View.do?cbIdx=68302&bcIdx=29190&parentSeq=29190
cyber_violence,사이버폭력 실태조사,2025,2025년 사이버폭력 실태조사,cyber_violence_2025_29190_file1.pdf,525,0,1,폭력,https://www.nia.or.kr/site/nia_kor/ex/bbs/View.do?cbIdx=68302&bcIdx=29190&parentSeq=29190
cyber_violence,사이버폭력 실태조사,2025,2025년 사이버폭력 실태조사,cyber_violence_2025_29190_file1.pdf,526,0,1,폭력,https://www.nia.or.kr/site/nia_kor/ex/bbs/View.do?cbIdx=68302&bcIdx=29190&parentSeq=29190
cyber_violence,사이버폭력 실태조사,2025,2025년 사이버폭력 실태조사,cyber_violence_2025_29190_file1.pdf,527,0,1,폭력,https://www.nia.or.kr/site/nia_kor/ex/bbs/View.do?cbIdx=68302&bcIdx=29190&parentSeq=29190
cyber_violence,사이버폭력 실태조사,2025,2025년 사이버폭력 실태조사,cyber_violence_2025_29190_file1.pdf,528,0,1,폭력,https://www.nia.or.kr/site/nia_kor/ex/bbs/View.do?cbIdx=68302&bcIdx=29190&parentSeq=29190
cyber_violence,사이버폭력 실태조사,2025,2025년 사이버폭력 실태조사,cyber_violence_2025_29190_file1.pdf,529,0,1,폭력,https://www.nia.or.kr/site/nia_kor/ex/bbs/View.do?cbIdx=68302&bcIdx=29190&parentSeq=29190
cyber_violence,사이버폭력 실태조사,2025,2025년 사이버폭력 실태조사,cyber_violence_2025_29190_file1.pdf,530,0,1,폭력,https://www.nia.or.kr/site/nia_kor/ex/bbs/View.do?cbIdx=68302&bcIdx=29190&parentSeq=29190
cyber_violence,사이버폭력 실태조사,2025,2025년 사이버폭력 실태조사,cyber_violence_2025_29190_file1.pdf,531,0,1,폭력,https://www.nia.or.kr/site/nia_kor/ex/bbs/View.do?cbIdx=68302&bcIdx=29190&parentSeq=29190
cyber_violence,사이버폭력 실태조사,2025,2025년 사이버폭력 실태조사,cyber_violence_2025_29190_file1.pdf,532,0,1,폭력,https://www.nia.or.kr/site/nia_kor/ex/bbs/View.do?cbIdx=68302&bcIdx=29190&parentSeq=29190
cyber_violence,사이버폭력 실태조사,2025,2025년 사이버폭력 실태조사,cyber_violence_2025_29190_file1.pdf,533,0,1,폭력,https://www.nia.or.kr/site/nia_kor/ex/bbs/View.do?cbIdx=68302&bcIdx=29190&parentSeq=29190
cyber_violence,사이버폭력 실태조사,2025,2025년 사이버폭력 실태조사,cyber_violence_2025_29190_file1.pdf,534,0,1,폭력,https://www.nia.or.kr/site/nia_kor/ex/bbs/View.do?cbIdx=68302&bcIdx=29190&parentSeq=29190
cyber_violence,사이버폭력 실태조사,2025,2025년 사이버폭력 실태조사,cyber_violence_2025_29190_file1.pdf,535,0,1,폭력,https://www.nia.or.kr/site/nia_kor/ex/bbs/View.do?cbIdx=68302&bcIdx=29190&parentSeq=29190
cyber_violence,사이버폭력 실태조사,2025,2025년 사이버폭력 실태조사,cyber_violence_2025_29190_file1.pdf,536,0,1,폭력,https://www.nia.or.kr/site/nia_kor/ex/bbs/View.do?cbIdx=68302&bcIdx=29190&parentSeq=29190
cyber_violence,사이버폭력 실태조사,2025,2025년 사이버폭력 실태조사,cyber_violence_2025_29190_file1.pdf,537,0,1,폭력,https://www.nia.or.kr/site/nia_kor/ex/bbs/View.do?cbIdx=68302&bcIdx=29190&parentSeq=29190
cyber_violence,사이버폭력 실태조사,2025,2025년 사이버폭력 실태조사,cyber_violence_2025_29190_file1.pdf,538,0,1,폭력,https://www.nia.or.kr/site/nia_kor/ex/bbs/View.do?cbIdx=68302&bcIdx=29190&parentSeq=29190
cyber_violence,사이버폭력 실태조사,2025,2025년 사이버폭력 실태조사,cyber_violence_2025_29190_file1.pdf,539,0,1,폭력,https://www.nia.or.kr/site/nia_kor/ex/bbs/View.do?cbIdx=68302&bcIdx=29190&parentSeq=29190
cyber_violence,사이버폭력 실태조사,2025,2025년 사이버폭력 실태조사,cyber_violence_2025_29190_file1.pdf,540,0,1,폭력,https://www.nia.or.kr/site/nia_kor/ex/bbs/View.do?cbIdx=68302&bcIdx=29190&parentSeq=29190
cyber_violence,사이버폭력 실태조사,2025,2025년 사이버폭력 실태조사,cyber_violence_2025_29190_file1.pdf,541,0,2,스트레스; 폭력,https://www.nia.or.kr/site/nia_kor/ex/bbs/View.do?cbIdx=68302&bcIdx=29190&parentSeq=29190
cyber_violence,사이버폭력 실태조사,2025,2025년 사이버폭력 실태조사,cyber_violence_2025_29190_file1.pdf,542,0,1,폭력,https://www.nia.or.kr/site/nia_kor/ex/bbs/View.do?cbIdx=68302&bcIdx=29190&parentSeq=29190
cyber_violence,사이버폭력 실태조사,2025,2025년 사이버폭력 실태조사,cyber_violence_2025_29190_file1.pdf,543,0,1,폭력,https://www.nia.or.kr/site/nia_kor/ex/bbs/View.do?cbIdx=68302&bcIdx=29190&parentSeq=29190
cyber_violence,사이버폭력 실태조사,2025,2025년 사이버폭력 실태조사,cyber_violence_2025_29190_file1.pdf,544,0,1,폭력,https://www.nia.or.kr/site/nia_kor/ex/bbs/View.do?cbIdx=68302&bcIdx=29190&parentSeq=29190
cyber_violence,사이버폭력 실태조사,2025,2025년 사이버폭력 실태조사,cyber_violence_2025_29190_file1.pdf,545,0,1,폭력,https://www.nia.or.kr/site/nia_kor/ex/bbs/View.do?cbIdx=68302&bcIdx=29190&parentSeq=29190
cyber_violence,사이버폭력 실태조사,2025,2025년 사이버폭력 실태조사,cyber_violence_2025_29190_file1.pdf,546,0,1,폭력,https://www.nia.or.kr/site/nia_kor/ex/bbs/View.do?cbIdx=68302&bcIdx=29190&parentSeq=29190
cyber_violence,사이버폭력 실태조사,2025,2025년 사이버폭력 실태조사,cyber_violence_2025_29190_file1.pdf,547,0,3,피해; 폭력,https://www.nia.or.kr/site/nia_kor/ex/bbs/View.do?cbIdx=68302&bcIdx=29190&parentSeq=29190
cyber_violence,사이버폭력 실태조사,2025,2025년 사이버폭력 실태조사,cyber_violence_2025_29190_file1.pdf,548,0,1,폭력,https://www.nia.or.kr/site/nia_kor/ex/bbs/View.do?cbIdx=68302&bcIdx=29190&parentSeq=29190
cyber_violence,사이버폭력 실태조사,2025,2025년 사이버폭력 실태조사,cyber_violence_2025_29190_file1.pdf,549,3,3,인공지능; AI; 폭력,https://www.nia.or.kr/site/nia_kor/ex/bbs/View.do?cbIdx=68302&bcIdx=29190&parentSeq=29190
cyber_violence,사이버폭력 실태조사,2025,2025년 사이버폭력 실태조사,cyber_violence_2025_29190_file1.pdf,550,4,7,인공지능; AI; 피해; 폭력,https://www.nia.or.kr/site/nia_kor/ex/bbs/View.do?cbIdx=68302&bcIdx=29190&parentSeq=29190
cyber_violence,사이버폭력 실태조사,2025,2025년 사이버폭력 실태조사,cyber_violence_2025_29190_file1.pdf,552,4,2,지능정보; 폭력,https://www.nia.or.kr/site/nia_kor/ex/bbs/View.do?cbIdx=68302&bcIdx=29190&parentSeq=29190
cyber_violence,사이버폭력 실태조사,2024,2024년 사이버폭력 실태조사,cyber_violence_2024_27840_file2.pdf,5,0,24,피해; 폭력,https://www.nia.or.kr/site/nia_kor/ex/bbs/View.do?cbIdx=68302&bcIdx=27840&parentSeq=27840
cyber_violence,사이버폭력 실태조사,2024,2024년 사이버폭력 실태조사,cyber_violence_2024_27840_file2.pdf,6,0,23,상담; 폭력,https://www.nia.or.kr/site/nia_kor/ex/bbs/View.do?cbIdx=68302&bcIdx=27840&parentSeq=27840
cyber_violence,사이버폭력 실태조사,2024,2024년 사이버폭력 실태조사,cyber_violence_2024_27840_file2.pdf,8,0,24,피해; 폭력,https://www.nia.or.kr/site/nia_kor/ex/bbs/View.do?cbIdx=68302&bcIdx=27840&parentSeq=27840
cyber_violence,사이버폭력 실태조사,2024,2024년 사이버폭력 실태조사,cyber_violence_2024_27840_file2.pdf,9,0,21,폭력,https://www.nia.or.kr/site/nia_kor/ex/bbs/View.do?cbIdx=68302&bcIdx=27840&parentSeq=27840
cyber_violence,사이버폭력 실태조사,2024,2024년 사이버폭력 실태조사,cyber_violence_2024_27840_file2.pdf,11,0,43,심리; 피해; 폭력; 도움,https://www.nia.or.kr/site/nia_kor/ex/bbs/View.do?cbIdx=68302&bcIdx=27840&parentSeq=27840
cyber_violence,사이버폭력 실태조사,2024,2024년 사이버폭력 실태조사,cyber_violence_2024_27840_file2.pdf,12,0,18,상담; 피해; 폭력,https://www.nia.or.kr/site/nia_kor/ex/bbs/View.do?cbIdx=68302&bcIdx=27840&parentSeq=27840
cyber_violence,사이버폭력 실태조사,2024,2024년 사이버폭력 실태조사,cyber_violence_2024_27840_file2.pdf,13,0,42,심리; 피해; 폭력; 도움,https://www.nia.or.kr/site/nia_kor/ex/bbs/View.do?cbIdx=68302&bcIdx=27840&parentSeq=27840
cyber_violence,사이버폭력 실태조사,2024,2024년 사이버폭력 실태조사,cyber_violence_2024_27840_file2.pdf,15,0,67,심리; 피해; 폭력; 도움,https://www.nia.or.kr/site/nia_kor/ex/bbs/View.do?cbIdx=68302&bcIdx=27840&parentSeq=27840
cyber_violence,사이버폭력 실태조사,2024,2024년 사이버폭력 실태조사,cyber_violence_2024_27840_file2.pdf,16,0,39,심리; 상담; 피해; 폭력,https://www.nia.or.kr/site/nia_kor/ex/bbs/View.do?cbIdx=68302&bcIdx=27840&parentSeq=27840
cyber_violence,사이버폭력 실태조사,2024,2024년 사이버폭력 실태조사,cyber_violence_2024_27840_file2.pdf,17,0,56,심리; 피해; 폭력; 도움,https://www.nia.or.kr/site/nia_kor/ex/bbs/View.do?cbIdx=68302&bcIdx=27840&parentSeq=27840
cyber_violence,사이버폭력 실태조사,2024,2024년 사이버폭력 실태조사,cyber_violence_2024_27840_file2.pdf,18,0,11,폭력,https://www.nia.or.kr/site/nia_kor/ex/bbs/View.do?cbIdx=68302&bcIdx=27840&parentSeq=27840
cyber_violence,사이버폭력 실태조사,2024,2024년 사이버폭력 실태조사,cyber_violence_2024_27840_file2.pdf,21,0,9,피해; 폭력,https://www.nia.or.kr/site/nia_kor/ex/bbs/View.do?cbIdx=68302&bcIdx=27840&parentSeq=27840
cyber_violence,사이버폭력 실태조사,2024,2024년 사이버폭력 실태조사,cyber_violence_2024_27840_file2.pdf,22,0,6,피해; 폭력,https://www.nia.or.kr/site/nia_kor/ex/bbs/View.do?cbIdx=68302&bcIdx=27840&parentSeq=27840
cyber_violence,사이버폭력 실태조사,2024,2024년 사이버폭력 실태조사,cyber_violence_2024_27840_file2.pdf,23,0,13,스트레스; 우울; 불안; 피해; 폭력,https://www.nia.or.kr/site/nia_kor/ex/bbs/View.do?cbIdx=68302&bcIdx=27840&parentSeq=27840
cyber_violence,사이버폭력 실태조사,2024,2024년 사이버폭력 실태조사,cyber_violence_2024_27840_file2.pdf,24,0,6,폭력,https://www.nia.or.kr/site/nia_kor/ex/bbs/View.do?cbIdx=68302&bcIdx=27840&parentSeq=27840
cyber_violence,사이버폭력 실태조사,2024,2024년 사이버폭력 실태조사,cyber_violence_2024_27840_file2.pdf,27,0,14,피해; 폭력; 도움,https://www.nia.or.kr/site/nia_kor/ex/bbs/View.do?cbIdx=68302&bcIdx=27840&parentSeq=27840
cyber_violence,사이버폭력 실태조사,2024,2024년 사이버폭력 실태조사,cyber_violence_2024_27840_file2.pdf,33,0,14,폭력,https://www.nia.or.kr/site/nia_kor/ex/bbs/View.do?cbIdx=68302&bcIdx=27840&parentSeq=27840
cyber_violence,사이버폭력 실태조사,2024,2024년 사이버폭력 실태조사,cyber_violence_2024_27840_file2.pdf,34,0,10,피해; 폭력,https://www.nia.or.kr/site/nia_kor/ex/bbs/View.do?cbIdx=68302&bcIdx=27840&parentSeq=27840
cyber_violence,사이버폭력 실태조사,2024,2024년 사이버폭력 실태조사,cyber_violence_2024_27840_file2.pdf,35,0,48,심리; 피해; 폭력; 도움,https://www.nia.or.kr/site/nia_kor/ex/bbs/View.do?cbIdx=68302&bcIdx=27840&parentSeq=27840
cyber_violence,사이버폭력 실태조사,2024,2024년 사이버폭력 실태조사,cyber_violence_2024_27840_file2.pdf,36,0,11,상담; 폭력,https://www.nia.or.kr/site/nia_kor/ex/bbs/View.do?cbIdx=68302&bcIdx=27840&parentSeq=27840
cyber_violence,사이버폭력 실태조사,2024,2024년 사이버폭력 실태조사,cyber_violence_2024_27840_file2.pdf,37,2,1,지능정보; 폭력,https://www.nia.or.kr/site/nia_kor/ex/bbs/View.do?cbIdx=68302&bcIdx=27840&parentSeq=27840
cyber_violence,사이버폭력 실태조사,2024,2024년 사이버폭력 실태조사,cyber_violence_2024_27840_file2.pdf,43,0,4,피해; 폭력,https://www.nia.or.kr/site/nia_kor/ex/bbs/View.do?cbIdx=68302&bcIdx=27840&parentSeq=27840
cyber_violence,사이버폭력 실태조사,2024,2024년 사이버폭력 실태조사,cyber_violence_2024_27840_file2.pdf,47,0,1,폭력,https://www.nia.or.kr/site/nia_kor/ex/bbs/View.do?cbIdx=68302&bcIdx=27840&parentSeq=27840
cyber_violence,사이버폭력 실태조사,2024,2024년 사이버폭력 실태조사,cyber_violence_2024_27840_file2.pdf,51,0,21,피해; 폭력,https://www.nia.or.kr/site/nia_kor/ex/bbs/View.do?cbIdx=68302&bcIdx=27840&parentSeq=27840
cyber_violence,사이버폭력 실태조사,2024,2024년 사이버폭력 실태조사,cyber_violence_2024_27840_file2.pdf,52,0,21,피해; 폭력,https://www.nia.or.kr/site/nia_kor/ex/bbs/View.do?cbIdx=68302&bcIdx=27840&parentSeq=27840
cyber_violence,사이버폭력 실태조사,2024,2024년 사이버폭력 실태조사,cyber_violence_2024_27840_file2.pdf,53,0,17,상담; 피해; 폭력,https://www.nia.or.kr/site/nia_kor/ex/bbs/View.do?cbIdx=68302&bcIdx=27840&parentSeq=27840
cyber_violence,사이버폭력 실태조사,2024,2024년 사이버폭력 실태조사,cyber_violence_2024_27840_file2.pdf,54,0,22,심리; 상담; 스트레스; 우울; 자살; 불안; 피해; 폭력; 도움,https://www.nia.or.kr/site/nia_kor/ex/bbs/View.do?cbIdx=68302&bcIdx=27840&parentSeq=27840
cyber_violence,사이버폭력 실태조사,2024,2024년 사이버폭력 실태조사,cyber_violence_2024_27840_file2.pdf,55,0,10,폭력,https://www.nia.or.kr/site/nia_kor/ex/bbs/View.do?cbIdx=68302&bcIdx=27840&parentSeq=27840
cyber_violence,사이버폭력 실태조사,2024,2024년 사이버폭력 실태조사,cyber_violence_2024_27840_file2.pdf,56,0,4,피해; 폭력,https://www.nia.or.kr/site/nia_kor/ex/bbs/View.do?cbIdx=68302&bcIdx=27840&parentSeq=27840
cyber_violence,사이버폭력 실태조사,2024,2024년 사이버폭력 실태조사,cyber_violence_2024_27840_file2.pdf,57,0,6,심리; 스트레스; 폭력,https://www.nia.or.kr/site/nia_kor/ex/bbs/View.do?cbIdx=68302&bcIdx=27840&parentSeq=27840
cyber_violence,사이버폭력 실태조사,2024,2024년 사이버폭력 실태조사,cyber_violence_2024_27840_file2.pdf,58,0,8,피해; 폭력,https://www.nia.or.kr/site/nia_kor/ex/bbs/View.do?cbIdx=68302&bcIdx=27840&parentSeq=27840
cyber_violence,사이버폭력 실태조사,2024,2024년 사이버폭력 실태조사,cyber_violence_2024_27840_file2.pdf,59,0,9,폭력,https://www.nia.or.kr/site/nia_kor/ex/bbs/View.do?cbIdx=68302&bcIdx=27840&parentSeq=27840
cyber_violence,사이버폭력 실태조사,2024,2024년 사이버폭력 실태조사,cyber_violence_2024_27840_file2.pdf,60,0,12,상담; 피해; 폭력; 도움,https://www.nia.or.kr/site/nia_kor/ex/bbs/View.do?cbIdx=68302&bcIdx=27840&parentSeq=27840
cyber_violence,사이버폭력 실태조사,2024,2024년 사이버폭력 실태조사,cyber_violence_2024_27840_file2.pdf,61,0,9,피해; 폭력,https://www.nia.or.kr/site/nia_kor/ex/bbs/View.do?cbIdx=68302&bcIdx=27840&parentSeq=27840
cyber_violence,사이버폭력 실태조사,2024,2024년 사이버폭력 실태조사,cyber_violence_2024_27840_file2.pdf,62,0,14,피해; 폭력; 도움,https://www.nia.or.kr/site/nia_kor/ex/bbs/View.do?cbIdx=68302&bcIdx=27840&parentSeq=27840
cyber_violence,사이버폭력 실태조사,2024,2024년 사이버폭력 실태조사,cyber_violence_2024_27840_file2.pdf,64,0,12,상담; 피해; 폭력,https://www.nia.or.kr/site/nia_kor/ex/bbs/View.do?cbIdx=68302&bcIdx=27840&parentSeq=27840
cyber_violence,사이버폭력 실태조사,2024,2024년 사이버폭력 실태조사,cyber_violence_2024_27840_file2.pdf,65,0,6,피해,https://www.nia.or.kr/site/nia_kor/ex/bbs/View.do?cbIdx=68302&bcIdx=27840&parentSeq=27840
cyber_violence,사이버폭력 실태조사,2024,2024년 사이버폭력 실태조사,cyber_violence_2024_27840_file2.pdf,69,0,21,피해; 폭력,https://www.nia.or.kr/site/nia_kor/ex/bbs/View.do?cbIdx=68302&bcIdx=27840&parentSeq=27840
cyber_violence,사이버폭력 실태조사,2024,2024년 사이버폭력 실태조사,cyber_violence_2024_27840_file2.pdf,70,0,15,피해; 폭력,https://www.nia.or.kr/site/nia_kor/ex/bbs/View.do?cbIdx=68302&bcIdx=27840&parentSeq=27840
cyber_violence,사이버폭력 실태조사,2024,2024년 사이버폭력 실태조사,cyber_violence_2024_27840_file2.pdf,71,0,17,피해; 폭력,https://www.nia.or.kr/site/nia_kor/ex/bbs/View.do?cbIdx=68302&bcIdx=27840&parentSeq=27840
cyber_violence,사이버폭력 실태조사,2024,2024년 사이버폭력 실태조사,cyber_violence_2024_27840_file2.pdf,72,0,13,피해; 폭력,https://www.nia.or.kr/site/nia_kor/ex/bbs/View.do?cbIdx=68302&bcIdx=27840&parentSeq=27840
cyber_violence,사이버폭력 실태조사,2024,2024년 사이버폭력 실태조사,cyber_violence_2024_27840_file2.pdf,73,0,6,피해; 폭력,https://www.nia.or.kr/site/nia_kor/ex/bbs/View.do?cbIdx=68302&bcIdx=27840&parentSeq=27840
cyber_violence,사이버폭력 실태조사,2024,2024년 사이버폭력 실태조사,cyber_violence_2024_27840_file2.pdf,74,0,8,피해; 폭력,https://www.nia.or.kr/site/nia_kor/ex/bbs/View.do?cbIdx=68302&bcIdx=27840&parentSeq=27840
cyber_violence,사이버폭력 실태조사,2024,2024년 사이버폭력 실태조사,cyber_violence_2024_27840_file2.pdf,75,0,11,피해; 폭력,https://www.nia.or.kr/site/nia_kor/ex/bbs/View.do?cbIdx=68302&bcIdx=27840&parentSeq=27840
cyber_violence,사이버폭력 실태조사,2024,2024년 사이버폭력 실태조사,cyber_violence_2024_27840_file2.pdf,76,0,11,피해; 폭력,https://www.nia.or.kr/site/nia_kor/ex/bbs/View.do?cbIdx=68302&bcIdx=27840&parentSeq=27840
cyber_violence,사이버폭력 실태조사,2024,2024년 사이버폭력 실태조사,cyber_violence_2024_27840_file2.pdf,77,0,11,피해; 폭력,https://www.nia.or.kr/site/nia_kor/ex/bbs/View.do?cbIdx=68302&bcIdx=27840&parentSeq=27840
cyber_violence,사이버폭력 실태조사,2024,2024년 사이버폭력 실태조사,cyber_violence_2024_27840_file2.pdf,78,0,29,심리; 스트레스; 우울; 자살; 불안; 피해; 폭력,https://www.nia.or.kr/site/nia_kor/ex/bbs/View.do?cbIdx=68302&bcIdx=27840&parentSeq=27840
cyber_violence,사이버폭력 실태조사,2024,2024년 사이버폭력 실태조사,cyber_violence_2024_27840_file2.pdf,79,0,19,상담; 피해; 폭력; 도움,https://www.nia.or.kr/site/nia_kor/ex/bbs/View.do?cbIdx=68302&bcIdx=27840&parentSeq=27840
cyber_violence,사이버폭력 실태조사,2024,2024년 사이버폭력 실태조사,cyber_violence_2024_27840_file2.pdf,80,0,16,피해; 폭력; 도움,https://www.nia.or.kr/site/nia_kor/ex/bbs/View.do?cbIdx=68302&bcIdx=27840&parentSeq=27840
cyber_violence,사이버폭력 실태조사,2024,2024년 사이버폭력 실태조사,cyber_violence_2024_27840_file2.pdf,81,0,26,상담; 피해; 폭력; 도움,https://www.nia.or.kr/site/nia_kor/ex/bbs/View.do?cbIdx=68302&bcIdx=27840&parentSeq=27840
cyber_violence,사이버폭력 실태조사,2024,2024년 사이버폭력 실태조사,cyber_violence_2024_27840_file2.pdf,82,0,15,상담; 피해; 폭력,https://www.nia.or.kr/site/nia_kor/ex/bbs/View.do?cbIdx=68302&bcIdx=27840&parentSeq=27840
cyber_violence,사이버폭력 실태조사,2024,2024년 사이버폭력 실태조사,cyber_violence_2024_27840_file2.pdf,83,0,11,폭력,https://www.nia.or.kr/site/nia_kor/ex/bbs/View.do?cbIdx=68302&bcIdx=27840&parentSeq=27840
cyber_violence,사이버폭력 실태조사,2024,2024년 사이버폭력 실태조사,cyber_violence_2024_27840_file2.pdf,84,0,7,폭력,https://www.nia.or.kr/site/nia_kor/ex/bbs/View.do?cbIdx=68302&bcIdx=27840&parentSeq=27840
cyber_violence,사이버폭력 실태조사,2024,2024년 사이버폭력 실태조사,cyber_violence_2024_27840_file2.pdf,85,0,12,폭력,https://www.nia.or.kr/site/nia_kor/ex/bbs/View.do?cbIdx=68302&bcIdx=27840&parentSeq=27840
cyber_violence,사이버폭력 실태조사,2024,2024년 사이버폭력 실태조사,cyber_violence_2024_27840_file2.pdf,86,0,6,폭력,https://www.nia.or.kr/site/nia_kor/ex/bbs/View.do?cbIdx=68302&bcIdx=27840&parentSeq=27840
cyber_violence,사이버폭력 실태조사,2024,2024년 사이버폭력 실태조사,cyber_violence_2024_27840_file2.pdf,87,0,5,폭력,https://www.nia.or.kr/site/nia_kor/ex/bbs/View.do?cbIdx=68302&bcIdx=27840&parentSeq=27840
cyber_violence,사이버폭력 실태조사,2024,2024년 사이버폭력 실태조사,cyber_violence_2024_27840_file2.pdf,88,0,5,폭력,https://www.nia.or.kr/site/nia_kor/ex/bbs/View.do?cbIdx=68302&bcIdx=27840&parentSeq=27840
cyber_violence,사이버폭력 실태조사,2024,2024년 사이버폭력 실태조사,cyber_violence_2024_27840_file2.pdf,89,0,6,폭력,https://www.nia.or.kr/site/nia_kor/ex/bbs/View.do?cbIdx=68302&bcIdx=27840&parentSeq=27840
cyber_violence,사이버폭력 실태조사,2024,2024년 사이버폭력 실태조사,cyber_violence_2024_27840_file2.pdf,90,0,10,스트레스; 폭력,https://www.nia.or.kr/site/nia_kor/ex/bbs/View.do?cbIdx=68302&bcIdx=27840&parentSeq=27840
cyber_violence,사이버폭력 실태조사,2024,2024년 사이버폭력 실태조사,cyber_violence_2024_27840_file2.pdf,91,0,8,심리; 폭력,https://www.nia.or.kr/site/nia_kor/ex/bbs/View.do?cbIdx=68302&bcIdx=27840&parentSeq=27840
cyber_violence,사이버폭력 실태조사,2024,2024년 사이버폭력 실태조사,cyber_violence_2024_27840_file2.pdf,92,0,9,피해; 폭력,https://www.nia.or.kr/site/nia_kor/ex/bbs/View.do?cbIdx=68302&bcIdx=27840&parentSeq=27840
cyber_violence,사이버폭력 실태조사,2024,2024년 사이버폭력 실태조사,cyber_violence_2024_27840_file2.pdf,93,0,4,폭력,https://www.nia.or.kr/site/nia_kor/ex/bbs/View.do?cbIdx=68302&bcIdx=27840&parentSeq=27840
cyber_violence,사이버폭력 실태조사,2024,2024년 사이버폭력 실태조사,cyber_violence_2024_27840_file2.pdf,94,0,20,피해; 폭력,https://www.nia.or.kr/site/nia_kor/ex/bbs/View.do?cbIdx=68302&bcIdx=27840&parentSeq=27840
cyber_violence,사이버폭력 실태조사,2024,2024년 사이버폭력 실태조사,cyber_violence_2024_27840_file2.pdf,95,0,11,피해; 폭력,https://www.nia.or.kr/site/nia_kor/ex/bbs/View.do?cbIdx=68302&bcIdx=27840&parentSeq=27840
cyber_violence,사이버폭력 실태조사,2024,2024년 사이버폭력 실태조사,cyber_violence_2024_27840_file2.pdf,96,0,9,피해; 폭력,https://www.nia.or.kr/site/nia_kor/ex/bbs/View.do?cbIdx=68302&bcIdx=27840&parentSeq=27840
cyber_violence,사이버폭력 실태조사,2024,2024년 사이버폭력 실태조사,cyber_violence_2024_27840_file2.pdf,97,0,19,상담; 피해; 폭력; 도움,https://www.nia.or.kr/site/nia_kor/ex/bbs/View.do?cbIdx=68302&bcIdx=27840&parentSeq=27840
cyber_violence,사이버폭력 실태조사,2024,2024년 사이버폭력 실태조사,cyber_violence_2024_27840_file2.pdf,98,0,12,피해; 폭력,https://www.nia.or.kr/site/nia_kor/ex/bbs/View.do?cbIdx=68302&bcIdx=27840&parentSeq=27840
cyber_violence,사이버폭력 실태조사,2024,2024년 사이버폭력 실태조사,cyber_violence_2024_27840_file2.pdf,99,0,9,피해; 폭력,https://www.nia.or.kr/site/nia_kor/ex/bbs/View.do?cbIdx=68302&bcIdx=27840&parentSeq=27840
cyber_violence,사이버폭력 실태조사,2024,2024년 사이버폭력 실태조사,cyber_violence_2024_27840_file2.pdf,100,0,11,피해; 폭력,https://www.nia.or.kr/site/nia_kor/ex/bbs/View.do?cbIdx=68302&bcIdx=27840&parentSeq=27840
cyber_violence,사이버폭력 실태조사,2024,2024년 사이버폭력 실태조사,cyber_violence_2024_27840_file2.pdf,101,0,10,피해; 폭력,https://www.nia.or.kr/site/nia_kor/ex/bbs/View.do?cbIdx=68302&bcIdx=27840&parentSeq=27840
cyber_violence,사이버폭력 실태조사,2024,2024년 사이버폭력 실태조사,cyber_violence_2024_27840_file2.pdf,102,0,24,피해; 폭력; 도움,https://www.nia.or.kr/site/nia_kor/ex/bbs/View.do?cbIdx=68302&bcIdx=27840&parentSeq=27840
cyber_violence,사이버폭력 실태조사,2024,2024년 사이버폭력 실태조사,cyber_violence_2024_27840_file2.pdf,103,0,11,피해; 폭력,https://www.nia.or.kr/site/nia_kor/ex/bbs/View.do?cbIdx=68302&bcIdx=27840&parentSeq=27840
cyber_violence,사이버폭력 실태조사,2024,2024년 사이버폭력 실태조사,cyber_violence_2024_27840_file2.pdf,104,0,21,상담; 피해; 폭력,https://www.nia.or.kr/site/nia_kor/ex/bbs/View.do?cbIdx=68302&bcIdx=27840&parentSeq=27840
cyber_violence,사이버폭력 실태조사,2024,2024년 사이버폭력 실태조사,cyber_violence_2024_27840_file2.pdf,105,0,8,피해; 폭력,https://www.nia.or.kr/site/nia_kor/ex/bbs/View.do?cbIdx=68302&bcIdx=27840&parentSeq=27840
cyber_violence,사이버폭력 실태조사,2024,2024년 사이버폭력 실태조사,cyber_violence_2024_27840_file2.pdf,106,0,10,피해; 폭력,https://www.nia.or.kr/site/nia_kor/ex/bbs/View.do?cbIdx=68302&bcIdx=27840&parentSeq=27840
cyber_violence,사이버폭력 실태조사,2024,2024년 사이버폭력 실태조사,cyber_violence_2024_27840_file2.pdf,107,0,2,피해,https://www.nia.or.kr/site/nia_kor/ex/bbs/View.do?cbIdx=68302&bcIdx=27840&parentSeq=27840
cyber_violence,사이버폭력 실태조사,2024,2024년 사이버폭력 실태조사,cyber_violence_2024_27840_file2.pdf,108,0,2,피해,https://www.nia.or.kr/site/nia_kor/ex/bbs/View.do?cbIdx=68302&bcIdx=27840&parentSeq=27840
cyber_violence,사이버폭력 실태조사,2024,2024년 사이버폭력 실태조사,cyber_violence_2024_27840_file2.pdf,110,0,2,피해,https://www.nia.or.kr/site/nia_kor/ex/bbs/View.do?cbIdx=68302&bcIdx=27840&parentSeq=27840
cyber_violence,사이버폭력 실태조사,2024,2024년 사이버폭력 실태조사,cyber_violence_2024_27840_file2.pdf,111,0,2,피해,https://www.nia.or.kr/site/nia_kor/ex/bbs/View.do?cbIdx=68302&bcIdx=27840&parentSeq=27840
cyber_violence,사이버폭력 실태조사,2024,2024년 사이버폭력 실태조사,cyber_violence_2024_27840_file2.pdf,113,0,3,피해,https://www.nia.or.kr/site/nia_kor/ex/bbs/View.do?cbIdx=68302&bcIdx=27840&parentSeq=27840
cyber_violence,사이버폭력 실태조사,2024,2024년 사이버폭력 실태조사,cyber_violence_2024_27840_file2.pdf,114,0,2,피해,https://www.nia.or.kr/site/nia_kor/ex/bbs/View.do?cbIdx=68302&bcIdx=27840&parentSeq=27840
cyber_violence,사이버폭력 실태조사,2024,2024년 사이버폭력 실태조사,cyber_violence_2024_27840_file2.pdf,115,0,2,피해,https://www.nia.or.kr/site/nia_kor/ex/bbs/View.do?cbIdx=68302&bcIdx=27840&parentSeq=27840
cyber_violence,사이버폭력 실태조사,2024,2024년 사이버폭력 실태조사,cyber_violence_2024_27840_file2.pdf,116,0,13,피해; 폭력,https://www.nia.or.kr/site/nia_kor/ex/bbs/View.do?cbIdx=68302&bcIdx=27840&parentSeq=27840
cyber_violence,사이버폭력 실태조사,2024,2024년 사이버폭력 실태조사,cyber_violence_2024_27840_file2.pdf,117,0,1,피해,https://www.nia.or.kr/site/nia_kor/ex/bbs/View.do?cbIdx=68302&bcIdx=27840&parentSeq=27840
cyber_violence,사이버폭력 실태조사,2024,2024년 사이버폭력 실태조사,cyber_violence_2024_27840_file2.pdf,118,0,2,피해,https://www.nia.or.kr/site/nia_kor/ex/bbs/View.do?cbIdx=68302&bcIdx=27840&parentSeq=27840
cyber_violence,사이버폭력 실태조사,2024,2024년 사이버폭력 실태조사,cyber_violence_2024_27840_file2.pdf,119,0,5,피해; 폭력,https://www.nia.or.kr/site/nia_kor/ex/bbs/View.do?cbIdx=68302&bcIdx=27840&parentSeq=27840
cyber_violence,사이버폭력 실태조사,2024,2024년 사이버폭력 실태조사,cyber_violence_2024_27840_file2.pdf,120,0,3,폭력,https://www.nia.or.kr/site/nia_kor/ex/bbs/View.do?cbIdx=68302&bcIdx=27840&parentSeq=27840
cyber_violence,사이버폭력 실태조사,2024,2024년 사이버폭력 실태조사,cyber_violence_2024_27840_file2.pdf,121,0,2,피해,https://www.nia.or.kr/site/nia_kor/ex/bbs/View.do?cbIdx=68302&bcIdx=27840&parentSeq=27840
cyber_violence,사이버폭력 실태조사,2024,2024년 사이버폭력 실태조사,cyber_violence_2024_27840_file2.pdf,127,0,14,폭력,https://www.nia.or.kr/site/nia_kor/ex/bbs/View.do?cbIdx=68302&bcIdx=27840&parentSeq=27840
cyber_violence,사이버폭력 실태조사,2024,2024년 사이버폭력 실태조사,cyber_violence_2024_27840_file2.pdf,128,0,10,피해; 폭력,https://www.nia.or.kr/site/nia_kor/ex/bbs/View.do?cbIdx=68302&bcIdx=27840&parentSeq=27840
cyber_violence,사이버폭력 실태조사,2024,2024년 사이버폭력 실태조사,cyber_violence_2024_27840_file2.pdf,129,0,47,심리; 피해; 폭력; 도움,https://www.nia.or.kr/site/nia_kor/ex/bbs/View.do?cbIdx=68302&bcIdx=27840&parentSeq=27840
cyber_violence,사이버폭력 실태조사,2024,2024년 사이버폭력 실태조사,cyber_violence_2024_27840_file2.pdf,130,0,9,폭력,https://www.nia.or.kr/site/nia_kor/ex/bbs/View.do?cbIdx=68302&bcIdx=27840&parentSeq=27840
cyber_violence,사이버폭력 실태조사,2024,2024년 사이버폭력 실태조사,cyber_violence_2024_27840_file2.pdf,131,2,1,지능정보; 폭력,https://www.nia.or.kr/site/nia_kor/ex/bbs/View.do?cbIdx=68302&bcIdx=27840&parentSeq=27840
cyber_violence,사이버폭력 실태조사,2024,2024년 사이버폭력 실태조사,cyber_violence_2024_27840_file2.pdf,137,0,4,피해; 폭력,https://www.nia.or.kr/site/nia_kor/ex/bbs/View.do?cbIdx=68302&bcIdx=27840&parentSeq=27840
cyber_violence,사이버폭력 실태조사,2024,2024년 사이버폭력 실태조사,cyber_violence_2024_27840_file2.pdf,141,0,1,폭력,https://www.nia.or.kr/site/nia_kor/ex/bbs/View.do?cbIdx=68302&bcIdx=27840&parentSeq=27840
cyber_violence,사이버폭력 실태조사,2024,2024년 사이버폭력 실태조사,cyber_violence_2024_27840_file2.pdf,145,0,22,피해; 폭력,https://www.nia.or.kr/site/nia_kor/ex/bbs/View.do?cbIdx=68302&bcIdx=27840&parentSeq=27840
cyber_violence,사이버폭력 실태조사,2024,2024년 사이버폭력 실태조사,cyber_violence_2024_27840_file2.pdf,146,0,19,피해; 폭력,https://www.nia.or.kr/site/nia_kor/ex/bbs/View.do?cbIdx=68302&bcIdx=27840&parentSeq=27840
cyber_violence,사이버폭력 실태조사,2024,2024년 사이버폭력 실태조사,cyber_violence_2024_27840_file2.pdf,147,0,18,상담; 피해; 폭력,https://www.nia.or.kr/site/nia_kor/ex/bbs/View.do?cbIdx=68302&bcIdx=27840&parentSeq=27840
cyber_violence,사이버폭력 실태조사,2024,2024년 사이버폭력 실태조사,cyber_violence_2024_27840_file2.pdf,148,0,18,심리; 상담; 스트레스; 우울; 자살; 불안; 피해; 폭력; 도움,https://www.nia.or.kr/site/nia_kor/ex/bbs/View.do?cbIdx=68302&bcIdx=27840&parentSeq=27840
cyber_violence,사이버폭력 실태조사,2024,2024년 사이버폭력 실태조사,cyber_violence_2024_27840_file2.pdf,149,0,10,폭력,https://www.nia.or.kr/site/nia_kor/ex/bbs/View.do?cbIdx=68302&bcIdx=27840&parentSeq=27840
cyber_violence,사이버폭력 실태조사,2024,2024년 사이버폭력 실태조사,cyber_violence_2024_27840_file2.pdf,150,0,4,피해; 폭력,https://www.nia.or.kr/site/nia_kor/ex/bbs/View.do?cbIdx=68302&bcIdx=27840&parentSeq=27840
cyber_violence,사이버폭력 실태조사,2024,2024년 사이버폭력 실태조사,cyber_violence_2024_27840_file2.pdf,151,0,6,심리; 스트레스; 폭력,https://www.nia.or.kr/site/nia_kor/ex/bbs/View.do?cbIdx=68302&bcIdx=27840&parentSeq=27840
cyber_violence,사이버폭력 실태조사,2024,2024년 사이버폭력 실태조사,cyber_violence_2024_27840_file2.pdf,152,0,8,피해; 폭력,https://www.nia.or.kr/site/nia_kor/ex/bbs/View.do?cbIdx=68302&bcIdx=27840&parentSeq=27840
cyber_violence,사이버폭력 실태조사,2024,2024년 사이버폭력 실태조사,cyber_violence_2024_27840_file2.pdf,153,0,10,폭력,https://www.nia.or.kr/site/nia_kor/ex/bbs/View.do?cbIdx=68302&bcIdx=27840&parentSeq=27840
cyber_violence,사이버폭력 실태조사,2024,2024년 사이버폭력 실태조사,cyber_violence_2024_27840_file2.pdf,154,0,11,상담; 피해; 폭력; 도움,https://www.nia.or.kr/site/nia_kor/ex/bbs/View.do?cbIdx=68302&bcIdx=27840&parentSeq=27840
cyber_violence,사이버폭력 실태조사,2024,2024년 사이버폭력 실태조사,cyber_violence_2024_27840_file2.pdf,155,0,9,피해; 폭력,https://www.nia.or.kr/site/nia_kor/ex/bbs/View.do?cbIdx=68302&bcIdx=27840&parentSeq=27840
cyber_violence,사이버폭력 실태조사,2024,2024년 사이버폭력 실태조사,cyber_violence_2024_27840_file2.pdf,156,0,16,피해; 폭력; 도움,https://www.nia.or.kr/site/nia_kor/ex/bbs/View.do?cbIdx=68302&bcIdx=27840&parentSeq=27840
cyber_violence,사이버폭력 실태조사,2024,2024년 사이버폭력 실태조사,cyber_violence_2024_27840_file2.pdf,158,0,7,피해,https://www.nia.or.kr/site/nia_kor/ex/bbs/View.do?cbIdx=68302&bcIdx=27840&parentSeq=27840
cyber_violence,사이버폭력 실태조사,2024,2024년 사이버폭력 실태조사,cyber_violence_2024_27840_file2.pdf,159,0,7,피해,https://www.nia.or.kr/site/nia_kor/ex/bbs/View.do?cbIdx=68302&bcIdx=27840&parentSeq=27840
cyber_violence,사이버폭력 실태조사,2024,2024년 사이버폭력 실태조사,cyber_violence_2024_27840_file2.pdf,163,0,22,피해; 폭력,https://www.nia.or.kr/site/nia_kor/ex/bbs/View.do?cbIdx=68302&bcIdx=27840&parentSeq=27840
cyber_violence,사이버폭력 실태조사,2024,2024년 사이버폭력 실태조사,cyber_violence_2024_27840_file2.pdf,164,0,15,피해; 폭력,https://www.nia.or.kr/site/nia_kor/ex/bbs/View.do?cbIdx=68302&bcIdx=27840&parentSeq=27840
cyber_violence,사이버폭력 실태조사,2024,2024년 사이버폭력 실태조사,cyber_violence_2024_27840_file2.pdf,165,0,17,피해; 폭력,https://www.nia.or.kr/site/nia_kor/ex/bbs/View.do?cbIdx=68302&bcIdx=27840&parentSeq=27840
cyber_violence,사이버폭력 실태조사,2024,2024년 사이버폭력 실태조사,cyber_violence_2024_27840_file2.pdf,166,0,11,피해; 폭력,https://www.nia.or.kr/site/nia_kor/ex/bbs/View.do?cbIdx=68302&bcIdx=27840&parentSeq=27840
cyber_violence,사이버폭력 실태조사,2024,2024년 사이버폭력 실태조사,cyber_violence_2024_27840_file2.pdf,167,0,9,피해; 폭력,https://www.nia.or.kr/site/nia_kor/ex/bbs/View.do?cbIdx=68302&bcIdx=27840&parentSeq=27840
cyber_violence,사이버폭력 실태조사,2024,2024년 사이버폭력 실태조사,cyber_violence_2024_27840_file2.pdf,168,0,11,피해; 폭력,https://www.nia.or.kr/site/nia_kor/ex/bbs/View.do?cbIdx=68302&bcIdx=27840&parentSeq=27840
cyber_violence,사이버폭력 실태조사,2024,2024년 사이버폭력 실태조사,cyber_violence_2024_27840_file2.pdf,169,0,11,피해; 폭력,https://www.nia.or.kr/site/nia_kor/ex/bbs/View.do?cbIdx=68302&bcIdx=27840&parentSeq=27840
cyber_violence,사이버폭력 실태조사,2024,2024년 사이버폭력 실태조사,cyber_violence_2024_27840_file2.pdf,170,0,11,피해; 폭력,https://www.nia.or.kr/site/nia_kor/ex/bbs/View.do?cbIdx=68302&bcIdx=27840&parentSeq=27840
cyber_violence,사이버폭력 실태조사,2024,2024년 사이버폭력 실태조사,cyber_violence_2024_27840_file2.pdf,171,0,29,심리; 스트레스; 우울; 자살; 불안; 피해; 폭력,https://www.nia.or.kr/site/nia_kor/ex/bbs/View.do?cbIdx=68302&bcIdx=27840&parentSeq=27840
cyber_violence,사이버폭력 실태조사,2024,2024년 사이버폭력 실태조사,cyber_violence_2024_27840_file2.pdf,172,0,19,상담; 피해; 폭력; 도움,https://www.nia.or.kr/site/nia_kor/ex/bbs/View.do?cbIdx=68302&bcIdx=27840&parentSeq=27840
cyber_violence,사이버폭력 실태조사,2024,2024년 사이버폭력 실태조사,cyber_violence_2024_27840_file2.pdf,173,0,17,피해; 폭력; 도움,https://www.nia.or.kr/site/nia_kor/ex/bbs/View.do?cbIdx=68302&bcIdx=27840&parentSeq=27840
cyber_violence,사이버폭력 실태조사,2024,2024년 사이버폭력 실태조사,cyber_violence_2024_27840_file2.pdf,174,0,27,상담; 피해; 폭력; 도움,https://www.nia.or.kr/site/nia_kor/ex/bbs/View.do?cbIdx=68302&bcIdx=27840&parentSeq=27840
cyber_violence,사이버폭력 실태조사,2024,2024년 사이버폭력 실태조사,cyber_violence_2024_27840_file2.pdf,175,0,16,상담; 피해; 폭력,https://www.nia.or.kr/site/nia_kor/ex/bbs/View.do?cbIdx=68302&bcIdx=27840&parentSeq=27840
cyber_violence,사이버폭력 실태조사,2024,2024년 사이버폭력 실태조사,cyber_violence_2024_27840_file2.pdf,176,0,12,폭력,https://www.nia.or.kr/site/nia_kor/ex/bbs/View.do?cbIdx=68302&bcIdx=27840&parentSeq=27840
cyber_violence,사이버폭력 실태조사,2024,2024년 사이버폭력 실태조사,cyber_violence_2024_27840_file2.pdf,177,0,6,폭력,https://www.nia.or.kr/site/nia_kor/ex/bbs/View.do?cbIdx=68302&bcIdx=27840&parentSeq=27840
cyber_violence,사이버폭력 실태조사,2024,2024년 사이버폭력 실태조사,cyber_violence_2024_27840_file2.pdf,178,0,11,폭력,https://www.nia.or.kr/site/nia_kor/ex/bbs/View.do?cbIdx=68302&bcIdx=27840&parentSeq=27840
cyber_violence,사이버폭력 실태조사,2024,2024년 사이버폭력 실태조사,cyber_violence_2024_27840_file2.pdf,179,0,6,폭력,https://www.nia.or.kr/site/nia_kor/ex/bbs/View.do?cbIdx=68302&bcIdx=27840&parentSeq=27840
cyber_violence,사이버폭력 실태조사,2024,2024년 사이버폭력 실태조사,cyber_violence_2024_27840_file2.pdf,180,0,5,폭력,https://www.nia.or.kr/site/nia_kor/ex/bbs/View.do?cbIdx=68302&bcIdx=27840&parentSeq=27840
cyber_violence,사이버폭력 실태조사,2024,2024년 사이버폭력 실태조사,cyber_violence_2024_27840_file2.pdf,181,0,5,폭력,https://www.nia.or.kr/site/nia_kor/ex/bbs/View.do?cbIdx=68302&bcIdx=27840&parentSeq=27840
cyber_violence,사이버폭력 실태조사,2024,2024년 사이버폭력 실태조사,cyber_violence_2024_27840_file2.pdf,182,0,6,폭력,https://www.nia.or.kr/site/nia_kor/ex/bbs/View.do?cbIdx=68302&bcIdx=27840&parentSeq=27840
cyber_violence,사이버폭력 실태조사,2024,2024년 사이버폭력 실태조사,cyber_violence_2024_27840_file2.pdf,183,0,9,스트레스; 폭력,https://www.nia.or.kr/site/nia_kor/ex/bbs/View.do?cbIdx=68302&bcIdx=27840&parentSeq=27840
cyber_violence,사이버폭력 실태조사,2024,2024년 사이버폭력 실태조사,cyber_violence_2024_27840_file2.pdf,184,0,8,심리; 폭력,https://www.nia.or.kr/site/nia_kor/ex/bbs/View.do?cbIdx=68302&bcIdx=27840&parentSeq=27840
cyber_violence,사이버폭력 실태조사,2024,2024년 사이버폭력 실태조사,cyber_violence_2024_27840_file2.pdf,185,0,9,피해; 폭력,https://www.nia.or.kr/site/nia_kor/ex/bbs/View.do?cbIdx=68302&bcIdx=27840&parentSeq=27840
cyber_violence,사이버폭력 실태조사,2024,2024년 사이버폭력 실태조사,cyber_violence_2024_27840_file2.pdf,186,0,4,폭력,https://www.nia.or.kr/site/nia_kor/ex/bbs/View.do?cbIdx=68302&bcIdx=27840&parentSeq=27840
cyber_violence,사이버폭력 실태조사,2024,2024년 사이버폭력 실태조사,cyber_violence_2024_27840_file2.pdf,187,0,19,피해; 폭력,https://www.nia.or.kr/site/nia_kor/ex/bbs/View.do?cbIdx=68302&bcIdx=27840&parentSeq=27840
cyber_violence,사이버폭력 실태조사,2024,2024년 사이버폭력 실태조사,cyber_violence_2024_27840_file2.pdf,188,0,12,피해; 폭력,https://www.nia.or.kr/site/nia_kor/ex/bbs/View.do?cbIdx=68302&bcIdx=27840&parentSeq=27840
cyber_violence,사이버폭력 실태조사,2024,2024년 사이버폭력 실태조사,cyber_violence_2024_27840_file2.pdf,189,0,9,피해; 폭력,https://www.nia.or.kr/site/nia_kor/ex/bbs/View.do?cbIdx=68302&bcIdx=27840&parentSeq=27840
cyber_violence,사이버폭력 실태조사,2024,2024년 사이버폭력 실태조사,cyber_violence_2024_27840_file2.pdf,190,0,20,상담; 피해; 폭력; 도움,https://www.nia.or.kr/site/nia_kor/ex/bbs/View.do?cbIdx=68302&bcIdx=27840&parentSeq=27840
cyber_violence,사이버폭력 실태조사,2024,2024년 사이버폭력 실태조사,cyber_violence_2024_27840_file2.pdf,191,0,13,피해; 폭력,https://www.nia.or.kr/site/nia_kor/ex/bbs/View.do?cbIdx=68302&bcIdx=27840&parentSeq=27840
cyber_violence,사이버폭력 실태조사,2024,2024년 사이버폭력 실태조사,cyber_violence_2024_27840_file2.pdf,192,0,11,피해; 폭력,https://www.nia.or.kr/site/nia_kor/ex/bbs/View.do?cbIdx=68302&bcIdx=27840&parentSeq=27840
cyber_violence,사이버폭력 실태조사,2024,2024년 사이버폭력 실태조사,cyber_violence_2024_27840_file2.pdf,193,0,11,피해; 폭력,https://www.nia.or.kr/site/nia_kor/ex/bbs/View.do?cbIdx=68302&bcIdx=27840&parentSeq=27840
cyber_violence,사이버폭력 실태조사,2024,2024년 사이버폭력 실태조사,cyber_violence_2024_27840_file2.pdf,194,0,12,피해; 폭력,https://www.nia.or.kr/site/nia_kor/ex/bbs/View.do?cbIdx=68302&bcIdx=27840&parentSeq=27840
cyber_violence,사이버폭력 실태조사,2024,2024년 사이버폭력 실태조사,cyber_violence_2024_27840_file2.pdf,195,0,24,피해; 폭력; 도움,https://www.nia.or.kr/site/nia_kor/ex/bbs/View.do?cbIdx=68302&bcIdx=27840&parentSeq=27840
cyber_violence,사이버폭력 실태조사,2024,2024년 사이버폭력 실태조사,cyber_violence_2024_27840_file2.pdf,196,0,11,피해; 폭력,https://www.nia.or.kr/site/nia_kor/ex/bbs/View.do?cbIdx=68302&bcIdx=27840&parentSeq=27840
cyber_violence,사이버폭력 실태조사,2024,2024년 사이버폭력 실태조사,cyber_violence_2024_27840_file2.pdf,197,0,7,피해; 폭력,https://www.nia.or.kr/site/nia_kor/ex/bbs/View.do?cbIdx=68302&bcIdx=27840&parentSeq=27840
cyber_violence,사이버폭력 실태조사,2024,2024년 사이버폭력 실태조사,cyber_violence_2024_27840_file2.pdf,198,0,10,피해; 폭력,https://www.nia.or.kr/site/nia_kor/ex/bbs/View.do?cbIdx=68302&bcIdx=27840&parentSeq=27840
cyber_violence,사이버폭력 실태조사,2024,2024년 사이버폭력 실태조사,cyber_violence_2024_27840_file2.pdf,199,0,2,피해,https://www.nia.or.kr/site/nia_kor/ex/bbs/View.do?cbIdx=68302&bcIdx=27840&parentSeq=27840
cyber_violence,사이버폭력 실태조사,2024,2024년 사이버폭력 실태조사,cyber_violence_2024_27840_file2.pdf,200,0,3,피해,https://www.nia.or.kr/site/nia_kor/ex/bbs/View.do?cbIdx=68302&bcIdx=27840&parentSeq=27840
cyber_violence,사이버폭력 실태조사,2024,2024년 사이버폭력 실태조사,cyber_violence_2024_27840_file2.pdf,202,0,2,피해,https://www.nia.or.kr/site/nia_kor/ex/bbs/View.do?cbIdx=68302&bcIdx=27840&parentSeq=27840
cyber_violence,사이버폭력 실태조사,2024,2024년 사이버폭력 실태조사,cyber_violence_2024_27840_file2.pdf,203,0,3,피해,https://www.nia.or.kr/site/nia_kor/ex/bbs/View.do?cbIdx=68302&bcIdx=27840&parentSeq=27840
cyber_violence,사이버폭력 실태조사,2024,2024년 사이버폭력 실태조사,cyber_violence_2024_27840_file2.pdf,205,0,2,피해,https://www.nia.or.kr/site/nia_kor/ex/bbs/View.do?cbIdx=68302&bcIdx=27840&parentSeq=27840
cyber_violence,사이버폭력 실태조사,2024,2024년 사이버폭력 실태조사,cyber_violence_2024_27840_file2.pdf,206,0,4,피해; 폭력,https://www.nia.or.kr/site/nia_kor/ex/bbs/View.do?cbIdx=68302&bcIdx=27840&parentSeq=27840
cyber_violence,사이버폭력 실태조사,2024,2024년 사이버폭력 실태조사,cyber_violence_2024_27840_file2.pdf,207,0,4,피해; 폭력,https://www.nia.or.kr/site/nia_kor/ex/bbs/View.do?cbIdx=68302&bcIdx=27840&parentSeq=27840
cyber_violence,사이버폭력 실태조사,2024,2024년 사이버폭력 실태조사,cyber_violence_2024_27840_file2.pdf,208,0,1,피해,https://www.nia.or.kr/site/nia_kor/ex/bbs/View.do?cbIdx=68302&bcIdx=27840&parentSeq=27840
cyber_violence,사이버폭력 실태조사,2024,2024년 사이버폭력 실태조사,cyber_violence_2024_27840_file2.pdf,209,0,2,피해,https://www.nia.or.kr/site/nia_kor/ex/bbs/View.do?cbIdx=68302&bcIdx=27840&parentSeq=27840
cyber_violence,사이버폭력 실태조사,2024,2024년 사이버폭력 실태조사,cyber_violence_2024_27840_file2.pdf,210,0,5,피해; 폭력,https://www.nia.or.kr/site/nia_kor/ex/bbs/View.do?cbIdx=68302&bcIdx=27840&parentSeq=27840
cyber_violence,사이버폭력 실태조사,2024,2024년 사이버폭력 실태조사,cyber_violence_2024_27840_file2.pdf,211,0,3,폭력,https://www.nia.or.kr/site/nia_kor/ex/bbs/View.do?cbIdx=68302&bcIdx=27840&parentSeq=27840
cyber_violence,사이버폭력 실태조사,2024,2024년 사이버폭력 실태조사,cyber_violence_2024_27840_file2.pdf,212,0,2,피해,https://www.nia.or.kr/site/nia_kor/ex/bbs/View.do?cbIdx=68302&bcIdx=27840&parentSeq=27840
cyber_violence,사이버폭력 실태조사,2024,2024년 사이버폭력 실태조사,cyber_violence_2024_27840_file2.pdf,215,0,10,불안; 피해; 폭력,https://www.nia.or.kr/site/nia_kor/ex/bbs/View.do?cbIdx=68302&bcIdx=27840&parentSeq=27840
cyber_violence,사이버폭력 실태조사,2024,2024년 사이버폭력 실태조사,cyber_violence_2024_27840_file2.pdf,217,0,32,상담; 피해; 폭력,https://www.nia.or.kr/site/nia_kor/ex/bbs/View.do?cbIdx=68302&bcIdx=27840&parentSeq=27840
cyber_violence,사이버폭력 실태조사,2024,2024년 사이버폭력 실태조사,cyber_violence_2024_27840_file2.pdf,218,0,5,심리; 상담; 피해; 폭력,https://www.nia.or.kr/site/nia_kor/ex/bbs/View.do?cbIdx=68302&bcIdx=27840&parentSeq=27840
cyber_violence,사이버폭력 실태조사,2024,2024년 사이버폭력 실태조사,cyber_violence_2024_27840_file2.pdf,219,0,4,피해,https://www.nia.or.kr/site/nia_kor/ex/bbs/View.do?cbIdx=68302&bcIdx=27840&parentSeq=27840
cyber_violence,사이버폭력 실태조사,2024,2024년 사이버폭력 실태조사,cyber_violence_2024_27840_file2.pdf,261,0,13,피해; 폭력,https://www.nia.or.kr/site/nia_kor/ex/bbs/View.do?cbIdx=68302&bcIdx=27840&parentSeq=27840
cyber_violence,사이버폭력 실태조사,2024,2024년 사이버폭력 실태조사,cyber_violence_2024_27840_file2.pdf,262,0,79,심리; 스트레스; 우울; 불안; 피해; 폭력; 도움,https://www.nia.or.kr/site/nia_kor/ex/bbs/View.do?cbIdx=68302&bcIdx=27840&parentSeq=27840
cyber_violence,사이버폭력 실태조사,2024,2024년 사이버폭력 실태조사,cyber_violence_2024_27840_file2.pdf,263,0,41,심리; 상담; 피해; 폭력,https://www.nia.or.kr/site/nia_kor/ex/bbs/View.do?cbIdx=68302&bcIdx=27840&parentSeq=27840
cyber_violence,사이버폭력 실태조사,2024,2024년 사이버폭력 실태조사,cyber_violence_2024_27840_file2.pdf,265,0,11,피해; 폭력,https://www.nia.or.kr/site/nia_kor/ex/bbs/View.do?cbIdx=68302&bcIdx=27840&parentSeq=27840
cyber_violence,사이버폭력 실태조사,2024,2024년 사이버폭력 실태조사,cyber_violence_2024_27840_file2.pdf,266,0,79,심리; 스트레스; 우울; 불안; 피해; 폭력; 도움,https://www.nia.or.kr/site/nia_kor/ex/bbs/View.do?cbIdx=68302&bcIdx=27840&parentSeq=27840
cyber_violence,사이버폭력 실태조사,2024,2024년 사이버폭력 실태조사,cyber_violence_2024_27840_file2.pdf,267,0,40,심리; 피해; 폭력,https://www.nia.or.kr/site/nia_kor/ex/bbs/View.do?cbIdx=68302&bcIdx=27840&parentSeq=27840
cyber_violence,사이버폭력 실태조사,2024,2024년 사이버폭력 실태조사,cyber_violence_2024_27840_file2.pdf,269,0,3,피해; 폭력,https://www.nia.or.kr/site/nia_kor/ex/bbs/View.do?cbIdx=68302&bcIdx=27840&parentSeq=27840
cyber_violence,사이버폭력 실태조사,2024,2024년 사이버폭력 실태조사,cyber_violence_2024_27840_file2.pdf,270,0,2,폭력,https://www.nia.or.kr/site/nia_kor/ex/bbs/View.do?cbIdx=68302&bcIdx=27840&parentSeq=27840
cyber_violence,사이버폭력 실태조사,2024,2024년 사이버폭력 실태조사,cyber_violence_2024_27840_file2.pdf,271,0,4,피해; 폭력,https://www.nia.or.kr/site/nia_kor/ex/bbs/View.do?cbIdx=68302&bcIdx=27840&parentSeq=27840
cyber_violence,사이버폭력 실태조사,2024,2024년 사이버폭력 실태조사,cyber_violence_2024_27840_file2.pdf,272,0,4,피해; 폭력,https://www.nia.or.kr/site/nia_kor/ex/bbs/View.do?cbIdx=68302&bcIdx=27840&parentSeq=27840
cyber_violence,사이버폭력 실태조사,2024,2024년 사이버폭력 실태조사,cyber_violence_2024_27840_file2.pdf,273,0,1,폭력,https://www.nia.or.kr/site/nia_kor/ex/bbs/View.do?cbIdx=68302&bcIdx=27840&parentSeq=27840
cyber_violence,사이버폭력 실태조사,2024,2024년 사이버폭력 실태조사,cyber_violence_2024_27840_file2.pdf,274,0,1,폭력,https://www.nia.or.kr/site/nia_kor/ex/bbs/View.do?cbIdx=68302&bcIdx=27840&parentSeq=27840
cyber_violence,사이버폭력 실태조사,2024,2024년 사이버폭력 실태조사,cyber_violence_2024_27840_file2.pdf,275,0,1,폭력,https://www.nia.or.kr/site/nia_kor/ex/bbs/View.do?cbIdx=68302&bcIdx=27840&parentSeq=27840
cyber_violence,사이버폭력 실태조사,2024,2024년 사이버폭력 실태조사,cyber_violence_2024_27840_file2.pdf,276,0,1,폭력,https://www.nia.or.kr/site/nia_kor/ex/bbs/View.do?cbIdx=68302&bcIdx=27840&parentSeq=27840
cyber_violence,사이버폭력 실태조사,2024,2024년 사이버폭력 실태조사,cyber_violence_2024_27840_file2.pdf,277,0,1,폭력,https://www.nia.or.kr/site/nia_kor/ex/bbs/View.do?cbIdx=68302&bcIdx=27840&parentSeq=27840
cyber_violence,사이버폭력 실태조사,2024,2024년 사이버폭력 실태조사,cyber_violence_2024_27840_file2.pdf,278,0,1,폭력,https://www.nia.or.kr/site/nia_kor/ex/bbs/View.do?cbIdx=68302&bcIdx=27840&parentSeq=27840
cyber_violence,사이버폭력 실태조사,2024,2024년 사이버폭력 실태조사,cyber_violence_2024_27840_file2.pdf,279,0,1,폭력,https://www.nia.or.kr/site/nia_kor/ex/bbs/View.do?cbIdx=68302&bcIdx=27840&parentSeq=27840
cyber_violence,사이버폭력 실태조사,2024,2024년 사이버폭력 실태조사,cyber_violence_2024_27840_file2.pdf,280,0,1,폭력,https://www.nia.or.kr/site/nia_kor/ex/bbs/View.do?cbIdx=68302&bcIdx=27840&parentSeq=27840
cyber_violence,사이버폭력 실태조사,2024,2024년 사이버폭력 실태조사,cyber_violence_2024_27840_file2.pdf,281,0,1,폭력,https://www.nia.or.kr/site/nia_kor/ex/bbs/View.do?cbIdx=68302&bcIdx=27840&parentSeq=27840
cyber_violence,사이버폭력 실태조사,2024,2024년 사이버폭력 실태조사,cyber_violence_2024_27840_file2.pdf,282,0,1,폭력,https://www.nia.or.kr/site/nia_kor/ex/bbs/View.do?cbIdx=68302&bcIdx=27840&parentSeq=27840
cyber_violence,사이버폭력 실태조사,2024,2024년 사이버폭력 실태조사,cyber_violence_2024_27840_file2.pdf,283,0,1,폭력,https://www.nia.or.kr/site/nia_kor/ex/bbs/View.do?cbIdx=68302&bcIdx=27840&parentSeq=27840
cyber_violence,사이버폭력 실태조사,2024,2024년 사이버폭력 실태조사,cyber_violence_2024_27840_file2.pdf,284,0,1,폭력,https://www.nia.or.kr/site/nia_kor/ex/bbs/View.do?cbIdx=68302&bcIdx=27840&parentSeq=27840
cyber_violence,사이버폭력 실태조사,2024,2024년 사이버폭력 실태조사,cyber_violence_2024_27840_file2.pdf,285,0,2,폭력,https://www.nia.or.kr/site/nia_kor/ex/bbs/View.do?cbIdx=68302&bcIdx=27840&parentSeq=27840
cyber_violence,사이버폭력 실태조사,2024,2024년 사이버폭력 실태조사,cyber_violence_2024_27840_file2.pdf,286,0,3,폭력,https://www.nia.or.kr/site/nia_kor/ex/bbs/View.do?cbIdx=68302&bcIdx=27840&parentSeq=27840
cyber_violence,사이버폭력 실태조사,2024,2024년 사이버폭력 실태조사,cyber_violence_2024_27840_file2.pdf,287,0,1,폭력,https://www.nia.or.kr/site/nia_kor/ex/bbs/View.do?cbIdx=68302&bcIdx=27840&parentSeq=27840
cyber_violence,사이버폭력 실태조사,2024,2024년 사이버폭력 실태조사,cyber_violence_2024_27840_file2.pdf,288,0,1,폭력,https://www.nia.or.kr/site/nia_kor/ex/bbs/View.do?cbIdx=68302&bcIdx=27840&parentSeq=27840
cyber_violence,사이버폭력 실태조사,2024,2024년 사이버폭력 실태조사,cyber_violence_2024_27840_file2.pdf,289,0,1,폭력,https://www.nia.or.kr/site/nia_kor/ex/bbs/View.do?cbIdx=68302&bcIdx=27840&parentSeq=27840
cyber_violence,사이버폭력 실태조사,2024,2024년 사이버폭력 실태조사,cyber_violence_2024_27840_file2.pdf,290,0,1,폭력,https://www.nia.or.kr/site/nia_kor/ex/bbs/View.do?cbIdx=68302&bcIdx=27840&parentSeq=27840
cyber_violence,사이버폭력 실태조사,2024,2024년 사이버폭력 실태조사,cyber_violence_2024_27840_file2.pdf,291,0,1,폭력,https://www.nia.or.kr/site/nia_kor/ex/bbs/View.do?cbIdx=68302&bcIdx=27840&parentSeq=27840
cyber_violence,사이버폭력 실태조사,2024,2024년 사이버폭력 실태조사,cyber_violence_2024_27840_file2.pdf,292,0,1,폭력,https://www.nia.or.kr/site/nia_kor/ex/bbs/View.do?cbIdx=68302&bcIdx=27840&parentSeq=27840
cyber_violence,사이버폭력 실태조사,2024,2024년 사이버폭력 실태조사,cyber_violence_2024_27840_file2.pdf,293,0,1,폭력,https://www.nia.or.kr/site/nia_kor/ex/bbs/View.do?cbIdx=68302&bcIdx=27840&parentSeq=27840
cyber_violence,사이버폭력 실태조사,2024,2024년 사이버폭력 실태조사,cyber_violence_2024_27840_file2.pdf,294,0,1,폭력,https://www.nia.or.kr/site/nia_kor/ex/bbs/View.do?cbIdx=68302&bcIdx=27840&parentSeq=27840
cyber_violence,사이버폭력 실태조사,2024,2024년 사이버폭력 실태조사,cyber_violence_2024_27840_file2.pdf,295,0,1,폭력,https://www.nia.or.kr/site/nia_kor/ex/bbs/View.do?cbIdx=68302&bcIdx=27840&parentSeq=27840
cyber_violence,사이버폭력 실태조사,2024,2024년 사이버폭력 실태조사,cyber_violence_2024_27840_file2.pdf,296,0,6,상담; 폭력,https://www.nia.or.kr/site/nia_kor/ex/bbs/View.do?cbIdx=68302&bcIdx=27840&parentSeq=27840
cyber_violence,사이버폭력 실태조사,2024,2024년 사이버폭력 실태조사,cyber_violence_2024_27840_file2.pdf,297,0,3,피해; 폭력,https://www.nia.or.kr/site/nia_kor/ex/bbs/View.do?cbIdx=68302&bcIdx=27840&parentSeq=27840
cyber_violence,사이버폭력 실태조사,2024,2024년 사이버폭력 실태조사,cyber_violence_2024_27840_file2.pdf,298,0,5,피해; 폭력,https://www.nia.or.kr/site/nia_kor/ex/bbs/View.do?cbIdx=68302&bcIdx=27840&parentSeq=27840
cyber_violence,사이버폭력 실태조사,2024,2024년 사이버폭력 실태조사,cyber_violence_2024_27840_file2.pdf,299,0,4,폭력,https://www.nia.or.kr/site/nia_kor/ex/bbs/View.do?cbIdx=68302&bcIdx=27840&parentSeq=27840
cyber_violence,사이버폭력 실태조사,2024,2024년 사이버폭력 실태조사,cyber_violence_2024_27840_file2.pdf,300,0,3,폭력,https://www.nia.or.kr/site/nia_kor/ex/bbs/View.do?cbIdx=68302&bcIdx=27840&parentSeq=27840
cyber_violence,사이버폭력 실태조사,2024,2024년 사이버폭력 실태조사,cyber_violence_2024_27840_file2.pdf,301,0,7,상담; 피해; 폭력; 도움,https://www.nia.or.kr/site/nia_kor/ex/bbs/View.do?cbIdx=68302&bcIdx=27840&parentSeq=27840
cyber_violence,사이버폭력 실태조사,2024,2024년 사이버폭력 실태조사,cyber_violence_2024_27840_file2.pdf,302,0,5,피해; 폭력,https://www.nia.or.kr/site/nia_kor/ex/bbs/View.do?cbIdx=68302&bcIdx=27840&parentSeq=27840
cyber_violence,사이버폭력 실태조사,2024,2024년 사이버폭력 실태조사,cyber_violence_2024_27840_file2.pdf,303,0,6,피해; 폭력,https://www.nia.or.kr/site/nia_kor/ex/bbs/View.do?cbIdx=68302&bcIdx=27840&parentSeq=27840
cyber_violence,사이버폭력 실태조사,2024,2024년 사이버폭력 실태조사,cyber_violence_2024_27840_file2.pdf,304,0,3,피해; 폭력,https://www.nia.or.kr/site/nia_kor/ex/bbs/View.do?cbIdx=68302&bcIdx=27840&parentSeq=27840
cyber_violence,사이버폭력 실태조사,2024,2024년 사이버폭력 실태조사,cyber_violence_2024_27840_file2.pdf,305,0,5,피해; 폭력,https://www.nia.or.kr/site/nia_kor/ex/bbs/View.do?cbIdx=68302&bcIdx=27840&parentSeq=27840
cyber_violence,사이버폭력 실태조사,2024,2024년 사이버폭력 실태조사,cyber_violence_2024_27840_file2.pdf,306,0,5,피해; 폭력,https://www.nia.or.kr/site/nia_kor/ex/bbs/View.do?cbIdx=68302&bcIdx=27840&parentSeq=27840
cyber_violence,사이버폭력 실태조사,2024,2024년 사이버폭력 실태조사,cyber_violence_2024_27840_file2.pdf,307,0,4,피해; 폭력,https://www.nia.or.kr/site/nia_kor/ex/bbs/View.do?cbIdx=68302&bcIdx=27840&parentSeq=27840
cyber_violence,사이버폭력 실태조사,2024,2024년 사이버폭력 실태조사,cyber_violence_2024_27840_file2.pdf,308,0,4,피해; 폭력,https://www.nia.or.kr/site/nia_kor/ex/bbs/View.do?cbIdx=68302&bcIdx=27840&parentSeq=27840
cyber_violence,사이버폭력 실태조사,2024,2024년 사이버폭력 실태조사,cyber_violence_2024_27840_file2.pdf,309,0,5,피해; 폭력,https://www.nia.or.kr/site/nia_kor/ex/bbs/View.do?cbIdx=68302&bcIdx=27840&parentSeq=27840
cyber_violence,사이버폭력 실태조사,2024,2024년 사이버폭력 실태조사,cyber_violence_2024_27840_file2.pdf,310,0,4,피해; 폭력,https://www.nia.or.kr/site/nia_kor/ex/bbs/View.do?cbIdx=68302&bcIdx=27840&parentSeq=27840
cyber_violence,사이버폭력 실태조사,2024,2024년 사이버폭력 실태조사,cyber_violence_2024_27840_file2.pdf,311,0,4,피해; 폭력,https://www.nia.or.kr/site/nia_kor/ex/bbs/View.do?cbIdx=68302&bcIdx=27840&parentSeq=27840
cyber_violence,사이버폭력 실태조사,2024,2024년 사이버폭력 실태조사,cyber_violence_2024_27840_file2.pdf,312,0,4,피해; 폭력,https://www.nia.or.kr/site/nia_kor/ex/bbs/View.do?cbIdx=68302&bcIdx=27840&parentSeq=27840
cyber_violence,사이버폭력 실태조사,2024,2024년 사이버폭력 실태조사,cyber_violence_2024_27840_file2.pdf,313,0,4,피해; 폭력,https://www.nia.or.kr/site/nia_kor/ex/bbs/View.do?cbIdx=68302&bcIdx=27840&parentSeq=27840
cyber_violence,사이버폭력 실태조사,2024,2024년 사이버폭력 실태조사,cyber_violence_2024_27840_file2.pdf,314,0,4,피해; 폭력,https://www.nia.or.kr/site/nia_kor/ex/bbs/View.do?cbIdx=68302&bcIdx=27840&parentSeq=27840
cyber_violence,사이버폭력 실태조사,2024,2024년 사이버폭력 실태조사,cyber_violence_2024_27840_file2.pdf,315,0,3,폭력,https://www.nia.or.kr/site/nia_kor/ex/bbs/View.do?cbIdx=68302&bcIdx=27840&parentSeq=27840
cyber_violence,사이버폭력 실태조사,2024,2024년 사이버폭력 실태조사,cyber_violence_2024_27840_file2.pdf,316,0,4,피해; 폭력,https://www.nia.or.kr/site/nia_kor/ex/bbs/View.do?cbIdx=68302&bcIdx=27840&parentSeq=27840
cyber_violence,사이버폭력 실태조사,2024,2024년 사이버폭력 실태조사,cyber_violence_2024_27840_file2.pdf,317,0,5,피해; 폭력,https://www.nia.or.kr/site/nia_kor/ex/bbs/View.do?cbIdx=68302&bcIdx=27840&parentSeq=27840
cyber_violence,사이버폭력 실태조사,2024,2024년 사이버폭력 실태조사,cyber_violence_2024_27840_file2.pdf,318,0,5,피해; 폭력,https://www.nia.or.kr/site/nia_kor/ex/bbs/View.do?cbIdx=68302&bcIdx=27840&parentSeq=27840
cyber_violence,사이버폭력 실태조사,2024,2024년 사이버폭력 실태조사,cyber_violence_2024_27840_file2.pdf,319,0,5,피해; 폭력,https://www.nia.or.kr/site/nia_kor/ex/bbs/View.do?cbIdx=68302&bcIdx=27840&parentSeq=27840
cyber_violence,사이버폭력 실태조사,2024,2024년 사이버폭력 실태조사,cyber_violence_2024_27840_file2.pdf,320,0,6,상담; 피해; 폭력,https://www.nia.or.kr/site/nia_kor/ex/bbs/View.do?cbIdx=68302&bcIdx=27840&parentSeq=27840
cyber_violence,사이버폭력 실태조사,2024,2024년 사이버폭력 실태조사,cyber_violence_2024_27840_file2.pdf,321,0,7,상담; 피해; 폭력; 도움,https://www.nia.or.kr/site/nia_kor/ex/bbs/View.do?cbIdx=68302&bcIdx=27840&parentSeq=27840
cyber_violence,사이버폭력 실태조사,2024,2024년 사이버폭력 실태조사,cyber_violence_2024_27840_file2.pdf,322,0,7,피해; 폭력; 도움,https://www.nia.or.kr/site/nia_kor/ex/bbs/View.do?cbIdx=68302&bcIdx=27840&parentSeq=27840
cyber_violence,사이버폭력 실태조사,2024,2024년 사이버폭력 실태조사,cyber_violence_2024_27840_file2.pdf,323,0,12,상담; 피해; 폭력; 도움,https://www.nia.or.kr/site/nia_kor/ex/bbs/View.do?cbIdx=68302&bcIdx=27840&parentSeq=27840
cyber_violence,사이버폭력 실태조사,2024,2024년 사이버폭력 실태조사,cyber_violence_2024_27840_file2.pdf,324,0,10,심리; 스트레스; 우울; 자살; 불안; 피해; 폭력,https://www.nia.or.kr/site/nia_kor/ex/bbs/View.do?cbIdx=68302&bcIdx=27840&parentSeq=27840
cyber_violence,사이버폭력 실태조사,2024,2024년 사이버폭력 실태조사,cyber_violence_2024_27840_file2.pdf,325,0,6,심리; 피해; 폭력,https://www.nia.or.kr/site/nia_kor/ex/bbs/View.do?cbIdx=68302&bcIdx=27840&parentSeq=27840
cyber_violence,사이버폭력 실태조사,2024,2024년 사이버폭력 실태조사,cyber_violence_2024_27840_file2.pdf,326,0,6,심리; 피해; 폭력,https://www.nia.or.kr/site/nia_kor/ex/bbs/View.do?cbIdx=68302&bcIdx=27840&parentSeq=27840
cyber_violence,사이버폭력 실태조사,2024,2024년 사이버폭력 실태조사,cyber_violence_2024_27840_file2.pdf,327,0,6,심리; 피해; 폭력,https://www.nia.or.kr/site/nia_kor/ex/bbs/View.do?cbIdx=68302&bcIdx=27840&parentSeq=27840
cyber_violence,사이버폭력 실태조사,2024,2024년 사이버폭력 실태조사,cyber_violence_2024_27840_file2.pdf,328,0,12,심리; 스트레스; 우울; 불안; 피해; 폭력,https://www.nia.or.kr/site/nia_kor/ex/bbs/View.do?cbIdx=68302&bcIdx=27840&parentSeq=27840
cyber_violence,사이버폭력 실태조사,2024,2024년 사이버폭력 실태조사,cyber_violence_2024_27840_file2.pdf,329,0,6,심리; 피해; 폭력,https://www.nia.or.kr/site/nia_kor/ex/bbs/View.do?cbIdx=68302&bcIdx=27840&parentSeq=27840
cyber_violence,사이버폭력 실태조사,2024,2024년 사이버폭력 실태조사,cyber_violence_2024_27840_file2.pdf,330,0,7,심리; 피해; 폭력,https://www.nia.or.kr/site/nia_kor/ex/bbs/View.do?cbIdx=68302&bcIdx=27840&parentSeq=27840
cyber_violence,사이버폭력 실태조사,2024,2024년 사이버폭력 실태조사,cyber_violence_2024_27840_file2.pdf,331,0,6,심리; 피해; 폭력,https://www.nia.or.kr/site/nia_kor/ex/bbs/View.do?cbIdx=68302&bcIdx=27840&parentSeq=27840
cyber_violence,사이버폭력 실태조사,2024,2024년 사이버폭력 실태조사,cyber_violence_2024_27840_file2.pdf,332,0,4,폭력,https://www.nia.or.kr/site/nia_kor/ex/bbs/View.do?cbIdx=68302&bcIdx=27840&parentSeq=27840
cyber_violence,사이버폭력 실태조사,2024,2024년 사이버폭력 실태조사,cyber_violence_2024_27840_file2.pdf,333,0,2,폭력,https://www.nia.or.kr/site/nia_kor/ex/bbs/View.do?cbIdx=68302&bcIdx=27840&parentSeq=27840
cyber_violence,사이버폭력 실태조사,2024,2024년 사이버폭력 실태조사,cyber_violence_2024_27840_file2.pdf,334,0,3,폭력,https://www.nia.or.kr/site/nia_kor/ex/bbs/View.do?cbIdx=68302&bcIdx=27840&parentSeq=27840
cyber_violence,사이버폭력 실태조사,2024,2024년 사이버폭력 실태조사,cyber_violence_2024_27840_file2.pdf,335,0,4,폭력,https://www.nia.or.kr/site/nia_kor/ex/bbs/View.do?cbIdx=68302&bcIdx=27840&parentSeq=27840
cyber_violence,사이버폭력 실태조사,2024,2024년 사이버폭력 실태조사,cyber_violence_2024_27840_file2.pdf,336,0,2,폭력,https://www.nia.or.kr/site/nia_kor/ex/bbs/View.do?cbIdx=68302&bcIdx=27840&parentSeq=27840
cyber_violence,사이버폭력 실태조사,2024,2024년 사이버폭력 실태조사,cyber_violence_2024_27840_file2.pdf,337,0,2,폭력,https://www.nia.or.kr/site/nia_kor/ex/bbs/View.do?cbIdx=68302&bcIdx=27840&parentSeq=27840
cyber_violence,사이버폭력 실태조사,2024,2024년 사이버폭력 실태조사,cyber_violence_2024_27840_file2.pdf,338,0,4,폭력,https://www.nia.or.kr/site/nia_kor/ex/bbs/View.do?cbIdx=68302&bcIdx=27840&parentSeq=27840
cyber_violence,사이버폭력 실태조사,2024,2024년 사이버폭력 실태조사,cyber_violence_2024_27840_file2.pdf,339,0,2,폭력,https://www.nia.or.kr/site/nia_kor/ex/bbs/View.do?cbIdx=68302&bcIdx=27840&parentSeq=27840
cyber_violence,사이버폭력 실태조사,2024,2024년 사이버폭력 실태조사,cyber_violence_2024_27840_file2.pdf,340,0,2,폭력,https://www.nia.or.kr/site/nia_kor/ex/bbs/View.do?cbIdx=68302&bcIdx=27840&parentSeq=27840
cyber_violence,사이버폭력 실태조사,2024,2024년 사이버폭력 실태조사,cyber_violence_2024_27840_file2.pdf,341,0,2,폭력,https://www.nia.or.kr/site/nia_kor/ex/bbs/View.do?cbIdx=68302&bcIdx=27840&parentSeq=27840
cyber_violence,사이버폭력 실태조사,2024,2024년 사이버폭력 실태조사,cyber_violence_2024_27840_file2.pdf,342,0,2,폭력,https://www.nia.or.kr/site/nia_kor/ex/bbs/View.do?cbIdx=68302&bcIdx=27840&parentSeq=27840
cyber_violence,사이버폭력 실태조사,2024,2024년 사이버폭력 실태조사,cyber_violence_2024_27840_file2.pdf,343,0,3,폭력,https://www.nia.or.kr/site/nia_kor/ex/bbs/View.do?cbIdx=68302&bcIdx=27840&parentSeq=27840
cyber_violence,사이버폭력 실태조사,2024,2024년 사이버폭력 실태조사,cyber_violence_2024_27840_file2.pdf,344,0,3,폭력,https://www.nia.or.kr/site/nia_kor/ex/bbs/View.do?cbIdx=68302&bcIdx=27840&parentSeq=27840
cyber_violence,사이버폭력 실태조사,2024,2024년 사이버폭력 실태조사,cyber_violence_2024_27840_file2.pdf,345,0,3,폭력,https://www.nia.or.kr/site/nia_kor/ex/bbs/View.do?cbIdx=68302&bcIdx=27840&parentSeq=27840
cyber_violence,사이버폭력 실태조사,2024,2024년 사이버폭력 실태조사,cyber_violence_2024_27840_file2.pdf,346,0,3,폭력,https://www.nia.or.kr/site/nia_kor/ex/bbs/View.do?cbIdx=68302&bcIdx=27840&parentSeq=27840
cyber_violence,사이버폭력 실태조사,2024,2024년 사이버폭력 실태조사,cyber_violence_2024_27840_file2.pdf,347,0,4,스트레스; 폭력,https://www.nia.or.kr/site/nia_kor/ex/bbs/View.do?cbIdx=68302&bcIdx=27840&parentSeq=27840
cyber_violence,사이버폭력 실태조사,2024,2024년 사이버폭력 실태조사,cyber_violence_2024_27840_file2.pdf,348,0,4,피해; 폭력,https://www.nia.or.kr/site/nia_kor/ex/bbs/View.do?cbIdx=68302&bcIdx=27840&parentSeq=27840
cyber_violence,사이버폭력 실태조사,2024,2024년 사이버폭력 실태조사,cyber_violence_2024_27840_file2.pdf,349,0,4,심리; 폭력,https://www.nia.or.kr/site/nia_kor/ex/bbs/View.do?cbIdx=68302&bcIdx=27840&parentSeq=27840
cyber_violence,사이버폭력 실태조사,2024,2024년 사이버폭력 실태조사,cyber_violence_2024_27840_file2.pdf,350,0,4,심리; 폭력,https://www.nia.or.kr/site/nia_kor/ex/bbs/View.do?cbIdx=68302&bcIdx=27840&parentSeq=27840
cyber_violence,사이버폭력 실태조사,2024,2024년 사이버폭력 실태조사,cyber_violence_2024_27840_file2.pdf,351,0,4,심리; 폭력,https://www.nia.or.kr/site/nia_kor/ex/bbs/View.do?cbIdx=68302&bcIdx=27840&parentSeq=27840
cyber_violence,사이버폭력 실태조사,2024,2024년 사이버폭력 실태조사,cyber_violence_2024_27840_file2.pdf,352,0,4,심리; 폭력,https://www.nia.or.kr/site/nia_kor/ex/bbs/View.do?cbIdx=68302&bcIdx=27840&parentSeq=27840
cyber_violence,사이버폭력 실태조사,2024,2024년 사이버폭력 실태조사,cyber_violence_2024_27840_file2.pdf,353,0,4,심리; 폭력,https://www.nia.or.kr/site/nia_kor/ex/bbs/View.do?cbIdx=68302&bcIdx=27840&parentSeq=27840
cyber_violence,사이버폭력 실태조사,2024,2024년 사이버폭력 실태조사,cyber_violence_2024_27840_file2.pdf,354,0,4,심리; 폭력,https://www.nia.or.kr/site/nia_kor/ex/bbs/View.do?cbIdx=68302&bcIdx=27840&parentSeq=27840
cyber_violence,사이버폭력 실태조사,2024,2024년 사이버폭력 실태조사,cyber_violence_2024_27840_file2.pdf,355,0,2,폭력,https://www.nia.or.kr/site/nia_kor/ex/bbs/View.do?cbIdx=68302&bcIdx=27840&parentSeq=27840
cyber_violence,사이버폭력 실태조사,2024,2024년 사이버폭력 실태조사,cyber_violence_2024_27840_file2.pdf,356,0,3,피해; 폭력,https://www.nia.or.kr/site/nia_kor/ex/bbs/View.do?cbIdx=68302&bcIdx=27840&parentSeq=27840
cyber_violence,사이버폭력 실태조사,2024,2024년 사이버폭력 실태조사,cyber_violence_2024_27840_file2.pdf,357,0,2,폭력,https://www.nia.or.kr/site/nia_kor/ex/bbs/View.do?cbIdx=68302&bcIdx=27840&parentSeq=27840
cyber_violence,사이버폭력 실태조사,2024,2024년 사이버폭력 실태조사,cyber_violence_2024_27840_file2.pdf,358,0,4,피해; 폭력,https://www.nia.or.kr/site/nia_kor/ex/bbs/View.do?cbIdx=68302&bcIdx=27840&parentSeq=27840
cyber_violence,사이버폭력 실태조사,2024,2024년 사이버폭력 실태조사,cyber_violence_2024_27840_file2.pdf,359,0,2,폭력,https://www.nia.or.kr/site/nia_kor/ex/bbs/View.do?cbIdx=68302&bcIdx=27840&parentSeq=27840
cyber_violence,사이버폭력 실태조사,2024,2024년 사이버폭력 실태조사,cyber_violence_2024_27840_file2.pdf,360,0,2,폭력,https://www.nia.or.kr/site/nia_kor/ex/bbs/View.do?cbIdx=68302&bcIdx=27840&parentSeq=27840
cyber_violence,사이버폭력 실태조사,2024,2024년 사이버폭력 실태조사,cyber_violence_2024_27840_file2.pdf,361,0,2,폭력,https://www.nia.or.kr/site/nia_kor/ex/bbs/View.do?cbIdx=68302&bcIdx=27840&parentSeq=27840
cyber_violence,사이버폭력 실태조사,2024,2024년 사이버폭력 실태조사,cyber_violence_2024_27840_file2.pdf,362,0,3,폭력,https://www.nia.or.kr/site/nia_kor/ex/bbs/View.do?cbIdx=68302&bcIdx=27840&parentSeq=27840
cyber_violence,사이버폭력 실태조사,2024,2024년 사이버폭력 실태조사,cyber_violence_2024_27840_file2.pdf,363,0,4,폭력,https://www.nia.or.kr/site/nia_kor/ex/bbs/View.do?cbIdx=68302&bcIdx=27840&parentSeq=27840
cyber_violence,사이버폭력 실태조사,2024,2024년 사이버폭력 실태조사,cyber_violence_2024_27840_file2.pdf,364,0,3,폭력,https://www.nia.or.kr/site/nia_kor/ex/bbs/View.do?cbIdx=68302&bcIdx=27840&parentSeq=27840
cyber_violence,사이버폭력 실태조사,2024,2024년 사이버폭력 실태조사,cyber_violence_2024_27840_file2.pdf,365,0,3,폭력,https://www.nia.or.kr/site/nia_kor/ex/bbs/View.do?cbIdx=68302&bcIdx=27840&parentSeq=27840
cyber_violence,사이버폭력 실태조사,2024,2024년 사이버폭력 실태조사,cyber_violence_2024_27840_file2.pdf,366,0,11,폭력; 도움,https://www.nia.or.kr/site/nia_kor/ex/bbs/View.do?cbIdx=68302&bcIdx=27840&parentSeq=27840
cyber_violence,사이버폭력 실태조사,2024,2024년 사이버폭력 실태조사,cyber_violence_2024_27840_file2.pdf,367,0,5,폭력,https://www.nia.or.kr/site/nia_kor/ex/bbs/View.do?cbIdx=68302&bcIdx=27840&parentSeq=27840
cyber_violence,사이버폭력 실태조사,2024,2024년 사이버폭력 실태조사,cyber_violence_2024_27840_file2.pdf,368,0,10,상담; 피해; 폭력,https://www.nia.or.kr/site/nia_kor/ex/bbs/View.do?cbIdx=68302&bcIdx=27840&parentSeq=27840
cyber_violence,사이버폭력 실태조사,2024,2024년 사이버폭력 실태조사,cyber_violence_2024_27840_file2.pdf,369,0,5,피해; 폭력,https://www.nia.or.kr/site/nia_kor/ex/bbs/View.do?cbIdx=68302&bcIdx=27840&parentSeq=27840
cyber_violence,사이버폭력 실태조사,2024,2024년 사이버폭력 실태조사,cyber_violence_2024_27840_file2.pdf,370,0,12,피해; 폭력,https://www.nia.or.kr/site/nia_kor/ex/bbs/View.do?cbIdx=68302&bcIdx=27840&parentSeq=27840
cyber_violence,사이버폭력 실태조사,2024,2024년 사이버폭력 실태조사,cyber_violence_2024_27840_file2.pdf,371,0,12,피해; 폭력,https://www.nia.or.kr/site/nia_kor/ex/bbs/View.do?cbIdx=68302&bcIdx=27840&parentSeq=27840
cyber_violence,사이버폭력 실태조사,2024,2024년 사이버폭력 실태조사,cyber_violence_2024_27840_file2.pdf,372,0,1,폭력,https://www.nia.or.kr/site/nia_kor/ex/bbs/View.do?cbIdx=68302&bcIdx=27840&parentSeq=27840
cyber_violence,사이버폭력 실태조사,2024,2024년 사이버폭력 실태조사,cyber_violence_2024_27840_file2.pdf,373,0,1,폭력,https://www.nia.or.kr/site/nia_kor/ex/bbs/View.do?cbIdx=68302&bcIdx=27840&parentSeq=27840
cyber_violence,사이버폭력 실태조사,2024,2024년 사이버폭력 실태조사,cyber_violence_2024_27840_file2.pdf,374,0,1,폭력,https://www.nia.or.kr/site/nia_kor/ex/bbs/View.do?cbIdx=68302&bcIdx=27840&parentSeq=27840
cyber_violence,사이버폭력 실태조사,2024,2024년 사이버폭력 실태조사,cyber_violence_2024_27840_file2.pdf,375,0,1,폭력,https://www.nia.or.kr/site/nia_kor/ex/bbs/View.do?cbIdx=68302&bcIdx=27840&parentSeq=27840
cyber_violence,사이버폭력 실태조사,2024,2024년 사이버폭력 실태조사,cyber_violence_2024_27840_file2.pdf,376,0,1,폭력,https://www.nia.or.kr/site/nia_kor/ex/bbs/View.do?cbIdx=68302&bcIdx=27840&parentSeq=27840
cyber_violence,사이버폭력 실태조사,2024,2024년 사이버폭력 실태조사,cyber_violence_2024_27840_file2.pdf,377,0,1,폭력,https://www.nia.or.kr/site/nia_kor/ex/bbs/View.do?cbIdx=68302&bcIdx=27840&parentSeq=27840
cyber_violence,사이버폭력 실태조사,2024,2024년 사이버폭력 실태조사,cyber_violence_2024_27840_file2.pdf,378,0,1,폭력,https://www.nia.or.kr/site/nia_kor/ex/bbs/View.do?cbIdx=68302&bcIdx=27840&parentSeq=27840
cyber_violence,사이버폭력 실태조사,2024,2024년 사이버폭력 실태조사,cyber_violence_2024_27840_file2.pdf,379,0,1,폭력,https://www.nia.or.kr/site/nia_kor/ex/bbs/View.do?cbIdx=68302&bcIdx=27840&parentSeq=27840
cyber_violence,사이버폭력 실태조사,2024,2024년 사이버폭력 실태조사,cyber_violence_2024_27840_file2.pdf,380,0,1,폭력,https://www.nia.or.kr/site/nia_kor/ex/bbs/View.do?cbIdx=68302&bcIdx=27840&parentSeq=27840
cyber_violence,사이버폭력 실태조사,2024,2024년 사이버폭력 실태조사,cyber_violence_2024_27840_file2.pdf,381,0,1,폭력,https://www.nia.or.kr/site/nia_kor/ex/bbs/View.do?cbIdx=68302&bcIdx=27840&parentSeq=27840
cyber_violence,사이버폭력 실태조사,2024,2024년 사이버폭력 실태조사,cyber_violence_2024_27840_file2.pdf,382,0,1,폭력,https://www.nia.or.kr/site/nia_kor/ex/bbs/View.do?cbIdx=68302&bcIdx=27840&parentSeq=27840
cyber_violence,사이버폭력 실태조사,2024,2024년 사이버폭력 실태조사,cyber_violence_2024_27840_file2.pdf,383,0,1,폭력,https://www.nia.or.kr/site/nia_kor/ex/bbs/View.do?cbIdx=68302&bcIdx=27840&parentSeq=27840
cyber_violence,사이버폭력 실태조사,2024,2024년 사이버폭력 실태조사,cyber_violence_2024_27840_file2.pdf,384,0,1,폭력,https://www.nia.or.kr/site/nia_kor/ex/bbs/View.do?cbIdx=68302&bcIdx=27840&parentSeq=27840
cyber_violence,사이버폭력 실태조사,2024,2024년 사이버폭력 실태조사,cyber_violence_2024_27840_file2.pdf,385,0,1,폭력,https://www.nia.or.kr/site/nia_kor/ex/bbs/View.do?cbIdx=68302&bcIdx=27840&parentSeq=27840
cyber_violence,사이버폭력 실태조사,2024,2024년 사이버폭력 실태조사,cyber_violence_2024_27840_file2.pdf,386,0,1,폭력,https://www.nia.or.kr/site/nia_kor/ex/bbs/View.do?cbIdx=68302&bcIdx=27840&parentSeq=27840
cyber_violence,사이버폭력 실태조사,2024,2024년 사이버폭력 실태조사,cyber_violence_2024_27840_file2.pdf,387,0,1,폭력,https://www.nia.or.kr/site/nia_kor/ex/bbs/View.do?cbIdx=68302&bcIdx=27840&parentSeq=27840
cyber_violence,사이버폭력 실태조사,2024,2024년 사이버폭력 실태조사,cyber_violence_2024_27840_file2.pdf,388,0,1,폭력,https://www.nia.or.kr/site/nia_kor/ex/bbs/View.do?cbIdx=68302&bcIdx=27840&parentSeq=27840
cyber_violence,사이버폭력 실태조사,2024,2024년 사이버폭력 실태조사,cyber_violence_2024_27840_file2.pdf,389,0,1,폭력,https://www.nia.or.kr/site/nia_kor/ex/bbs/View.do?cbIdx=68302&bcIdx=27840&parentSeq=27840
cyber_violence,사이버폭력 실태조사,2024,2024년 사이버폭력 실태조사,cyber_violence_2024_27840_file2.pdf,390,0,1,폭력,https://www.nia.or.kr/site/nia_kor/ex/bbs/View.do?cbIdx=68302&bcIdx=27840&parentSeq=27840
cyber_violence,사이버폭력 실태조사,2024,2024년 사이버폭력 실태조사,cyber_violence_2024_27840_file2.pdf,391,0,1,폭력,https://www.nia.or.kr/site/nia_kor/ex/bbs/View.do?cbIdx=68302&bcIdx=27840&parentSeq=27840
cyber_violence,사이버폭력 실태조사,2024,2024년 사이버폭력 실태조사,cyber_violence_2024_27840_file2.pdf,392,0,3,피해; 폭력,https://www.nia.or.kr/site/nia_kor/ex/bbs/View.do?cbIdx=68302&bcIdx=27840&parentSeq=27840
cyber_violence,사이버폭력 실태조사,2024,2024년 사이버폭력 실태조사,cyber_violence_2024_27840_file2.pdf,393,0,1,폭력,https://www.nia.or.kr/site/nia_kor/ex/bbs/View.do?cbIdx=68302&bcIdx=27840&parentSeq=27840
cyber_violence,사이버폭력 실태조사,2024,2024년 사이버폭력 실태조사,cyber_violence_2024_27840_file2.pdf,394,0,1,폭력,https://www.nia.or.kr/site/nia_kor/ex/bbs/View.do?cbIdx=68302&bcIdx=27840&parentSeq=27840
cyber_violence,사이버폭력 실태조사,2024,2024년 사이버폭력 실태조사,cyber_violence_2024_27840_file2.pdf,395,0,3,피해; 폭력,https://www.nia.or.kr/site/nia_kor/ex/bbs/View.do?cbIdx=68302&bcIdx=27840&parentSeq=27840
cyber_violence,사이버폭력 실태조사,2024,2024년 사이버폭력 실태조사,cyber_violence_2024_27840_file2.pdf,396,0,2,폭력,https://www.nia.or.kr/site/nia_kor/ex/bbs/View.do?cbIdx=68302&bcIdx=27840&parentSeq=27840
cyber_violence,사이버폭력 실태조사,2024,2024년 사이버폭력 실태조사,cyber_violence_2024_27840_file2.pdf,397,0,4,피해; 폭력,https://www.nia.or.kr/site/nia_kor/ex/bbs/View.do?cbIdx=68302&bcIdx=27840&parentSeq=27840
cyber_violence,사이버폭력 실태조사,2024,2024년 사이버폭력 실태조사,cyber_violence_2024_27840_file2.pdf,398,0,4,피해; 폭력,https://www.nia.or.kr/site/nia_kor/ex/bbs/View.do?cbIdx=68302&bcIdx=27840&parentSeq=27840
cyber_violence,사이버폭력 실태조사,2024,2024년 사이버폭력 실태조사,cyber_violence_2024_27840_file2.pdf,399,0,1,폭력,https://www.nia.or.kr/site/nia_kor/ex/bbs/View.do?cbIdx=68302&bcIdx=27840&parentSeq=27840
cyber_violence,사이버폭력 실태조사,2024,2024년 사이버폭력 실태조사,cyber_violence_2024_27840_file2.pdf,400,0,1,폭력,https://www.nia.or.kr/site/nia_kor/ex/bbs/View.do?cbIdx=68302&bcIdx=27840&parentSeq=27840
cyber_violence,사이버폭력 실태조사,2024,2024년 사이버폭력 실태조사,cyber_violence_2024_27840_file2.pdf,401,0,1,폭력,https://www.nia.or.kr/site/nia_kor/ex/bbs/View.do?cbIdx=68302&bcIdx=27840&parentSeq=27840
cyber_violence,사이버폭력 실태조사,2024,2024년 사이버폭력 실태조사,cyber_violence_2024_27840_file2.pdf,402,0,1,폭력,https://www.nia.or.kr/site/nia_kor/ex/bbs/View.do?cbIdx=68302&bcIdx=27840&parentSeq=27840
cyber_violence,사이버폭력 실태조사,2024,2024년 사이버폭력 실태조사,cyber_violence_2024_27840_file2.pdf,403,0,1,폭력,https://www.nia.or.kr/site/nia_kor/ex/bbs/View.do?cbIdx=68302&bcIdx=27840&parentSeq=27840
cyber_violence,사이버폭력 실태조사,2024,2024년 사이버폭력 실태조사,cyber_violence_2024_27840_file2.pdf,404,0,1,폭력,https://www.nia.or.kr/site/nia_kor/ex/bbs/View.do?cbIdx=68302&bcIdx=27840&parentSeq=27840
cyber_violence,사이버폭력 실태조사,2024,2024년 사이버폭력 실태조사,cyber_violence_2024_27840_file2.pdf,405,0,1,폭력,https://www.nia.or.kr/site/nia_kor/ex/bbs/View.do?cbIdx=68302&bcIdx=27840&parentSeq=27840
cyber_violence,사이버폭력 실태조사,2024,2024년 사이버폭력 실태조사,cyber_violence_2024_27840_file2.pdf,406,0,1,폭력,https://www.nia.or.kr/site/nia_kor/ex/bbs/View.do?cbIdx=68302&bcIdx=27840&parentSeq=27840
cyber_violence,사이버폭력 실태조사,2024,2024년 사이버폭력 실태조사,cyber_violence_2024_27840_file2.pdf,407,0,1,폭력,https://www.nia.or.kr/site/nia_kor/ex/bbs/View.do?cbIdx=68302&bcIdx=27840&parentSeq=27840
cyber_violence,사이버폭력 실태조사,2024,2024년 사이버폭력 실태조사,cyber_violence_2024_27840_file2.pdf,408,0,1,폭력,https://www.nia.or.kr/site/nia_kor/ex/bbs/View.do?cbIdx=68302&bcIdx=27840&parentSeq=27840
cyber_violence,사이버폭력 실태조사,2024,2024년 사이버폭력 실태조사,cyber_violence_2024_27840_file2.pdf,409,0,1,폭력,https://www.nia.or.kr/site/nia_kor/ex/bbs/View.do?cbIdx=68302&bcIdx=27840&parentSeq=27840
cyber_violence,사이버폭력 실태조사,2024,2024년 사이버폭력 실태조사,cyber_violence_2024_27840_file2.pdf,410,0,1,폭력,https://www.nia.or.kr/site/nia_kor/ex/bbs/View.do?cbIdx=68302&bcIdx=27840&parentSeq=27840
cyber_violence,사이버폭력 실태조사,2024,2024년 사이버폭력 실태조사,cyber_violence_2024_27840_file2.pdf,411,0,2,폭력,https://www.nia.or.kr/site/nia_kor/ex/bbs/View.do?cbIdx=68302&bcIdx=27840&parentSeq=27840
cyber_violence,사이버폭력 실태조사,2024,2024년 사이버폭력 실태조사,cyber_violence_2024_27840_file2.pdf,412,0,3,폭력,https://www.nia.or.kr/site/nia_kor/ex/bbs/View.do?cbIdx=68302&bcIdx=27840&parentSeq=27840
cyber_violence,사이버폭력 실태조사,2024,2024년 사이버폭력 실태조사,cyber_violence_2024_27840_file2.pdf,413,0,1,폭력,https://www.nia.or.kr/site/nia_kor/ex/bbs/View.do?cbIdx=68302&bcIdx=27840&parentSeq=27840
cyber_violence,사이버폭력 실태조사,2024,2024년 사이버폭력 실태조사,cyber_violence_2024_27840_file2.pdf,414,0,1,폭력,https://www.nia.or.kr/site/nia_kor/ex/bbs/View.do?cbIdx=68302&bcIdx=27840&parentSeq=27840
cyber_violence,사이버폭력 실태조사,2024,2024년 사이버폭력 실태조사,cyber_violence_2024_27840_file2.pdf,415,0,1,폭력,https://www.nia.or.kr/site/nia_kor/ex/bbs/View.do?cbIdx=68302&bcIdx=27840&parentSeq=27840
cyber_violence,사이버폭력 실태조사,2024,2024년 사이버폭력 실태조사,cyber_violence_2024_27840_file2.pdf,416,0,1,폭력,https://www.nia.or.kr/site/nia_kor/ex/bbs/View.do?cbIdx=68302&bcIdx=27840&parentSeq=27840
cyber_violence,사이버폭력 실태조사,2024,2024년 사이버폭력 실태조사,cyber_violence_2024_27840_file2.pdf,417,0,1,폭력,https://www.nia.or.kr/site/nia_kor/ex/bbs/View.do?cbIdx=68302&bcIdx=27840&parentSeq=27840
cyber_violence,사이버폭력 실태조사,2024,2024년 사이버폭력 실태조사,cyber_violence_2024_27840_file2.pdf,418,0,1,폭력,https://www.nia.or.kr/site/nia_kor/ex/bbs/View.do?cbIdx=68302&bcIdx=27840&parentSeq=27840
cyber_violence,사이버폭력 실태조사,2024,2024년 사이버폭력 실태조사,cyber_violence_2024_27840_file2.pdf,419,0,1,폭력,https://www.nia.or.kr/site/nia_kor/ex/bbs/View.do?cbIdx=68302&bcIdx=27840&parentSeq=27840
cyber_violence,사이버폭력 실태조사,2024,2024년 사이버폭력 실태조사,cyber_violence_2024_27840_file2.pdf,420,0,1,폭력,https://www.nia.or.kr/site/nia_kor/ex/bbs/View.do?cbIdx=68302&bcIdx=27840&parentSeq=27840
cyber_violence,사이버폭력 실태조사,2024,2024년 사이버폭력 실태조사,cyber_violence_2024_27840_file2.pdf,421,0,1,폭력,https://www.nia.or.kr/site/nia_kor/ex/bbs/View.do?cbIdx=68302&bcIdx=27840&parentSeq=27840
cyber_violence,사이버폭력 실태조사,2024,2024년 사이버폭력 실태조사,cyber_violence_2024_27840_file2.pdf,422,0,1,폭력,https://www.nia.or.kr/site/nia_kor/ex/bbs/View.do?cbIdx=68302&bcIdx=27840&parentSeq=27840
cyber_violence,사이버폭력 실태조사,2024,2024년 사이버폭력 실태조사,cyber_violence_2024_27840_file2.pdf,423,0,1,폭력,https://www.nia.or.kr/site/nia_kor/ex/bbs/View.do?cbIdx=68302&bcIdx=27840&parentSeq=27840
cyber_violence,사이버폭력 실태조사,2024,2024년 사이버폭력 실태조사,cyber_violence_2024_27840_file2.pdf,424,0,1,폭력,https://www.nia.or.kr/site/nia_kor/ex/bbs/View.do?cbIdx=68302&bcIdx=27840&parentSeq=27840
cyber_violence,사이버폭력 실태조사,2024,2024년 사이버폭력 실태조사,cyber_violence_2024_27840_file2.pdf,425,0,4,피해; 폭력,https://www.nia.or.kr/site/nia_kor/ex/bbs/View.do?cbIdx=68302&bcIdx=27840&parentSeq=27840
cyber_violence,사이버폭력 실태조사,2024,2024년 사이버폭력 실태조사,cyber_violence_2024_27840_file2.pdf,426,0,4,피해; 폭력,https://www.nia.or.kr/site/nia_kor/ex/bbs/View.do?cbIdx=68302&bcIdx=27840&parentSeq=27840
cyber_violence,사이버폭력 실태조사,2024,2024년 사이버폭력 실태조사,cyber_violence_2024_27840_file2.pdf,427,0,4,폭력,https://www.nia.or.kr/site/nia_kor/ex/bbs/View.do?cbIdx=68302&bcIdx=27840&parentSeq=27840
cyber_violence,사이버폭력 실태조사,2024,2024년 사이버폭력 실태조사,cyber_violence_2024_27840_file2.pdf,428,0,3,폭력,https://www.nia.or.kr/site/nia_kor/ex/bbs/View.do?cbIdx=68302&bcIdx=27840&parentSeq=27840
cyber_violence,사이버폭력 실태조사,2024,2024년 사이버폭력 실태조사,cyber_violence_2024_27840_file2.pdf,429,0,7,상담; 피해; 폭력; 도움,https://www.nia.or.kr/site/nia_kor/ex/bbs/View.do?cbIdx=68302&bcIdx=27840&parentSeq=27840
cyber_violence,사이버폭력 실태조사,2024,2024년 사이버폭력 실태조사,cyber_violence_2024_27840_file2.pdf,430,0,5,피해; 폭력,https://www.nia.or.kr/site/nia_kor/ex/bbs/View.do?cbIdx=68302&bcIdx=27840&parentSeq=27840
cyber_violence,사이버폭력 실태조사,2024,2024년 사이버폭력 실태조사,cyber_violence_2024_27840_file2.pdf,431,0,6,피해; 폭력,https://www.nia.or.kr/site/nia_kor/ex/bbs/View.do?cbIdx=68302&bcIdx=27840&parentSeq=27840
cyber_violence,사이버폭력 실태조사,2024,2024년 사이버폭력 실태조사,cyber_violence_2024_27840_file2.pdf,432,0,3,피해; 폭력,https://www.nia.or.kr/site/nia_kor/ex/bbs/View.do?cbIdx=68302&bcIdx=27840&parentSeq=27840
cyber_violence,사이버폭력 실태조사,2024,2024년 사이버폭력 실태조사,cyber_violence_2024_27840_file2.pdf,433,0,5,피해; 폭력,https://www.nia.or.kr/site/nia_kor/ex/bbs/View.do?cbIdx=68302&bcIdx=27840&parentSeq=27840
cyber_violence,사이버폭력 실태조사,2024,2024년 사이버폭력 실태조사,cyber_violence_2024_27840_file2.pdf,434,0,5,피해; 폭력,https://www.nia.or.kr/site/nia_kor/ex/bbs/View.do?cbIdx=68302&bcIdx=27840&parentSeq=27840
cyber_violence,사이버폭력 실태조사,2024,2024년 사이버폭력 실태조사,cyber_violence_2024_27840_file2.pdf,435,0,4,피해; 폭력,https://www.nia.or.kr/site/nia_kor/ex/bbs/View.do?cbIdx=68302&bcIdx=27840&parentSeq=27840
cyber_violence,사이버폭력 실태조사,2024,2024년 사이버폭력 실태조사,cyber_violence_2024_27840_file2.pdf,436,0,4,피해; 폭력,https://www.nia.or.kr/site/nia_kor/ex/bbs/View.do?cbIdx=68302&bcIdx=27840&parentSeq=27840
cyber_violence,사이버폭력 실태조사,2024,2024년 사이버폭력 실태조사,cyber_violence_2024_27840_file2.pdf,437,0,5,피해; 폭력,https://www.nia.or.kr/site/nia_kor/ex/bbs/View.do?cbIdx=68302&bcIdx=27840&parentSeq=27840
cyber_violence,사이버폭력 실태조사,2024,2024년 사이버폭력 실태조사,cyber_violence_2024_27840_file2.pdf,438,0,4,피해; 폭력,https://www.nia.or.kr/site/nia_kor/ex/bbs/View.do?cbIdx=68302&bcIdx=27840&parentSeq=27840
cyber_violence,사이버폭력 실태조사,2024,2024년 사이버폭력 실태조사,cyber_violence_2024_27840_file2.pdf,439,0,4,피해; 폭력,https://www.nia.or.kr/site/nia_kor/ex/bbs/View.do?cbIdx=68302&bcIdx=27840&parentSeq=27840
cyber_violence,사이버폭력 실태조사,2024,2024년 사이버폭력 실태조사,cyber_violence_2024_27840_file2.pdf,440,0,4,피해; 폭력,https://www.nia.or.kr/site/nia_kor/ex/bbs/View.do?cbIdx=68302&bcIdx=27840&parentSeq=27840
cyber_violence,사이버폭력 실태조사,2024,2024년 사이버폭력 실태조사,cyber_violence_2024_27840_file2.pdf,441,0,4,피해; 폭력,https://www.nia.or.kr/site/nia_kor/ex/bbs/View.do?cbIdx=68302&bcIdx=27840&parentSeq=27840
cyber_violence,사이버폭력 실태조사,2024,2024년 사이버폭력 실태조사,cyber_violence_2024_27840_file2.pdf,442,0,4,피해; 폭력,https://www.nia.or.kr/site/nia_kor/ex/bbs/View.do?cbIdx=68302&bcIdx=27840&parentSeq=27840
cyber_violence,사이버폭력 실태조사,2024,2024년 사이버폭력 실태조사,cyber_violence_2024_27840_file2.pdf,443,0,4,피해; 폭력,https://www.nia.or.kr/site/nia_kor/ex/bbs/View.do?cbIdx=68302&bcIdx=27840&parentSeq=27840
cyber_violence,사이버폭력 실태조사,2024,2024년 사이버폭력 실태조사,cyber_violence_2024_27840_file2.pdf,444,0,5,피해; 폭력,https://www.nia.or.kr/site/nia_kor/ex/bbs/View.do?cbIdx=68302&bcIdx=27840&parentSeq=27840
cyber_violence,사이버폭력 실태조사,2024,2024년 사이버폭력 실태조사,cyber_violence_2024_27840_file2.pdf,445,0,5,피해; 폭력,https://www.nia.or.kr/site/nia_kor/ex/bbs/View.do?cbIdx=68302&bcIdx=27840&parentSeq=27840
cyber_violence,사이버폭력 실태조사,2024,2024년 사이버폭력 실태조사,cyber_violence_2024_27840_file2.pdf,446,0,5,피해; 폭력,https://www.nia.or.kr/site/nia_kor/ex/bbs/View.do?cbIdx=68302&bcIdx=27840&parentSeq=27840
cyber_violence,사이버폭력 실태조사,2024,2024년 사이버폭력 실태조사,cyber_violence_2024_27840_file2.pdf,447,0,6,상담; 피해; 폭력,https://www.nia.or.kr/site/nia_kor/ex/bbs/View.do?cbIdx=68302&bcIdx=27840&parentSeq=27840
cyber_violence,사이버폭력 실태조사,2024,2024년 사이버폭력 실태조사,cyber_violence_2024_27840_file2.pdf,448,0,9,상담; 피해; 폭력; 도움,https://www.nia.or.kr/site/nia_kor/ex/bbs/View.do?cbIdx=68302&bcIdx=27840&parentSeq=27840
cyber_violence,사이버폭력 실태조사,2024,2024년 사이버폭력 실태조사,cyber_violence_2024_27840_file2.pdf,449,0,9,피해; 폭력; 도움,https://www.nia.or.kr/site/nia_kor/ex/bbs/View.do?cbIdx=68302&bcIdx=27840&parentSeq=27840
cyber_violence,사이버폭력 실태조사,2024,2024년 사이버폭력 실태조사,cyber_violence_2024_27840_file2.pdf,450,0,12,상담; 피해; 폭력; 도움,https://www.nia.or.kr/site/nia_kor/ex/bbs/View.do?cbIdx=68302&bcIdx=27840&parentSeq=27840
cyber_violence,사이버폭력 실태조사,2024,2024년 사이버폭력 실태조사,cyber_violence_2024_27840_file2.pdf,451,0,9,심리; 스트레스; 우울; 불안; 피해; 폭력,https://www.nia.or.kr/site/nia_kor/ex/bbs/View.do?cbIdx=68302&bcIdx=27840&parentSeq=27840
cyber_violence,사이버폭력 실태조사,2024,2024년 사이버폭력 실태조사,cyber_violence_2024_27840_file2.pdf,452,0,6,심리; 피해; 폭력,https://www.nia.or.kr/site/nia_kor/ex/bbs/View.do?cbIdx=68302&bcIdx=27840&parentSeq=27840
cyber_violence,사이버폭력 실태조사,2024,2024년 사이버폭력 실태조사,cyber_violence_2024_27840_file2.pdf,453,0,6,심리; 피해; 폭력,https://www.nia.or.kr/site/nia_kor/ex/bbs/View.do?cbIdx=68302&bcIdx=27840&parentSeq=27840
cyber_violence,사이버폭력 실태조사,2024,2024년 사이버폭력 실태조사,cyber_violence_2024_27840_file2.pdf,454,0,6,심리; 피해; 폭력,https://www.nia.or.kr/site/nia_kor/ex/bbs/View.do?cbIdx=68302&bcIdx=27840&parentSeq=27840
cyber_violence,사이버폭력 실태조사,2024,2024년 사이버폭력 실태조사,cyber_violence_2024_27840_file2.pdf,455,0,12,심리; 스트레스; 우울; 불안; 피해; 폭력,https://www.nia.or.kr/site/nia_kor/ex/bbs/View.do?cbIdx=68302&bcIdx=27840&parentSeq=27840
cyber_violence,사이버폭력 실태조사,2024,2024년 사이버폭력 실태조사,cyber_violence_2024_27840_file2.pdf,456,0,6,심리; 피해; 폭력,https://www.nia.or.kr/site/nia_kor/ex/bbs/View.do?cbIdx=68302&bcIdx=27840&parentSeq=27840
cyber_violence,사이버폭력 실태조사,2024,2024년 사이버폭력 실태조사,cyber_violence_2024_27840_file2.pdf,457,0,7,심리; 피해; 폭력,https://www.nia.or.kr/site/nia_kor/ex/bbs/View.do?cbIdx=68302&bcIdx=27840&parentSeq=27840
cyber_violence,사이버폭력 실태조사,2024,2024년 사이버폭력 실태조사,cyber_violence_2024_27840_file2.pdf,458,0,6,심리; 피해; 폭력,https://www.nia.or.kr/site/nia_kor/ex/bbs/View.do?cbIdx=68302&bcIdx=27840&parentSeq=27840
cyber_violence,사이버폭력 실태조사,2024,2024년 사이버폭력 실태조사,cyber_violence_2024_27840_file2.pdf,459,0,4,폭력,https://www.nia.or.kr/site/nia_kor/ex/bbs/View.do?cbIdx=68302&bcIdx=27840&parentSeq=27840
cyber_violence,사이버폭력 실태조사,2024,2024년 사이버폭력 실태조사,cyber_violence_2024_27840_file2.pdf,460,0,2,폭력,https://www.nia.or.kr/site/nia_kor/ex/bbs/View.do?cbIdx=68302&bcIdx=27840&parentSeq=27840
cyber_violence,사이버폭력 실태조사,2024,2024년 사이버폭력 실태조사,cyber_violence_2024_27840_file2.pdf,461,0,3,폭력,https://www.nia.or.kr/site/nia_kor/ex/bbs/View.do?cbIdx=68302&bcIdx=27840&parentSeq=27840
cyber_violence,사이버폭력 실태조사,2024,2024년 사이버폭력 실태조사,cyber_violence_2024_27840_file2.pdf,462,0,3,폭력,https://www.nia.or.kr/site/nia_kor/ex/bbs/View.do?cbIdx=68302&bcIdx=27840&parentSeq=27840
cyber_violence,사이버폭력 실태조사,2024,2024년 사이버폭력 실태조사,cyber_violence_2024_27840_file2.pdf,463,0,2,폭력,https://www.nia.or.kr/site/nia_kor/ex/bbs/View.do?cbIdx=68302&bcIdx=27840&parentSeq=27840
cyber_violence,사이버폭력 실태조사,2024,2024년 사이버폭력 실태조사,cyber_violence_2024_27840_file2.pdf,464,0,2,폭력,https://www.nia.or.kr/site/nia_kor/ex/bbs/View.do?cbIdx=68302&bcIdx=27840&parentSeq=27840
cyber_violence,사이버폭력 실태조사,2024,2024년 사이버폭력 실태조사,cyber_violence_2024_27840_file2.pdf,465,0,3,폭력,https://www.nia.or.kr/site/nia_kor/ex/bbs/View.do?cbIdx=68302&bcIdx=27840&parentSeq=27840
cyber_violence,사이버폭력 실태조사,2024,2024년 사이버폭력 실태조사,cyber_violence_2024_27840_file2.pdf,466,0,2,폭력,https://www.nia.or.kr/site/nia_kor/ex/bbs/View.do?cbIdx=68302&bcIdx=27840&parentSeq=27840
cyber_violence,사이버폭력 실태조사,2024,2024년 사이버폭력 실태조사,cyber_violence_2024_27840_file2.pdf,467,0,2,폭력,https://www.nia.or.kr/site/nia_kor/ex/bbs/View.do?cbIdx=68302&bcIdx=27840&parentSeq=27840
cyber_violence,사이버폭력 실태조사,2024,2024년 사이버폭력 실태조사,cyber_violence_2024_27840_file2.pdf,468,0,2,폭력,https://www.nia.or.kr/site/nia_kor/ex/bbs/View.do?cbIdx=68302&bcIdx=27840&parentSeq=27840
cyber_violence,사이버폭력 실태조사,2024,2024년 사이버폭력 실태조사,cyber_violence_2024_27840_file2.pdf,469,0,2,폭력,https://www.nia.or.kr/site/nia_kor/ex/bbs/View.do?cbIdx=68302&bcIdx=27840&parentSeq=27840
cyber_violence,사이버폭력 실태조사,2024,2024년 사이버폭력 실태조사,cyber_violence_2024_27840_file2.pdf,470,0,3,폭력,https://www.nia.or.kr/site/nia_kor/ex/bbs/View.do?cbIdx=68302&bcIdx=27840&parentSeq=27840
cyber_violence,사이버폭력 실태조사,2024,2024년 사이버폭력 실태조사,cyber_violence_2024_27840_file2.pdf,471,0,3,폭력,https://www.nia.or.kr/site/nia_kor/ex/bbs/View.do?cbIdx=68302&bcIdx=27840&parentSeq=27840
cyber_violence,사이버폭력 실태조사,2024,2024년 사이버폭력 실태조사,cyber_violence_2024_27840_file2.pdf,472,0,3,폭력,https://www.nia.or.kr/site/nia_kor/ex/bbs/View.do?cbIdx=68302&bcIdx=27840&parentSeq=27840
cyber_violence,사이버폭력 실태조사,2024,2024년 사이버폭력 실태조사,cyber_violence_2024_27840_file2.pdf,473,0,3,폭력,https://www.nia.or.kr/site/nia_kor/ex/bbs/View.do?cbIdx=68302&bcIdx=27840&parentSeq=27840
cyber_violence,사이버폭력 실태조사,2024,2024년 사이버폭력 실태조사,cyber_violence_2024_27840_file2.pdf,474,0,4,스트레스; 폭력,https://www.nia.or.kr/site/nia_kor/ex/bbs/View.do?cbIdx=68302&bcIdx=27840&parentSeq=27840
cyber_violence,사이버폭력 실태조사,2024,2024년 사이버폭력 실태조사,cyber_violence_2024_27840_file2.pdf,475,0,4,피해; 폭력,https://www.nia.or.kr/site/nia_kor/ex/bbs/View.do?cbIdx=68302&bcIdx=27840&parentSeq=27840
cyber_violence,사이버폭력 실태조사,2024,2024년 사이버폭력 실태조사,cyber_violence_2024_27840_file2.pdf,476,0,4,심리; 폭력,https://www.nia.or.kr/site/nia_kor/ex/bbs/View.do?cbIdx=68302&bcIdx=27840&parentSeq=27840
cyber_violence,사이버폭력 실태조사,2024,2024년 사이버폭력 실태조사,cyber_violence_2024_27840_file2.pdf,477,0,4,심리; 폭력,https://www.nia.or.kr/site/nia_kor/ex/bbs/View.do?cbIdx=68302&bcIdx=27840&parentSeq=27840
cyber_violence,사이버폭력 실태조사,2024,2024년 사이버폭력 실태조사,cyber_violence_2024_27840_file2.pdf,478,0,4,심리; 폭력,https://www.nia.or.kr/site/nia_kor/ex/bbs/View.do?cbIdx=68302&bcIdx=27840&parentSeq=27840
cyber_violence,사이버폭력 실태조사,2024,2024년 사이버폭력 실태조사,cyber_violence_2024_27840_file2.pdf,479,0,4,심리; 폭력,https://www.nia.or.kr/site/nia_kor/ex/bbs/View.do?cbIdx=68302&bcIdx=27840&parentSeq=27840
cyber_violence,사이버폭력 실태조사,2024,2024년 사이버폭력 실태조사,cyber_violence_2024_27840_file2.pdf,480,0,4,심리; 폭력,https://www.nia.or.kr/site/nia_kor/ex/bbs/View.do?cbIdx=68302&bcIdx=27840&parentSeq=27840
cyber_violence,사이버폭력 실태조사,2024,2024년 사이버폭력 실태조사,cyber_violence_2024_27840_file2.pdf,481,0,4,심리; 폭력,https://www.nia.or.kr/site/nia_kor/ex/bbs/View.do?cbIdx=68302&bcIdx=27840&parentSeq=27840
cyber_violence,사이버폭력 실태조사,2024,2024년 사이버폭력 실태조사,cyber_violence_2024_27840_file2.pdf,482,0,2,폭력,https://www.nia.or.kr/site/nia_kor/ex/bbs/View.do?cbIdx=68302&bcIdx=27840&parentSeq=27840
cyber_violence,사이버폭력 실태조사,2024,2024년 사이버폭력 실태조사,cyber_violence_2024_27840_file2.pdf,483,0,3,피해; 폭력,https://www.nia.or.kr/site/nia_kor/ex/bbs/View.do?cbIdx=68302&bcIdx=27840&parentSeq=27840
cyber_violence,사이버폭력 실태조사,2024,2024년 사이버폭력 실태조사,cyber_violence_2024_27840_file2.pdf,484,0,2,폭력,https://www.nia.or.kr/site/nia_kor/ex/bbs/View.do?cbIdx=68302&bcIdx=27840&parentSeq=27840
cyber_violence,사이버폭력 실태조사,2024,2024년 사이버폭력 실태조사,cyber_violence_2024_27840_file2.pdf,485,0,4,피해; 폭력,https://www.nia.or.kr/site/nia_kor/ex/bbs/View.do?cbIdx=68302&bcIdx=27840&parentSeq=27840
cyber_violence,사이버폭력 실태조사,2024,2024년 사이버폭력 실태조사,cyber_violence_2024_27840_file2.pdf,486,0,2,폭력,https://www.nia.or.kr/site/nia_kor/ex/bbs/View.do?cbIdx=68302&bcIdx=27840&parentSeq=27840
cyber_violence,사이버폭력 실태조사,2024,2024년 사이버폭력 실태조사,cyber_violence_2024_27840_file2.pdf,487,0,2,폭력,https://www.nia.or.kr/site/nia_kor/ex/bbs/View.do?cbIdx=68302&bcIdx=27840&parentSeq=27840
cyber_violence,사이버폭력 실태조사,2024,2024년 사이버폭력 실태조사,cyber_violence_2024_27840_file2.pdf,488,0,2,폭력,https://www.nia.or.kr/site/nia_kor/ex/bbs/View.do?cbIdx=68302&bcIdx=27840&parentSeq=27840
cyber_violence,사이버폭력 실태조사,2024,2024년 사이버폭력 실태조사,cyber_violence_2024_27840_file2.pdf,489,0,3,폭력,https://www.nia.or.kr/site/nia_kor/ex/bbs/View.do?cbIdx=68302&bcIdx=27840&parentSeq=27840
cyber_violence,사이버폭력 실태조사,2024,2024년 사이버폭력 실태조사,cyber_violence_2024_27840_file2.pdf,490,0,4,폭력,https://www.nia.or.kr/site/nia_kor/ex/bbs/View.do?cbIdx=68302&bcIdx=27840&parentSeq=27840
cyber_violence,사이버폭력 실태조사,2024,2024년 사이버폭력 실태조사,cyber_violence_2024_27840_file2.pdf,491,0,3,폭력,https://www.nia.or.kr/site/nia_kor/ex/bbs/View.do?cbIdx=68302&bcIdx=27840&parentSeq=27840
cyber_violence,사이버폭력 실태조사,2024,2024년 사이버폭력 실태조사,cyber_violence_2024_27840_file2.pdf,492,0,3,폭력,https://www.nia.or.kr/site/nia_kor/ex/bbs/View.do?cbIdx=68302&bcIdx=27840&parentSeq=27840
cyber_violence,사이버폭력 실태조사,2024,2024년 사이버폭력 실태조사,cyber_violence_2024_27840_file2.pdf,493,0,11,폭력; 도움,https://www.nia.or.kr/site/nia_kor/ex/bbs/View.do?cbIdx=68302&bcIdx=27840&parentSeq=27840
cyber_violence,사이버폭력 실태조사,2024,2024년 사이버폭력 실태조사,cyber_violence_2024_27840_file2.pdf,494,0,5,폭력,https://www.nia.or.kr/site/nia_kor/ex/bbs/View.do?cbIdx=68302&bcIdx=27840&parentSeq=27840
cyber_violence,사이버폭력 실태조사,2024,2024년 사이버폭력 실태조사,cyber_violence_2024_27840_file2.pdf,495,0,5,피해; 폭력,https://www.nia.or.kr/site/nia_kor/ex/bbs/View.do?cbIdx=68302&bcIdx=27840&parentSeq=27840
cyber_violence,사이버폭력 실태조사,2024,2024년 사이버폭력 실태조사,cyber_violence_2024_27840_file2.pdf,496,0,12,피해; 폭력,https://www.nia.or.kr/site/nia_kor/ex/bbs/View.do?cbIdx=68302&bcIdx=27840&parentSeq=27840
cyber_violence,사이버폭력 실태조사,2024,2024년 사이버폭력 실태조사,cyber_violence_2024_27840_file2.pdf,497,0,12,피해; 폭력,https://www.nia.or.kr/site/nia_kor/ex/bbs/View.do?cbIdx=68302&bcIdx=27840&parentSeq=27840
cyber_violence,사이버폭력 실태조사,2024,2024년 사이버폭력 실태조사,cyber_violence_2024_27840_file2.pdf,498,0,1,폭력,https://www.nia.or.kr/site/nia_kor/ex/bbs/View.do?cbIdx=68302&bcIdx=27840&parentSeq=27840
cyber_violence,사이버폭력 실태조사,2024,2024년 사이버폭력 실태조사,cyber_violence_2024_27840_file2.pdf,499,0,1,폭력,https://www.nia.or.kr/site/nia_kor/ex/bbs/View.do?cbIdx=68302&bcIdx=27840&parentSeq=27840
cyber_violence,사이버폭력 실태조사,2024,2024년 사이버폭력 실태조사,cyber_violence_2024_27840_file2.pdf,500,0,1,폭력,https://www.nia.or.kr/site/nia_kor/ex/bbs/View.do?cbIdx=68302&bcIdx=27840&parentSeq=27840
cyber_violence,사이버폭력 실태조사,2024,2024년 사이버폭력 실태조사,cyber_violence_2024_27840_file2.pdf,501,0,1,폭력,https://www.nia.or.kr/site/nia_kor/ex/bbs/View.do?cbIdx=68302&bcIdx=27840&parentSeq=27840
cyber_violence,사이버폭력 실태조사,2024,2024년 사이버폭력 실태조사,cyber_violence_2024_27840_file2.pdf,502,0,1,폭력,https://www.nia.or.kr/site/nia_kor/ex/bbs/View.do?cbIdx=68302&bcIdx=27840&parentSeq=27840
cyber_violence,사이버폭력 실태조사,2024,2024년 사이버폭력 실태조사,cyber_violence_2024_27840_file2.pdf,503,0,1,폭력,https://www.nia.or.kr/site/nia_kor/ex/bbs/View.do?cbIdx=68302&bcIdx=27840&parentSeq=27840
cyber_violence,사이버폭력 실태조사,2024,2024년 사이버폭력 실태조사,cyber_violence_2024_27840_file2.pdf,504,0,1,폭력,https://www.nia.or.kr/site/nia_kor/ex/bbs/View.do?cbIdx=68302&bcIdx=27840&parentSeq=27840
cyber_violence,사이버폭력 실태조사,2024,2024년 사이버폭력 실태조사,cyber_violence_2024_27840_file2.pdf,505,0,1,폭력,https://www.nia.or.kr/site/nia_kor/ex/bbs/View.do?cbIdx=68302&bcIdx=27840&parentSeq=27840
cyber_violence,사이버폭력 실태조사,2024,2024년 사이버폭력 실태조사,cyber_violence_2024_27840_file2.pdf,506,0,1,폭력,https://www.nia.or.kr/site/nia_kor/ex/bbs/View.do?cbIdx=68302&bcIdx=27840&parentSeq=27840
cyber_violence,사이버폭력 실태조사,2024,2024년 사이버폭력 실태조사,cyber_violence_2024_27840_file2.pdf,507,0,1,폭력,https://www.nia.or.kr/site/nia_kor/ex/bbs/View.do?cbIdx=68302&bcIdx=27840&parentSeq=27840
cyber_violence,사이버폭력 실태조사,2024,2024년 사이버폭력 실태조사,cyber_violence_2024_27840_file2.pdf,508,0,1,폭력,https://www.nia.or.kr/site/nia_kor/ex/bbs/View.do?cbIdx=68302&bcIdx=27840&parentSeq=27840
cyber_violence,사이버폭력 실태조사,2024,2024년 사이버폭력 실태조사,cyber_violence_2024_27840_file2.pdf,509,0,1,폭력,https://www.nia.or.kr/site/nia_kor/ex/bbs/View.do?cbIdx=68302&bcIdx=27840&parentSeq=27840
cyber_violence,사이버폭력 실태조사,2024,2024년 사이버폭력 실태조사,cyber_violence_2024_27840_file2.pdf,510,0,1,폭력,https://www.nia.or.kr/site/nia_kor/ex/bbs/View.do?cbIdx=68302&bcIdx=27840&parentSeq=27840
cyber_violence,사이버폭력 실태조사,2024,2024년 사이버폭력 실태조사,cyber_violence_2024_27840_file2.pdf,511,0,1,폭력,https://www.nia.or.kr/site/nia_kor/ex/bbs/View.do?cbIdx=68302&bcIdx=27840&parentSeq=27840
cyber_violence,사이버폭력 실태조사,2024,2024년 사이버폭력 실태조사,cyber_violence_2024_27840_file2.pdf,512,0,1,폭력,https://www.nia.or.kr/site/nia_kor/ex/bbs/View.do?cbIdx=68302&bcIdx=27840&parentSeq=27840
cyber_violence,사이버폭력 실태조사,2024,2024년 사이버폭력 실태조사,cyber_violence_2024_27840_file2.pdf,513,0,1,폭력,https://www.nia.or.kr/site/nia_kor/ex/bbs/View.do?cbIdx=68302&bcIdx=27840&parentSeq=27840
cyber_violence,사이버폭력 실태조사,2024,2024년 사이버폭력 실태조사,cyber_violence_2024_27840_file2.pdf,514,0,1,폭력,https://www.nia.or.kr/site/nia_kor/ex/bbs/View.do?cbIdx=68302&bcIdx=27840&parentSeq=27840
cyber_violence,사이버폭력 실태조사,2024,2024년 사이버폭력 실태조사,cyber_violence_2024_27840_file2.pdf,515,0,1,폭력,https://www.nia.or.kr/site/nia_kor/ex/bbs/View.do?cbIdx=68302&bcIdx=27840&parentSeq=27840
cyber_violence,사이버폭력 실태조사,2024,2024년 사이버폭력 실태조사,cyber_violence_2024_27840_file2.pdf,516,0,1,폭력,https://www.nia.or.kr/site/nia_kor/ex/bbs/View.do?cbIdx=68302&bcIdx=27840&parentSeq=27840
cyber_violence,사이버폭력 실태조사,2024,2024년 사이버폭력 실태조사,cyber_violence_2024_27840_file2.pdf,517,0,1,폭력,https://www.nia.or.kr/site/nia_kor/ex/bbs/View.do?cbIdx=68302&bcIdx=27840&parentSeq=27840
cyber_violence,사이버폭력 실태조사,2024,2024년 사이버폭력 실태조사,cyber_violence_2024_27840_file2.pdf,518,0,3,피해; 폭력,https://www.nia.or.kr/site/nia_kor/ex/bbs/View.do?cbIdx=68302&bcIdx=27840&parentSeq=27840
cyber_violence,사이버폭력 실태조사,2024,2024년 사이버폭력 실태조사,cyber_violence_2024_27840_file2.pdf,519,0,1,폭력,https://www.nia.or.kr/site/nia_kor/ex/bbs/View.do?cbIdx=68302&bcIdx=27840&parentSeq=27840
cyber_violence,사이버폭력 실태조사,2024,2024년 사이버폭력 실태조사,cyber_violence_2024_27840_file2.pdf,520,0,1,폭력,https://www.nia.or.kr/site/nia_kor/ex/bbs/View.do?cbIdx=68302&bcIdx=27840&parentSeq=27840
cyber_violence,사이버폭력 실태조사,2023,2023년 사이버폭력 실태조사,cyber_violence_2023_26483_file1.pdf,5,0,9,피해; 폭력,https://www.nia.or.kr/site/nia_kor/ex/bbs/View.do?cbIdx=68302&bcIdx=26483&parentSeq=26483
cyber_violence,사이버폭력 실태조사,2023,2023년 사이버폭력 실태조사,cyber_violence_2023_26483_file1.pdf,6,0,34,피해; 폭력,https://www.nia.or.kr/site/nia_kor/ex/bbs/View.do?cbIdx=68302&bcIdx=26483&parentSeq=26483
cyber_violence,사이버폭력 실태조사,2023,2023년 사이버폭력 실태조사,cyber_violence_2023_26483_file1.pdf,7,0,3,상담; 폭력,https://www.nia.or.kr/site/nia_kor/ex/bbs/View.do?cbIdx=68302&bcIdx=26483&parentSeq=26483
cyber_violence,사이버폭력 실태조사,2023,2023년 사이버폭력 실태조사,cyber_violence_2023_26483_file1.pdf,8,0,9,피해; 폭력,https://www.nia.or.kr/site/nia_kor/ex/bbs/View.do?cbIdx=68302&bcIdx=26483&parentSeq=26483
cyber_violence,사이버폭력 실태조사,2023,2023년 사이버폭력 실태조사,cyber_violence_2023_26483_file1.pdf,9,0,35,피해; 폭력,https://www.nia.or.kr/site/nia_kor/ex/bbs/View.do?cbIdx=68302&bcIdx=26483&parentSeq=26483
cyber_violence,사이버폭력 실태조사,2023,2023년 사이버폭력 실태조사,cyber_violence_2023_26483_file1.pdf,11,0,34,심리; 피해; 폭력; 도움,https://www.nia.or.kr/site/nia_kor/ex/bbs/View.do?cbIdx=68302&bcIdx=26483&parentSeq=26483
cyber_violence,사이버폭력 실태조사,2023,2023년 사이버폭력 실태조사,cyber_violence_2023_26483_file1.pdf,12,0,15,상담; 폭력,https://www.nia.or.kr/site/nia_kor/ex/bbs/View.do?cbIdx=68302&bcIdx=26483&parentSeq=26483
cyber_violence,사이버폭력 실태조사,2023,2023년 사이버폭력 실태조사,cyber_violence_2023_26483_file1.pdf,13,0,36,심리; 피해; 폭력; 도움,https://www.nia.or.kr/site/nia_kor/ex/bbs/View.do?cbIdx=68302&bcIdx=26483&parentSeq=26483
cyber_violence,사이버폭력 실태조사,2023,2023년 사이버폭력 실태조사,cyber_violence_2023_26483_file1.pdf,14,0,10,폭력,https://www.nia.or.kr/site/nia_kor/ex/bbs/View.do?cbIdx=68302&bcIdx=26483&parentSeq=26483
cyber_violence,사이버폭력 실태조사,2023,2023년 사이버폭력 실태조사,cyber_violence_2023_26483_file1.pdf,15,0,56,심리; 피해; 폭력; 도움,https://www.nia.or.kr/site/nia_kor/ex/bbs/View.do?cbIdx=68302&bcIdx=26483&parentSeq=26483
cyber_violence,사이버폭력 실태조사,2023,2023년 사이버폭력 실태조사,cyber_violence_2023_26483_file1.pdf,16,0,26,심리; 상담; 피해; 폭력,https://www.nia.or.kr/site/nia_kor/ex/bbs/View.do?cbIdx=68302&bcIdx=26483&parentSeq=26483
cyber_violence,사이버폭력 실태조사,2023,2023년 사이버폭력 실태조사,cyber_violence_2023_26483_file1.pdf,17,0,41,피해; 폭력,https://www.nia.or.kr/site/nia_kor/ex/bbs/View.do?cbIdx=68302&bcIdx=26483&parentSeq=26483
cyber_violence,사이버폭력 실태조사,2023,2023년 사이버폭력 실태조사,cyber_violence_2023_26483_file1.pdf,18,0,38,심리; 피해; 폭력; 도움,https://www.nia.or.kr/site/nia_kor/ex/bbs/View.do?cbIdx=68302&bcIdx=26483&parentSeq=26483
cyber_violence,사이버폭력 실태조사,2023,2023년 사이버폭력 실태조사,cyber_violence_2023_26483_file1.pdf,33,0,13,폭력,https://www.nia.or.kr/site/nia_kor/ex/bbs/View.do?cbIdx=68302&bcIdx=26483&parentSeq=26483
cyber_violence,사이버폭력 실태조사,2023,2023년 사이버폭력 실태조사,cyber_violence_2023_26483_file1.pdf,34,0,10,피해; 폭력,https://www.nia.or.kr/site/nia_kor/ex/bbs/View.do?cbIdx=68302&bcIdx=26483&parentSeq=26483
cyber_violence,사이버폭력 실태조사,2023,2023년 사이버폭력 실태조사,cyber_violence_2023_26483_file1.pdf,35,0,45,심리; 피해; 폭력; 도움,https://www.nia.or.kr/site/nia_kor/ex/bbs/View.do?cbIdx=68302&bcIdx=26483&parentSeq=26483
cyber_violence,사이버폭력 실태조사,2023,2023년 사이버폭력 실태조사,cyber_violence_2023_26483_file1.pdf,36,0,11,상담; 폭력,https://www.nia.or.kr/site/nia_kor/ex/bbs/View.do?cbIdx=68302&bcIdx=26483&parentSeq=26483
cyber_violence,사이버폭력 실태조사,2023,2023년 사이버폭력 실태조사,cyber_violence_2023_26483_file1.pdf,37,2,1,지능정보; 폭력,https://www.nia.or.kr/site/nia_kor/ex/bbs/View.do?cbIdx=68302&bcIdx=26483&parentSeq=26483
cyber_violence,사이버폭력 실태조사,2023,2023년 사이버폭력 실태조사,cyber_violence_2023_26483_file1.pdf,43,0,4,피해; 폭력,https://www.nia.or.kr/site/nia_kor/ex/bbs/View.do?cbIdx=68302&bcIdx=26483&parentSeq=26483
cyber_violence,사이버폭력 실태조사,2023,2023년 사이버폭력 실태조사,cyber_violence_2023_26483_file1.pdf,47,0,1,폭력,https://www.nia.or.kr/site/nia_kor/ex/bbs/View.do?cbIdx=68302&bcIdx=26483&parentSeq=26483
cyber_violence,사이버폭력 실태조사,2023,2023년 사이버폭력 실태조사,cyber_violence_2023_26483_file1.pdf,51,0,17,피해; 폭력,https://www.nia.or.kr/site/nia_kor/ex/bbs/View.do?cbIdx=68302&bcIdx=26483&parentSeq=26483
cyber_violence,사이버폭력 실태조사,2023,2023년 사이버폭력 실태조사,cyber_violence_2023_26483_file1.pdf,52,0,15,피해; 폭력,https://www.nia.or.kr/site/nia_kor/ex/bbs/View.do?cbIdx=68302&bcIdx=26483&parentSeq=26483
cyber_violence,사이버폭력 실태조사,2023,2023년 사이버폭력 실태조사,cyber_violence_2023_26483_file1.pdf,53,0,11,피해; 폭력,https://www.nia.or.kr/site/nia_kor/ex/bbs/View.do?cbIdx=68302&bcIdx=26483&parentSeq=26483
cyber_violence,사이버폭력 실태조사,2023,2023년 사이버폭력 실태조사,cyber_violence_2023_26483_file1.pdf,54,0,14,심리; 우울; 불안; 피해; 폭력,https://www.nia.or.kr/site/nia_kor/ex/bbs/View.do?cbIdx=68302&bcIdx=26483&parentSeq=26483
cyber_violence,사이버폭력 실태조사,2023,2023년 사이버폭력 실태조사,cyber_violence_2023_26483_file1.pdf,55,0,7,폭력,https://www.nia.or.kr/site/nia_kor/ex/bbs/View.do?cbIdx=68302&bcIdx=26483&parentSeq=26483
cyber_violence,사이버폭력 실태조사,2023,2023년 사이버폭력 실태조사,cyber_violence_2023_26483_file1.pdf,56,0,3,피해; 폭력,https://www.nia.or.kr/site/nia_kor/ex/bbs/View.do?cbIdx=68302&bcIdx=26483&parentSeq=26483
cyber_violence,사이버폭력 실태조사,2023,2023년 사이버폭력 실태조사,cyber_violence_2023_26483_file1.pdf,57,0,3,심리; 폭력,https://www.nia.or.kr/site/nia_kor/ex/bbs/View.do?cbIdx=68302&bcIdx=26483&parentSeq=26483
cyber_violence,사이버폭력 실태조사,2023,2023년 사이버폭력 실태조사,cyber_violence_2023_26483_file1.pdf,58,0,7,폭력,https://www.nia.or.kr/site/nia_kor/ex/bbs/View.do?cbIdx=68302&bcIdx=26483&parentSeq=26483
cyber_violence,사이버폭력 실태조사,2023,2023년 사이버폭력 실태조사,cyber_violence_2023_26483_file1.pdf,59,0,3,피해; 폭력,https://www.nia.or.kr/site/nia_kor/ex/bbs/View.do?cbIdx=68302&bcIdx=26483&parentSeq=26483
cyber_violence,사이버폭력 실태조사,2023,2023년 사이버폭력 실태조사,cyber_violence_2023_26483_file1.pdf,60,0,12,폭력; 도움,https://www.nia.or.kr/site/nia_kor/ex/bbs/View.do?cbIdx=68302&bcIdx=26483&parentSeq=26483
cyber_violence,사이버폭력 실태조사,2023,2023년 사이버폭력 실태조사,cyber_violence_2023_26483_file1.pdf,61,0,2,폭력,https://www.nia.or.kr/site/nia_kor/ex/bbs/View.do?cbIdx=68302&bcIdx=26483&parentSeq=26483
cyber_violence,사이버폭력 실태조사,2023,2023년 사이버폭력 실태조사,cyber_violence_2023_26483_file1.pdf,63,0,5,피해; 폭력,https://www.nia.or.kr/site/nia_kor/ex/bbs/View.do?cbIdx=68302&bcIdx=26483&parentSeq=26483
cyber_violence,사이버폭력 실태조사,2023,2023년 사이버폭력 실태조사,cyber_violence_2023_26483_file1.pdf,64,0,4,피해,https://www.nia.or.kr/site/nia_kor/ex/bbs/View.do?cbIdx=68302&bcIdx=26483&parentSeq=26483
cyber_violence,사이버폭력 실태조사,2023,2023년 사이버폭력 실태조사,cyber_violence_2023_26483_file1.pdf,67,0,18,피해; 폭력,https://www.nia.or.kr/site/nia_kor/ex/bbs/View.do?cbIdx=68302&bcIdx=26483&parentSeq=26483
cyber_violence,사이버폭력 실태조사,2023,2023년 사이버폭력 실태조사,cyber_violence_2023_26483_file1.pdf,68,0,14,피해; 폭력,https://www.nia.or.kr/site/nia_kor/ex/bbs/View.do?cbIdx=68302&bcIdx=26483&parentSeq=26483
cyber_violence,사이버폭력 실태조사,2023,2023년 사이버폭력 실태조사,cyber_violence_2023_26483_file1.pdf,69,0,24,피해; 폭력,https://www.nia.or.kr/site/nia_kor/ex/bbs/View.do?cbIdx=68302&bcIdx=26483&parentSeq=26483
cyber_violence,사이버폭력 실태조사,2023,2023년 사이버폭력 실태조사,cyber_violence_2023_26483_file1.pdf,70,0,11,피해; 폭력,https://www.nia.or.kr/site/nia_kor/ex/bbs/View.do?cbIdx=68302&bcIdx=26483&parentSeq=26483
cyber_violence,사이버폭력 실태조사,2023,2023년 사이버폭력 실태조사,cyber_violence_2023_26483_file1.pdf,71,0,8,피해; 폭력,https://www.nia.or.kr/site/nia_kor/ex/bbs/View.do?cbIdx=68302&bcIdx=26483&parentSeq=26483
cyber_violence,사이버폭력 실태조사,2023,2023년 사이버폭력 실태조사,cyber_violence_2023_26483_file1.pdf,72,0,9,피해; 폭력,https://www.nia.or.kr/site/nia_kor/ex/bbs/View.do?cbIdx=68302&bcIdx=26483&parentSeq=26483
cyber_violence,사이버폭력 실태조사,2023,2023년 사이버폭력 실태조사,cyber_violence_2023_26483_file1.pdf,73,0,12,피해; 폭력,https://www.nia.or.kr/site/nia_kor/ex/bbs/View.do?cbIdx=68302&bcIdx=26483&parentSeq=26483
cyber_violence,사이버폭력 실태조사,2023,2023년 사이버폭력 실태조사,cyber_violence_2023_26483_file1.pdf,74,0,12,피해; 폭력,https://www.nia.or.kr/site/nia_kor/ex/bbs/View.do?cbIdx=68302&bcIdx=26483&parentSeq=26483
cyber_violence,사이버폭력 실태조사,2023,2023년 사이버폭력 실태조사,cyber_violence_2023_26483_file1.pdf,75,0,32,심리; 스트레스; 우울; 불안; 피해; 폭력,https://www.nia.or.kr/site/nia_kor/ex/bbs/View.do?cbIdx=68302&bcIdx=26483&parentSeq=26483
cyber_violence,사이버폭력 실태조사,2023,2023년 사이버폭력 실태조사,cyber_violence_2023_26483_file1.pdf,76,0,18,상담; 피해; 폭력; 도움,https://www.nia.or.kr/site/nia_kor/ex/bbs/View.do?cbIdx=68302&bcIdx=26483&parentSeq=26483
cyber_violence,사이버폭력 실태조사,2023,2023년 사이버폭력 실태조사,cyber_violence_2023_26483_file1.pdf,77,0,15,피해; 폭력; 도움,https://www.nia.or.kr/site/nia_kor/ex/bbs/View.do?cbIdx=68302&bcIdx=26483&parentSeq=26483
cyber_violence,사이버폭력 실태조사,2023,2023년 사이버폭력 실태조사,cyber_violence_2023_26483_file1.pdf,78,0,26,상담; 피해; 폭력; 도움,https://www.nia.or.kr/site/nia_kor/ex/bbs/View.do?cbIdx=68302&bcIdx=26483&parentSeq=26483
cyber_violence,사이버폭력 실태조사,2023,2023년 사이버폭력 실태조사,cyber_violence_2023_26483_file1.pdf,79,0,16,상담; 피해; 폭력,https://www.nia.or.kr/site/nia_kor/ex/bbs/View.do?cbIdx=68302&bcIdx=26483&parentSeq=26483
cyber_violence,사이버폭력 실태조사,2023,2023년 사이버폭력 실태조사,cyber_violence_2023_26483_file1.pdf,80,0,11,폭력,https://www.nia.or.kr/site/nia_kor/ex/bbs/View.do?cbIdx=68302&bcIdx=26483&parentSeq=26483
cyber_violence,사이버폭력 실태조사,2023,2023년 사이버폭력 실태조사,cyber_violence_2023_26483_file1.pdf,81,0,7,폭력,https://www.nia.or.kr/site/nia_kor/ex/bbs/View.do?cbIdx=68302&bcIdx=26483&parentSeq=26483
cyber_violence,사이버폭력 실태조사,2023,2023년 사이버폭력 실태조사,cyber_violence_2023_26483_file1.pdf,82,0,13,폭력,https://www.nia.or.kr/site/nia_kor/ex/bbs/View.do?cbIdx=68302&bcIdx=26483&parentSeq=26483
cyber_violence,사이버폭력 실태조사,2023,2023년 사이버폭력 실태조사,cyber_violence_2023_26483_file1.pdf,83,0,7,폭력,https://www.nia.or.kr/site/nia_kor/ex/bbs/View.do?cbIdx=68302&bcIdx=26483&parentSeq=26483
cyber_violence,사이버폭력 실태조사,2023,2023년 사이버폭력 실태조사,cyber_violence_2023_26483_file1.pdf,84,0,7,폭력,https://www.nia.or.kr/site/nia_kor/ex/bbs/View.do?cbIdx=68302&bcIdx=26483&parentSeq=26483
cyber_violence,사이버폭력 실태조사,2023,2023년 사이버폭력 실태조사,cyber_violence_2023_26483_file1.pdf,85,0,6,폭력,https://www.nia.or.kr/site/nia_kor/ex/bbs/View.do?cbIdx=68302&bcIdx=26483&parentSeq=26483
cyber_violence,사이버폭력 실태조사,2023,2023년 사이버폭력 실태조사,cyber_violence_2023_26483_file1.pdf,86,0,8,스트레스; 폭력,https://www.nia.or.kr/site/nia_kor/ex/bbs/View.do?cbIdx=68302&bcIdx=26483&parentSeq=26483
cyber_violence,사이버폭력 실태조사,2023,2023년 사이버폭력 실태조사,cyber_violence_2023_26483_file1.pdf,87,0,10,심리; 폭력,https://www.nia.or.kr/site/nia_kor/ex/bbs/View.do?cbIdx=68302&bcIdx=26483&parentSeq=26483
cyber_violence,사이버폭력 실태조사,2023,2023년 사이버폭력 실태조사,cyber_violence_2023_26483_file1.pdf,88,0,9,피해; 폭력,https://www.nia.or.kr/site/nia_kor/ex/bbs/View.do?cbIdx=68302&bcIdx=26483&parentSeq=26483
cyber_violence,사이버폭력 실태조사,2023,2023년 사이버폭력 실태조사,cyber_violence_2023_26483_file1.pdf,89,0,5,폭력,https://www.nia.or.kr/site/nia_kor/ex/bbs/View.do?cbIdx=68302&bcIdx=26483&parentSeq=26483
cyber_violence,사이버폭력 실태조사,2023,2023년 사이버폭력 실태조사,cyber_violence_2023_26483_file1.pdf,90,0,19,피해; 폭력,https://www.nia.or.kr/site/nia_kor/ex/bbs/View.do?cbIdx=68302&bcIdx=26483&parentSeq=26483
cyber_violence,사이버폭력 실태조사,2023,2023년 사이버폭력 실태조사,cyber_violence_2023_26483_file1.pdf,91,0,11,피해; 폭력,https://www.nia.or.kr/site/nia_kor/ex/bbs/View.do?cbIdx=68302&bcIdx=26483&parentSeq=26483
cyber_violence,사이버폭력 실태조사,2023,2023년 사이버폭력 실태조사,cyber_violence_2023_26483_file1.pdf,92,0,10,피해; 폭력,https://www.nia.or.kr/site/nia_kor/ex/bbs/View.do?cbIdx=68302&bcIdx=26483&parentSeq=26483
cyber_violence,사이버폭력 실태조사,2023,2023년 사이버폭력 실태조사,cyber_violence_2023_26483_file1.pdf,93,0,17,상담; 피해; 폭력; 도움,https://www.nia.or.kr/site/nia_kor/ex/bbs/View.do?cbIdx=68302&bcIdx=26483&parentSeq=26483
cyber_violence,사이버폭력 실태조사,2023,2023년 사이버폭력 실태조사,cyber_violence_2023_26483_file1.pdf,94,0,12,피해; 폭력,https://www.nia.or.kr/site/nia_kor/ex/bbs/View.do?cbIdx=68302&bcIdx=26483&parentSeq=26483
cyber_violence,사이버폭력 실태조사,2023,2023년 사이버폭력 실태조사,cyber_violence_2023_26483_file1.pdf,95,0,17,피해; 폭력,https://www.nia.or.kr/site/nia_kor/ex/bbs/View.do?cbIdx=68302&bcIdx=26483&parentSeq=26483
cyber_violence,사이버폭력 실태조사,2023,2023년 사이버폭력 실태조사,cyber_violence_2023_26483_file1.pdf,96,0,12,피해; 폭력,https://www.nia.or.kr/site/nia_kor/ex/bbs/View.do?cbIdx=68302&bcIdx=26483&parentSeq=26483
cyber_violence,사이버폭력 실태조사,2023,2023년 사이버폭력 실태조사,cyber_violence_2023_26483_file1.pdf,97,0,11,피해; 폭력,https://www.nia.or.kr/site/nia_kor/ex/bbs/View.do?cbIdx=68302&bcIdx=26483&parentSeq=26483
cyber_violence,사이버폭력 실태조사,2023,2023년 사이버폭력 실태조사,cyber_violence_2023_26483_file1.pdf,98,0,18,피해; 폭력; 도움,https://www.nia.or.kr/site/nia_kor/ex/bbs/View.do?cbIdx=68302&bcIdx=26483&parentSeq=26483
cyber_violence,사이버폭력 실태조사,2023,2023년 사이버폭력 실태조사,cyber_violence_2023_26483_file1.pdf,99,0,10,피해; 폭력,https://www.nia.or.kr/site/nia_kor/ex/bbs/View.do?cbIdx=68302&bcIdx=26483&parentSeq=26483
cyber_violence,사이버폭력 실태조사,2023,2023년 사이버폭력 실태조사,cyber_violence_2023_26483_file1.pdf,100,0,19,상담; 피해; 폭력,https://www.nia.or.kr/site/nia_kor/ex/bbs/View.do?cbIdx=68302&bcIdx=26483&parentSeq=26483
cyber_violence,사이버폭력 실태조사,2023,2023년 사이버폭력 실태조사,cyber_violence_2023_26483_file1.pdf,101,0,12,피해; 폭력,https://www.nia.or.kr/site/nia_kor/ex/bbs/View.do?cbIdx=68302&bcIdx=26483&parentSeq=26483
cyber_violence,사이버폭력 실태조사,2023,2023년 사이버폭력 실태조사,cyber_violence_2023_26483_file1.pdf,102,0,4,피해; 폭력,https://www.nia.or.kr/site/nia_kor/ex/bbs/View.do?cbIdx=68302&bcIdx=26483&parentSeq=26483
cyber_violence,사이버폭력 실태조사,2023,2023년 사이버폭력 실태조사,cyber_violence_2023_26483_file1.pdf,103,0,5,피해; 폭력,https://www.nia.or.kr/site/nia_kor/ex/bbs/View.do?cbIdx=68302&bcIdx=26483&parentSeq=26483
cyber_violence,사이버폭력 실태조사,2023,2023년 사이버폭력 실태조사,cyber_violence_2023_26483_file1.pdf,105,0,3,피해; 폭력,https://www.nia.or.kr/site/nia_kor/ex/bbs/View.do?cbIdx=68302&bcIdx=26483&parentSeq=26483
cyber_violence,사이버폭력 실태조사,2023,2023년 사이버폭력 실태조사,cyber_violence_2023_26483_file1.pdf,106,0,5,피해; 폭력,https://www.nia.or.kr/site/nia_kor/ex/bbs/View.do?cbIdx=68302&bcIdx=26483&parentSeq=26483
cyber_violence,사이버폭력 실태조사,2023,2023년 사이버폭력 실태조사,cyber_violence_2023_26483_file1.pdf,108,0,2,피해; 폭력,https://www.nia.or.kr/site/nia_kor/ex/bbs/View.do?cbIdx=68302&bcIdx=26483&parentSeq=26483
cyber_violence,사이버폭력 실태조사,2023,2023년 사이버폭력 실태조사,cyber_violence_2023_26483_file1.pdf,109,0,6,피해; 폭력,https://www.nia.or.kr/site/nia_kor/ex/bbs/View.do?cbIdx=68302&bcIdx=26483&parentSeq=26483
cyber_violence,사이버폭력 실태조사,2023,2023년 사이버폭력 실태조사,cyber_violence_2023_26483_file1.pdf,110,0,3,피해; 폭력,https://www.nia.or.kr/site/nia_kor/ex/bbs/View.do?cbIdx=68302&bcIdx=26483&parentSeq=26483
cyber_violence,사이버폭력 실태조사,2023,2023년 사이버폭력 실태조사,cyber_violence_2023_26483_file1.pdf,111,0,14,상담; 피해; 폭력,https://www.nia.or.kr/site/nia_kor/ex/bbs/View.do?cbIdx=68302&bcIdx=26483&parentSeq=26483
cyber_violence,사이버폭력 실태조사,2023,2023년 사이버폭력 실태조사,cyber_violence_2023_26483_file1.pdf,112,0,4,피해; 폭력,https://www.nia.or.kr/site/nia_kor/ex/bbs/View.do?cbIdx=68302&bcIdx=26483&parentSeq=26483
cyber_violence,사이버폭력 실태조사,2023,2023년 사이버폭력 실태조사,cyber_violence_2023_26483_file1.pdf,113,0,4,피해; 폭력,https://www.nia.or.kr/site/nia_kor/ex/bbs/View.do?cbIdx=68302&bcIdx=26483&parentSeq=26483
cyber_violence,사이버폭력 실태조사,2023,2023년 사이버폭력 실태조사,cyber_violence_2023_26483_file1.pdf,114,0,6,피해; 폭력,https://www.nia.or.kr/site/nia_kor/ex/bbs/View.do?cbIdx=68302&bcIdx=26483&parentSeq=26483
cyber_violence,사이버폭력 실태조사,2023,2023년 사이버폭력 실태조사,cyber_violence_2023_26483_file1.pdf,115,0,2,폭력,https://www.nia.or.kr/site/nia_kor/ex/bbs/View.do?cbIdx=68302&bcIdx=26483&parentSeq=26483
cyber_violence,사이버폭력 실태조사,2023,2023년 사이버폭력 실태조사,cyber_violence_2023_26483_file1.pdf,116,0,4,피해; 폭력,https://www.nia.or.kr/site/nia_kor/ex/bbs/View.do?cbIdx=68302&bcIdx=26483&parentSeq=26483
cyber_violence,사이버폭력 실태조사,2023,2023년 사이버폭력 실태조사,cyber_violence_2023_26483_file1.pdf,121,0,13,폭력,https://www.nia.or.kr/site/nia_kor/ex/bbs/View.do?cbIdx=68302&bcIdx=26483&parentSeq=26483
cyber_violence,사이버폭력 실태조사,2023,2023년 사이버폭력 실태조사,cyber_violence_2023_26483_file1.pdf,122,0,10,피해; 폭력,https://www.nia.or.kr/site/nia_kor/ex/bbs/View.do?cbIdx=68302&bcIdx=26483&parentSeq=26483
cyber_violence,사이버폭력 실태조사,2023,2023년 사이버폭력 실태조사,cyber_violence_2023_26483_file1.pdf,123,0,47,심리; 피해; 폭력; 도움,https://www.nia.or.kr/site/nia_kor/ex/bbs/View.do?cbIdx=68302&bcIdx=26483&parentSeq=26483
cyber_violence,사이버폭력 실태조사,2023,2023년 사이버폭력 실태조사,cyber_violence_2023_26483_file1.pdf,124,0,6,폭력,https://www.nia.or.kr/site/nia_kor/ex/bbs/View.do?cbIdx=68302&bcIdx=26483&parentSeq=26483
cyber_violence,사이버폭력 실태조사,2023,2023년 사이버폭력 실태조사,cyber_violence_2023_26483_file1.pdf,125,2,1,지능정보; 폭력,https://www.nia.or.kr/site/nia_kor/ex/bbs/View.do?cbIdx=68302&bcIdx=26483&parentSeq=26483
cyber_violence,사이버폭력 실태조사,2023,2023년 사이버폭력 실태조사,cyber_violence_2023_26483_file1.pdf,131,0,4,피해; 폭력,https://www.nia.or.kr/site/nia_kor/ex/bbs/View.do?cbIdx=68302&bcIdx=26483&parentSeq=26483
cyber_violence,사이버폭력 실태조사,2023,2023년 사이버폭력 실태조사,cyber_violence_2023_26483_file1.pdf,136,0,1,폭력,https://www.nia.or.kr/site/nia_kor/ex/bbs/View.do?cbIdx=68302&bcIdx=26483&parentSeq=26483
cyber_violence,사이버폭력 실태조사,2023,2023년 사이버폭력 실태조사,cyber_violence_2023_26483_file1.pdf,139,0,17,피해; 폭력,https://www.nia.or.kr/site/nia_kor/ex/bbs/View.do?cbIdx=68302&bcIdx=26483&parentSeq=26483
cyber_violence,사이버폭력 실태조사,2023,2023년 사이버폭력 실태조사,cyber_violence_2023_26483_file1.pdf,140,0,17,피해; 폭력,https://www.nia.or.kr/site/nia_kor/ex/bbs/View.do?cbIdx=68302&bcIdx=26483&parentSeq=26483
cyber_violence,사이버폭력 실태조사,2023,2023년 사이버폭력 실태조사,cyber_violence_2023_26483_file1.pdf,141,0,13,피해; 폭력,https://www.nia.or.kr/site/nia_kor/ex/bbs/View.do?cbIdx=68302&bcIdx=26483&parentSeq=26483
cyber_violence,사이버폭력 실태조사,2023,2023년 사이버폭력 실태조사,cyber_violence_2023_26483_file1.pdf,142,0,14,우울; 불안; 피해; 폭력; 도움,https://www.nia.or.kr/site/nia_kor/ex/bbs/View.do?cbIdx=68302&bcIdx=26483&parentSeq=26483
cyber_violence,사이버폭력 실태조사,2023,2023년 사이버폭력 실태조사,cyber_violence_2023_26483_file1.pdf,143,0,10,피해; 폭력,https://www.nia.or.kr/site/nia_kor/ex/bbs/View.do?cbIdx=68302&bcIdx=26483&parentSeq=26483
cyber_violence,사이버폭력 실태조사,2023,2023년 사이버폭력 실태조사,cyber_violence_2023_26483_file1.pdf,144,0,3,피해; 폭력,https://www.nia.or.kr/site/nia_kor/ex/bbs/View.do?cbIdx=68302&bcIdx=26483&parentSeq=26483
cyber_violence,사이버폭력 실태조사,2023,2023년 사이버폭력 실태조사,cyber_violence_2023_26483_file1.pdf,145,0,3,심리; 폭력,https://www.nia.or.kr/site/nia_kor/ex/bbs/View.do?cbIdx=68302&bcIdx=26483&parentSeq=26483
cyber_violence,사이버폭력 실태조사,2023,2023년 사이버폭력 실태조사,cyber_violence_2023_26483_file1.pdf,146,0,7,폭력,https://www.nia.or.kr/site/nia_kor/ex/bbs/View.do?cbIdx=68302&bcIdx=26483&parentSeq=26483
cyber_violence,사이버폭력 실태조사,2023,2023년 사이버폭력 실태조사,cyber_violence_2023_26483_file1.pdf,147,0,5,피해; 폭력,https://www.nia.or.kr/site/nia_kor/ex/bbs/View.do?cbIdx=68302&bcIdx=26483&parentSeq=26483
cyber_violence,사이버폭력 실태조사,2023,2023년 사이버폭력 실태조사,cyber_violence_2023_26483_file1.pdf,148,0,11,폭력; 도움,https://www.nia.or.kr/site/nia_kor/ex/bbs/View.do?cbIdx=68302&bcIdx=26483&parentSeq=26483
cyber_violence,사이버폭력 실태조사,2023,2023년 사이버폭력 실태조사,cyber_violence_2023_26483_file1.pdf,149,0,3,폭력,https://www.nia.or.kr/site/nia_kor/ex/bbs/View.do?cbIdx=68302&bcIdx=26483&parentSeq=26483
cyber_violence,사이버폭력 실태조사,2023,2023년 사이버폭력 실태조사,cyber_violence_2023_26483_file1.pdf,151,0,3,피해,https://www.nia.or.kr/site/nia_kor/ex/bbs/View.do?cbIdx=68302&bcIdx=26483&parentSeq=26483
cyber_violence,사이버폭력 실태조사,2023,2023년 사이버폭력 실태조사,cyber_violence_2023_26483_file1.pdf,152,0,3,피해,https://www.nia.or.kr/site/nia_kor/ex/bbs/View.do?cbIdx=68302&bcIdx=26483&parentSeq=26483
cyber_violence,사이버폭력 실태조사,2023,2023년 사이버폭력 실태조사,cyber_violence_2023_26483_file1.pdf,155,0,18,피해; 폭력,https://www.nia.or.kr/site/nia_kor/ex/bbs/View.do?cbIdx=68302&bcIdx=26483&parentSeq=26483
cyber_violence,사이버폭력 실태조사,2023,2023년 사이버폭력 실태조사,cyber_violence_2023_26483_file1.pdf,156,0,14,피해; 폭력,https://www.nia.or.kr/site/nia_kor/ex/bbs/View.do?cbIdx=68302&bcIdx=26483&parentSeq=26483
cyber_violence,사이버폭력 실태조사,2023,2023년 사이버폭력 실태조사,cyber_violence_2023_26483_file1.pdf,157,0,24,피해; 폭력,https://www.nia.or.kr/site/nia_kor/ex/bbs/View.do?cbIdx=68302&bcIdx=26483&parentSeq=26483
cyber_violence,사이버폭력 실태조사,2023,2023년 사이버폭력 실태조사,cyber_violence_2023_26483_file1.pdf,158,0,11,피해; 폭력,https://www.nia.or.kr/site/nia_kor/ex/bbs/View.do?cbIdx=68302&bcIdx=26483&parentSeq=26483
cyber_violence,사이버폭력 실태조사,2023,2023년 사이버폭력 실태조사,cyber_violence_2023_26483_file1.pdf,159,0,9,피해; 폭력,https://www.nia.or.kr/site/nia_kor/ex/bbs/View.do?cbIdx=68302&bcIdx=26483&parentSeq=26483
cyber_violence,사이버폭력 실태조사,2023,2023년 사이버폭력 실태조사,cyber_violence_2023_26483_file1.pdf,160,0,12,피해; 폭력,https://www.nia.or.kr/site/nia_kor/ex/bbs/View.do?cbIdx=68302&bcIdx=26483&parentSeq=26483
cyber_violence,사이버폭력 실태조사,2023,2023년 사이버폭력 실태조사,cyber_violence_2023_26483_file1.pdf,161,0,12,피해; 폭력,https://www.nia.or.kr/site/nia_kor/ex/bbs/View.do?cbIdx=68302&bcIdx=26483&parentSeq=26483
cyber_violence,사이버폭력 실태조사,2023,2023년 사이버폭력 실태조사,cyber_violence_2023_26483_file1.pdf,162,0,28,심리; 스트레스; 우울; 불안; 피해; 폭력,https://www.nia.or.kr/site/nia_kor/ex/bbs/View.do?cbIdx=68302&bcIdx=26483&parentSeq=26483
cyber_violence,사이버폭력 실태조사,2023,2023년 사이버폭력 실태조사,cyber_violence_2023_26483_file1.pdf,163,0,17,상담; 피해; 폭력; 도움,https://www.nia.or.kr/site/nia_kor/ex/bbs/View.do?cbIdx=68302&bcIdx=26483&parentSeq=26483
cyber_violence,사이버폭력 실태조사,2023,2023년 사이버폭력 실태조사,cyber_violence_2023_26483_file1.pdf,164,0,17,피해; 폭력; 도움,https://www.nia.or.kr/site/nia_kor/ex/bbs/View.do?cbIdx=68302&bcIdx=26483&parentSeq=26483
cyber_violence,사이버폭력 실태조사,2023,2023년 사이버폭력 실태조사,cyber_violence_2023_26483_file1.pdf,165,0,25,상담; 피해; 폭력; 도움,https://www.nia.or.kr/site/nia_kor/ex/bbs/View.do?cbIdx=68302&bcIdx=26483&parentSeq=26483
cyber_violence,사이버폭력 실태조사,2023,2023년 사이버폭력 실태조사,cyber_violence_2023_26483_file1.pdf,166,0,17,상담; 피해; 폭력,https://www.nia.or.kr/site/nia_kor/ex/bbs/View.do?cbIdx=68302&bcIdx=26483&parentSeq=26483
cyber_violence,사이버폭력 실태조사,2023,2023년 사이버폭력 실태조사,cyber_violence_2023_26483_file1.pdf,167,0,11,폭력,https://www.nia.or.kr/site/nia_kor/ex/bbs/View.do?cbIdx=68302&bcIdx=26483&parentSeq=26483
cyber_violence,사이버폭력 실태조사,2023,2023년 사이버폭력 실태조사,cyber_violence_2023_26483_file1.pdf,168,0,7,폭력,https://www.nia.or.kr/site/nia_kor/ex/bbs/View.do?cbIdx=68302&bcIdx=26483&parentSeq=26483
cyber_violence,사이버폭력 실태조사,2023,2023년 사이버폭력 실태조사,cyber_violence_2023_26483_file1.pdf,169,0,12,폭력,https://www.nia.or.kr/site/nia_kor/ex/bbs/View.do?cbIdx=68302&bcIdx=26483&parentSeq=26483
cyber_violence,사이버폭력 실태조사,2023,2023년 사이버폭력 실태조사,cyber_violence_2023_26483_file1.pdf,170,0,7,폭력,https://www.nia.or.kr/site/nia_kor/ex/bbs/View.do?cbIdx=68302&bcIdx=26483&parentSeq=26483
cyber_violence,사이버폭력 실태조사,2023,2023년 사이버폭력 실태조사,cyber_violence_2023_26483_file1.pdf,171,0,6,폭력,https://www.nia.or.kr/site/nia_kor/ex/bbs/View.do?cbIdx=68302&bcIdx=26483&parentSeq=26483
cyber_violence,사이버폭력 실태조사,2023,2023년 사이버폭력 실태조사,cyber_violence_2023_26483_file1.pdf,172,0,6,폭력,https://www.nia.or.kr/site/nia_kor/ex/bbs/View.do?cbIdx=68302&bcIdx=26483&parentSeq=26483
cyber_violence,사이버폭력 실태조사,2023,2023년 사이버폭력 실태조사,cyber_violence_2023_26483_file1.pdf,173,0,10,스트레스; 폭력,https://www.nia.or.kr/site/nia_kor/ex/bbs/View.do?cbIdx=68302&bcIdx=26483&parentSeq=26483
cyber_violence,사이버폭력 실태조사,2023,2023년 사이버폭력 실태조사,cyber_violence_2023_26483_file1.pdf,174,0,10,심리; 폭력,https://www.nia.or.kr/site/nia_kor/ex/bbs/View.do?cbIdx=68302&bcIdx=26483&parentSeq=26483
cyber_violence,사이버폭력 실태조사,2023,2023년 사이버폭력 실태조사,cyber_violence_2023_26483_file1.pdf,175,0,9,피해; 폭력,https://www.nia.or.kr/site/nia_kor/ex/bbs/View.do?cbIdx=68302&bcIdx=26483&parentSeq=26483
cyber_violence,사이버폭력 실태조사,2023,2023년 사이버폭력 실태조사,cyber_violence_2023_26483_file1.pdf,176,0,5,폭력,https://www.nia.or.kr/site/nia_kor/ex/bbs/View.do?cbIdx=68302&bcIdx=26483&parentSeq=26483
cyber_violence,사이버폭력 실태조사,2023,2023년 사이버폭력 실태조사,cyber_violence_2023_26483_file1.pdf,177,0,16,피해; 폭력,https://www.nia.or.kr/site/nia_kor/ex/bbs/View.do?cbIdx=68302&bcIdx=26483&parentSeq=26483
cyber_violence,사이버폭력 실태조사,2023,2023년 사이버폭력 실태조사,cyber_violence_2023_26483_file1.pdf,178,0,12,피해; 폭력,https://www.nia.or.kr/site/nia_kor/ex/bbs/View.do?cbIdx=68302&bcIdx=26483&parentSeq=26483
cyber_violence,사이버폭력 실태조사,2023,2023년 사이버폭력 실태조사,cyber_violence_2023_26483_file1.pdf,179,0,11,피해; 폭력,https://www.nia.or.kr/site/nia_kor/ex/bbs/View.do?cbIdx=68302&bcIdx=26483&parentSeq=26483
cyber_violence,사이버폭력 실태조사,2023,2023년 사이버폭력 실태조사,cyber_violence_2023_26483_file1.pdf,180,0,19,상담; 피해; 폭력; 도움,https://www.nia.or.kr/site/nia_kor/ex/bbs/View.do?cbIdx=68302&bcIdx=26483&parentSeq=26483
cyber_violence,사이버폭력 실태조사,2023,2023년 사이버폭력 실태조사,cyber_violence_2023_26483_file1.pdf,181,0,13,피해; 폭력,https://www.nia.or.kr/site/nia_kor/ex/bbs/View.do?cbIdx=68302&bcIdx=26483&parentSeq=26483
cyber_violence,사이버폭력 실태조사,2023,2023년 사이버폭력 실태조사,cyber_violence_2023_26483_file1.pdf,182,0,16,피해; 폭력,https://www.nia.or.kr/site/nia_kor/ex/bbs/View.do?cbIdx=68302&bcIdx=26483&parentSeq=26483
cyber_violence,사이버폭력 실태조사,2023,2023년 사이버폭력 실태조사,cyber_violence_2023_26483_file1.pdf,183,0,12,피해; 폭력,https://www.nia.or.kr/site/nia_kor/ex/bbs/View.do?cbIdx=68302&bcIdx=26483&parentSeq=26483
cyber_violence,사이버폭력 실태조사,2023,2023년 사이버폭력 실태조사,cyber_violence_2023_26483_file1.pdf,184,0,10,피해; 폭력,https://www.nia.or.kr/site/nia_kor/ex/bbs/View.do?cbIdx=68302&bcIdx=26483&parentSeq=26483
cyber_violence,사이버폭력 실태조사,2023,2023년 사이버폭력 실태조사,cyber_violence_2023_26483_file1.pdf,185,0,18,피해; 폭력; 도움,https://www.nia.or.kr/site/nia_kor/ex/bbs/View.do?cbIdx=68302&bcIdx=26483&parentSeq=26483
cyber_violence,사이버폭력 실태조사,2023,2023년 사이버폭력 실태조사,cyber_violence_2023_26483_file1.pdf,186,0,9,피해; 폭력,https://www.nia.or.kr/site/nia_kor/ex/bbs/View.do?cbIdx=68302&bcIdx=26483&parentSeq=26483
cyber_violence,사이버폭력 실태조사,2023,2023년 사이버폭력 실태조사,cyber_violence_2023_26483_file1.pdf,187,0,10,피해; 폭력,https://www.nia.or.kr/site/nia_kor/ex/bbs/View.do?cbIdx=68302&bcIdx=26483&parentSeq=26483
cyber_violence,사이버폭력 실태조사,2023,2023년 사이버폭력 실태조사,cyber_violence_2023_26483_file1.pdf,188,0,5,피해; 폭력,https://www.nia.or.kr/site/nia_kor/ex/bbs/View.do?cbIdx=68302&bcIdx=26483&parentSeq=26483
cyber_violence,사이버폭력 실태조사,2023,2023년 사이버폭력 실태조사,cyber_violence_2023_26483_file1.pdf,189,0,5,피해; 폭력,https://www.nia.or.kr/site/nia_kor/ex/bbs/View.do?cbIdx=68302&bcIdx=26483&parentSeq=26483
cyber_violence,사이버폭력 실태조사,2023,2023년 사이버폭력 실태조사,cyber_violence_2023_26483_file1.pdf,191,0,3,피해; 폭력,https://www.nia.or.kr/site/nia_kor/ex/bbs/View.do?cbIdx=68302&bcIdx=26483&parentSeq=26483
cyber_violence,사이버폭력 실태조사,2023,2023년 사이버폭력 실태조사,cyber_violence_2023_26483_file1.pdf,192,0,5,피해; 폭력,https://www.nia.or.kr/site/nia_kor/ex/bbs/View.do?cbIdx=68302&bcIdx=26483&parentSeq=26483
cyber_violence,사이버폭력 실태조사,2023,2023년 사이버폭력 실태조사,cyber_violence_2023_26483_file1.pdf,194,0,3,피해; 폭력,https://www.nia.or.kr/site/nia_kor/ex/bbs/View.do?cbIdx=68302&bcIdx=26483&parentSeq=26483
cyber_violence,사이버폭력 실태조사,2023,2023년 사이버폭력 실태조사,cyber_violence_2023_26483_file1.pdf,195,0,5,피해; 폭력,https://www.nia.or.kr/site/nia_kor/ex/bbs/View.do?cbIdx=68302&bcIdx=26483&parentSeq=26483
cyber_violence,사이버폭력 실태조사,2023,2023년 사이버폭력 실태조사,cyber_violence_2023_26483_file1.pdf,196,0,6,피해; 폭력,https://www.nia.or.kr/site/nia_kor/ex/bbs/View.do?cbIdx=68302&bcIdx=26483&parentSeq=26483
cyber_violence,사이버폭력 실태조사,2023,2023년 사이버폭력 실태조사,cyber_violence_2023_26483_file1.pdf,197,0,3,피해; 폭력,https://www.nia.or.kr/site/nia_kor/ex/bbs/View.do?cbIdx=68302&bcIdx=26483&parentSeq=26483
cyber_violence,사이버폭력 실태조사,2023,2023년 사이버폭력 실태조사,cyber_violence_2023_26483_file1.pdf,198,0,4,피해; 폭력,https://www.nia.or.kr/site/nia_kor/ex/bbs/View.do?cbIdx=68302&bcIdx=26483&parentSeq=26483
cyber_violence,사이버폭력 실태조사,2023,2023년 사이버폭력 실태조사,cyber_violence_2023_26483_file1.pdf,199,0,6,피해; 폭력,https://www.nia.or.kr/site/nia_kor/ex/bbs/View.do?cbIdx=68302&bcIdx=26483&parentSeq=26483
cyber_violence,사이버폭력 실태조사,2023,2023년 사이버폭력 실태조사,cyber_violence_2023_26483_file1.pdf,200,0,2,폭력,https://www.nia.or.kr/site/nia_kor/ex/bbs/View.do?cbIdx=68302&bcIdx=26483&parentSeq=26483
cyber_violence,사이버폭력 실태조사,2023,2023년 사이버폭력 실태조사,cyber_violence_2023_26483_file1.pdf,201,0,4,피해; 폭력,https://www.nia.or.kr/site/nia_kor/ex/bbs/View.do?cbIdx=68302&bcIdx=26483&parentSeq=26483
cyber_violence,사이버폭력 실태조사,2023,2023년 사이버폭력 실태조사,cyber_violence_2023_26483_file1.pdf,205,0,10,불안; 피해; 폭력,https://www.nia.or.kr/site/nia_kor/ex/bbs/View.do?cbIdx=68302&bcIdx=26483&parentSeq=26483
cyber_violence,사이버폭력 실태조사,2023,2023년 사이버폭력 실태조사,cyber_violence_2023_26483_file1.pdf,206,0,29,상담; 피해; 폭력,https://www.nia.or.kr/site/nia_kor/ex/bbs/View.do?cbIdx=68302&bcIdx=26483&parentSeq=26483
cyber_violence,사이버폭력 실태조사,2023,2023년 사이버폭력 실태조사,cyber_violence_2023_26483_file1.pdf,207,0,1,폭력,https://www.nia.or.kr/site/nia_kor/ex/bbs/View.do?cbIdx=68302&bcIdx=26483&parentSeq=26483
cyber_violence,사이버폭력 실태조사,2023,2023년 사이버폭력 실태조사,cyber_violence_2023_26483_file1.pdf,208,0,2,피해,https://www.nia.or.kr/site/nia_kor/ex/bbs/View.do?cbIdx=68302&bcIdx=26483&parentSeq=26483
cyber_violence,사이버폭력 실태조사,2023,2023년 사이버폭력 실태조사,cyber_violence_2023_26483_file1.pdf,251,0,2,폭력,https://www.nia.or.kr/site/nia_kor/ex/bbs/View.do?cbIdx=68302&bcIdx=26483&parentSeq=26483
cyber_violence,사이버폭력 실태조사,2023,2023년 사이버폭력 실태조사,cyber_violence_2023_26483_file1.pdf,252,0,2,폭력,https://www.nia.or.kr/site/nia_kor/ex/bbs/View.do?cbIdx=68302&bcIdx=26483&parentSeq=26483
cyber_violence,사이버폭력 실태조사,2023,2023년 사이버폭력 실태조사,cyber_violence_2023_26483_file1.pdf,253,0,3,피해; 폭력,https://www.nia.or.kr/site/nia_kor/ex/bbs/View.do?cbIdx=68302&bcIdx=26483&parentSeq=26483
cyber_violence,사이버폭력 실태조사,2023,2023년 사이버폭력 실태조사,cyber_violence_2023_26483_file1.pdf,254,0,3,피해; 폭력,https://www.nia.or.kr/site/nia_kor/ex/bbs/View.do?cbIdx=68302&bcIdx=26483&parentSeq=26483
cyber_violence,사이버폭력 실태조사,2023,2023년 사이버폭력 실태조사,cyber_violence_2023_26483_file1.pdf,255,0,1,폭력,https://www.nia.or.kr/site/nia_kor/ex/bbs/View.do?cbIdx=68302&bcIdx=26483&parentSeq=26483
cyber_violence,사이버폭력 실태조사,2023,2023년 사이버폭력 실태조사,cyber_violence_2023_26483_file1.pdf,256,0,1,폭력,https://www.nia.or.kr/site/nia_kor/ex/bbs/View.do?cbIdx=68302&bcIdx=26483&parentSeq=26483
cyber_violence,사이버폭력 실태조사,2023,2023년 사이버폭력 실태조사,cyber_violence_2023_26483_file1.pdf,257,0,1,폭력,https://www.nia.or.kr/site/nia_kor/ex/bbs/View.do?cbIdx=68302&bcIdx=26483&parentSeq=26483
cyber_violence,사이버폭력 실태조사,2023,2023년 사이버폭력 실태조사,cyber_violence_2023_26483_file1.pdf,258,0,1,폭력,https://www.nia.or.kr/site/nia_kor/ex/bbs/View.do?cbIdx=68302&bcIdx=26483&parentSeq=26483
cyber_violence,사이버폭력 실태조사,2023,2023년 사이버폭력 실태조사,cyber_violence_2023_26483_file1.pdf,259,0,1,폭력,https://www.nia.or.kr/site/nia_kor/ex/bbs/View.do?cbIdx=68302&bcIdx=26483&parentSeq=26483
cyber_violence,사이버폭력 실태조사,2023,2023년 사이버폭력 실태조사,cyber_violence_2023_26483_file1.pdf,260,0,1,폭력,https://www.nia.or.kr/site/nia_kor/ex/bbs/View.do?cbIdx=68302&bcIdx=26483&parentSeq=26483
cyber_violence,사이버폭력 실태조사,2023,2023년 사이버폭력 실태조사,cyber_violence_2023_26483_file1.pdf,261,0,1,폭력,https://www.nia.or.kr/site/nia_kor/ex/bbs/View.do?cbIdx=68302&bcIdx=26483&parentSeq=26483
cyber_violence,사이버폭력 실태조사,2023,2023년 사이버폭력 실태조사,cyber_violence_2023_26483_file1.pdf,262,0,1,폭력,https://www.nia.or.kr/site/nia_kor/ex/bbs/View.do?cbIdx=68302&bcIdx=26483&parentSeq=26483
cyber_violence,사이버폭력 실태조사,2023,2023년 사이버폭력 실태조사,cyber_violence_2023_26483_file1.pdf,263,0,1,폭력,https://www.nia.or.kr/site/nia_kor/ex/bbs/View.do?cbIdx=68302&bcIdx=26483&parentSeq=26483
cyber_violence,사이버폭력 실태조사,2023,2023년 사이버폭력 실태조사,cyber_violence_2023_26483_file1.pdf,264,0,1,폭력,https://www.nia.or.kr/site/nia_kor/ex/bbs/View.do?cbIdx=68302&bcIdx=26483&parentSeq=26483
cyber_violence,사이버폭력 실태조사,2023,2023년 사이버폭력 실태조사,cyber_violence_2023_26483_file1.pdf,265,0,1,폭력,https://www.nia.or.kr/site/nia_kor/ex/bbs/View.do?cbIdx=68302&bcIdx=26483&parentSeq=26483
cyber_violence,사이버폭력 실태조사,2023,2023년 사이버폭력 실태조사,cyber_violence_2023_26483_file1.pdf,266,0,1,폭력,https://www.nia.or.kr/site/nia_kor/ex/bbs/View.do?cbIdx=68302&bcIdx=26483&parentSeq=26483
cyber_violence,사이버폭력 실태조사,2023,2023년 사이버폭력 실태조사,cyber_violence_2023_26483_file1.pdf,267,0,2,폭력,https://www.nia.or.kr/site/nia_kor/ex/bbs/View.do?cbIdx=68302&bcIdx=26483&parentSeq=26483
cyber_violence,사이버폭력 실태조사,2023,2023년 사이버폭력 실태조사,cyber_violence_2023_26483_file1.pdf,268,0,3,폭력,https://www.nia.or.kr/site/nia_kor/ex/bbs/View.do?cbIdx=68302&bcIdx=26483&parentSeq=26483
cyber_violence,사이버폭력 실태조사,2023,2023년 사이버폭력 실태조사,cyber_violence_2023_26483_file1.pdf,269,0,1,폭력,https://www.nia.or.kr/site/nia_kor/ex/bbs/View.do?cbIdx=68302&bcIdx=26483&parentSeq=26483
cyber_violence,사이버폭력 실태조사,2023,2023년 사이버폭력 실태조사,cyber_violence_2023_26483_file1.pdf,270,0,1,폭력,https://www.nia.or.kr/site/nia_kor/ex/bbs/View.do?cbIdx=68302&bcIdx=26483&parentSeq=26483
cyber_violence,사이버폭력 실태조사,2023,2023년 사이버폭력 실태조사,cyber_violence_2023_26483_file1.pdf,271,0,1,폭력,https://www.nia.or.kr/site/nia_kor/ex/bbs/View.do?cbIdx=68302&bcIdx=26483&parentSeq=26483
cyber_violence,사이버폭력 실태조사,2023,2023년 사이버폭력 실태조사,cyber_violence_2023_26483_file1.pdf,272,0,1,폭력,https://www.nia.or.kr/site/nia_kor/ex/bbs/View.do?cbIdx=68302&bcIdx=26483&parentSeq=26483
cyber_violence,사이버폭력 실태조사,2023,2023년 사이버폭력 실태조사,cyber_violence_2023_26483_file1.pdf,273,0,1,폭력,https://www.nia.or.kr/site/nia_kor/ex/bbs/View.do?cbIdx=68302&bcIdx=26483&parentSeq=26483
cyber_violence,사이버폭력 실태조사,2023,2023년 사이버폭력 실태조사,cyber_violence_2023_26483_file1.pdf,274,0,1,폭력,https://www.nia.or.kr/site/nia_kor/ex/bbs/View.do?cbIdx=68302&bcIdx=26483&parentSeq=26483
cyber_violence,사이버폭력 실태조사,2023,2023년 사이버폭력 실태조사,cyber_violence_2023_26483_file1.pdf,275,0,1,폭력,https://www.nia.or.kr/site/nia_kor/ex/bbs/View.do?cbIdx=68302&bcIdx=26483&parentSeq=26483
cyber_violence,사이버폭력 실태조사,2023,2023년 사이버폭력 실태조사,cyber_violence_2023_26483_file1.pdf,276,0,1,폭력,https://www.nia.or.kr/site/nia_kor/ex/bbs/View.do?cbIdx=68302&bcIdx=26483&parentSeq=26483
cyber_violence,사이버폭력 실태조사,2023,2023년 사이버폭력 실태조사,cyber_violence_2023_26483_file1.pdf,277,0,1,폭력,https://www.nia.or.kr/site/nia_kor/ex/bbs/View.do?cbIdx=68302&bcIdx=26483&parentSeq=26483
cyber_violence,사이버폭력 실태조사,2023,2023년 사이버폭력 실태조사,cyber_violence_2023_26483_file1.pdf,278,0,6,상담; 폭력,https://www.nia.or.kr/site/nia_kor/ex/bbs/View.do?cbIdx=68302&bcIdx=26483&parentSeq=26483
cyber_violence,사이버폭력 실태조사,2023,2023년 사이버폭력 실태조사,cyber_violence_2023_26483_file1.pdf,279,0,4,피해; 폭력,https://www.nia.or.kr/site/nia_kor/ex/bbs/View.do?cbIdx=68302&bcIdx=26483&parentSeq=26483
cyber_violence,사이버폭력 실태조사,2023,2023년 사이버폭력 실태조사,cyber_violence_2023_26483_file1.pdf,280,0,5,피해; 폭력,https://www.nia.or.kr/site/nia_kor/ex/bbs/View.do?cbIdx=68302&bcIdx=26483&parentSeq=26483
cyber_violence,사이버폭력 실태조사,2023,2023년 사이버폭력 실태조사,cyber_violence_2023_26483_file1.pdf,281,0,4,폭력,https://www.nia.or.kr/site/nia_kor/ex/bbs/View.do?cbIdx=68302&bcIdx=26483&parentSeq=26483
cyber_violence,사이버폭력 실태조사,2023,2023년 사이버폭력 실태조사,cyber_violence_2023_26483_file1.pdf,282,0,3,폭력,https://www.nia.or.kr/site/nia_kor/ex/bbs/View.do?cbIdx=68302&bcIdx=26483&parentSeq=26483
cyber_violence,사이버폭력 실태조사,2023,2023년 사이버폭력 실태조사,cyber_violence_2023_26483_file1.pdf,283,0,7,상담; 피해; 폭력; 도움,https://www.nia.or.kr/site/nia_kor/ex/bbs/View.do?cbIdx=68302&bcIdx=26483&parentSeq=26483
cyber_violence,사이버폭력 실태조사,2023,2023년 사이버폭력 실태조사,cyber_violence_2023_26483_file1.pdf,284,0,5,피해; 폭력,https://www.nia.or.kr/site/nia_kor/ex/bbs/View.do?cbIdx=68302&bcIdx=26483&parentSeq=26483
cyber_violence,사이버폭력 실태조사,2023,2023년 사이버폭력 실태조사,cyber_violence_2023_26483_file1.pdf,285,0,6,피해; 폭력,https://www.nia.or.kr/site/nia_kor/ex/bbs/View.do?cbIdx=68302&bcIdx=26483&parentSeq=26483
cyber_violence,사이버폭력 실태조사,2023,2023년 사이버폭력 실태조사,cyber_violence_2023_26483_file1.pdf,286,0,3,피해; 폭력,https://www.nia.or.kr/site/nia_kor/ex/bbs/View.do?cbIdx=68302&bcIdx=26483&parentSeq=26483
cyber_violence,사이버폭력 실태조사,2023,2023년 사이버폭력 실태조사,cyber_violence_2023_26483_file1.pdf,287,0,5,피해; 폭력,https://www.nia.or.kr/site/nia_kor/ex/bbs/View.do?cbIdx=68302&bcIdx=26483&parentSeq=26483
cyber_violence,사이버폭력 실태조사,2023,2023년 사이버폭력 실태조사,cyber_violence_2023_26483_file1.pdf,288,0,4,피해; 폭력,https://www.nia.or.kr/site/nia_kor/ex/bbs/View.do?cbIdx=68302&bcIdx=26483&parentSeq=26483
cyber_violence,사이버폭력 실태조사,2023,2023년 사이버폭력 실태조사,cyber_violence_2023_26483_file1.pdf,289,0,3,피해; 폭력,https://www.nia.or.kr/site/nia_kor/ex/bbs/View.do?cbIdx=68302&bcIdx=26483&parentSeq=26483
cyber_violence,사이버폭력 실태조사,2023,2023년 사이버폭력 실태조사,cyber_violence_2023_26483_file1.pdf,290,0,3,피해; 폭력,https://www.nia.or.kr/site/nia_kor/ex/bbs/View.do?cbIdx=68302&bcIdx=26483&parentSeq=26483
cyber_violence,사이버폭력 실태조사,2023,2023년 사이버폭력 실태조사,cyber_violence_2023_26483_file1.pdf,291,0,4,피해; 폭력,https://www.nia.or.kr/site/nia_kor/ex/bbs/View.do?cbIdx=68302&bcIdx=26483&parentSeq=26483
cyber_violence,사이버폭력 실태조사,2023,2023년 사이버폭력 실태조사,cyber_violence_2023_26483_file1.pdf,292,0,3,피해; 폭력,https://www.nia.or.kr/site/nia_kor/ex/bbs/View.do?cbIdx=68302&bcIdx=26483&parentSeq=26483
cyber_violence,사이버폭력 실태조사,2023,2023년 사이버폭력 실태조사,cyber_violence_2023_26483_file1.pdf,293,0,3,피해; 폭력,https://www.nia.or.kr/site/nia_kor/ex/bbs/View.do?cbIdx=68302&bcIdx=26483&parentSeq=26483
cyber_violence,사이버폭력 실태조사,2023,2023년 사이버폭력 실태조사,cyber_violence_2023_26483_file1.pdf,294,0,3,피해; 폭력,https://www.nia.or.kr/site/nia_kor/ex/bbs/View.do?cbIdx=68302&bcIdx=26483&parentSeq=26483
cyber_violence,사이버폭력 실태조사,2023,2023년 사이버폭력 실태조사,cyber_violence_2023_26483_file1.pdf,295,0,3,피해; 폭력,https://www.nia.or.kr/site/nia_kor/ex/bbs/View.do?cbIdx=68302&bcIdx=26483&parentSeq=26483
cyber_violence,사이버폭력 실태조사,2023,2023년 사이버폭력 실태조사,cyber_violence_2023_26483_file1.pdf,296,0,4,피해; 폭력,https://www.nia.or.kr/site/nia_kor/ex/bbs/View.do?cbIdx=68302&bcIdx=26483&parentSeq=26483
cyber_violence,사이버폭력 실태조사,2023,2023년 사이버폭력 실태조사,cyber_violence_2023_26483_file1.pdf,297,0,3,폭력,https://www.nia.or.kr/site/nia_kor/ex/bbs/View.do?cbIdx=68302&bcIdx=26483&parentSeq=26483
cyber_violence,사이버폭력 실태조사,2023,2023년 사이버폭력 실태조사,cyber_violence_2023_26483_file1.pdf,298,0,4,피해; 폭력,https://www.nia.or.kr/site/nia_kor/ex/bbs/View.do?cbIdx=68302&bcIdx=26483&parentSeq=26483
cyber_violence,사이버폭력 실태조사,2023,2023년 사이버폭력 실태조사,cyber_violence_2023_26483_file1.pdf,299,0,5,피해; 폭력,https://www.nia.or.kr/site/nia_kor/ex/bbs/View.do?cbIdx=68302&bcIdx=26483&parentSeq=26483
cyber_violence,사이버폭력 실태조사,2023,2023년 사이버폭력 실태조사,cyber_violence_2023_26483_file1.pdf,300,0,5,피해; 폭력,https://www.nia.or.kr/site/nia_kor/ex/bbs/View.do?cbIdx=68302&bcIdx=26483&parentSeq=26483
cyber_violence,사이버폭력 실태조사,2023,2023년 사이버폭력 실태조사,cyber_violence_2023_26483_file1.pdf,301,0,6,상담; 피해; 폭력,https://www.nia.or.kr/site/nia_kor/ex/bbs/View.do?cbIdx=68302&bcIdx=26483&parentSeq=26483
cyber_violence,사이버폭력 실태조사,2023,2023년 사이버폭력 실태조사,cyber_violence_2023_26483_file1.pdf,302,0,10,상담; 피해; 폭력; 도움,https://www.nia.or.kr/site/nia_kor/ex/bbs/View.do?cbIdx=68302&bcIdx=26483&parentSeq=26483
cyber_violence,사이버폭력 실태조사,2023,2023년 사이버폭력 실태조사,cyber_violence_2023_26483_file1.pdf,303,0,9,피해; 폭력; 도움,https://www.nia.or.kr/site/nia_kor/ex/bbs/View.do?cbIdx=68302&bcIdx=26483&parentSeq=26483
cyber_violence,사이버폭력 실태조사,2023,2023년 사이버폭력 실태조사,cyber_violence_2023_26483_file1.pdf,304,0,13,상담; 피해; 폭력; 도움,https://www.nia.or.kr/site/nia_kor/ex/bbs/View.do?cbIdx=68302&bcIdx=26483&parentSeq=26483
cyber_violence,사이버폭력 실태조사,2023,2023년 사이버폭력 실태조사,cyber_violence_2023_26483_file1.pdf,305,0,9,심리; 스트레스; 우울; 불안; 피해; 폭력,https://www.nia.or.kr/site/nia_kor/ex/bbs/View.do?cbIdx=68302&bcIdx=26483&parentSeq=26483
cyber_violence,사이버폭력 실태조사,2023,2023년 사이버폭력 실태조사,cyber_violence_2023_26483_file1.pdf,306,0,6,심리; 피해; 폭력,https://www.nia.or.kr/site/nia_kor/ex/bbs/View.do?cbIdx=68302&bcIdx=26483&parentSeq=26483
cyber_violence,사이버폭력 실태조사,2023,2023년 사이버폭력 실태조사,cyber_violence_2023_26483_file1.pdf,307,0,6,심리; 피해; 폭력,https://www.nia.or.kr/site/nia_kor/ex/bbs/View.do?cbIdx=68302&bcIdx=26483&parentSeq=26483
cyber_violence,사이버폭력 실태조사,2023,2023년 사이버폭력 실태조사,cyber_violence_2023_26483_file1.pdf,308,0,6,심리; 피해; 폭력,https://www.nia.or.kr/site/nia_kor/ex/bbs/View.do?cbIdx=68302&bcIdx=26483&parentSeq=26483
cyber_violence,사이버폭력 실태조사,2023,2023년 사이버폭력 실태조사,cyber_violence_2023_26483_file1.pdf,309,0,12,심리; 스트레스; 우울; 불안; 피해; 폭력,https://www.nia.or.kr/site/nia_kor/ex/bbs/View.do?cbIdx=68302&bcIdx=26483&parentSeq=26483
cyber_violence,사이버폭력 실태조사,2023,2023년 사이버폭력 실태조사,cyber_violence_2023_26483_file1.pdf,310,0,6,심리; 피해; 폭력,https://www.nia.or.kr/site/nia_kor/ex/bbs/View.do?cbIdx=68302&bcIdx=26483&parentSeq=26483
cyber_violence,사이버폭력 실태조사,2023,2023년 사이버폭력 실태조사,cyber_violence_2023_26483_file1.pdf,311,0,7,심리; 피해; 폭력,https://www.nia.or.kr/site/nia_kor/ex/bbs/View.do?cbIdx=68302&bcIdx=26483&parentSeq=26483
cyber_violence,사이버폭력 실태조사,2023,2023년 사이버폭력 실태조사,cyber_violence_2023_26483_file1.pdf,312,0,4,폭력,https://www.nia.or.kr/site/nia_kor/ex/bbs/View.do?cbIdx=68302&bcIdx=26483&parentSeq=26483
cyber_violence,사이버폭력 실태조사,2023,2023년 사이버폭력 실태조사,cyber_violence_2023_26483_file1.pdf,313,0,2,폭력,https://www.nia.or.kr/site/nia_kor/ex/bbs/View.do?cbIdx=68302&bcIdx=26483&parentSeq=26483
cyber_violence,사이버폭력 실태조사,2023,2023년 사이버폭력 실태조사,cyber_violence_2023_26483_file1.pdf,314,0,3,폭력,https://www.nia.or.kr/site/nia_kor/ex/bbs/View.do?cbIdx=68302&bcIdx=26483&parentSeq=26483
cyber_violence,사이버폭력 실태조사,2023,2023년 사이버폭력 실태조사,cyber_violence_2023_26483_file1.pdf,315,0,3,폭력,https://www.nia.or.kr/site/nia_kor/ex/bbs/View.do?cbIdx=68302&bcIdx=26483&parentSeq=26483
cyber_violence,사이버폭력 실태조사,2023,2023년 사이버폭력 실태조사,cyber_violence_2023_26483_file1.pdf,316,0,2,폭력,https://www.nia.or.kr/site/nia_kor/ex/bbs/View.do?cbIdx=68302&bcIdx=26483&parentSeq=26483
cyber_violence,사이버폭력 실태조사,2023,2023년 사이버폭력 실태조사,cyber_violence_2023_26483_file1.pdf,317,0,2,폭력,https://www.nia.or.kr/site/nia_kor/ex/bbs/View.do?cbIdx=68302&bcIdx=26483&parentSeq=26483
cyber_violence,사이버폭력 실태조사,2023,2023년 사이버폭력 실태조사,cyber_violence_2023_26483_file1.pdf,318,0,3,폭력,https://www.nia.or.kr/site/nia_kor/ex/bbs/View.do?cbIdx=68302&bcIdx=26483&parentSeq=26483
cyber_violence,사이버폭력 실태조사,2023,2023년 사이버폭력 실태조사,cyber_violence_2023_26483_file1.pdf,319,0,2,폭력,https://www.nia.or.kr/site/nia_kor/ex/bbs/View.do?cbIdx=68302&bcIdx=26483&parentSeq=26483
cyber_violence,사이버폭력 실태조사,2023,2023년 사이버폭력 실태조사,cyber_violence_2023_26483_file1.pdf,320,0,2,폭력,https://www.nia.or.kr/site/nia_kor/ex/bbs/View.do?cbIdx=68302&bcIdx=26483&parentSeq=26483
cyber_violence,사이버폭력 실태조사,2023,2023년 사이버폭력 실태조사,cyber_violence_2023_26483_file1.pdf,321,0,2,폭력,https://www.nia.or.kr/site/nia_kor/ex/bbs/View.do?cbIdx=68302&bcIdx=26483&parentSeq=26483
cyber_violence,사이버폭력 실태조사,2023,2023년 사이버폭력 실태조사,cyber_violence_2023_26483_file1.pdf,322,0,2,폭력,https://www.nia.or.kr/site/nia_kor/ex/bbs/View.do?cbIdx=68302&bcIdx=26483&parentSeq=26483
cyber_violence,사이버폭력 실태조사,2023,2023년 사이버폭력 실태조사,cyber_violence_2023_26483_file1.pdf,323,0,3,폭력,https://www.nia.or.kr/site/nia_kor/ex/bbs/View.do?cbIdx=68302&bcIdx=26483&parentSeq=26483
cyber_violence,사이버폭력 실태조사,2023,2023년 사이버폭력 실태조사,cyber_violence_2023_26483_file1.pdf,324,0,3,폭력,https://www.nia.or.kr/site/nia_kor/ex/bbs/View.do?cbIdx=68302&bcIdx=26483&parentSeq=26483
cyber_violence,사이버폭력 실태조사,2023,2023년 사이버폭력 실태조사,cyber_violence_2023_26483_file1.pdf,325,0,3,폭력,https://www.nia.or.kr/site/nia_kor/ex/bbs/View.do?cbIdx=68302&bcIdx=26483&parentSeq=26483
cyber_violence,사이버폭력 실태조사,2023,2023년 사이버폭력 실태조사,cyber_violence_2023_26483_file1.pdf,326,0,4,스트레스; 폭력,https://www.nia.or.kr/site/nia_kor/ex/bbs/View.do?cbIdx=68302&bcIdx=26483&parentSeq=26483
cyber_violence,사이버폭력 실태조사,2023,2023년 사이버폭력 실태조사,cyber_violence_2023_26483_file1.pdf,327,0,3,폭력,https://www.nia.or.kr/site/nia_kor/ex/bbs/View.do?cbIdx=68302&bcIdx=26483&parentSeq=26483
cyber_violence,사이버폭력 실태조사,2023,2023년 사이버폭력 실태조사,cyber_violence_2023_26483_file1.pdf,328,0,4,심리; 폭력,https://www.nia.or.kr/site/nia_kor/ex/bbs/View.do?cbIdx=68302&bcIdx=26483&parentSeq=26483
cyber_violence,사이버폭력 실태조사,2023,2023년 사이버폭력 실태조사,cyber_violence_2023_26483_file1.pdf,329,0,4,심리; 폭력,https://www.nia.or.kr/site/nia_kor/ex/bbs/View.do?cbIdx=68302&bcIdx=26483&parentSeq=26483
cyber_violence,사이버폭력 실태조사,2023,2023년 사이버폭력 실태조사,cyber_violence_2023_26483_file1.pdf,330,0,4,심리; 폭력,https://www.nia.or.kr/site/nia_kor/ex/bbs/View.do?cbIdx=68302&bcIdx=26483&parentSeq=26483
cyber_violence,사이버폭력 실태조사,2023,2023년 사이버폭력 실태조사,cyber_violence_2023_26483_file1.pdf,331,0,4,심리; 폭력,https://www.nia.or.kr/site/nia_kor/ex/bbs/View.do?cbIdx=68302&bcIdx=26483&parentSeq=26483
cyber_violence,사이버폭력 실태조사,2023,2023년 사이버폭력 실태조사,cyber_violence_2023_26483_file1.pdf,332,0,4,심리; 폭력,https://www.nia.or.kr/site/nia_kor/ex/bbs/View.do?cbIdx=68302&bcIdx=26483&parentSeq=26483
cyber_violence,사이버폭력 실태조사,2023,2023년 사이버폭력 실태조사,cyber_violence_2023_26483_file1.pdf,333,0,4,심리; 폭력,https://www.nia.or.kr/site/nia_kor/ex/bbs/View.do?cbIdx=68302&bcIdx=26483&parentSeq=26483
cyber_violence,사이버폭력 실태조사,2023,2023년 사이버폭력 실태조사,cyber_violence_2023_26483_file1.pdf,334,0,2,폭력,https://www.nia.or.kr/site/nia_kor/ex/bbs/View.do?cbIdx=68302&bcIdx=26483&parentSeq=26483
cyber_violence,사이버폭력 실태조사,2023,2023년 사이버폭력 실태조사,cyber_violence_2023_26483_file1.pdf,335,0,8,피해; 폭력,https://www.nia.or.kr/site/nia_kor/ex/bbs/View.do?cbIdx=68302&bcIdx=26483&parentSeq=26483
cyber_violence,사이버폭력 실태조사,2023,2023년 사이버폭력 실태조사,cyber_violence_2023_26483_file1.pdf,336,0,4,폭력,https://www.nia.or.kr/site/nia_kor/ex/bbs/View.do?cbIdx=68302&bcIdx=26483&parentSeq=26483
cyber_violence,사이버폭력 실태조사,2023,2023년 사이버폭력 실태조사,cyber_violence_2023_26483_file1.pdf,337,0,5,피해; 폭력,https://www.nia.or.kr/site/nia_kor/ex/bbs/View.do?cbIdx=68302&bcIdx=26483&parentSeq=26483
cyber_violence,사이버폭력 실태조사,2023,2023년 사이버폭력 실태조사,cyber_violence_2023_26483_file1.pdf,338,0,6,피해; 폭력,https://www.nia.or.kr/site/nia_kor/ex/bbs/View.do?cbIdx=68302&bcIdx=26483&parentSeq=26483
cyber_violence,사이버폭력 실태조사,2023,2023년 사이버폭력 실태조사,cyber_violence_2023_26483_file1.pdf,339,0,4,폭력,https://www.nia.or.kr/site/nia_kor/ex/bbs/View.do?cbIdx=68302&bcIdx=26483&parentSeq=26483
cyber_violence,사이버폭력 실태조사,2023,2023년 사이버폭력 실태조사,cyber_violence_2023_26483_file1.pdf,340,0,4,폭력,https://www.nia.or.kr/site/nia_kor/ex/bbs/View.do?cbIdx=68302&bcIdx=26483&parentSeq=26483
cyber_violence,사이버폭력 실태조사,2023,2023년 사이버폭력 실태조사,cyber_violence_2023_26483_file1.pdf,341,0,4,폭력,https://www.nia.or.kr/site/nia_kor/ex/bbs/View.do?cbIdx=68302&bcIdx=26483&parentSeq=26483
cyber_violence,사이버폭력 실태조사,2023,2023년 사이버폭력 실태조사,cyber_violence_2023_26483_file1.pdf,342,0,3,폭력,https://www.nia.or.kr/site/nia_kor/ex/bbs/View.do?cbIdx=68302&bcIdx=26483&parentSeq=26483
cyber_violence,사이버폭력 실태조사,2023,2023년 사이버폭력 실태조사,cyber_violence_2023_26483_file1.pdf,343,0,4,폭력,https://www.nia.or.kr/site/nia_kor/ex/bbs/View.do?cbIdx=68302&bcIdx=26483&parentSeq=26483
cyber_violence,사이버폭력 실태조사,2023,2023년 사이버폭력 실태조사,cyber_violence_2023_26483_file1.pdf,344,0,3,폭력,https://www.nia.or.kr/site/nia_kor/ex/bbs/View.do?cbIdx=68302&bcIdx=26483&parentSeq=26483
cyber_violence,사이버폭력 실태조사,2023,2023년 사이버폭력 실태조사,cyber_violence_2023_26483_file1.pdf,345,0,11,폭력; 도움,https://www.nia.or.kr/site/nia_kor/ex/bbs/View.do?cbIdx=68302&bcIdx=26483&parentSeq=26483
cyber_violence,사이버폭력 실태조사,2023,2023년 사이버폭력 실태조사,cyber_violence_2023_26483_file1.pdf,346,0,3,폭력,https://www.nia.or.kr/site/nia_kor/ex/bbs/View.do?cbIdx=68302&bcIdx=26483&parentSeq=26483
cyber_violence,사이버폭력 실태조사,2023,2023년 사이버폭력 실태조사,cyber_violence_2023_26483_file1.pdf,347,0,3,폭력,https://www.nia.or.kr/site/nia_kor/ex/bbs/View.do?cbIdx=68302&bcIdx=26483&parentSeq=26483
cyber_violence,사이버폭력 실태조사,2023,2023년 사이버폭력 실태조사,cyber_violence_2023_26483_file1.pdf,348,0,12,상담; 피해; 폭력,https://www.nia.or.kr/site/nia_kor/ex/bbs/View.do?cbIdx=68302&bcIdx=26483&parentSeq=26483
cyber_violence,사이버폭력 실태조사,2023,2023년 사이버폭력 실태조사,cyber_violence_2023_26483_file1.pdf,349,0,5,피해; 폭력,https://www.nia.or.kr/site/nia_kor/ex/bbs/View.do?cbIdx=68302&bcIdx=26483&parentSeq=26483
cyber_violence,사이버폭력 실태조사,2023,2023년 사이버폭력 실태조사,cyber_violence_2023_26483_file1.pdf,350,0,8,피해; 폭력,https://www.nia.or.kr/site/nia_kor/ex/bbs/View.do?cbIdx=68302&bcIdx=26483&parentSeq=26483
cyber_violence,사이버폭력 실태조사,2023,2023년 사이버폭력 실태조사,cyber_violence_2023_26483_file1.pdf,351,0,1,폭력,https://www.nia.or.kr/site/nia_kor/ex/bbs/View.do?cbIdx=68302&bcIdx=26483&parentSeq=26483
cyber_violence,사이버폭력 실태조사,2023,2023년 사이버폭력 실태조사,cyber_violence_2023_26483_file1.pdf,352,0,1,폭력,https://www.nia.or.kr/site/nia_kor/ex/bbs/View.do?cbIdx=68302&bcIdx=26483&parentSeq=26483
cyber_violence,사이버폭력 실태조사,2023,2023년 사이버폭력 실태조사,cyber_violence_2023_26483_file1.pdf,353,0,1,폭력,https://www.nia.or.kr/site/nia_kor/ex/bbs/View.do?cbIdx=68302&bcIdx=26483&parentSeq=26483
cyber_violence,사이버폭력 실태조사,2023,2023년 사이버폭력 실태조사,cyber_violence_2023_26483_file1.pdf,354,0,1,폭력,https://www.nia.or.kr/site/nia_kor/ex/bbs/View.do?cbIdx=68302&bcIdx=26483&parentSeq=26483
cyber_violence,사이버폭력 실태조사,2023,2023년 사이버폭력 실태조사,cyber_violence_2023_26483_file1.pdf,355,0,1,폭력,https://www.nia.or.kr/site/nia_kor/ex/bbs/View.do?cbIdx=68302&bcIdx=26483&parentSeq=26483
cyber_violence,사이버폭력 실태조사,2023,2023년 사이버폭력 실태조사,cyber_violence_2023_26483_file1.pdf,356,0,1,폭력,https://www.nia.or.kr/site/nia_kor/ex/bbs/View.do?cbIdx=68302&bcIdx=26483&parentSeq=26483
cyber_violence,사이버폭력 실태조사,2023,2023년 사이버폭력 실태조사,cyber_violence_2023_26483_file1.pdf,357,0,1,폭력,https://www.nia.or.kr/site/nia_kor/ex/bbs/View.do?cbIdx=68302&bcIdx=26483&parentSeq=26483
cyber_violence,사이버폭력 실태조사,2023,2023년 사이버폭력 실태조사,cyber_violence_2023_26483_file1.pdf,358,0,1,폭력,https://www.nia.or.kr/site/nia_kor/ex/bbs/View.do?cbIdx=68302&bcIdx=26483&parentSeq=26483
cyber_violence,사이버폭력 실태조사,2023,2023년 사이버폭력 실태조사,cyber_violence_2023_26483_file1.pdf,359,0,1,폭력,https://www.nia.or.kr/site/nia_kor/ex/bbs/View.do?cbIdx=68302&bcIdx=26483&parentSeq=26483
cyber_violence,사이버폭력 실태조사,2023,2023년 사이버폭력 실태조사,cyber_violence_2023_26483_file1.pdf,360,0,1,폭력,https://www.nia.or.kr/site/nia_kor/ex/bbs/View.do?cbIdx=68302&bcIdx=26483&parentSeq=26483
cyber_violence,사이버폭력 실태조사,2023,2023년 사이버폭력 실태조사,cyber_violence_2023_26483_file1.pdf,361,0,1,폭력,https://www.nia.or.kr/site/nia_kor/ex/bbs/View.do?cbIdx=68302&bcIdx=26483&parentSeq=26483
cyber_violence,사이버폭력 실태조사,2023,2023년 사이버폭력 실태조사,cyber_violence_2023_26483_file1.pdf,362,0,1,폭력,https://www.nia.or.kr/site/nia_kor/ex/bbs/View.do?cbIdx=68302&bcIdx=26483&parentSeq=26483
cyber_violence,사이버폭력 실태조사,2023,2023년 사이버폭력 실태조사,cyber_violence_2023_26483_file1.pdf,363,0,1,폭력,https://www.nia.or.kr/site/nia_kor/ex/bbs/View.do?cbIdx=68302&bcIdx=26483&parentSeq=26483
cyber_violence,사이버폭력 실태조사,2023,2023년 사이버폭력 실태조사,cyber_violence_2023_26483_file1.pdf,364,0,1,폭력,https://www.nia.or.kr/site/nia_kor/ex/bbs/View.do?cbIdx=68302&bcIdx=26483&parentSeq=26483
cyber_violence,사이버폭력 실태조사,2023,2023년 사이버폭력 실태조사,cyber_violence_2023_26483_file1.pdf,365,0,1,폭력,https://www.nia.or.kr/site/nia_kor/ex/bbs/View.do?cbIdx=68302&bcIdx=26483&parentSeq=26483
cyber_violence,사이버폭력 실태조사,2023,2023년 사이버폭력 실태조사,cyber_violence_2023_26483_file1.pdf,366,0,1,폭력,https://www.nia.or.kr/site/nia_kor/ex/bbs/View.do?cbIdx=68302&bcIdx=26483&parentSeq=26483
cyber_violence,사이버폭력 실태조사,2023,2023년 사이버폭력 실태조사,cyber_violence_2023_26483_file1.pdf,367,0,1,폭력,https://www.nia.or.kr/site/nia_kor/ex/bbs/View.do?cbIdx=68302&bcIdx=26483&parentSeq=26483
cyber_violence,사이버폭력 실태조사,2023,2023년 사이버폭력 실태조사,cyber_violence_2023_26483_file1.pdf,368,0,1,폭력,https://www.nia.or.kr/site/nia_kor/ex/bbs/View.do?cbIdx=68302&bcIdx=26483&parentSeq=26483
cyber_violence,사이버폭력 실태조사,2023,2023년 사이버폭력 실태조사,cyber_violence_2023_26483_file1.pdf,369,0,1,폭력,https://www.nia.or.kr/site/nia_kor/ex/bbs/View.do?cbIdx=68302&bcIdx=26483&parentSeq=26483
cyber_violence,사이버폭력 실태조사,2023,2023년 사이버폭력 실태조사,cyber_violence_2023_26483_file1.pdf,370,0,1,폭력,https://www.nia.or.kr/site/nia_kor/ex/bbs/View.do?cbIdx=68302&bcIdx=26483&parentSeq=26483
cyber_violence,사이버폭력 실태조사,2023,2023년 사이버폭력 실태조사,cyber_violence_2023_26483_file1.pdf,371,0,3,피해; 폭력,https://www.nia.or.kr/site/nia_kor/ex/bbs/View.do?cbIdx=68302&bcIdx=26483&parentSeq=26483
cyber_violence,사이버폭력 실태조사,2023,2023년 사이버폭력 실태조사,cyber_violence_2023_26483_file1.pdf,372,0,1,폭력,https://www.nia.or.kr/site/nia_kor/ex/bbs/View.do?cbIdx=68302&bcIdx=26483&parentSeq=26483
cyber_violence,사이버폭력 실태조사,2023,2023년 사이버폭력 실태조사,cyber_violence_2023_26483_file1.pdf,373,0,2,피해; 폭력,https://www.nia.or.kr/site/nia_kor/ex/bbs/View.do?cbIdx=68302&bcIdx=26483&parentSeq=26483
cyber_violence,사이버폭력 실태조사,2023,2023년 사이버폭력 실태조사,cyber_violence_2023_26483_file1.pdf,375,0,2,폭력,https://www.nia.or.kr/site/nia_kor/ex/bbs/View.do?cbIdx=68302&bcIdx=26483&parentSeq=26483
cyber_violence,사이버폭력 실태조사,2023,2023년 사이버폭력 실태조사,cyber_violence_2023_26483_file1.pdf,376,0,2,폭력,https://www.nia.or.kr/site/nia_kor/ex/bbs/View.do?cbIdx=68302&bcIdx=26483&parentSeq=26483
cyber_violence,사이버폭력 실태조사,2023,2023년 사이버폭력 실태조사,cyber_violence_2023_26483_file1.pdf,377,0,3,피해; 폭력,https://www.nia.or.kr/site/nia_kor/ex/bbs/View.do?cbIdx=68302&bcIdx=26483&parentSeq=26483
cyber_violence,사이버폭력 실태조사,2023,2023년 사이버폭력 실태조사,cyber_violence_2023_26483_file1.pdf,378,0,3,피해; 폭력,https://www.nia.or.kr/site/nia_kor/ex/bbs/View.do?cbIdx=68302&bcIdx=26483&parentSeq=26483
cyber_violence,사이버폭력 실태조사,2023,2023년 사이버폭력 실태조사,cyber_violence_2023_26483_file1.pdf,379,0,1,폭력,https://www.nia.or.kr/site/nia_kor/ex/bbs/View.do?cbIdx=68302&bcIdx=26483&parentSeq=26483
cyber_violence,사이버폭력 실태조사,2023,2023년 사이버폭력 실태조사,cyber_violence_2023_26483_file1.pdf,380,0,1,폭력,https://www.nia.or.kr/site/nia_kor/ex/bbs/View.do?cbIdx=68302&bcIdx=26483&parentSeq=26483
cyber_violence,사이버폭력 실태조사,2023,2023년 사이버폭력 실태조사,cyber_violence_2023_26483_file1.pdf,381,0,1,폭력,https://www.nia.or.kr/site/nia_kor/ex/bbs/View.do?cbIdx=68302&bcIdx=26483&parentSeq=26483
cyber_violence,사이버폭력 실태조사,2023,2023년 사이버폭력 실태조사,cyber_violence_2023_26483_file1.pdf,382,0,1,폭력,https://www.nia.or.kr/site/nia_kor/ex/bbs/View.do?cbIdx=68302&bcIdx=26483&parentSeq=26483
cyber_violence,사이버폭력 실태조사,2023,2023년 사이버폭력 실태조사,cyber_violence_2023_26483_file1.pdf,383,0,1,폭력,https://www.nia.or.kr/site/nia_kor/ex/bbs/View.do?cbIdx=68302&bcIdx=26483&parentSeq=26483
cyber_violence,사이버폭력 실태조사,2023,2023년 사이버폭력 실태조사,cyber_violence_2023_26483_file1.pdf,384,0,1,폭력,https://www.nia.or.kr/site/nia_kor/ex/bbs/View.do?cbIdx=68302&bcIdx=26483&parentSeq=26483
cyber_violence,사이버폭력 실태조사,2023,2023년 사이버폭력 실태조사,cyber_violence_2023_26483_file1.pdf,385,0,1,폭력,https://www.nia.or.kr/site/nia_kor/ex/bbs/View.do?cbIdx=68302&bcIdx=26483&parentSeq=26483
cyber_violence,사이버폭력 실태조사,2023,2023년 사이버폭력 실태조사,cyber_violence_2023_26483_file1.pdf,386,0,1,폭력,https://www.nia.or.kr/site/nia_kor/ex/bbs/View.do?cbIdx=68302&bcIdx=26483&parentSeq=26483
cyber_violence,사이버폭력 실태조사,2023,2023년 사이버폭력 실태조사,cyber_violence_2023_26483_file1.pdf,387,0,1,폭력,https://www.nia.or.kr/site/nia_kor/ex/bbs/View.do?cbIdx=68302&bcIdx=26483&parentSeq=26483
cyber_violence,사이버폭력 실태조사,2023,2023년 사이버폭력 실태조사,cyber_violence_2023_26483_file1.pdf,388,0,1,폭력,https://www.nia.or.kr/site/nia_kor/ex/bbs/View.do?cbIdx=68302&bcIdx=26483&parentSeq=26483
cyber_violence,사이버폭력 실태조사,2023,2023년 사이버폭력 실태조사,cyber_violence_2023_26483_file1.pdf,389,0,1,폭력,https://www.nia.or.kr/site/nia_kor/ex/bbs/View.do?cbIdx=68302&bcIdx=26483&parentSeq=26483
cyber_violence,사이버폭력 실태조사,2023,2023년 사이버폭력 실태조사,cyber_violence_2023_26483_file1.pdf,390,0,1,폭력,https://www.nia.or.kr/site/nia_kor/ex/bbs/View.do?cbIdx=68302&bcIdx=26483&parentSeq=26483
cyber_violence,사이버폭력 실태조사,2023,2023년 사이버폭력 실태조사,cyber_violence_2023_26483_file1.pdf,391,0,1,폭력,https://www.nia.or.kr/site/nia_kor/ex/bbs/View.do?cbIdx=68302&bcIdx=26483&parentSeq=26483
cyber_violence,사이버폭력 실태조사,2023,2023년 사이버폭력 실태조사,cyber_violence_2023_26483_file1.pdf,392,0,2,폭력,https://www.nia.or.kr/site/nia_kor/ex/bbs/View.do?cbIdx=68302&bcIdx=26483&parentSeq=26483
cyber_violence,사이버폭력 실태조사,2023,2023년 사이버폭력 실태조사,cyber_violence_2023_26483_file1.pdf,393,0,3,폭력,https://www.nia.or.kr/site/nia_kor/ex/bbs/View.do?cbIdx=68302&bcIdx=26483&parentSeq=26483
cyber_violence,사이버폭력 실태조사,2023,2023년 사이버폭력 실태조사,cyber_violence_2023_26483_file1.pdf,394,0,1,폭력,https://www.nia.or.kr/site/nia_kor/ex/bbs/View.do?cbIdx=68302&bcIdx=26483&parentSeq=26483
cyber_violence,사이버폭력 실태조사,2023,2023년 사이버폭력 실태조사,cyber_violence_2023_26483_file1.pdf,395,0,1,폭력,https://www.nia.or.kr/site/nia_kor/ex/bbs/View.do?cbIdx=68302&bcIdx=26483&parentSeq=26483
cyber_violence,사이버폭력 실태조사,2023,2023년 사이버폭력 실태조사,cyber_violence_2023_26483_file1.pdf,396,0,1,폭력,https://www.nia.or.kr/site/nia_kor/ex/bbs/View.do?cbIdx=68302&bcIdx=26483&parentSeq=26483
cyber_violence,사이버폭력 실태조사,2023,2023년 사이버폭력 실태조사,cyber_violence_2023_26483_file1.pdf,397,0,1,폭력,https://www.nia.or.kr/site/nia_kor/ex/bbs/View.do?cbIdx=68302&bcIdx=26483&parentSeq=26483
cyber_violence,사이버폭력 실태조사,2023,2023년 사이버폭력 실태조사,cyber_violence_2023_26483_file1.pdf,398,0,1,폭력,https://www.nia.or.kr/site/nia_kor/ex/bbs/View.do?cbIdx=68302&bcIdx=26483&parentSeq=26483
cyber_violence,사이버폭력 실태조사,2023,2023년 사이버폭력 실태조사,cyber_violence_2023_26483_file1.pdf,399,0,1,폭력,https://www.nia.or.kr/site/nia_kor/ex/bbs/View.do?cbIdx=68302&bcIdx=26483&parentSeq=26483
cyber_violence,사이버폭력 실태조사,2023,2023년 사이버폭력 실태조사,cyber_violence_2023_26483_file1.pdf,400,0,1,폭력,https://www.nia.or.kr/site/nia_kor/ex/bbs/View.do?cbIdx=68302&bcIdx=26483&parentSeq=26483
cyber_violence,사이버폭력 실태조사,2023,2023년 사이버폭력 실태조사,cyber_violence_2023_26483_file1.pdf,401,0,1,폭력,https://www.nia.or.kr/site/nia_kor/ex/bbs/View.do?cbIdx=68302&bcIdx=26483&parentSeq=26483
cyber_violence,사이버폭력 실태조사,2023,2023년 사이버폭력 실태조사,cyber_violence_2023_26483_file1.pdf,402,0,1,폭력,https://www.nia.or.kr/site/nia_kor/ex/bbs/View.do?cbIdx=68302&bcIdx=26483&parentSeq=26483
cyber_violence,사이버폭력 실태조사,2023,2023년 사이버폭력 실태조사,cyber_violence_2023_26483_file1.pdf,403,0,1,폭력,https://www.nia.or.kr/site/nia_kor/ex/bbs/View.do?cbIdx=68302&bcIdx=26483&parentSeq=26483
cyber_violence,사이버폭력 실태조사,2023,2023년 사이버폭력 실태조사,cyber_violence_2023_26483_file1.pdf,404,0,1,폭력,https://www.nia.or.kr/site/nia_kor/ex/bbs/View.do?cbIdx=68302&bcIdx=26483&parentSeq=26483
cyber_violence,사이버폭력 실태조사,2023,2023년 사이버폭력 실태조사,cyber_violence_2023_26483_file1.pdf,405,0,1,폭력,https://www.nia.or.kr/site/nia_kor/ex/bbs/View.do?cbIdx=68302&bcIdx=26483&parentSeq=26483
cyber_violence,사이버폭력 실태조사,2023,2023년 사이버폭력 실태조사,cyber_violence_2023_26483_file1.pdf,406,0,4,피해; 폭력,https://www.nia.or.kr/site/nia_kor/ex/bbs/View.do?cbIdx=68302&bcIdx=26483&parentSeq=26483
cyber_violence,사이버폭력 실태조사,2023,2023년 사이버폭력 실태조사,cyber_violence_2023_26483_file1.pdf,407,0,5,피해; 폭력,https://www.nia.or.kr/site/nia_kor/ex/bbs/View.do?cbIdx=68302&bcIdx=26483&parentSeq=26483
cyber_violence,사이버폭력 실태조사,2023,2023년 사이버폭력 실태조사,cyber_violence_2023_26483_file1.pdf,408,0,4,폭력,https://www.nia.or.kr/site/nia_kor/ex/bbs/View.do?cbIdx=68302&bcIdx=26483&parentSeq=26483
cyber_violence,사이버폭력 실태조사,2023,2023년 사이버폭력 실태조사,cyber_violence_2023_26483_file1.pdf,409,0,3,폭력,https://www.nia.or.kr/site/nia_kor/ex/bbs/View.do?cbIdx=68302&bcIdx=26483&parentSeq=26483
cyber_violence,사이버폭력 실태조사,2023,2023년 사이버폭력 실태조사,cyber_violence_2023_26483_file1.pdf,410,0,4,피해; 폭력,https://www.nia.or.kr/site/nia_kor/ex/bbs/View.do?cbIdx=68302&bcIdx=26483&parentSeq=26483
cyber_violence,사이버폭력 실태조사,2023,2023년 사이버폭력 실태조사,cyber_violence_2023_26483_file1.pdf,411,0,6,상담; 폭력; 도움,https://www.nia.or.kr/site/nia_kor/ex/bbs/View.do?cbIdx=68302&bcIdx=26483&parentSeq=26483
cyber_violence,사이버폭력 실태조사,2023,2023년 사이버폭력 실태조사,cyber_violence_2023_26483_file1.pdf,412,0,4,피해; 폭력,https://www.nia.or.kr/site/nia_kor/ex/bbs/View.do?cbIdx=68302&bcIdx=26483&parentSeq=26483
cyber_violence,사이버폭력 실태조사,2023,2023년 사이버폭력 실태조사,cyber_violence_2023_26483_file1.pdf,413,0,4,피해; 폭력,https://www.nia.or.kr/site/nia_kor/ex/bbs/View.do?cbIdx=68302&bcIdx=26483&parentSeq=26483
cyber_violence,사이버폭력 실태조사,2023,2023년 사이버폭력 실태조사,cyber_violence_2023_26483_file1.pdf,414,0,6,피해; 폭력,https://www.nia.or.kr/site/nia_kor/ex/bbs/View.do?cbIdx=68302&bcIdx=26483&parentSeq=26483
cyber_violence,사이버폭력 실태조사,2023,2023년 사이버폭력 실태조사,cyber_violence_2023_26483_file1.pdf,415,0,3,피해; 폭력,https://www.nia.or.kr/site/nia_kor/ex/bbs/View.do?cbIdx=68302&bcIdx=26483&parentSeq=26483
cyber_violence,사이버폭력 실태조사,2023,2023년 사이버폭력 실태조사,cyber_violence_2023_26483_file1.pdf,416,0,5,피해; 폭력,https://www.nia.or.kr/site/nia_kor/ex/bbs/View.do?cbIdx=68302&bcIdx=26483&parentSeq=26483
cyber_violence,사이버폭력 실태조사,2023,2023년 사이버폭력 실태조사,cyber_violence_2023_26483_file1.pdf,417,0,4,피해; 폭력,https://www.nia.or.kr/site/nia_kor/ex/bbs/View.do?cbIdx=68302&bcIdx=26483&parentSeq=26483
cyber_violence,사이버폭력 실태조사,2023,2023년 사이버폭력 실태조사,cyber_violence_2023_26483_file1.pdf,418,0,3,피해; 폭력,https://www.nia.or.kr/site/nia_kor/ex/bbs/View.do?cbIdx=68302&bcIdx=26483&parentSeq=26483
cyber_violence,사이버폭력 실태조사,2023,2023년 사이버폭력 실태조사,cyber_violence_2023_26483_file1.pdf,419,0,3,피해; 폭력,https://www.nia.or.kr/site/nia_kor/ex/bbs/View.do?cbIdx=68302&bcIdx=26483&parentSeq=26483
cyber_violence,사이버폭력 실태조사,2023,2023년 사이버폭력 실태조사,cyber_violence_2023_26483_file1.pdf,420,0,4,피해; 폭력,https://www.nia.or.kr/site/nia_kor/ex/bbs/View.do?cbIdx=68302&bcIdx=26483&parentSeq=26483
cyber_violence,사이버폭력 실태조사,2023,2023년 사이버폭력 실태조사,cyber_violence_2023_26483_file1.pdf,421,0,3,피해; 폭력,https://www.nia.or.kr/site/nia_kor/ex/bbs/View.do?cbIdx=68302&bcIdx=26483&parentSeq=26483
cyber_violence,사이버폭력 실태조사,2023,2023년 사이버폭력 실태조사,cyber_violence_2023_26483_file1.pdf,422,0,3,피해; 폭력,https://www.nia.or.kr/site/nia_kor/ex/bbs/View.do?cbIdx=68302&bcIdx=26483&parentSeq=26483
cyber_violence,사이버폭력 실태조사,2023,2023년 사이버폭력 실태조사,cyber_violence_2023_26483_file1.pdf,423,0,3,피해; 폭력,https://www.nia.or.kr/site/nia_kor/ex/bbs/View.do?cbIdx=68302&bcIdx=26483&parentSeq=26483
cyber_violence,사이버폭력 실태조사,2023,2023년 사이버폭력 실태조사,cyber_violence_2023_26483_file1.pdf,424,0,3,피해; 폭력,https://www.nia.or.kr/site/nia_kor/ex/bbs/View.do?cbIdx=68302&bcIdx=26483&parentSeq=26483
cyber_violence,사이버폭력 실태조사,2023,2023년 사이버폭력 실태조사,cyber_violence_2023_26483_file1.pdf,425,0,4,피해; 폭력,https://www.nia.or.kr/site/nia_kor/ex/bbs/View.do?cbIdx=68302&bcIdx=26483&parentSeq=26483
cyber_violence,사이버폭력 실태조사,2023,2023년 사이버폭력 실태조사,cyber_violence_2023_26483_file1.pdf,426,0,4,피해; 폭력,https://www.nia.or.kr/site/nia_kor/ex/bbs/View.do?cbIdx=68302&bcIdx=26483&parentSeq=26483
cyber_violence,사이버폭력 실태조사,2023,2023년 사이버폭력 실태조사,cyber_violence_2023_26483_file1.pdf,427,0,5,피해; 폭력,https://www.nia.or.kr/site/nia_kor/ex/bbs/View.do?cbIdx=68302&bcIdx=26483&parentSeq=26483
cyber_violence,사이버폭력 실태조사,2023,2023년 사이버폭력 실태조사,cyber_violence_2023_26483_file1.pdf,428,0,5,피해; 폭력,https://www.nia.or.kr/site/nia_kor/ex/bbs/View.do?cbIdx=68302&bcIdx=26483&parentSeq=26483
cyber_violence,사이버폭력 실태조사,2023,2023년 사이버폭력 실태조사,cyber_violence_2023_26483_file1.pdf,429,0,5,피해; 폭력,https://www.nia.or.kr/site/nia_kor/ex/bbs/View.do?cbIdx=68302&bcIdx=26483&parentSeq=26483
cyber_violence,사이버폭력 실태조사,2023,2023년 사이버폭력 실태조사,cyber_violence_2023_26483_file1.pdf,430,0,6,상담; 피해; 폭력,https://www.nia.or.kr/site/nia_kor/ex/bbs/View.do?cbIdx=68302&bcIdx=26483&parentSeq=26483
cyber_violence,사이버폭력 실태조사,2023,2023년 사이버폭력 실태조사,cyber_violence_2023_26483_file1.pdf,431,0,7,피해; 폭력,https://www.nia.or.kr/site/nia_kor/ex/bbs/View.do?cbIdx=68302&bcIdx=26483&parentSeq=26483
cyber_violence,사이버폭력 실태조사,2023,2023년 사이버폭력 실태조사,cyber_violence_2023_26483_file1.pdf,432,0,8,상담; 피해; 폭력; 도움,https://www.nia.or.kr/site/nia_kor/ex/bbs/View.do?cbIdx=68302&bcIdx=26483&parentSeq=26483
cyber_violence,사이버폭력 실태조사,2023,2023년 사이버폭력 실태조사,cyber_violence_2023_26483_file1.pdf,433,0,7,피해; 폭력; 도움,https://www.nia.or.kr/site/nia_kor/ex/bbs/View.do?cbIdx=68302&bcIdx=26483&parentSeq=26483
cyber_violence,사이버폭력 실태조사,2023,2023년 사이버폭력 실태조사,cyber_violence_2023_26483_file1.pdf,434,0,7,피해; 폭력,https://www.nia.or.kr/site/nia_kor/ex/bbs/View.do?cbIdx=68302&bcIdx=26483&parentSeq=26483
cyber_violence,사이버폭력 실태조사,2023,2023년 사이버폭력 실태조사,cyber_violence_2023_26483_file1.pdf,435,0,12,상담; 피해; 폭력; 도움,https://www.nia.or.kr/site/nia_kor/ex/bbs/View.do?cbIdx=68302&bcIdx=26483&parentSeq=26483
cyber_violence,사이버폭력 실태조사,2023,2023년 사이버폭력 실태조사,cyber_violence_2023_26483_file1.pdf,436,0,4,심리; 피해; 폭력,https://www.nia.or.kr/site/nia_kor/ex/bbs/View.do?cbIdx=68302&bcIdx=26483&parentSeq=26483
cyber_violence,사이버폭력 실태조사,2023,2023년 사이버폭력 실태조사,cyber_violence_2023_26483_file1.pdf,437,0,6,심리; 피해; 폭력,https://www.nia.or.kr/site/nia_kor/ex/bbs/View.do?cbIdx=68302&bcIdx=26483&parentSeq=26483
cyber_violence,사이버폭력 실태조사,2023,2023년 사이버폭력 실태조사,cyber_violence_2023_26483_file1.pdf,438,0,6,심리; 피해; 폭력,https://www.nia.or.kr/site/nia_kor/ex/bbs/View.do?cbIdx=68302&bcIdx=26483&parentSeq=26483
cyber_violence,사이버폭력 실태조사,2023,2023년 사이버폭력 실태조사,cyber_violence_2023_26483_file1.pdf,439,0,6,심리; 피해; 폭력,https://www.nia.or.kr/site/nia_kor/ex/bbs/View.do?cbIdx=68302&bcIdx=26483&parentSeq=26483
cyber_violence,사이버폭력 실태조사,2023,2023년 사이버폭력 실태조사,cyber_violence_2023_26483_file1.pdf,440,0,12,심리; 스트레스; 우울; 불안; 피해; 폭력,https://www.nia.or.kr/site/nia_kor/ex/bbs/View.do?cbIdx=68302&bcIdx=26483&parentSeq=26483
cyber_violence,사이버폭력 실태조사,2023,2023년 사이버폭력 실태조사,cyber_violence_2023_26483_file1.pdf,441,0,6,심리; 피해; 폭력,https://www.nia.or.kr/site/nia_kor/ex/bbs/View.do?cbIdx=68302&bcIdx=26483&parentSeq=26483
cyber_violence,사이버폭력 실태조사,2023,2023년 사이버폭력 실태조사,cyber_violence_2023_26483_file1.pdf,442,0,7,심리; 피해; 폭력,https://www.nia.or.kr/site/nia_kor/ex/bbs/View.do?cbIdx=68302&bcIdx=26483&parentSeq=26483
cyber_violence,사이버폭력 실태조사,2023,2023년 사이버폭력 실태조사,cyber_violence_2023_26483_file1.pdf,443,0,4,폭력,https://www.nia.or.kr/site/nia_kor/ex/bbs/View.do?cbIdx=68302&bcIdx=26483&parentSeq=26483
cyber_violence,사이버폭력 실태조사,2023,2023년 사이버폭력 실태조사,cyber_violence_2023_26483_file1.pdf,444,0,2,폭력,https://www.nia.or.kr/site/nia_kor/ex/bbs/View.do?cbIdx=68302&bcIdx=26483&parentSeq=26483
cyber_violence,사이버폭력 실태조사,2023,2023년 사이버폭력 실태조사,cyber_violence_2023_26483_file1.pdf,445,0,3,폭력,https://www.nia.or.kr/site/nia_kor/ex/bbs/View.do?cbIdx=68302&bcIdx=26483&parentSeq=26483
cyber_violence,사이버폭력 실태조사,2023,2023년 사이버폭력 실태조사,cyber_violence_2023_26483_file1.pdf,446,0,3,폭력,https://www.nia.or.kr/site/nia_kor/ex/bbs/View.do?cbIdx=68302&bcIdx=26483&parentSeq=26483
cyber_violence,사이버폭력 실태조사,2023,2023년 사이버폭력 실태조사,cyber_violence_2023_26483_file1.pdf,447,0,2,폭력,https://www.nia.or.kr/site/nia_kor/ex/bbs/View.do?cbIdx=68302&bcIdx=26483&parentSeq=26483
cyber_violence,사이버폭력 실태조사,2023,2023년 사이버폭력 실태조사,cyber_violence_2023_26483_file1.pdf,448,0,2,폭력,https://www.nia.or.kr/site/nia_kor/ex/bbs/View.do?cbIdx=68302&bcIdx=26483&parentSeq=26483
cyber_violence,사이버폭력 실태조사,2023,2023년 사이버폭력 실태조사,cyber_violence_2023_26483_file1.pdf,449,0,3,폭력,https://www.nia.or.kr/site/nia_kor/ex/bbs/View.do?cbIdx=68302&bcIdx=26483&parentSeq=26483
cyber_violence,사이버폭력 실태조사,2023,2023년 사이버폭력 실태조사,cyber_violence_2023_26483_file1.pdf,450,0,2,폭력,https://www.nia.or.kr/site/nia_kor/ex/bbs/View.do?cbIdx=68302&bcIdx=26483&parentSeq=26483
cyber_violence,사이버폭력 실태조사,2023,2023년 사이버폭력 실태조사,cyber_violence_2023_26483_file1.pdf,451,0,2,폭력,https://www.nia.or.kr/site/nia_kor/ex/bbs/View.do?cbIdx=68302&bcIdx=26483&parentSeq=26483
cyber_violence,사이버폭력 실태조사,2023,2023년 사이버폭력 실태조사,cyber_violence_2023_26483_file1.pdf,452,0,2,폭력,https://www.nia.or.kr/site/nia_kor/ex/bbs/View.do?cbIdx=68302&bcIdx=26483&parentSeq=26483
cyber_violence,사이버폭력 실태조사,2023,2023년 사이버폭력 실태조사,cyber_violence_2023_26483_file1.pdf,453,0,2,폭력,https://www.nia.or.kr/site/nia_kor/ex/bbs/View.do?cbIdx=68302&bcIdx=26483&parentSeq=26483
cyber_violence,사이버폭력 실태조사,2023,2023년 사이버폭력 실태조사,cyber_violence_2023_26483_file1.pdf,454,0,3,폭력,https://www.nia.or.kr/site/nia_kor/ex/bbs/View.do?cbIdx=68302&bcIdx=26483&parentSeq=26483
cyber_violence,사이버폭력 실태조사,2023,2023년 사이버폭력 실태조사,cyber_violence_2023_26483_file1.pdf,455,0,3,폭력,https://www.nia.or.kr/site/nia_kor/ex/bbs/View.do?cbIdx=68302&bcIdx=26483&parentSeq=26483
cyber_violence,사이버폭력 실태조사,2023,2023년 사이버폭력 실태조사,cyber_violence_2023_26483_file1.pdf,456,0,3,폭력,https://www.nia.or.kr/site/nia_kor/ex/bbs/View.do?cbIdx=68302&bcIdx=26483&parentSeq=26483
cyber_violence,사이버폭력 실태조사,2023,2023년 사이버폭력 실태조사,cyber_violence_2023_26483_file1.pdf,457,0,3,폭력,https://www.nia.or.kr/site/nia_kor/ex/bbs/View.do?cbIdx=68302&bcIdx=26483&parentSeq=26483
cyber_violence,사이버폭력 실태조사,2023,2023년 사이버폭력 실태조사,cyber_violence_2023_26483_file1.pdf,458,0,3,폭력,https://www.nia.or.kr/site/nia_kor/ex/bbs/View.do?cbIdx=68302&bcIdx=26483&parentSeq=26483
cyber_violence,사이버폭력 실태조사,2023,2023년 사이버폭력 실태조사,cyber_violence_2023_26483_file1.pdf,459,0,4,스트레스; 폭력,https://www.nia.or.kr/site/nia_kor/ex/bbs/View.do?cbIdx=68302&bcIdx=26483&parentSeq=26483
cyber_violence,사이버폭력 실태조사,2023,2023년 사이버폭력 실태조사,cyber_violence_2023_26483_file1.pdf,460,0,3,폭력,https://www.nia.or.kr/site/nia_kor/ex/bbs/View.do?cbIdx=68302&bcIdx=26483&parentSeq=26483
cyber_violence,사이버폭력 실태조사,2023,2023년 사이버폭력 실태조사,cyber_violence_2023_26483_file1.pdf,461,0,4,심리; 폭력,https://www.nia.or.kr/site/nia_kor/ex/bbs/View.do?cbIdx=68302&bcIdx=26483&parentSeq=26483
cyber_violence,사이버폭력 실태조사,2023,2023년 사이버폭력 실태조사,cyber_violence_2023_26483_file1.pdf,462,0,4,심리; 폭력,https://www.nia.or.kr/site/nia_kor/ex/bbs/View.do?cbIdx=68302&bcIdx=26483&parentSeq=26483
cyber_violence,사이버폭력 실태조사,2023,2023년 사이버폭력 실태조사,cyber_violence_2023_26483_file1.pdf,463,0,4,심리; 폭력,https://www.nia.or.kr/site/nia_kor/ex/bbs/View.do?cbIdx=68302&bcIdx=26483&parentSeq=26483
cyber_violence,사이버폭력 실태조사,2023,2023년 사이버폭력 실태조사,cyber_violence_2023_26483_file1.pdf,464,0,4,심리; 폭력,https://www.nia.or.kr/site/nia_kor/ex/bbs/View.do?cbIdx=68302&bcIdx=26483&parentSeq=26483
cyber_violence,사이버폭력 실태조사,2023,2023년 사이버폭력 실태조사,cyber_violence_2023_26483_file1.pdf,465,0,4,심리; 폭력,https://www.nia.or.kr/site/nia_kor/ex/bbs/View.do?cbIdx=68302&bcIdx=26483&parentSeq=26483
cyber_violence,사이버폭력 실태조사,2023,2023년 사이버폭력 실태조사,cyber_violence_2023_26483_file1.pdf,466,0,4,심리; 폭력,https://www.nia.or.kr/site/nia_kor/ex/bbs/View.do?cbIdx=68302&bcIdx=26483&parentSeq=26483
cyber_violence,사이버폭력 실태조사,2023,2023년 사이버폭력 실태조사,cyber_violence_2023_26483_file1.pdf,467,0,2,폭력,https://www.nia.or.kr/site/nia_kor/ex/bbs/View.do?cbIdx=68302&bcIdx=26483&parentSeq=26483
cyber_violence,사이버폭력 실태조사,2023,2023년 사이버폭력 실태조사,cyber_violence_2023_26483_file1.pdf,468,0,5,피해; 폭력,https://www.nia.or.kr/site/nia_kor/ex/bbs/View.do?cbIdx=68302&bcIdx=26483&parentSeq=26483
cyber_violence,사이버폭력 실태조사,2023,2023년 사이버폭력 실태조사,cyber_violence_2023_26483_file1.pdf,469,0,5,폭력,https://www.nia.or.kr/site/nia_kor/ex/bbs/View.do?cbIdx=68302&bcIdx=26483&parentSeq=26483
cyber_violence,사이버폭력 실태조사,2023,2023년 사이버폭력 실태조사,cyber_violence_2023_26483_file1.pdf,470,0,4,폭력,https://www.nia.or.kr/site/nia_kor/ex/bbs/View.do?cbIdx=68302&bcIdx=26483&parentSeq=26483
cyber_violence,사이버폭력 실태조사,2023,2023년 사이버폭력 실태조사,cyber_violence_2023_26483_file1.pdf,471,0,5,피해; 폭력,https://www.nia.or.kr/site/nia_kor/ex/bbs/View.do?cbIdx=68302&bcIdx=26483&parentSeq=26483
cyber_violence,사이버폭력 실태조사,2023,2023년 사이버폭력 실태조사,cyber_violence_2023_26483_file1.pdf,472,0,6,피해; 폭력,https://www.nia.or.kr/site/nia_kor/ex/bbs/View.do?cbIdx=68302&bcIdx=26483&parentSeq=26483
cyber_violence,사이버폭력 실태조사,2023,2023년 사이버폭력 실태조사,cyber_violence_2023_26483_file1.pdf,473,0,4,폭력,https://www.nia.or.kr/site/nia_kor/ex/bbs/View.do?cbIdx=68302&bcIdx=26483&parentSeq=26483
cyber_violence,사이버폭력 실태조사,2023,2023년 사이버폭력 실태조사,cyber_violence_2023_26483_file1.pdf,474,0,4,폭력,https://www.nia.or.kr/site/nia_kor/ex/bbs/View.do?cbIdx=68302&bcIdx=26483&parentSeq=26483
cyber_violence,사이버폭력 실태조사,2023,2023년 사이버폭력 실태조사,cyber_violence_2023_26483_file1.pdf,475,0,4,폭력,https://www.nia.or.kr/site/nia_kor/ex/bbs/View.do?cbIdx=68302&bcIdx=26483&parentSeq=26483
cyber_violence,사이버폭력 실태조사,2023,2023년 사이버폭력 실태조사,cyber_violence_2023_26483_file1.pdf,476,0,3,폭력,https://www.nia.or.kr/site/nia_kor/ex/bbs/View.do?cbIdx=68302&bcIdx=26483&parentSeq=26483
cyber_violence,사이버폭력 실태조사,2023,2023년 사이버폭력 실태조사,cyber_violence_2023_26483_file1.pdf,477,0,4,폭력,https://www.nia.or.kr/site/nia_kor/ex/bbs/View.do?cbIdx=68302&bcIdx=26483&parentSeq=26483
cyber_violence,사이버폭력 실태조사,2023,2023년 사이버폭력 실태조사,cyber_violence_2023_26483_file1.pdf,478,0,3,폭력,https://www.nia.or.kr/site/nia_kor/ex/bbs/View.do?cbIdx=68302&bcIdx=26483&parentSeq=26483
cyber_violence,사이버폭력 실태조사,2023,2023년 사이버폭력 실태조사,cyber_violence_2023_26483_file1.pdf,479,0,11,폭력; 도움,https://www.nia.or.kr/site/nia_kor/ex/bbs/View.do?cbIdx=68302&bcIdx=26483&parentSeq=26483
cyber_violence,사이버폭력 실태조사,2023,2023년 사이버폭력 실태조사,cyber_violence_2023_26483_file1.pdf,480,0,3,폭력,https://www.nia.or.kr/site/nia_kor/ex/bbs/View.do?cbIdx=68302&bcIdx=26483&parentSeq=26483
cyber_violence,사이버폭력 실태조사,2023,2023년 사이버폭력 실태조사,cyber_violence_2023_26483_file1.pdf,481,0,5,폭력,https://www.nia.or.kr/site/nia_kor/ex/bbs/View.do?cbIdx=68302&bcIdx=26483&parentSeq=26483
cyber_violence,사이버폭력 실태조사,2023,2023년 사이버폭력 실태조사,cyber_violence_2023_26483_file1.pdf,482,0,5,피해; 폭력,https://www.nia.or.kr/site/nia_kor/ex/bbs/View.do?cbIdx=68302&bcIdx=26483&parentSeq=26483
cyber_violence,사이버폭력 실태조사,2023,2023년 사이버폭력 실태조사,cyber_violence_2023_26483_file1.pdf,483,0,3,폭력,https://www.nia.or.kr/site/nia_kor/ex/bbs/View.do?cbIdx=68302&bcIdx=26483&parentSeq=26483
cyber_violence,사이버폭력 실태조사,2023,2023년 사이버폭력 실태조사,cyber_violence_2023_26483_file1.pdf,484,0,8,피해; 폭력,https://www.nia.or.kr/site/nia_kor/ex/bbs/View.do?cbIdx=68302&bcIdx=26483&parentSeq=26483
cyber_violence,사이버폭력 실태조사,2023,2023년 사이버폭력 실태조사,cyber_violence_2023_26483_file1.pdf,485,0,1,폭력,https://www.nia.or.kr/site/nia_kor/ex/bbs/View.do?cbIdx=68302&bcIdx=26483&parentSeq=26483
cyber_violence,사이버폭력 실태조사,2023,2023년 사이버폭력 실태조사,cyber_violence_2023_26483_file1.pdf,486,0,1,폭력,https://www.nia.or.kr/site/nia_kor/ex/bbs/View.do?cbIdx=68302&bcIdx=26483&parentSeq=26483
cyber_violence,사이버폭력 실태조사,2023,2023년 사이버폭력 실태조사,cyber_violence_2023_26483_file1.pdf,487,0,1,폭력,https://www.nia.or.kr/site/nia_kor/ex/bbs/View.do?cbIdx=68302&bcIdx=26483&parentSeq=26483
cyber_violence,사이버폭력 실태조사,2023,2023년 사이버폭력 실태조사,cyber_violence_2023_26483_file1.pdf,488,0,1,폭력,https://www.nia.or.kr/site/nia_kor/ex/bbs/View.do?cbIdx=68302&bcIdx=26483&parentSeq=26483
cyber_violence,사이버폭력 실태조사,2023,2023년 사이버폭력 실태조사,cyber_violence_2023_26483_file1.pdf,489,0,1,폭력,https://www.nia.or.kr/site/nia_kor/ex/bbs/View.do?cbIdx=68302&bcIdx=26483&parentSeq=26483
cyber_violence,사이버폭력 실태조사,2023,2023년 사이버폭력 실태조사,cyber_violence_2023_26483_file1.pdf,490,0,1,폭력,https://www.nia.or.kr/site/nia_kor/ex/bbs/View.do?cbIdx=68302&bcIdx=26483&parentSeq=26483
cyber_violence,사이버폭력 실태조사,2023,2023년 사이버폭력 실태조사,cyber_violence_2023_26483_file1.pdf,491,0,1,폭력,https://www.nia.or.kr/site/nia_kor/ex/bbs/View.do?cbIdx=68302&bcIdx=26483&parentSeq=26483
cyber_violence,사이버폭력 실태조사,2023,2023년 사이버폭력 실태조사,cyber_violence_2023_26483_file1.pdf,492,0,1,폭력,https://www.nia.or.kr/site/nia_kor/ex/bbs/View.do?cbIdx=68302&bcIdx=26483&parentSeq=26483
cyber_violence,사이버폭력 실태조사,2023,2023년 사이버폭력 실태조사,cyber_violence_2023_26483_file1.pdf,493,0,1,폭력,https://www.nia.or.kr/site/nia_kor/ex/bbs/View.do?cbIdx=68302&bcIdx=26483&parentSeq=26483
cyber_violence,사이버폭력 실태조사,2023,2023년 사이버폭력 실태조사,cyber_violence_2023_26483_file1.pdf,494,0,1,폭력,https://www.nia.or.kr/site/nia_kor/ex/bbs/View.do?cbIdx=68302&bcIdx=26483&parentSeq=26483
cyber_violence,사이버폭력 실태조사,2023,2023년 사이버폭력 실태조사,cyber_violence_2023_26483_file1.pdf,495,0,1,폭력,https://www.nia.or.kr/site/nia_kor/ex/bbs/View.do?cbIdx=68302&bcIdx=26483&parentSeq=26483
cyber_violence,사이버폭력 실태조사,2023,2023년 사이버폭력 실태조사,cyber_violence_2023_26483_file1.pdf,496,0,1,폭력,https://www.nia.or.kr/site/nia_kor/ex/bbs/View.do?cbIdx=68302&bcIdx=26483&parentSeq=26483
cyber_violence,사이버폭력 실태조사,2023,2023년 사이버폭력 실태조사,cyber_violence_2023_26483_file1.pdf,497,0,1,폭력,https://www.nia.or.kr/site/nia_kor/ex/bbs/View.do?cbIdx=68302&bcIdx=26483&parentSeq=26483
cyber_violence,사이버폭력 실태조사,2023,2023년 사이버폭력 실태조사,cyber_violence_2023_26483_file1.pdf,498,0,1,폭력,https://www.nia.or.kr/site/nia_kor/ex/bbs/View.do?cbIdx=68302&bcIdx=26483&parentSeq=26483
cyber_violence,사이버폭력 실태조사,2023,2023년 사이버폭력 실태조사,cyber_violence_2023_26483_file1.pdf,499,0,1,폭력,https://www.nia.or.kr/site/nia_kor/ex/bbs/View.do?cbIdx=68302&bcIdx=26483&parentSeq=26483
cyber_violence,사이버폭력 실태조사,2023,2023년 사이버폭력 실태조사,cyber_violence_2023_26483_file1.pdf,500,0,1,폭력,https://www.nia.or.kr/site/nia_kor/ex/bbs/View.do?cbIdx=68302&bcIdx=26483&parentSeq=26483
cyber_violence,사이버폭력 실태조사,2023,2023년 사이버폭력 실태조사,cyber_violence_2023_26483_file1.pdf,501,0,1,폭력,https://www.nia.or.kr/site/nia_kor/ex/bbs/View.do?cbIdx=68302&bcIdx=26483&parentSeq=26483
cyber_violence,사이버폭력 실태조사,2023,2023년 사이버폭력 실태조사,cyber_violence_2023_26483_file1.pdf,502,0,1,폭력,https://www.nia.or.kr/site/nia_kor/ex/bbs/View.do?cbIdx=68302&bcIdx=26483&parentSeq=26483
cyber_violence,사이버폭력 실태조사,2023,2023년 사이버폭력 실태조사,cyber_violence_2023_26483_file1.pdf,503,0,1,폭력,https://www.nia.or.kr/site/nia_kor/ex/bbs/View.do?cbIdx=68302&bcIdx=26483&parentSeq=26483
cyber_violence,사이버폭력 실태조사,2023,2023년 사이버폭력 실태조사,cyber_violence_2023_26483_file1.pdf,504,0,1,폭력,https://www.nia.or.kr/site/nia_kor/ex/bbs/View.do?cbIdx=68302&bcIdx=26483&parentSeq=26483
cyber_violence,사이버폭력 실태조사,2023,2023년 사이버폭력 실태조사,cyber_violence_2023_26483_file1.pdf,505,0,3,피해; 폭력,https://www.nia.or.kr/site/nia_kor/ex/bbs/View.do?cbIdx=68302&bcIdx=26483&parentSeq=26483
cyber_violence,사이버폭력 실태조사,2023,2023년 사이버폭력 실태조사,cyber_violence_2023_26483_file1.pdf,506,0,1,폭력,https://www.nia.or.kr/site/nia_kor/ex/bbs/View.do?cbIdx=68302&bcIdx=26483&parentSeq=26483
cyber_violence,사이버폭력 실태조사,2023,2023년 사이버폭력 실태조사,cyber_violence_2023_26483_file1.pdf,507,0,2,피해; 폭력,https://www.nia.or.kr/site/nia_kor/ex/bbs/View.do?cbIdx=68302&bcIdx=26483&parentSeq=26483
cyber_violence,사이버폭력 실태조사,2023,2023년 사이버폭력 실태조사,cyber_violence_2023_26483_file1.pdf,509,4,2,지능정보; 폭력,https://www.nia.or.kr/site/nia_kor/ex/bbs/View.do?cbIdx=68302&bcIdx=26483&parentSeq=26483
internet_use,인터넷이용실태조사,2025,2025년 인터넷이용실태조사 최종보고서,internet_use_2025_29198_file3.pdf,253,2,0,지능정보,https://www.nia.or.kr/site/nia_kor/ex/bbs/View.do?cbIdx=99870&bcIdx=29198&parentSeq=29198
internet_use,인터넷이용실태조사,2025,2025년 인터넷이용실태조사 최종보고서,internet_use_2025_29198_file3.pdf,255,5,0,인공지능; AI,https://www.nia.or.kr/site/nia_kor/ex/bbs/View.do?cbIdx=99870&bcIdx=29198&parentSeq=29198
internet_use,인터넷이용실태조사,2025,2025년 인터넷이용실태조사 최종보고서,internet_use_2025_29198_file3.pdf,257,2,0,지능정보,https://www.nia.or.kr/site/nia_kor/ex/bbs/View.do?cbIdx=99870&bcIdx=29198&parentSeq=29198
internet_use,인터넷이용실태조사,2025,2025년 인터넷이용실태조사 최종보고서,internet_use_2025_29198_file3.pdf,260,2,0,AI; 생성형,https://www.nia.or.kr/site/nia_kor/ex/bbs/View.do?cbIdx=99870&bcIdx=29198&parentSeq=29198
internet_use,인터넷이용실태조사,2025,2025년 인터넷이용실태조사 최종보고서,internet_use_2025_29198_file3.pdf,266,7,1,인공지능; AI; 상담,https://www.nia.or.kr/site/nia_kor/ex/bbs/View.do?cbIdx=99870&bcIdx=29198&parentSeq=29198
internet_use,인터넷이용실태조사,2025,2025년 인터넷이용실태조사 최종보고서,internet_use_2025_29198_file3.pdf,267,12,7,인공지능; AI; AI 서비스; 상담; 도움,https://www.nia.or.kr/site/nia_kor/ex/bbs/View.do?cbIdx=99870&bcIdx=29198&parentSeq=29198
internet_use,인터넷이용실태조사,2025,2025년 인터넷이용실태조사 최종보고서,internet_use_2025_29198_file3.pdf,268,10,2,인공지능; AI; 생성형; 심리; 도움,https://www.nia.or.kr/site/nia_kor/ex/bbs/View.do?cbIdx=99870&bcIdx=29198&parentSeq=29198
internet_use,인터넷이용실태조사,2025,2025년 인터넷이용실태조사 최종보고서,internet_use_2025_29198_file3.pdf,269,8,0,인공지능; 알고리즘,https://www.nia.or.kr/site/nia_kor/ex/bbs/View.do?cbIdx=99870&bcIdx=29198&parentSeq=29198
internet_use,인터넷이용실태조사,2025,2025년 인터넷이용실태조사 최종보고서,internet_use_2025_29198_file3.pdf,271,3,0,AI; 생성형; AI 서비스,https://www.nia.or.kr/site/nia_kor/ex/bbs/View.do?cbIdx=99870&bcIdx=29198&parentSeq=29198
internet_use,인터넷이용실태조사,2025,2025년 인터넷이용실태조사 최종보고서,internet_use_2025_29198_file3.pdf,275,0,2,피해,https://www.nia.or.kr/site/nia_kor/ex/bbs/View.do?cbIdx=99870&bcIdx=29198&parentSeq=29198
internet_use,인터넷이용실태조사,2025,2025년 인터넷이용실태조사 최종보고서,internet_use_2025_29198_file3.pdf,277,0,2,상담,https://www.nia.or.kr/site/nia_kor/ex/bbs/View.do?cbIdx=99870&bcIdx=29198&parentSeq=29198
internet_use,인터넷이용실태조사,2024,2024년 인터넷이용실태조사 최종보고서 및 통계표(영문),internet_use_2024_28317_file3.pdf,30,15,0,AI,https://www.nia.or.kr/site/nia_kor/ex/bbs/View.do?cbIdx=99870&bcIdx=28317&parentSeq=28317
internet_use,인터넷이용실태조사,2024,2024년 인터넷이용실태조사 최종보고서 및 통계표(영문),internet_use_2024_28317_file3.pdf,31,1,0,AI,https://www.nia.or.kr/site/nia_kor/ex/bbs/View.do?cbIdx=99870&bcIdx=28317&parentSeq=28317
internet_use,인터넷이용실태조사,2024,2024년 인터넷이용실태조사 최종보고서 및 통계표(영문),internet_use_2024_28317_file3.pdf,46,10,0,AI,https://www.nia.or.kr/site/nia_kor/ex/bbs/View.do?cbIdx=99870&bcIdx=28317&parentSeq=28317
internet_use,인터넷이용실태조사,2024,2024년 인터넷이용실태조사 최종보고서 및 통계표(영문),internet_use_2024_28317_file3.pdf,47,9,0,AI; ChatGPT,https://www.nia.or.kr/site/nia_kor/ex/bbs/View.do?cbIdx=99870&bcIdx=28317&parentSeq=28317
internet_use,인터넷이용실태조사,2024,2024년 인터넷이용실태조사 최종보고서 및 통계표(영문),internet_use_2024_28317_file3.pdf,48,3,0,AI,https://www.nia.or.kr/site/nia_kor/ex/bbs/View.do?cbIdx=99870&bcIdx=28317&parentSeq=28317
internet_use,인터넷이용실태조사,2024,2024년 인터넷이용실태조사 최종보고서 및 통계표(영문),internet_use_2024_28317_file3.pdf,49,8,0,AI; ChatGPT,https://www.nia.or.kr/site/nia_kor/ex/bbs/View.do?cbIdx=99870&bcIdx=28317&parentSeq=28317
internet_use,인터넷이용실태조사,2024,2024년 인터넷이용실태조사 최종보고서 및 통계표(영문),internet_use_2024_28317_file3.pdf,50,3,0,AI,https://www.nia.or.kr/site/nia_kor/ex/bbs/View.do?cbIdx=99870&bcIdx=28317&parentSeq=28317
internet_use,인터넷이용실태조사,2024,2024년 인터넷이용실태조사 최종보고서 및 통계표(영문),internet_use_2024_28317_file3.pdf,51,10,0,AI,https://www.nia.or.kr/site/nia_kor/ex/bbs/View.do?cbIdx=99870&bcIdx=28317&parentSeq=28317
internet_use,인터넷이용실태조사,2024,2024년 인터넷이용실태조사 최종보고서 및 통계표(영문),internet_use_2024_28317_file3.pdf,52,14,0,AI,https://www.nia.or.kr/site/nia_kor/ex/bbs/View.do?cbIdx=99870&bcIdx=28317&parentSeq=28317
internet_use,인터넷이용실태조사,2024,2024년 인터넷이용실태조사 최종보고서 및 통계표(영문),internet_use_2024_28317_file3.pdf,53,24,0,AI,https://www.nia.or.kr/site/nia_kor/ex/bbs/View.do?cbIdx=99870&bcIdx=28317&parentSeq=28317
internet_use,인터넷이용실태조사,2024,2024년 인터넷이용실태조사 최종보고서 및 통계표(영문),internet_use_2024_28317_file3.pdf,54,22,0,AI; ChatGPT,https://www.nia.or.kr/site/nia_kor/ex/bbs/View.do?cbIdx=99870&bcIdx=28317&parentSeq=28317
internet_use,인터넷이용실태조사,2024,2024년 인터넷이용실태조사 최종보고서 및 통계표(영문),internet_use_2024_28317_file3.pdf,55,20,0,AI,https://www.nia.or.kr/site/nia_kor/ex/bbs/View.do?cbIdx=99870&bcIdx=28317&parentSeq=28317
internet_use,인터넷이용실태조사,2024,2024년 인터넷이용실태조사 최종보고서 및 통계표(영문),internet_use_2024_28317_file3.pdf,56,13,0,AI,https://www.nia.or.kr/site/nia_kor/ex/bbs/View.do?cbIdx=99870&bcIdx=28317&parentSeq=28317
internet_use,인터넷이용실태조사,2024,2024년 인터넷이용실태조사 최종보고서 및 통계표(영문),internet_use_2024_28317_file3.pdf,57,14,0,AI,https://www.nia.or.kr/site/nia_kor/ex/bbs/View.do?cbIdx=99870&bcIdx=28317&parentSeq=28317
internet_use,인터넷이용실태조사,2024,2024년 인터넷이용실태조사 최종보고서 및 통계표(영문),internet_use_2024_28317_file3.pdf,58,5,0,AI,https://www.nia.or.kr/site/nia_kor/ex/bbs/View.do?cbIdx=99870&bcIdx=28317&parentSeq=28317
internet_use,인터넷이용실태조사,2024,2024년 인터넷이용실태조사 최종보고서 및 통계표(영문),internet_use_2024_28317_file3.pdf,67,1,0,AI,https://www.nia.or.kr/site/nia_kor/ex/bbs/View.do?cbIdx=99870&bcIdx=28317&parentSeq=28317
internet_use,인터넷이용실태조사,2024,2024년 인터넷이용실태조사 최종보고서 및 통계표(영문),internet_use_2024_28317_file3.pdf,80,10,0,AI,https://www.nia.or.kr/site/nia_kor/ex/bbs/View.do?cbIdx=99870&bcIdx=28317&parentSeq=28317
internet_use,인터넷이용실태조사,2024,2024년 인터넷이용실태조사 최종보고서 및 통계표(영문),internet_use_2024_28317_file3.pdf,81,12,0,AI,https://www.nia.or.kr/site/nia_kor/ex/bbs/View.do?cbIdx=99870&bcIdx=28317&parentSeq=28317
internet_use,인터넷이용실태조사,2024,2024년 인터넷이용실태조사 최종보고서 및 통계표(영문),internet_use_2024_28317_file3.pdf,82,5,0,AI,https://www.nia.or.kr/site/nia_kor/ex/bbs/View.do?cbIdx=99870&bcIdx=28317&parentSeq=28317
internet_use,인터넷이용실태조사,2024,2024년 인터넷이용실태조사 최종보고서 및 통계표(영문),internet_use_2024_28317_file3.pdf,93,5,0,AI,https://www.nia.or.kr/site/nia_kor/ex/bbs/View.do?cbIdx=99870&bcIdx=28317&parentSeq=28317
internet_use,인터넷이용실태조사,2024,2024년 인터넷이용실태조사 최종보고서 및 통계표(영문),internet_use_2024_28317_file3.pdf,111,9,0,AI,https://www.nia.or.kr/site/nia_kor/ex/bbs/View.do?cbIdx=99870&bcIdx=28317&parentSeq=28317
internet_use,인터넷이용실태조사,2024,2024년 인터넷이용실태조사 최종보고서 및 통계표(영문),internet_use_2024_28317_file3.pdf,116,1,0,AI,https://www.nia.or.kr/site/nia_kor/ex/bbs/View.do?cbIdx=99870&bcIdx=28317&parentSeq=28317
internet_use,인터넷이용실태조사,2024,2024년 인터넷이용실태조사 최종보고서 및 통계표(영문),internet_use_2024_28317_file3.pdf,165,4,0,AI,https://www.nia.or.kr/site/nia_kor/ex/bbs/View.do?cbIdx=99870&bcIdx=28317&parentSeq=28317
internet_use,인터넷이용실태조사,2024,2024년 인터넷이용실태조사 최종보고서 및 통계표(영문),internet_use_2024_28317_file3.pdf,193,10,0,AI,https://www.nia.or.kr/site/nia_kor/ex/bbs/View.do?cbIdx=99870&bcIdx=28317&parentSeq=28317
internet_use,인터넷이용실태조사,2024,2024년 인터넷이용실태조사 최종보고서 및 통계표(영문),internet_use_2024_28317_file3.pdf,194,9,0,AI,https://www.nia.or.kr/site/nia_kor/ex/bbs/View.do?cbIdx=99870&bcIdx=28317&parentSeq=28317
internet_use,인터넷이용실태조사,2024,2024년 인터넷이용실태조사 최종보고서 및 통계표(영문),internet_use_2024_28317_file3.pdf,195,8,0,AI,https://www.nia.or.kr/site/nia_kor/ex/bbs/View.do?cbIdx=99870&bcIdx=28317&parentSeq=28317
internet_use,인터넷이용실태조사,2024,2024년 인터넷이용실태조사 최종보고서 및 통계표(영문),internet_use_2024_28317_file3.pdf,196,11,0,AI,https://www.nia.or.kr/site/nia_kor/ex/bbs/View.do?cbIdx=99870&bcIdx=28317&parentSeq=28317
internet_use,인터넷이용실태조사,2024,2024년 인터넷이용실태조사 최종보고서 및 통계표(영문),internet_use_2024_28317_file3.pdf,197,5,0,AI,https://www.nia.or.kr/site/nia_kor/ex/bbs/View.do?cbIdx=99870&bcIdx=28317&parentSeq=28317
internet_use,인터넷이용실태조사,2024,2024년 인터넷이용실태조사 최종보고서 및 통계표(영문),internet_use_2024_28317_file3.pdf,198,5,0,AI,https://www.nia.or.kr/site/nia_kor/ex/bbs/View.do?cbIdx=99870&bcIdx=28317&parentSeq=28317
internet_use,인터넷이용실태조사,2024,2024년 인터넷이용실태조사 최종보고서 및 통계표(영문),internet_use_2024_28317_file3.pdf,199,11,0,AI,https://www.nia.or.kr/site/nia_kor/ex/bbs/View.do?cbIdx=99870&bcIdx=28317&parentSeq=28317
internet_use,인터넷이용실태조사,2024,2024년 인터넷이용실태조사 최종보고서 및 통계표(영문),internet_use_2024_28317_file3.pdf,200,11,0,AI,https://www.nia.or.kr/site/nia_kor/ex/bbs/View.do?cbIdx=99870&bcIdx=28317&parentSeq=28317
internet_use,인터넷이용실태조사,2024,2024년 인터넷이용실태조사 최종보고서 및 통계표(영문),internet_use_2024_28317_file4.pdf,6,5,0,AI,https://www.nia.or.kr/site/nia_kor/ex/bbs/View.do?cbIdx=99870&bcIdx=28317&parentSeq=28317
internet_use,인터넷이용실태조사,2024,2024년 인터넷이용실태조사 최종보고서 및 통계표(영문),internet_use_2024_28317_file4.pdf,7,28,0,AI,https://www.nia.or.kr/site/nia_kor/ex/bbs/View.do?cbIdx=99870&bcIdx=28317&parentSeq=28317
internet_use,인터넷이용실태조사,2024,2024년 인터넷이용실태조사 최종보고서 및 통계표(영문),internet_use_2024_28317_file4.pdf,8,24,0,AI,https://www.nia.or.kr/site/nia_kor/ex/bbs/View.do?cbIdx=99870&bcIdx=28317&parentSeq=28317
internet_use,인터넷이용실태조사,2024,2024년 인터넷이용실태조사 최종보고서 및 통계표(영문),internet_use_2024_28317_file4.pdf,13,1,0,AI,https://www.nia.or.kr/site/nia_kor/ex/bbs/View.do?cbIdx=99870&bcIdx=28317&parentSeq=28317
internet_use,인터넷이용실태조사,2024,2024년 인터넷이용실태조사 최종보고서 및 통계표(영문),internet_use_2024_28317_file4.pdf,59,1,0,AI,https://www.nia.or.kr/site/nia_kor/ex/bbs/View.do?cbIdx=99870&bcIdx=28317&parentSeq=28317
internet_use,인터넷이용실태조사,2024,2024년 인터넷이용실태조사 최종보고서 및 통계표(영문),internet_use_2024_28317_file4.pdf,60,1,0,AI,https://www.nia.or.kr/site/nia_kor/ex/bbs/View.do?cbIdx=99870&bcIdx=28317&parentSeq=28317
internet_use,인터넷이용실태조사,2024,2024년 인터넷이용실태조사 최종보고서 및 통계표(영문),internet_use_2024_28317_file4.pdf,61,1,0,AI,https://www.nia.or.kr/site/nia_kor/ex/bbs/View.do?cbIdx=99870&bcIdx=28317&parentSeq=28317
internet_use,인터넷이용실태조사,2024,2024년 인터넷이용실태조사 최종보고서 및 통계표(영문),internet_use_2024_28317_file4.pdf,62,1,0,AI,https://www.nia.or.kr/site/nia_kor/ex/bbs/View.do?cbIdx=99870&bcIdx=28317&parentSeq=28317
internet_use,인터넷이용실태조사,2024,2024년 인터넷이용실태조사 최종보고서 및 통계표(영문),internet_use_2024_28317_file4.pdf,151,2,0,AI,https://www.nia.or.kr/site/nia_kor/ex/bbs/View.do?cbIdx=99870&bcIdx=28317&parentSeq=28317
internet_use,인터넷이용실태조사,2024,2024년 인터넷이용실태조사 최종보고서 및 통계표(영문),internet_use_2024_28317_file4.pdf,152,2,0,AI,https://www.nia.or.kr/site/nia_kor/ex/bbs/View.do?cbIdx=99870&bcIdx=28317&parentSeq=28317
internet_use,인터넷이용실태조사,2024,2024년 인터넷이용실태조사 최종보고서 및 통계표(영문),internet_use_2024_28317_file4.pdf,153,2,0,AI,https://www.nia.or.kr/site/nia_kor/ex/bbs/View.do?cbIdx=99870&bcIdx=28317&parentSeq=28317
internet_use,인터넷이용실태조사,2024,2024년 인터넷이용실태조사 최종보고서 및 통계표(영문),internet_use_2024_28317_file4.pdf,154,2,0,AI,https://www.nia.or.kr/site/nia_kor/ex/bbs/View.do?cbIdx=99870&bcIdx=28317&parentSeq=28317
internet_use,인터넷이용실태조사,2024,2024년 인터넷이용실태조사 최종보고서 및 통계표(영문),internet_use_2024_28317_file4.pdf,155,1,0,AI,https://www.nia.or.kr/site/nia_kor/ex/bbs/View.do?cbIdx=99870&bcIdx=28317&parentSeq=28317
internet_use,인터넷이용실태조사,2024,2024년 인터넷이용실태조사 최종보고서 및 통계표(영문),internet_use_2024_28317_file4.pdf,156,1,0,AI,https://www.nia.or.kr/site/nia_kor/ex/bbs/View.do?cbIdx=99870&bcIdx=28317&parentSeq=28317
internet_use,인터넷이용실태조사,2024,2024년 인터넷이용실태조사 최종보고서 및 통계표(영문),internet_use_2024_28317_file4.pdf,157,1,0,AI,https://www.nia.or.kr/site/nia_kor/ex/bbs/View.do?cbIdx=99870&bcIdx=28317&parentSeq=28317
internet_use,인터넷이용실태조사,2024,2024년 인터넷이용실태조사 최종보고서 및 통계표(영문),internet_use_2024_28317_file4.pdf,158,1,0,AI,https://www.nia.or.kr/site/nia_kor/ex/bbs/View.do?cbIdx=99870&bcIdx=28317&parentSeq=28317
internet_use,인터넷이용실태조사,2024,2024년 인터넷이용실태조사 최종보고서 및 통계표(영문),internet_use_2024_28317_file4.pdf,159,2,0,AI,https://www.nia.or.kr/site/nia_kor/ex/bbs/View.do?cbIdx=99870&bcIdx=28317&parentSeq=28317
internet_use,인터넷이용실태조사,2024,2024년 인터넷이용실태조사 최종보고서 및 통계표(영문),internet_use_2024_28317_file4.pdf,160,2,0,AI,https://www.nia.or.kr/site/nia_kor/ex/bbs/View.do?cbIdx=99870&bcIdx=28317&parentSeq=28317
internet_use,인터넷이용실태조사,2024,2024년 인터넷이용실태조사 최종보고서 및 통계표(영문),internet_use_2024_28317_file4.pdf,161,3,0,AI,https://www.nia.or.kr/site/nia_kor/ex/bbs/View.do?cbIdx=99870&bcIdx=28317&parentSeq=28317
internet_use,인터넷이용실태조사,2024,2024년 인터넷이용실태조사 최종보고서 및 통계표(영문),internet_use_2024_28317_file4.pdf,162,3,0,AI,https://www.nia.or.kr/site/nia_kor/ex/bbs/View.do?cbIdx=99870&bcIdx=28317&parentSeq=28317
internet_use,인터넷이용실태조사,2024,2024년 인터넷이용실태조사 최종보고서 및 통계표(영문),internet_use_2024_28317_file4.pdf,163,2,0,AI,https://www.nia.or.kr/site/nia_kor/ex/bbs/View.do?cbIdx=99870&bcIdx=28317&parentSeq=28317
internet_use,인터넷이용실태조사,2024,2024년 인터넷이용실태조사 최종보고서 및 통계표(영문),internet_use_2024_28317_file4.pdf,164,2,0,AI,https://www.nia.or.kr/site/nia_kor/ex/bbs/View.do?cbIdx=99870&bcIdx=28317&parentSeq=28317
internet_use,인터넷이용실태조사,2024,2024년 인터넷이용실태조사 최종보고서 및 통계표(영문),internet_use_2024_28317_file4.pdf,165,4,0,AI,https://www.nia.or.kr/site/nia_kor/ex/bbs/View.do?cbIdx=99870&bcIdx=28317&parentSeq=28317
internet_use,인터넷이용실태조사,2024,2024년 인터넷이용실태조사 최종보고서 및 통계표(영문),internet_use_2024_28317_file4.pdf,166,3,0,AI,https://www.nia.or.kr/site/nia_kor/ex/bbs/View.do?cbIdx=99870&bcIdx=28317&parentSeq=28317
internet_use,인터넷이용실태조사,2024,2024년 인터넷이용실태조사 최종보고서 및 통계표(영문),internet_use_2024_28317_file4.pdf,167,3,0,AI,https://www.nia.or.kr/site/nia_kor/ex/bbs/View.do?cbIdx=99870&bcIdx=28317&parentSeq=28317
internet_use,인터넷이용실태조사,2024,2024년 인터넷이용실태조사 최종보고서 및 통계표(영문),internet_use_2024_28317_file4.pdf,168,1,0,AI,https://www.nia.or.kr/site/nia_kor/ex/bbs/View.do?cbIdx=99870&bcIdx=28317&parentSeq=28317
internet_use,인터넷이용실태조사,2024,2024년 인터넷이용실태조사 최종보고서 및 통계표(영문),internet_use_2024_28317_file4.pdf,169,3,0,AI,https://www.nia.or.kr/site/nia_kor/ex/bbs/View.do?cbIdx=99870&bcIdx=28317&parentSeq=28317
internet_use,인터넷이용실태조사,2024,2024년 인터넷이용실태조사 최종보고서 및 통계표(영문),internet_use_2024_28317_file4.pdf,170,1,0,AI,https://www.nia.or.kr/site/nia_kor/ex/bbs/View.do?cbIdx=99870&bcIdx=28317&parentSeq=28317
internet_use,인터넷이용실태조사,2024,2024년 인터넷이용실태조사 최종보고서 및 통계표(영문),internet_use_2024_28317_file4.pdf,171,3,0,AI,https://www.nia.or.kr/site/nia_kor/ex/bbs/View.do?cbIdx=99870&bcIdx=28317&parentSeq=28317
internet_use,인터넷이용실태조사,2024,2024년 인터넷이용실태조사 최종보고서 및 통계표(영문),internet_use_2024_28317_file4.pdf,172,1,0,AI,https://www.nia.or.kr/site/nia_kor/ex/bbs/View.do?cbIdx=99870&bcIdx=28317&parentSeq=28317
internet_use,인터넷이용실태조사,2024,2024년 인터넷이용실태조사 최종보고서 및 통계표(영문),internet_use_2024_28317_file4.pdf,173,3,0,AI,https://www.nia.or.kr/site/nia_kor/ex/bbs/View.do?cbIdx=99870&bcIdx=28317&parentSeq=28317
internet_use,인터넷이용실태조사,2024,2024년 인터넷이용실태조사 최종보고서 및 통계표(영문),internet_use_2024_28317_file4.pdf,174,1,0,AI,https://www.nia.or.kr/site/nia_kor/ex/bbs/View.do?cbIdx=99870&bcIdx=28317&parentSeq=28317
internet_use,인터넷이용실태조사,2024,2024년 인터넷이용실태조사 최종보고서 및 통계표(영문),internet_use_2024_28317_file4.pdf,175,3,0,AI,https://www.nia.or.kr/site/nia_kor/ex/bbs/View.do?cbIdx=99870&bcIdx=28317&parentSeq=28317
internet_use,인터넷이용실태조사,2024,2024년 인터넷이용실태조사 최종보고서 및 통계표(영문),internet_use_2024_28317_file4.pdf,176,1,0,AI,https://www.nia.or.kr/site/nia_kor/ex/bbs/View.do?cbIdx=99870&bcIdx=28317&parentSeq=28317
internet_use,인터넷이용실태조사,2024,2024년 인터넷이용실태조사 최종보고서 및 통계표(영문),internet_use_2024_28317_file4.pdf,177,3,0,AI,https://www.nia.or.kr/site/nia_kor/ex/bbs/View.do?cbIdx=99870&bcIdx=28317&parentSeq=28317
internet_use,인터넷이용실태조사,2024,2024년 인터넷이용실태조사 최종보고서 및 통계표(영문),internet_use_2024_28317_file4.pdf,178,1,0,AI,https://www.nia.or.kr/site/nia_kor/ex/bbs/View.do?cbIdx=99870&bcIdx=28317&parentSeq=28317
internet_use,인터넷이용실태조사,2024,2024년 인터넷이용실태조사 최종보고서 및 통계표(영문),internet_use_2024_28317_file4.pdf,179,3,0,AI,https://www.nia.or.kr/site/nia_kor/ex/bbs/View.do?cbIdx=99870&bcIdx=28317&parentSeq=28317
internet_use,인터넷이용실태조사,2024,2024년 인터넷이용실태조사 최종보고서 및 통계표(영문),internet_use_2024_28317_file4.pdf,180,1,0,AI,https://www.nia.or.kr/site/nia_kor/ex/bbs/View.do?cbIdx=99870&bcIdx=28317&parentSeq=28317
internet_use,인터넷이용실태조사,2024,2024년 인터넷이용실태조사 최종보고서 및 통계표(영문),internet_use_2024_28317_file4.pdf,181,4,0,AI,https://www.nia.or.kr/site/nia_kor/ex/bbs/View.do?cbIdx=99870&bcIdx=28317&parentSeq=28317
internet_use,인터넷이용실태조사,2024,2024년 인터넷이용실태조사 최종보고서 및 통계표(영문),internet_use_2024_28317_file4.pdf,182,2,0,AI,https://www.nia.or.kr/site/nia_kor/ex/bbs/View.do?cbIdx=99870&bcIdx=28317&parentSeq=28317
internet_use,인터넷이용실태조사,2024,2024년 인터넷이용실태조사 최종보고서 및 통계표(영문),internet_use_2024_28317_file4.pdf,183,1,0,AI,https://www.nia.or.kr/site/nia_kor/ex/bbs/View.do?cbIdx=99870&bcIdx=28317&parentSeq=28317
internet_use,인터넷이용실태조사,2024,2024년 인터넷이용실태조사 최종보고서 및 통계표(영문),internet_use_2024_28317_file4.pdf,184,1,0,AI,https://www.nia.or.kr/site/nia_kor/ex/bbs/View.do?cbIdx=99870&bcIdx=28317&parentSeq=28317
internet_use,인터넷이용실태조사,2024,2024년 인터넷이용실태조사 최종보고서 및 통계표(영문),internet_use_2024_28317_file4.pdf,185,1,0,AI,https://www.nia.or.kr/site/nia_kor/ex/bbs/View.do?cbIdx=99870&bcIdx=28317&parentSeq=28317
internet_use,인터넷이용실태조사,2024,2024년 인터넷이용실태조사 최종보고서 및 통계표(영문),internet_use_2024_28317_file4.pdf,186,1,0,AI,https://www.nia.or.kr/site/nia_kor/ex/bbs/View.do?cbIdx=99870&bcIdx=28317&parentSeq=28317
internet_use,인터넷이용실태조사,2024,2024년 인터넷이용실태조사 최종보고서 및 통계표(영문),internet_use_2024_28317_file4.pdf,187,1,0,AI,https://www.nia.or.kr/site/nia_kor/ex/bbs/View.do?cbIdx=99870&bcIdx=28317&parentSeq=28317
internet_use,인터넷이용실태조사,2024,2024년 인터넷이용실태조사 최종보고서 및 통계표(영문),internet_use_2024_28317_file4.pdf,188,1,0,AI,https://www.nia.or.kr/site/nia_kor/ex/bbs/View.do?cbIdx=99870&bcIdx=28317&parentSeq=28317
internet_use,인터넷이용실태조사,2024,2024년 인터넷이용실태조사 최종보고서 및 통계표(영문),internet_use_2024_28317_file4.pdf,189,1,0,AI,https://www.nia.or.kr/site/nia_kor/ex/bbs/View.do?cbIdx=99870&bcIdx=28317&parentSeq=28317
internet_use,인터넷이용실태조사,2024,2024년 인터넷이용실태조사 최종보고서 및 통계표(영문),internet_use_2024_28317_file4.pdf,190,1,0,AI,https://www.nia.or.kr/site/nia_kor/ex/bbs/View.do?cbIdx=99870&bcIdx=28317&parentSeq=28317
internet_use,인터넷이용실태조사,2024,2024년 인터넷이용실태조사 최종보고서 및 통계표(영문),internet_use_2024_28317_file4.pdf,191,1,0,AI,https://www.nia.or.kr/site/nia_kor/ex/bbs/View.do?cbIdx=99870&bcIdx=28317&parentSeq=28317
internet_use,인터넷이용실태조사,2024,2024년 인터넷이용실태조사 최종보고서 및 통계표(영문),internet_use_2024_28317_file4.pdf,192,1,0,AI,https://www.nia.or.kr/site/nia_kor/ex/bbs/View.do?cbIdx=99870&bcIdx=28317&parentSeq=28317
internet_use,인터넷이용실태조사,2024,2024년 인터넷이용실태조사 최종보고서 및 통계표(영문),internet_use_2024_28317_file4.pdf,193,1,0,AI,https://www.nia.or.kr/site/nia_kor/ex/bbs/View.do?cbIdx=99870&bcIdx=28317&parentSeq=28317
internet_use,인터넷이용실태조사,2024,2024년 인터넷이용실태조사 최종보고서 및 통계표(영문),internet_use_2024_28317_file4.pdf,194,1,0,AI,https://www.nia.or.kr/site/nia_kor/ex/bbs/View.do?cbIdx=99870&bcIdx=28317&parentSeq=28317
internet_use,인터넷이용실태조사,2024,2024년 인터넷이용실태조사 최종보고서 및 통계표(영문),internet_use_2024_28317_file4.pdf,195,1,0,AI,https://www.nia.or.kr/site/nia_kor/ex/bbs/View.do?cbIdx=99870&bcIdx=28317&parentSeq=28317
internet_use,인터넷이용실태조사,2024,2024년 인터넷이용실태조사 최종보고서 및 통계표(영문),internet_use_2024_28317_file4.pdf,196,1,0,AI,https://www.nia.or.kr/site/nia_kor/ex/bbs/View.do?cbIdx=99870&bcIdx=28317&parentSeq=28317
internet_use,인터넷이용실태조사,2024,2024년 인터넷이용실태조사 최종보고서 및 통계표(영문),internet_use_2024_28317_file4.pdf,197,2,0,AI,https://www.nia.or.kr/site/nia_kor/ex/bbs/View.do?cbIdx=99870&bcIdx=28317&parentSeq=28317
internet_use,인터넷이용실태조사,2024,2024년 인터넷이용실태조사 최종보고서 및 통계표(영문),internet_use_2024_28317_file4.pdf,198,2,0,AI,https://www.nia.or.kr/site/nia_kor/ex/bbs/View.do?cbIdx=99870&bcIdx=28317&parentSeq=28317
internet_use,인터넷이용실태조사,2024,2024년 인터넷이용실태조사 최종보고서 및 통계표(영문),internet_use_2024_28317_file4.pdf,199,1,0,AI,https://www.nia.or.kr/site/nia_kor/ex/bbs/View.do?cbIdx=99870&bcIdx=28317&parentSeq=28317
internet_use,인터넷이용실태조사,2024,2024년 인터넷이용실태조사 최종보고서 및 통계표(영문),internet_use_2024_28317_file4.pdf,200,1,0,AI,https://www.nia.or.kr/site/nia_kor/ex/bbs/View.do?cbIdx=99870&bcIdx=28317&parentSeq=28317
internet_use,인터넷이용실태조사,2024,2024년 인터넷이용실태조사 최종보고서 및 통계표(영문),internet_use_2024_28317_file4.pdf,201,1,0,AI,https://www.nia.or.kr/site/nia_kor/ex/bbs/View.do?cbIdx=99870&bcIdx=28317&parentSeq=28317
internet_use,인터넷이용실태조사,2024,2024년 인터넷이용실태조사 최종보고서 및 통계표(영문),internet_use_2024_28317_file4.pdf,202,1,0,AI,https://www.nia.or.kr/site/nia_kor/ex/bbs/View.do?cbIdx=99870&bcIdx=28317&parentSeq=28317
internet_use,인터넷이용실태조사,2024,2024년 인터넷이용실태조사 최종보고서 및 통계표(영문),internet_use_2024_28317_file4.pdf,203,2,0,AI,https://www.nia.or.kr/site/nia_kor/ex/bbs/View.do?cbIdx=99870&bcIdx=28317&parentSeq=28317
internet_use,인터넷이용실태조사,2024,2024년 인터넷이용실태조사 최종보고서 및 통계표(영문),internet_use_2024_28317_file4.pdf,204,2,0,AI,https://www.nia.or.kr/site/nia_kor/ex/bbs/View.do?cbIdx=99870&bcIdx=28317&parentSeq=28317
internet_use,인터넷이용실태조사,2024,2024년 인터넷이용실태조사 최종보고서 및 통계표(영문),internet_use_2024_28317_file4.pdf,205,2,0,AI,https://www.nia.or.kr/site/nia_kor/ex/bbs/View.do?cbIdx=99870&bcIdx=28317&parentSeq=28317
internet_use,인터넷이용실태조사,2024,2024년 인터넷이용실태조사 최종보고서 및 통계표(영문),internet_use_2024_28317_file4.pdf,206,2,0,AI,https://www.nia.or.kr/site/nia_kor/ex/bbs/View.do?cbIdx=99870&bcIdx=28317&parentSeq=28317
internet_use,인터넷이용실태조사,2024,2024년 인터넷이용실태조사 최종보고서 및 통계표(영문),internet_use_2024_28317_file4.pdf,207,1,0,AI,https://www.nia.or.kr/site/nia_kor/ex/bbs/View.do?cbIdx=99870&bcIdx=28317&parentSeq=28317
internet_use,인터넷이용실태조사,2024,2024년 인터넷이용실태조사 최종보고서 및 통계표(영문),internet_use_2024_28317_file4.pdf,208,1,0,AI,https://www.nia.or.kr/site/nia_kor/ex/bbs/View.do?cbIdx=99870&bcIdx=28317&parentSeq=28317
internet_use,인터넷이용실태조사,2024,2024년 인터넷이용실태조사 최종보고서 및 통계표(영문),internet_use_2024_28317_file4.pdf,209,2,0,AI,https://www.nia.or.kr/site/nia_kor/ex/bbs/View.do?cbIdx=99870&bcIdx=28317&parentSeq=28317
internet_use,인터넷이용실태조사,2024,2024년 인터넷이용실태조사 최종보고서 및 통계표(영문),internet_use_2024_28317_file4.pdf,210,2,0,AI,https://www.nia.or.kr/site/nia_kor/ex/bbs/View.do?cbIdx=99870&bcIdx=28317&parentSeq=28317
internet_use,인터넷이용실태조사,2024,2024년 인터넷이용실태조사 최종보고서 및 통계표(영문),internet_use_2024_28317_file4.pdf,211,1,0,AI,https://www.nia.or.kr/site/nia_kor/ex/bbs/View.do?cbIdx=99870&bcIdx=28317&parentSeq=28317
internet_use,인터넷이용실태조사,2024,2024년 인터넷이용실태조사 최종보고서 및 통계표(영문),internet_use_2024_28317_file4.pdf,212,1,0,AI,https://www.nia.or.kr/site/nia_kor/ex/bbs/View.do?cbIdx=99870&bcIdx=28317&parentSeq=28317
internet_use,인터넷이용실태조사,2024,2024년 인터넷이용실태조사 최종보고서 및 통계표(영문),internet_use_2024_28317_file4.pdf,213,1,0,AI,https://www.nia.or.kr/site/nia_kor/ex/bbs/View.do?cbIdx=99870&bcIdx=28317&parentSeq=28317
internet_use,인터넷이용실태조사,2024,2024년 인터넷이용실태조사 최종보고서 및 통계표(영문),internet_use_2024_28317_file4.pdf,214,1,0,AI,https://www.nia.or.kr/site/nia_kor/ex/bbs/View.do?cbIdx=99870&bcIdx=28317&parentSeq=28317
internet_use,인터넷이용실태조사,2024,2024년 인터넷이용실태조사 최종보고서 및 통계표(영문),internet_use_2024_28317_file4.pdf,215,1,0,AI,https://www.nia.or.kr/site/nia_kor/ex/bbs/View.do?cbIdx=99870&bcIdx=28317&parentSeq=28317
internet_use,인터넷이용실태조사,2024,2024년 인터넷이용실태조사 최종보고서 및 통계표(영문),internet_use_2024_28317_file4.pdf,216,1,0,AI,https://www.nia.or.kr/site/nia_kor/ex/bbs/View.do?cbIdx=99870&bcIdx=28317&parentSeq=28317
internet_use,인터넷이용실태조사,2024,2024년 인터넷이용실태조사 최종보고서 및 통계표(영문),internet_use_2024_28317_file4.pdf,217,2,0,AI,https://www.nia.or.kr/site/nia_kor/ex/bbs/View.do?cbIdx=99870&bcIdx=28317&parentSeq=28317
internet_use,인터넷이용실태조사,2024,2024년 인터넷이용실태조사 최종보고서 및 통계표(영문),internet_use_2024_28317_file4.pdf,218,2,0,AI,https://www.nia.or.kr/site/nia_kor/ex/bbs/View.do?cbIdx=99870&bcIdx=28317&parentSeq=28317
internet_use,인터넷이용실태조사,2024,2024년 인터넷이용실태조사 최종보고서 및 통계표(영문),internet_use_2024_28317_file4.pdf,219,2,0,AI,https://www.nia.or.kr/site/nia_kor/ex/bbs/View.do?cbIdx=99870&bcIdx=28317&parentSeq=28317
internet_use,인터넷이용실태조사,2024,2024년 인터넷이용실태조사 최종보고서 및 통계표(영문),internet_use_2024_28317_file4.pdf,220,2,0,AI,https://www.nia.or.kr/site/nia_kor/ex/bbs/View.do?cbIdx=99870&bcIdx=28317&parentSeq=28317
internet_use,인터넷이용실태조사,2024,2024년 인터넷이용실태조사 최종보고서 및 통계표(영문),internet_use_2024_28317_file4.pdf,221,2,0,AI,https://www.nia.or.kr/site/nia_kor/ex/bbs/View.do?cbIdx=99870&bcIdx=28317&parentSeq=28317
internet_use,인터넷이용실태조사,2024,2024년 인터넷이용실태조사 최종보고서 및 통계표(영문),internet_use_2024_28317_file4.pdf,222,2,0,AI,https://www.nia.or.kr/site/nia_kor/ex/bbs/View.do?cbIdx=99870&bcIdx=28317&parentSeq=28317
internet_use,인터넷이용실태조사,2024,2024년 인터넷이용실태조사 최종보고서 및 통계표(영문),internet_use_2024_28317_file4.pdf,223,2,0,AI,https://www.nia.or.kr/site/nia_kor/ex/bbs/View.do?cbIdx=99870&bcIdx=28317&parentSeq=28317
internet_use,인터넷이용실태조사,2024,2024년 인터넷이용실태조사 최종보고서 및 통계표(영문),internet_use_2024_28317_file4.pdf,224,2,0,AI,https://www.nia.or.kr/site/nia_kor/ex/bbs/View.do?cbIdx=99870&bcIdx=28317&parentSeq=28317
internet_use,인터넷이용실태조사,2024,2024년 인터넷이용실태조사 최종보고서 및 통계표(영문),internet_use_2024_28317_file4.pdf,225,3,0,AI,https://www.nia.or.kr/site/nia_kor/ex/bbs/View.do?cbIdx=99870&bcIdx=28317&parentSeq=28317
internet_use,인터넷이용실태조사,2024,2024년 인터넷이용실태조사 최종보고서 및 통계표(영문),internet_use_2024_28317_file4.pdf,226,3,0,AI,https://www.nia.or.kr/site/nia_kor/ex/bbs/View.do?cbIdx=99870&bcIdx=28317&parentSeq=28317
internet_use,인터넷이용실태조사,2024,2024년 인터넷이용실태조사 최종보고서 및 통계표(영문),internet_use_2024_28317_file4.pdf,227,2,0,AI,https://www.nia.or.kr/site/nia_kor/ex/bbs/View.do?cbIdx=99870&bcIdx=28317&parentSeq=28317
internet_use,인터넷이용실태조사,2024,2024년 인터넷이용실태조사 최종보고서 및 통계표(영문),internet_use_2024_28317_file4.pdf,228,2,0,AI,https://www.nia.or.kr/site/nia_kor/ex/bbs/View.do?cbIdx=99870&bcIdx=28317&parentSeq=28317
internet_use,인터넷이용실태조사,2024,2024년 인터넷이용실태조사 최종보고서 및 통계표(영문),internet_use_2024_28317_file4.pdf,229,3,0,AI,https://www.nia.or.kr/site/nia_kor/ex/bbs/View.do?cbIdx=99870&bcIdx=28317&parentSeq=28317
internet_use,인터넷이용실태조사,2024,2024년 인터넷이용실태조사 최종보고서 및 통계표(영문),internet_use_2024_28317_file4.pdf,230,3,0,AI,https://www.nia.or.kr/site/nia_kor/ex/bbs/View.do?cbIdx=99870&bcIdx=28317&parentSeq=28317
internet_use,인터넷이용실태조사,2024,2024년 인터넷이용실태조사 최종보고서,internet_use_2024_27869_file6.pdf,3,1,0,인공지능,https://www.nia.or.kr/site/nia_kor/ex/bbs/View.do?cbIdx=99870&bcIdx=27869&parentSeq=27869
internet_use,인터넷이용실태조사,2024,2024년 인터넷이용실태조사 최종보고서,internet_use_2024_27869_file6.pdf,7,13,1,인공지능; AI; 생성형; 도움,https://www.nia.or.kr/site/nia_kor/ex/bbs/View.do?cbIdx=99870&bcIdx=27869&parentSeq=27869
internet_use,인터넷이용실태조사,2024,2024년 인터넷이용실태조사 최종보고서,internet_use_2024_27869_file6.pdf,9,13,3,인공지능; AI; 생성형; AI 서비스; 도움,https://www.nia.or.kr/site/nia_kor/ex/bbs/View.do?cbIdx=99870&bcIdx=27869&parentSeq=27869
internet_use,인터넷이용실태조사,2024,2024년 인터넷이용실태조사 최종보고서,internet_use_2024_27869_file6.pdf,12,16,1,인공지능; AI; 생성형; 도움,https://www.nia.or.kr/site/nia_kor/ex/bbs/View.do?cbIdx=99870&bcIdx=27869&parentSeq=27869
internet_use,인터넷이용실태조사,2024,2024년 인터넷이용실태조사 최종보고서,internet_use_2024_27869_file6.pdf,23,5,0,인공지능; AI,https://www.nia.or.kr/site/nia_kor/ex/bbs/View.do?cbIdx=99870&bcIdx=27869&parentSeq=27869
internet_use,인터넷이용실태조사,2024,2024년 인터넷이용실태조사 최종보고서,internet_use_2024_27869_file6.pdf,24,15,0,AI; 생성형; AI 서비스,https://www.nia.or.kr/site/nia_kor/ex/bbs/View.do?cbIdx=99870&bcIdx=27869&parentSeq=27869
internet_use,인터넷이용실태조사,2024,2024년 인터넷이용실태조사 최종보고서,internet_use_2024_27869_file6.pdf,25,18,2,인공지능; AI; 알고리즘; AI 서비스; 심리; 도움,https://www.nia.or.kr/site/nia_kor/ex/bbs/View.do?cbIdx=99870&bcIdx=27869&parentSeq=27869
internet_use,인터넷이용실태조사,2024,2024년 인터넷이용실태조사 최종보고서,internet_use_2024_27869_file6.pdf,29,7,3,인공지능; AI; 생성형; AI 서비스; 심리; 도움,https://www.nia.or.kr/site/nia_kor/ex/bbs/View.do?cbIdx=99870&bcIdx=27869&parentSeq=27869
internet_use,인터넷이용실태조사,2024,2024년 인터넷이용실태조사 최종보고서,internet_use_2024_27869_file6.pdf,30,15,0,인공지능; AI; 생성형,https://www.nia.or.kr/site/nia_kor/ex/bbs/View.do?cbIdx=99870&bcIdx=27869&parentSeq=27869
internet_use,인터넷이용실태조사,2024,2024년 인터넷이용실태조사 최종보고서,internet_use_2024_27869_file6.pdf,31,1,0,AI,https://www.nia.or.kr/site/nia_kor/ex/bbs/View.do?cbIdx=99870&bcIdx=27869&parentSeq=27869
internet_use,인터넷이용실태조사,2024,2024년 인터넷이용실태조사 최종보고서,internet_use_2024_27869_file6.pdf,34,1,1,지능정보; 상담,https://www.nia.or.kr/site/nia_kor/ex/bbs/View.do?cbIdx=99870&bcIdx=27869&parentSeq=27869
internet_use,인터넷이용실태조사,2024,2024년 인터넷이용실태조사 최종보고서,internet_use_2024_27869_file6.pdf,38,0,2,피해,https://www.nia.or.kr/site/nia_kor/ex/bbs/View.do?cbIdx=99870&bcIdx=27869&parentSeq=27869
internet_use,인터넷이용실태조사,2024,2024년 인터넷이용실태조사 최종보고서,internet_use_2024_27869_file6.pdf,46,9,0,인공지능,https://www.nia.or.kr/site/nia_kor/ex/bbs/View.do?cbIdx=99870&bcIdx=27869&parentSeq=27869
internet_use,인터넷이용실태조사,2024,2024년 인터넷이용실태조사 최종보고서,internet_use_2024_27869_file6.pdf,47,5,0,인공지능; ChatGPT,https://www.nia.or.kr/site/nia_kor/ex/bbs/View.do?cbIdx=99870&bcIdx=27869&parentSeq=27869
internet_use,인터넷이용실태조사,2024,2024년 인터넷이용실태조사 최종보고서,internet_use_2024_27869_file6.pdf,48,3,0,인공지능,https://www.nia.or.kr/site/nia_kor/ex/bbs/View.do?cbIdx=99870&bcIdx=27869&parentSeq=27869
internet_use,인터넷이용실태조사,2024,2024년 인터넷이용실태조사 최종보고서,internet_use_2024_27869_file6.pdf,49,13,0,인공지능; AI; 생성형; AI 서비스,https://www.nia.or.kr/site/nia_kor/ex/bbs/View.do?cbIdx=99870&bcIdx=27869&parentSeq=27869
internet_use,인터넷이용실태조사,2024,2024년 인터넷이용실태조사 최종보고서,internet_use_2024_27869_file6.pdf,50,12,0,AI; 생성형; AI 서비스,https://www.nia.or.kr/site/nia_kor/ex/bbs/View.do?cbIdx=99870&bcIdx=27869&parentSeq=27869
internet_use,인터넷이용실태조사,2024,2024년 인터넷이용실태조사 최종보고서,internet_use_2024_27869_file6.pdf,51,13,0,인공지능; AI; 생성형; AI 서비스,https://www.nia.or.kr/site/nia_kor/ex/bbs/View.do?cbIdx=99870&bcIdx=27869&parentSeq=27869
internet_use,인터넷이용실태조사,2024,2024년 인터넷이용실태조사 최종보고서,internet_use_2024_27869_file6.pdf,52,10,4,인공지능; 도움,https://www.nia.or.kr/site/nia_kor/ex/bbs/View.do?cbIdx=99870&bcIdx=27869&parentSeq=27869
internet_use,인터넷이용실태조사,2024,2024년 인터넷이용실태조사 최종보고서,internet_use_2024_27869_file6.pdf,53,21,5,인공지능; 심리; 도움,https://www.nia.or.kr/site/nia_kor/ex/bbs/View.do?cbIdx=99870&bcIdx=27869&parentSeq=27869
internet_use,인터넷이용실태조사,2024,2024년 인터넷이용실태조사 최종보고서,internet_use_2024_27869_file6.pdf,54,21,2,인공지능; 심리; 도움,https://www.nia.or.kr/site/nia_kor/ex/bbs/View.do?cbIdx=99870&bcIdx=27869&parentSeq=27869
internet_use,인터넷이용실태조사,2024,2024년 인터넷이용실태조사 최종보고서,internet_use_2024_27869_file6.pdf,55,20,0,인공지능; 알고리즘,https://www.nia.or.kr/site/nia_kor/ex/bbs/View.do?cbIdx=99870&bcIdx=27869&parentSeq=27869
internet_use,인터넷이용실태조사,2024,2024년 인터넷이용실태조사 최종보고서,internet_use_2024_27869_file6.pdf,56,14,0,인공지능; 알고리즘,https://www.nia.or.kr/site/nia_kor/ex/bbs/View.do?cbIdx=99870&bcIdx=27869&parentSeq=27869
internet_use,인터넷이용실태조사,2024,2024년 인터넷이용실태조사 최종보고서,internet_use_2024_27869_file6.pdf,57,16,0,인공지능; 알고리즘,https://www.nia.or.kr/site/nia_kor/ex/bbs/View.do?cbIdx=99870&bcIdx=27869&parentSeq=27869
internet_use,인터넷이용실태조사,2024,2024년 인터넷이용실태조사 최종보고서,internet_use_2024_27869_file6.pdf,58,5,0,인공지능,https://www.nia.or.kr/site/nia_kor/ex/bbs/View.do?cbIdx=99870&bcIdx=27869&parentSeq=27869
internet_use,인터넷이용실태조사,2024,2024년 인터넷이용실태조사 최종보고서,internet_use_2024_27869_file6.pdf,67,1,0,인공지능,https://www.nia.or.kr/site/nia_kor/ex/bbs/View.do?cbIdx=99870&bcIdx=27869&parentSeq=27869
internet_use,인터넷이용실태조사,2024,2024년 인터넷이용실태조사 최종보고서,internet_use_2024_27869_file6.pdf,80,9,0,인공지능,https://www.nia.or.kr/site/nia_kor/ex/bbs/View.do?cbIdx=99870&bcIdx=27869&parentSeq=27869
internet_use,인터넷이용실태조사,2024,2024년 인터넷이용실태조사 최종보고서,internet_use_2024_27869_file6.pdf,81,17,6,인공지능; AI; 생성형; AI 서비스; 도움,https://www.nia.or.kr/site/nia_kor/ex/bbs/View.do?cbIdx=99870&bcIdx=27869&parentSeq=27869
internet_use,인터넷이용실태조사,2024,2024년 인터넷이용실태조사 최종보고서,internet_use_2024_27869_file6.pdf,82,15,0,AI; 생성형; AI 서비스,https://www.nia.or.kr/site/nia_kor/ex/bbs/View.do?cbIdx=99870&bcIdx=27869&parentSeq=27869
internet_use,인터넷이용실태조사,2024,2024년 인터넷이용실태조사 최종보고서,internet_use_2024_27869_file6.pdf,92,17,0,인공지능; AI; 생성형; AI 서비스,https://www.nia.or.kr/site/nia_kor/ex/bbs/View.do?cbIdx=99870&bcIdx=27869&parentSeq=27869
internet_use,인터넷이용실태조사,2024,2024년 인터넷이용실태조사 최종보고서,internet_use_2024_27869_file6.pdf,93,3,0,지능정보,https://www.nia.or.kr/site/nia_kor/ex/bbs/View.do?cbIdx=99870&bcIdx=27869&parentSeq=27869
internet_use,인터넷이용실태조사,2024,2024년 인터넷이용실태조사 최종보고서,internet_use_2024_27869_file6.pdf,101,2,0,지능정보,https://www.nia.or.kr/site/nia_kor/ex/bbs/View.do?cbIdx=99870&bcIdx=27869&parentSeq=27869
internet_use,인터넷이용실태조사,2024,2024년 인터넷이용실태조사 최종보고서,internet_use_2024_27869_file6.pdf,110,11,1,인공지능; AI; 생성형; AI 서비스; 도움,https://www.nia.or.kr/site/nia_kor/ex/bbs/View.do?cbIdx=99870&bcIdx=27869&parentSeq=27869
internet_use,인터넷이용실태조사,2024,2024년 인터넷이용실태조사 최종보고서,internet_use_2024_27869_file6.pdf,114,1,0,인공지능,https://www.nia.or.kr/site/nia_kor/ex/bbs/View.do?cbIdx=99870&bcIdx=27869&parentSeq=27869
internet_use,인터넷이용실태조사,2024,2024년 인터넷이용실태조사 최종보고서,internet_use_2024_27869_file6.pdf,163,4,0,AI,https://www.nia.or.kr/site/nia_kor/ex/bbs/View.do?cbIdx=99870&bcIdx=27869&parentSeq=27869
internet_use,인터넷이용실태조사,2024,2024년 인터넷이용실태조사 최종보고서,internet_use_2024_27869_file6.pdf,188,1,0,인공지능,https://www.nia.or.kr/site/nia_kor/ex/bbs/View.do?cbIdx=99870&bcIdx=27869&parentSeq=27869
internet_use,인터넷이용실태조사,2024,2024년 인터넷이용실태조사 최종보고서,internet_use_2024_27869_file6.pdf,191,12,0,인공지능; 알고리즘,https://www.nia.or.kr/site/nia_kor/ex/bbs/View.do?cbIdx=99870&bcIdx=27869&parentSeq=27869
internet_use,인터넷이용실태조사,2024,2024년 인터넷이용실태조사 최종보고서,internet_use_2024_27869_file6.pdf,192,8,0,인공지능,https://www.nia.or.kr/site/nia_kor/ex/bbs/View.do?cbIdx=99870&bcIdx=27869&parentSeq=27869
internet_use,인터넷이용실태조사,2024,2024년 인터넷이용실태조사 최종보고서,internet_use_2024_27869_file6.pdf,193,7,0,인공지능,https://www.nia.or.kr/site/nia_kor/ex/bbs/View.do?cbIdx=99870&bcIdx=27869&parentSeq=27869
internet_use,인터넷이용실태조사,2024,2024년 인터넷이용실태조사 최종보고서,internet_use_2024_27869_file6.pdf,194,7,5,인공지능; 도움,https://www.nia.or.kr/site/nia_kor/ex/bbs/View.do?cbIdx=99870&bcIdx=27869&parentSeq=27869
internet_use,인터넷이용실태조사,2024,2024년 인터넷이용실태조사 최종보고서,internet_use_2024_27869_file6.pdf,195,4,0,인공지능,https://www.nia.or.kr/site/nia_kor/ex/bbs/View.do?cbIdx=99870&bcIdx=27869&parentSeq=27869
internet_use,인터넷이용실태조사,2024,2024년 인터넷이용실태조사 최종보고서,internet_use_2024_27869_file6.pdf,196,12,0,AI; 생성형,https://www.nia.or.kr/site/nia_kor/ex/bbs/View.do?cbIdx=99870&bcIdx=27869&parentSeq=27869
internet_use,인터넷이용실태조사,2024,2024년 인터넷이용실태조사 최종보고서,internet_use_2024_27869_file6.pdf,197,11,2,인공지능; AI; 심리; 도움,https://www.nia.or.kr/site/nia_kor/ex/bbs/View.do?cbIdx=99870&bcIdx=27869&parentSeq=27869
internet_use,인터넷이용실태조사,2024,2024년 인터넷이용실태조사 최종보고서,internet_use_2024_27869_file6.pdf,198,12,0,인공지능; 알고리즘,https://www.nia.or.kr/site/nia_kor/ex/bbs/View.do?cbIdx=99870&bcIdx=27869&parentSeq=27869
internet_use,인터넷이용실태조사,2024,2024년 인터넷이용실태조사 최종보고서,internet_use_2024_27869_file6.pdf,213,0,1,폭력,https://www.nia.or.kr/site/nia_kor/ex/bbs/View.do?cbIdx=99870&bcIdx=27869&parentSeq=27869
internet_use,인터넷이용실태조사,2024,2024년 인터넷이용실태조사 최종보고서,internet_use_2024_27869_file6.pdf,214,0,1,폭력,https://www.nia.or.kr/site/nia_kor/ex/bbs/View.do?cbIdx=99870&bcIdx=27869&parentSeq=27869
internet_use,인터넷이용실태조사,2024,2024년 인터넷이용실태조사 최종보고서,internet_use_2024_27869_file6.pdf,218,9,1,인공지능; AI; 생성형; 도움,https://www.nia.or.kr/site/nia_kor/ex/bbs/View.do?cbIdx=99870&bcIdx=27869&parentSeq=27869
internet_use,인터넷이용실태조사,2024,2024년 인터넷이용실태조사 최종보고서,internet_use_2024_27869_file6.pdf,219,0,2,상담; 도움,https://www.nia.or.kr/site/nia_kor/ex/bbs/View.do?cbIdx=99870&bcIdx=27869&parentSeq=27869
internet_use,인터넷이용실태조사,2024,2024년 인터넷이용실태조사 최종보고서,internet_use_2024_27869_file6.pdf,220,0,2,상담; 도움,https://www.nia.or.kr/site/nia_kor/ex/bbs/View.do?cbIdx=99870&bcIdx=27869&parentSeq=27869
internet_use,인터넷이용실태조사,2024,2024년 인터넷이용실태조사 최종보고서,internet_use_2024_27869_file6.pdf,223,6,0,인공지능; AI,https://www.nia.or.kr/site/nia_kor/ex/bbs/View.do?cbIdx=99870&bcIdx=27869&parentSeq=27869
internet_use,인터넷이용실태조사,2024,2024년 인터넷이용실태조사 최종보고서,internet_use_2024_27869_file6.pdf,224,6,0,인공지능; AI,https://www.nia.or.kr/site/nia_kor/ex/bbs/View.do?cbIdx=99870&bcIdx=27869&parentSeq=27869
internet_use,인터넷이용실태조사,2024,2024년 인터넷이용실태조사 최종보고서,internet_use_2024_27869_file6.pdf,231,1,0,지능정보,https://www.nia.or.kr/site/nia_kor/ex/bbs/View.do?cbIdx=99870&bcIdx=27869&parentSeq=27869
internet_use,인터넷이용실태조사,2024,2024년 인터넷이용실태조사 최종보고서,internet_use_2024_27869_file6.pdf,232,1,0,지능정보,https://www.nia.or.kr/site/nia_kor/ex/bbs/View.do?cbIdx=99870&bcIdx=27869&parentSeq=27869
internet_use,인터넷이용실태조사,2024,2024년 인터넷이용실태조사 최종보고서,internet_use_2024_27869_file6.pdf,233,1,0,인공지능,https://www.nia.or.kr/site/nia_kor/ex/bbs/View.do?cbIdx=99870&bcIdx=27869&parentSeq=27869
internet_use,인터넷이용실태조사,2024,2024년 인터넷이용실태조사 최종보고서,internet_use_2024_27869_file6.pdf,234,1,0,인공지능,https://www.nia.or.kr/site/nia_kor/ex/bbs/View.do?cbIdx=99870&bcIdx=27869&parentSeq=27869
internet_use,인터넷이용실태조사,2024,2024년 인터넷이용실태조사 최종보고서,internet_use_2024_27869_file6.pdf,235,1,0,지능정보,https://www.nia.or.kr/site/nia_kor/ex/bbs/View.do?cbIdx=99870&bcIdx=27869&parentSeq=27869
internet_use,인터넷이용실태조사,2024,2024년 인터넷이용실태조사 최종보고서,internet_use_2024_27869_file6.pdf,236,1,0,지능정보,https://www.nia.or.kr/site/nia_kor/ex/bbs/View.do?cbIdx=99870&bcIdx=27869&parentSeq=27869
internet_use,인터넷이용실태조사,2024,2024년 인터넷이용실태조사 최종보고서,internet_use_2024_27869_file6.pdf,237,1,0,AI,https://www.nia.or.kr/site/nia_kor/ex/bbs/View.do?cbIdx=99870&bcIdx=27869&parentSeq=27869
internet_use,인터넷이용실태조사,2024,2024년 인터넷이용실태조사 최종보고서,internet_use_2024_27869_file6.pdf,238,1,0,AI,https://www.nia.or.kr/site/nia_kor/ex/bbs/View.do?cbIdx=99870&bcIdx=27869&parentSeq=27869
internet_use,인터넷이용실태조사,2024,2024년 인터넷이용실태조사 최종보고서,internet_use_2024_27869_file6.pdf,241,14,6,인공지능; AI; 알고리즘; 상담; 도움,https://www.nia.or.kr/site/nia_kor/ex/bbs/View.do?cbIdx=99870&bcIdx=27869&parentSeq=27869
internet_use,인터넷이용실태조사,2024,2024년 인터넷이용실태조사 최종보고서,internet_use_2024_27869_file6.pdf,242,27,8,인공지능; AI; 알고리즘; 심리; 상담; 도움,https://www.nia.or.kr/site/nia_kor/ex/bbs/View.do?cbIdx=99870&bcIdx=27869&parentSeq=27869
internet_use,인터넷이용실태조사,2024,2024년 인터넷이용실태조사 최종보고서,internet_use_2024_27869_file6.pdf,244,3,0,AI; 생성형; AI 서비스,https://www.nia.or.kr/site/nia_kor/ex/bbs/View.do?cbIdx=99870&bcIdx=27869&parentSeq=27869
internet_use,인터넷이용실태조사,2024,2024년 인터넷이용실태조사 최종보고서,internet_use_2024_27869_file6.pdf,248,0,2,상담,https://www.nia.or.kr/site/nia_kor/ex/bbs/View.do?cbIdx=99870&bcIdx=27869&parentSeq=27869
internet_use,인터넷이용실태조사,2024,2024년 인터넷이용실태조사 최종보고서,internet_use_2024_27869_file6.pdf,251,3,0,지능정보,https://www.nia.or.kr/site/nia_kor/ex/bbs/View.do?cbIdx=99870&bcIdx=27869&parentSeq=27869
internet_use,인터넷이용실태조사,2024,2024년 인터넷이용실태조사 최종보고서,internet_use_2024_27869_file6.pdf,252,3,0,지능정보,https://www.nia.or.kr/site/nia_kor/ex/bbs/View.do?cbIdx=99870&bcIdx=27869&parentSeq=27869
