category,label,year,title,filename,page,ai_term_count,psych_term_count,terms_present,detail_url,snippet
digital_divide,디지털정보격차실태조사,2025,2025 디지털정보격차 실태조사 보고서,digital_divide_2025_29168_file1.pdf,23,15,1,인공지능; AI; 도움,https://www.nia.or.kr/site/nia_kor/ex/bbs/View.do?cbIdx=81623&bcIdx=29168&parentSeq=29168,부록1. 인공지능(AI) 서비스 관련 ㅣ그림 1 인공지능(AI) 서비스 경험 ········································································································293 ㅣ그림 2 인공지능(AI) 서비스 이용 역량 ·······························································································294 ㅣ그림 3 인공지능 서비스 이용 역량 - 계속 ························································································295 ㅣ그림 4 인공지능 서비스별 인지율 ···························
digital_divide,디지털정보격차실태조사,2025,2025 디지털정보격차 실태조사 보고서,digital_divide_2025_29168_file1.pdf,30,6,1,인공지능; 도움,https://www.nia.or.kr/site/nia_kor/ex/bbs/View.do?cbIdx=81623&bcIdx=29168&parentSeq=29168,"술 서비스 Ÿ 디지털 조력자 - 디지털기기 이용 관련 조력자 유형 개인 디지털 - 스스로 해결 시 문제 해결 방법 조력자 및 사회적 자본 Ÿ 온라인 사회적 자본 개인 - 가족, 친구 등 사회적 지지망 유무 Ÿ 디지털기기 이용 태도 개인 Ÿ 디지털기기 이용 효능감 개인 디지털기기 (부가문항) 이용 태도 Ÿ 일상생활 부문별 만족도 개인 정보 이용 태도 및 기타 Ÿ 전반적인 삶의 만족도 개인 Ÿ 인공지능 서비스 이용 경험 개인 Ÿ 인공지능 서비스 관련 역량 개인 인공지능기술 Ÿ 인공지능 서비스별 인지도, 사용 경험, 도움 정도 개인 관련 Ÿ 인공지능 비이용 이유 개인 Ÿ 인공지능 기술에 대한 인식 개인 4"
digital_divide,디지털정보격차실태조사,2025,2025 디지털정보격차 실태조사 보고서,digital_divide_2025_29168_file1.pdf,102,3,1,인공지능; 도움,https://www.nia.or.kr/site/nia_kor/ex/bbs/View.do?cbIdx=81623&bcIdx=29168&parentSeq=29168,"2) 인공지능 서비스 이용 역량 인공지능 서비스 이용 역량에 대해 질문한 결과 모든 항목에서 일반국민에 비해 장애인의 역량이 낮은 것으로 나타남 - ‘⑫AI의 잘못된 사용에 대해 경계’한다는 응답이 46.1%로 가장 높았고, ‘⑪AI 관련 제품 사용 시 개인정보 보호나 정보보안 문제를 의식’(44.1%), ‘⑩AI 관련 제품 사용 시 법률을 위반하지 않거나 다른 사람의 권리를 침해하지 않도록 노력’(43.4%), ‘②AI 기술로 어떤 도움을 받을 수 있는지 알고 있음’(39.5%) 등의 순으로 ‘그렇다’는 응답이 높게 나타남 그림 33 인공지능 서비스 이용 역량 (단위: %) ※ 각 항목에 대해 긍정(그런 편이다 + 매우 그렇다) 응답 비율 76"
digital_divide,디지털정보격차실태조사,2025,2025 디지털정보격차 실태조사 보고서,digital_divide_2025_29168_file1.pdf,103,3,4,인공지능; 도움,https://www.nia.or.kr/site/nia_kor/ex/bbs/View.do?cbIdx=81623&bcIdx=29168&parentSeq=29168,"3) 인공지능 관련 서비스 인공지능 관련 서비스별 인지도는 ‘②주거 편의’가 58.5%로 가장 높고, 다음으로 ‘⑥교통’(52.1%), ‘⑧AI 기반 대화형 정보검색’(44.7%), ‘③커뮤니케이션/친교’(35.4%) 등의 순이었음 인지자 기준, 사용 경험은 ‘⑧AI 기반 대화형 정보검색’(45.0%)이 가장 높고, ‘⑦헬스케어’(17.5%)가 가장 낮음 경험 유무와 무관하게 도움 정도(도움이 됐다 또는 도움이 될 것이다)는 ‘②주거 편의’(65.9%)가 가장 높았고, ‘⑤금융’(35.7%)이 가장 낮았음 그림 34 인공지능 관련 서비스 (단위: %) ※ 경험률은 해당 서비스를 인지한 응답자 대상이며, 최근 한 달 동안 해당 서비스 사용 여부(가끔 있다 + 자주 있다)로 측정 ※ 도움 정도는 각 항목에 대해 긍정(그런 편이다 + 매우 그렇다) 응답 비율 77"
digital_divide,디지털정보격차실태조사,2025,2025 디지털정보격차 실태조사 보고서,digital_divide_2025_29168_file1.pdf,144,3,4,인공지능; 도움,https://www.nia.or.kr/site/nia_kor/ex/bbs/View.do?cbIdx=81623&bcIdx=29168&parentSeq=29168,"3) 인공지능 관련 서비스 인공지능 관련 서비스별 인지도는 ‘②주거 편의’가 61.1%로 가장 높고, 다음으로 ‘⑥교통’(54.1%), ‘⑧AI 기반 대화형 정보검색’(46.3%), ‘③커뮤니케이션/친교’(39.3%) 등의 순이었음 인지자 기준, 사용 경험은 ‘⑧AI 기반 대화형 정보검색’이 34.5%로 가장 높고, ‘⑦헬스케어’(14.7%)가 가장 낮음 경험 유무와 무관하게 도움 정도(도움이 됐다 또는 도움이 될 것이다)는 ‘②주거 편의’(64.5%)가 가장 높았고, ‘①교육/학습’(36.8%)이 가장 낮았음 그림 34 인공지능 관련 서비스 (단위: %) ※ 경험률은 해당 서비스를 인지한 응답자 대상이며, 최근 한 달 동안 해당 서비스 사용 여부(가끔 있다 + 자주 있다)로 측정 ※ 도움 정도는 각 항목에 대해 긍정(그런 편이다 + 매우 그렇다) 응답 비율 118"
digital_divide,디지털정보격차실태조사,2025,2025 디지털정보격차 실태조사 보고서,digital_divide_2025_29168_file1.pdf,186,3,4,인공지능; 도움,https://www.nia.or.kr/site/nia_kor/ex/bbs/View.do?cbIdx=81623&bcIdx=29168&parentSeq=29168,"3) 인공지능 관련 서비스 인공지능 관련 서비스별 인지도는 ‘②주거 편의’가 69.7%로 가장 높고, 다음으로 ‘⑧AI 기반 대화형 정보검색’(56.0%), ‘⑥교통’(54.7%), ‘③커뮤니케이션/친교’(46.5%) 등의 순이었음 인지자 기준, 사용 경험은 ‘⑧AI 기반 대화형 정보검색’(48.0%)이 가장 높고, ‘⑤금융’(14.1%)이 가장 낮음 경험 유무와 무관하게 도움 정도(도움이 됐다 또는 도움이 될 것이다)는 ‘②주거 편의’(66.0%)가 가장 높았고, ‘⑤금융’(44.0%)이 가장 낮게 나타남 그림 34 인공지능 관련 서비스 (단위: %) ※ 경험률은 해당 서비스를 인지한 응답자 대상이며, 최근 한 달 동안 해당 서비스 사용 여부(가끔 있다 + 자주 있다)로 측정 ※ 도움 정도는 각 항목에 대해 긍정(그런 편이다 + 매우 그렇다) 응답 비율 160"
digital_divide,디지털정보격차실태조사,2025,2025 디지털정보격차 실태조사 보고서,digital_divide_2025_29168_file1.pdf,227,3,1,인공지능; 도움,https://www.nia.or.kr/site/nia_kor/ex/bbs/View.do?cbIdx=81623&bcIdx=29168&parentSeq=29168,"2) 인공지능 서비스 이용 역량 인공지능 서비스 이용 역량에 대해 질문한 결과 모든 항목에서 일반국민에 비해 농어민의 역량이 낮은 것으로 나타남 - ‘⑫AI의 잘못된 사용에 대해 경계’한다는 응답이 43.8%로 가장 높았고, ‘⑪AI 관련 제품 사용 시 개인정보 보호나 정보보안 문제를 의식’(41.5%), ‘⑩AI 관련 제품 사용 시 법률을 위반하지 않거나 다른 사람의 권리를 침해하지 않도록 노력’(40.8%), ‘②AI 기술로 어떤 도움을 받을 수 있는지 알고 있음’(36.8%) 등의 순으로 ‘그렇다’는 응답이 높게 나타남 그림 33 인공지능 서비스 이용 역량 (단위: %) ※ 각 항목에 대해 긍정(그런 편이다 + 매우 그렇다) 응답 비율 201"
digital_divide,디지털정보격차실태조사,2025,2025 디지털정보격차 실태조사 보고서,digital_divide_2025_29168_file1.pdf,228,3,4,인공지능; 도움,https://www.nia.or.kr/site/nia_kor/ex/bbs/View.do?cbIdx=81623&bcIdx=29168&parentSeq=29168,"3) 인공지능 관련 서비스 인공지능 관련 서비스별 인지도는 ‘②주거 편의’가 52.4%로 가장 높고, 다음으로 ‘⑥교통’(48.2%), ‘⑧AI 기반 대화형 정보검색’(41.5%), ‘③커뮤니케이션/친교’(36.4%) 등의 순이었음 인지자 중 사용 경험은 ‘⑧AI 기반 대화형 정보검색’(42.0%)이 가장 높고, ‘①교육/학습’(16.0%)이 가장 낮음 경험 유무와 무관하게 도움 정도(도움이 됐다 또는 도움이 될 것이다)는 ‘②주거 편의’(59.0%)가 가장 높았고, ‘①교육/학습’(35.1%)이 가장 낮았음 그림 34 인공지능 관련 서비스 (단위: %) ※ 경험률은 해당 서비스를 인지한 응답자 대상이며, 최근 한 달 동안 해당 서비스 사용 여부(가끔 있다 + 자주 있다)로 측정 ※ 도움 정도는 각 항목에 대해 긍정(그런 편이다 + 매우 그렇다) 응답 비율 202"
digital_divide,디지털정보격차실태조사,2025,2025 디지털정보격차 실태조사 보고서,digital_divide_2025_29168_file1.pdf,270,3,4,인공지능; 도움,https://www.nia.or.kr/site/nia_kor/ex/bbs/View.do?cbIdx=81623&bcIdx=29168&parentSeq=29168,"3) 인공지능 관련 서비스 인공지능 관련 서비스별 인지도는 ‘②주거 편의’가 78.1%로 가장 높고, 다음으로 ‘⑧AI 기반 대화형 정보검색’(72.5%), ‘⑥교통’(62.4%), ‘③커뮤니케이션/친교’(62.2%) 등의 순이었음 인지자 중 사용 경험은 ‘⑧AI 기반 대화형 정보검색’(49.7%)이 가장 높고, ‘⑦헬스케어’(24.7%)가 가장 낮음 경험 여부와 무관하게 도움 정도(도움이 됐다 또는 도움이 될 것이다)는 ‘②주거 편의’(64.6%)가 가장 높았고, ‘⑤금융’(48.1%)이 가장 낮았음 그림 34 인공지능 관련 서비스 (단위: %) ※ 경험률은 해당 서비스를 인지한 응답자 대상이며, 최근 한 달 동안 해당 서비스 사용 여부(가끔 있다 + 자주 있다)로 측정 ※ 도움 정도는 각 항목에 대해 긍정(그런 편이다 + 매우 그렇다) 응답 비율 244"
digital_divide,디지털정보격차실태조사,2025,2025 디지털정보격차 실태조사 보고서,digital_divide_2025_29168_file1.pdf,312,3,4,인공지능; 도움,https://www.nia.or.kr/site/nia_kor/ex/bbs/View.do?cbIdx=81623&bcIdx=29168&parentSeq=29168,"3) 인공지능 관련 서비스 인공지능 관련 서비스별 인지도는 ‘⑧AI 기반 대화형 정보검색’가 76.0%로 가장 높고, 다음으로 ‘②주거 편의’(74.0%), ‘⑥교통’(46.6%), ‘①교육/학습’(42.4%) 등의 순이었음 인지자 중 사용 경험은 ‘⑧AI 기반 대화형 정보검색’(65.3%)이 가장 높고, ‘⑤금융’(13.4%)이 가장 낮게 나타남 경험 여부와 무관하게 도움 정도(도움이 됐다 또는 도움이 될 것이다)는 ‘⑧AI 기반 대화형 정보검색’(76.5%)이 가장 높았고, ‘⑤금융’(50.3%)이 가장 낮았음 그림 38 인공지능 관련 서비스 (단위: %) ※ 경험률은 해당 서비스를 인지한 응답자 대상이며, 최근 한 달 동안 해당 서비스 사용 여부(가끔 있다 + 자주 있다)로 측정 ※ 도움 정도는 각 항목에 대해 긍정(그런 편이다 + 매우 그렇다) 응답 비율 286"
digital_divide,디지털정보격차실태조사,2025,2025 디지털정보격차 실태조사 보고서,digital_divide_2025_29168_file1.pdf,324,2,5,인공지능; 도움,https://www.nia.or.kr/site/nia_kor/ex/bbs/View.do?cbIdx=81623&bcIdx=29168&parentSeq=29168,"3) 인공지능 서비스별 도움 정도 서비스별 경험자와 비경험자 모두에게 서비스별 도움 정도에 대해 물어본 결과, 취약계층에 비해 일반국민이 더 긍정적으로 평가하는 것으로 나타났으며, 취약계층에서는 ‘②주거 편의’에 대한 긍정 평가가 64.4%로 가장 높게 나타남 - 다음으로는 ‘⑥교통’(55.0%), ‘⑦헬스케어’(48.9%), ‘③커뮤니케이션/친교’(46.9%), ‘⑧AI 기반 대화형 정보검색’(46.5%) 등의 순임 - 취약계층 내에서는 모든 서비스의 도움 정도에 대해 저소득층이 가장 긍정적으로 평가함 그림 6 인공지능 서비스별 도움 정도 (단위: %) ※ 도움 정도는 각 항목에 대해 긍정(그런 편이다 + 매우 그렇다) 응답 비율 298"
digital_divide,디지털정보격차실태조사,2025,2025 디지털정보격차 실태조사 보고서,digital_divide_2025_29168_file1.pdf,337,14,3,인공지능; AI; 상담; 도움,https://www.nia.or.kr/site/nia_kor/ex/bbs/View.do?cbIdx=81623&bcIdx=29168&parentSeq=29168,"8. 인공지능(AI) 기술 관련 (1) 인공지능 서비스 : 인공지능(AI) 기술을 활용하여 각 산업 및 생활 분야에서 편의를 제공하는 서비스 (예. 자동번역, 음성인식, 이미지·영상·문학 창작, 맞춤형 자산관리, 개인별 추천 서비스, 챗봇, 로봇청소기, 자율주행 서비스 등) (2) 인공지능 구현 서비스 Ÿ 교육/학습 : 맞춤형 학습(아이스크림에듀 AI홈런, 밀크T, KnowRe 등), AI 언어학습앱(듀오링고 등), 교육용로봇(알버트 등) Ÿ 주거 편의 : 로봇청소기, AI 가전 등 가사 지원 로봇, IoT 가전기기(조명, 냉난방 등 원격 제어 등) Ÿ 커뮤니케이션/친교 : 챗봇 상담 서비스 이용, 말벗 AI 로봇(다솜이, 실벗, 리쿠 등) Ÿ 미디어 : 맞춤형 음악, 영상 등 추천/큐레이션, 사진 및 영상 편집 기능(필터 어플, AI 자막 편집 등) Ÿ 금융 : 로보어드바이저"
digital_divide,디지털정보격차실태조사,2024,2024 디지털정보격차 실태조사 보고서,digital_divide_2024_27832_file1.pdf,18,15,1,인공지능; AI; 도움,https://www.nia.or.kr/site/nia_kor/ex/bbs/View.do?cbIdx=81623&bcIdx=27832&parentSeq=27832,······························································ 284 ∴ 그림 244 삶에 대한 만족도 ························································································································ 285 ∴ 그림 245 인공지능 서비스 경험률 ·············································································································· 286 ∴ 그림 246 인공지능 서비스 이용 역량 ····································································
digital_divide,디지털정보격차실태조사,2024,2024 디지털정보격차 실태조사 보고서,digital_divide_2024_27832_file1.pdf,26,6,1,인공지능; 도움,https://www.nia.or.kr/site/nia_kor/ex/bbs/View.do?cbIdx=81623&bcIdx=27832&parentSeq=27832,"여, 경제활동, 심화 디지털 개인 기술 서비스 Ÿ 디지털 조력자 개인 디지털 - 디지털기기 이용 관련 조력자 유형 조력자 및 사회적 자본 Ÿ 온라인 사회적 자본 개인 - 가족, 친구 등 사회적 지지망 유무 Ÿ 디지털기기 이용 태도 개인 Ÿ 디지털기기 이용 효능감 개인 디지털기기 이용 태도 (부가문항) Ÿ 일상생활 부문별 만족도 개인 정보 이용 태도 및 기타 Ÿ 전반적인 삶의 만족도 개인 Ÿ 인공지능 서비스 이용 경험 개인 Ÿ 인공지능 서비스 관련 역량 개인 인공지능기술 Ÿ 인공지능 서비스 별 인지도, 사용 경험, 도움 정도 개인 관련 Ÿ 인공지능 비이용 이유 개인 Ÿ 인공지능 기술에 대한 인식 개인 6"
digital_divide,디지털정보격차실태조사,2024,2024 디지털정보격차 실태조사 보고서,digital_divide_2024_27832_file1.pdf,99,3,4,인공지능; 도움,https://www.nia.or.kr/site/nia_kor/ex/bbs/View.do?cbIdx=81623&bcIdx=27832&parentSeq=27832,"3) 인공지능 관련 서비스 인공지능 관련 서비스별 인지도는 ‘②주거 편의’가 66.3%로 가장 높고, 다음으로 ‘⑥교 통’(57.8%), ‘③커뮤니케이션/친교’(38.6%), ‘①교육/학습’(33.7%) 등의 순이었음 인지자 기준, 사용 경험은 ‘②주거편의’(32.0%)와 ‘④미디어’(32.0%)가 가장 높고, ‘①교육/학 습’(10.1%)이 가장 낮음 경험 유무와 무관하게 도움 정도(도움이 됐다 또는 도움이 될 것이다)는 ‘②주거 편의’(66.7%) 가 가장 높았고, ‘①교육/학습’(34.8%)이 가장 낮았음 ∴ 그림 62 인공지능 관련 서비스 (단위: %) ※ 경험률은 해당 서비스를 인지한 응답자 대상이며, 최근 한 달 동안 해당 서비스 사용 여부(가끔 있다 + ‘자주 있다)로 측정 ※ 도움 정도는 각 항목에 대해 긍정(그런 편이다 + 매우 그렇다) 응답 비율 79"
digital_divide,디지털정보격차실태조사,2024,2024 디지털정보격차 실태조사 보고서,digital_divide_2024_27832_file1.pdf,140,3,4,인공지능; 도움,https://www.nia.or.kr/site/nia_kor/ex/bbs/View.do?cbIdx=81623&bcIdx=27832&parentSeq=27832,"3) 인공지능 관련 서비스 인공지능 관련 서비스별 인지도는 ‘②주거 편의’가 63.9%로 가장 높고, 다음으로 ‘⑥교 통’(54.0%), ‘③커뮤니케이션/친교’(34.1%), ‘⑧AI 기반 대화형 정보검색’(28.7%) 등의 순이었음 인지자 기준, 사용 경험은 ‘②주거 편의’와 ‘⑥교통’이 26.5%로 가장 높고, ‘①교육/학 습’(9.0%)이 가장 낮음 경험 유무와 무관하게 도움 정도(도움이 됐다 또는 도움이 될 것이다)는 ‘②주거 편의’(63.2%) 가 가장 높았고, ‘①교육/학습’(29.9%)이 가장 낮았음 ∴ 그림 99 인공지능 관련 서비스 (단위: %) ※ 경험률은 해당 서비스를 인지한 응답자 대상이며, 최근 한 달 동안 해당 서비스 사용 여부(가끔 있다 + ‘자주 있다)로 측정 ※ 도움 정도는 각 항목에 대해 긍정(그런 편이다 + 매우 그렇다) 응답 비율 120"
digital_divide,디지털정보격차실태조사,2024,2024 디지털정보격차 실태조사 보고서,digital_divide_2024_27832_file1.pdf,182,3,4,인공지능; 도움,https://www.nia.or.kr/site/nia_kor/ex/bbs/View.do?cbIdx=81623&bcIdx=27832&parentSeq=27832,"3) 인공지능 관련 서비스 인공지능 관련 서비스별 인지도는 ‘②주거 편의’가 71.6%로 가장 높고, 다음으로 ‘⑥교 통’(58.2%), ‘③커뮤니케이션/친교’(45.7%), ‘①교육/학습’(40.7%) 등의 순이었음 인지자 기준, 사용 경험은 ‘④미디어’(28.4%)가 가장 높고, ‘⑤금융’(10.5%)이 가장 낮음 경험 유무와 무관하게 도움 정도(도움이 됐다 또는 도움이 될 것이다)는 ‘②주거 편의’(69.3%) 가 가장 높았고, ‘⑧AI 기반 대화형 정보검색’(39.6%)이 가장 낮게 나타남 ∴ 그림 136 인공지능 관련 서비스 (단위: %) ※ 경험률은 해당 서비스를 인지한 응답자 대상이며, 최근 한 달 동안 해당 서비스 사용 여부(가끔 있다 + ‘자주 있다)로 측정 ※ 도움 정도는 각 항목에 대해 긍정(그런 편이다 + 매우 그렇다) 응답 비율 162"
digital_divide,디지털정보격차실태조사,2024,2024 디지털정보격차 실태조사 보고서,digital_divide_2024_27832_file1.pdf,224,3,4,인공지능; 도움,https://www.nia.or.kr/site/nia_kor/ex/bbs/View.do?cbIdx=81623&bcIdx=27832&parentSeq=27832,"3) 인공지능 관련 서비스 인공지능 관련 서비스별 인지도는 ‘②주거 편의’가 54.0%로 가장 높고, 다음으로 ‘⑥교 통’(45.8%), ‘③커뮤니케이션/친교’(32.9%), ‘①교육/학습’(26.3%) 등의 순이었음 인지자 중 사용 경험은 ‘④미디어’(29.7%)가 가장 높고, ‘①교육/학습’(17.5%)이 가장 낮음 경험 유무와 무관하게 도움 정도(도움이 됐다 또는 도움이 될 것이다)는 ‘②주거 편의’(55.7%) 가 가장 높았고, ‘⑧AI 기반 대화형 정보검색’(29.5%)이 가장 낮았음 ∴ 그림 173 인공지능 관련 서비스 (단위: %) ※ 경험률은 해당 서비스를 인지한 응답자 대상이며, 최근 한 달 동안 해당 서비스 사용 여부(가끔 있다 + 자주 있다)로 측정 ※ 도움 정도는 각 항목에 대해 긍정(그런 편이다 + 매우 그렇다) 응답 비율 204"
digital_divide,디지털정보격차실태조사,2024,2024 디지털정보격차 실태조사 보고서,digital_divide_2024_27832_file1.pdf,266,3,4,인공지능; 도움,https://www.nia.or.kr/site/nia_kor/ex/bbs/View.do?cbIdx=81623&bcIdx=27832&parentSeq=27832,"3) 인공지능 관련 서비스 인공지능 관련 서비스별 인지도는 ‘②주거 편의’가 76.3%로 가장 높고, 다음으로 ‘⑥교 통’(63.1%), ‘③커뮤니케이션/친교’(60.8%), ‘④미디어’(57.1%) 등의 순이었음 인지자 중 사용 경험은 ‘②주거 편의’(35.6%)가 가장 높고, ‘⑤금융’(16.9%)이 가장 낮음 경험 여부와 무관하게 도움 정도(도움이 됐다 또는 도움이 될 것이다)는 ‘②주거 편의’(71.3%) 가 가장 높았고, ‘⑧AI 기반 대화형 정보검색’(54.1%)이 가장 낮았음 ∴ 그림 210 인공지능 관련 서비스 (단위: %) ※ 경험률은 해당 서비스를 인지한 응답자 대상이며, 최근 한 달 동안 해당 서비스 사용 여부(가끔 있다 + 자주 있다)로 측정 ※ 도움 정도는 각 항목에 대해 긍정(그런 편이다 + 매우 그렇다) 응답 비율 246"
digital_divide,디지털정보격차실태조사,2024,2024 디지털정보격차 실태조사 보고서,digital_divide_2024_27832_file1.pdf,308,3,4,인공지능; 도움,https://www.nia.or.kr/site/nia_kor/ex/bbs/View.do?cbIdx=81623&bcIdx=27832&parentSeq=27832,"3) 인공지능 관련 서비스 인공지능 관련 서비스별 인지도는 ‘②주거 편의’가 71.3%로 가장 높고, 다음으로 ‘⑥교 통’(48.2%), ‘③커뮤니케이션/친교’(46.4%), ‘①교육/학습’(45.1%) 등의 순이었음 인지자 중 사용 경험은 ‘⑧AI 기반 대화형 정보검색’(45.1%)이 가장 높고, ‘⑦헬스케어’(14.3%) 가 가장 낮게 나타남 경험 여부와 무관하게 도움 정도(도움이 됐다 또는 도움이 될 것이다)는 ‘②주거 편의’(76.0%) 가 가장 높았고, ‘⑤금융’(49.3%)이 가장 낮았음 ∴ 그림 247 인공지능 관련 서비스 (단위: %) ※ 경험률은 해당 서비스를 인지한 응답자 대상이며, 최근 한 달 동안 해당 서비스 사용 여부(가끔 있다 + 자주 있다)로 측정 ※ 도움 정도는 각 항목에 대해 긍정(그런 편이다 + 매우 그렇다) 응답 비율 288"
digital_divide,디지털정보격차실태조사,2024,2024 디지털정보격차 실태조사 보고서,digital_divide_2024_27832_file1.pdf,320,2,5,인공지능; 도움,https://www.nia.or.kr/site/nia_kor/ex/bbs/View.do?cbIdx=81623&bcIdx=27832&parentSeq=27832,"3) 인공지능 서비스별 도움 정도 서비스별 경험자와 비경험자 모두에게 서비스별 도움 정도에 대해 물어본 결과, 취약계층 에 비해 일반국민이 더 긍정적으로 평가하는 것으로 나타났으며, 취약계층에서는 ‘②주거 편의’에 대한 긍정 평가가 63.9%로 가장 높게 나타남 - 다음으로는 ‘⑥교통’(55.2%), ‘③커뮤니케이션/친교’(44.3%), ‘⑦헬스케어’(43.8%), ‘④미디 어(37.4%) 등의 순임 - 취약계층 내에서는 대부분의 서비스 도움 정도에 대해 저소득층이 가장 긍정적으로 평가함 ∴ 그림 256 인공지능 서비스별 도움 정도 (단위: %) ※ 도움 정도는 각 항목에 대해 긍정(그런 편이다 + 매우 그렇다) 응답 비율 300"
digital_divide,디지털정보격차실태조사,2024,2024 디지털정보격차 실태조사 보고서,digital_divide_2024_27832_file1.pdf,333,9,3,인공지능; AI; 상담; 도움,https://www.nia.or.kr/site/nia_kor/ex/bbs/View.do?cbIdx=81623&bcIdx=27832&parentSeq=27832,"(2) 인공지능 구현 서비스 o 교육/학습 : 맞춤형 학습(아이스크림에듀 AI홈런, 밀크T, KnowRe 등), AI 언어학습앱(듀오링고 등), 교육용로봇(알버트 등) o 주거 편의 : 로봇청소기, AI 가전 등 가사 지원 로봇, IoT 가전기기(조명, 냉난방 등 원격 제어 등) o 커뮤니케이션/친교 : 챗봇 상담 서비스 이용, 말벗 AI 로봇(다솜이, 실벗, 리쿠 등) o 미디어 : 맞춤형 음악, 영상 등 추천/큐레이션, 사진 및 영상 편집 기능(필터 어플, AI 자막 편집 등) o 금융 : 로보어드바이저, 맞춤형 자산관리(파운트, 핀트, 로보마켓, 로보픽 등), 마이데이터를 활용 한 AI 추천 상품, 머신러닝을 통한 위험예측 등 o 교통 : 운전 보조 시스템(스마트 크루즈, 긴급제동, 차선유지), 자율주행 등 o 헬스케어 : 개인 맞춤형 진단 및 생활습관 정보 제공을 통해 "
digital_divide,디지털정보격차실태조사,2023,2023년 디지털정보격차 실태조사 보고서,digital_divide_2023_26517_file2.pdf,19,22,1,인공지능; AI; 도움,https://www.nia.or.kr/site/nia_kor/ex/bbs/View.do?cbIdx=81623&bcIdx=26517&parentSeq=26517,······························································ 270 ㅣ그림 232. 삶에 대한 만족도 ························································································································ 271 ㅣ그림 233. 인공지능 서비스 경험률 ··············································································································· 272 ㅣ그림 234. 인공지능 관련 서비스 ······································································
digital_divide,디지털정보격차실태조사,2023,2023년 디지털정보격차 실태조사 보고서,digital_divide_2023_26517_file2.pdf,26,6,1,인공지능; 도움,https://www.nia.or.kr/site/nia_kor/ex/bbs/View.do?cbIdx=81623&bcIdx=26517&parentSeq=26517,"생산 및 공유, 네트워킹, 사회참여, 경제활동  디지털 조력자 개인 디지털 - 디지털기기 이용 관련 조력자 유형 조력자 및 사회적 자본  온라인 사회적 자본 개인 - 가족, 친구 등 사회적 지지망 유무  디지털기기 이용 태도 개인  디지털기기 이용 효능감 개인 디지털기기 이용 태도 (부가문항)  일상생활 부문별 만족도 개인 정보 이용 태도 및 기타  전반적인 삶의 만족도 개인  인공지능 서비스 이용 경험 개인  인공지능 서비스 별 인지도, 사용 경험, 도움 정도 개인 인공지능기술  인공지능 비이용 이유 개인 관련  향후 이용하고 싶은 인공지능 서비스 개인  인공지능 기술에 대한 인식 개인 4 ㅣ Ⅰ. 조사개요"
digital_divide,디지털정보격차실태조사,2023,2023년 디지털정보격차 실태조사 보고서,digital_divide_2023_26517_file2.pdf,96,4,4,인공지능; 생성형; 도움,https://www.nia.or.kr/site/nia_kor/ex/bbs/View.do?cbIdx=81623&bcIdx=26517&parentSeq=26517,"2) 인공지능 관련 서비스 인공지능 관련 서비스 각각에 대한 인지도와 실제 경험률, 도움 정도를 질문한 결과, 모든 항목에서 장애인의 인지도 및 사용 경험이 일반국민에 비해 낮게 조사되었음 - 인지도는 ‘⑦주거 편의 서비스’가 64.0%로 가장 높고, 다음으로 ‘⑨교통 관련 서비 스’(53.0%), ‘⑤커뮤니케이션/친분유지 서비스’(49.8%), ‘①문서 작성 관련 서비스’(35.0%) 등의 순이었음 - 인지자 기준, 사용 경험은 ‘⑤커뮤니케이션/친분유지 서비스’(41.0%)가 가장 높고, ‘⑥헬스 케어 서비스’(22.0%)가 가장 낮음 - 경험 유무와 무관하게 도움 정도(도움이 됐다 또는 도움이 될 것이다)는 ‘⑦주거편의 서비 스’(64.8%)가 가장 높았고, ‘③생성형 AI를 활용한 창작 서비스’(33.5%)가 가장 낮았음 ㅣ그림 59. 인공지능 관련 서비스 (단위: %) "
digital_divide,디지털정보격차실태조사,2023,2023년 디지털정보격차 실태조사 보고서,digital_divide_2023_26517_file2.pdf,135,4,4,인공지능; 생성형; 도움,https://www.nia.or.kr/site/nia_kor/ex/bbs/View.do?cbIdx=81623&bcIdx=26517&parentSeq=26517,"2) 인공지능 관련 서비스 인공지능 관련 서비스 각각에 대한 인지도와 실제 경험률, 도움 정도를 질문한 결과, 모든 항 목에서 고령층의 인지도 및 사용 경험이 일반국민에 비해 낮게 조사되었음 - 인지도는 ‘⑦주거 편의 서비스’가 57.2%로 가장 높고, 다음으로 ‘⑨교통 관련 서비 스’(52.2%), ‘⑤커뮤니케이션/친분유지 서비스’(39.6%), ‘⑥헬스케어 서비스’(33.3%) 등의 순이었음 - 인지자 기준, 사용 경험은 ‘⑤커뮤니케이션/친분유지 서비스’(32.4%)가 가장 높고, ‘⑩교육 관련 서비스’(12.5%)가 가장 낮음 - 경험 유무와 무관하게 도움 정도(도움이 됐다 또는 도움이 될 것이다)는 ‘⑦주거편의 서비 스’(71.5%)가 가장 높았고, ‘③생성형 AI를 활용한 창작 서비스’(41.5%)가 가장 낮았음 ㅣ그림 95. 인공지능 관련 서비스 (단위: %) ※ 경"
digital_divide,디지털정보격차실태조사,2023,2023년 디지털정보격차 실태조사 보고서,digital_divide_2023_26517_file2.pdf,175,4,4,인공지능; 생성형; 도움,https://www.nia.or.kr/site/nia_kor/ex/bbs/View.do?cbIdx=81623&bcIdx=26517&parentSeq=26517,"2) 인공지능 관련 서비스 인공지능 관련 서비스 각각에 대한 인지도와 실제 경험률, 도움 정도를 질문한 결과, 모든 항 목에서 저소득층의 인지도 및 사용 경험이 일반국민에 비해 낮게 조사됨 - 인지도는 ‘⑦주거 편의 서비스’가 60.2%로 가장 높고, 다음으로 ‘⑨교통 관련 서비 스’(56.8%), ‘⑤커뮤니케이션/친분유지 서비스’(51.4%), ‘①문서 작성 관련 서비스’(44.4%) 등의 순이었음 - 인지자 기준, 사용 경험은 ‘⑤문서 작성 관련 서비스’(37.7%)가 가장 높고, ‘⑨교통 관련 서 비스’(13.5%)가 가장 낮음 - 경험 유무와 무관하게 도움 정도(도움이 됐다 또는 도움이 될 것이다)는 ‘⑦주거편의 서비 스’(68.5%)가 가장 높았고, ‘③생성형 AI를 활용한 창작 서비스’(49.2%)가 가장 낮게 나타남 ㅣ그림 130. 인공지능 관련 서비스 (단위: %"
digital_divide,디지털정보격차실태조사,2023,2023년 디지털정보격차 실태조사 보고서,digital_divide_2023_26517_file2.pdf,215,4,4,인공지능; 생성형; 도움,https://www.nia.or.kr/site/nia_kor/ex/bbs/View.do?cbIdx=81623&bcIdx=26517&parentSeq=26517,"2) 인공지능 관련 서비스 인공지능 관련 서비스 각각에 대한 인지도와 실제 경험률, 도움 정도를 질문한 결과, 모든 항목에서 농어민의 인지도 및 사용 경험이 일반국민에 비해 낮게 조사되었음 - 인지도는 ‘⑦주거 편의 서비스’가 43.2%로 가장 높고, 다음으로 ‘⑨교통 관련 서비 스’(40.2%), ‘⑤커뮤니케이션/친분유지 서비스’(30.3%), ‘⑥헬스케어 서비스’(23.1%) 등의 순이었음 - 인지자 중 사용 경험은 ‘⑤커뮤니케이션/친분유지 서비스’(38.4%)가 가장 높고, ‘⑩교육 관 련 서비스’(10.3%)가 가장 낮음 - 경험 유무와 무관하게 도움 정도(도움이 됐다 또는 도움이 될 것이다)는 ‘⑦주거편의 서비 스’(68.8%)가 가장 높았고, ‘③생성형 AI를 활용한 창작 서비스’(43.0%)가 가장 낮았음 ㅣ그림 164. 인공지능 관련 서비스 (단위: %) ※ 경험"
digital_divide,디지털정보격차실태조사,2023,2023년 디지털정보격차 실태조사 보고서,digital_divide_2023_26517_file2.pdf,255,5,5,인공지능; 생성형; 도움,https://www.nia.or.kr/site/nia_kor/ex/bbs/View.do?cbIdx=81623&bcIdx=26517&parentSeq=26517,"2) 인공지능 관련 서비스 인공지능 관련 서비스 각각에 대한 인지도와 실제 경험률, 도움 정도를 질문한 결과, 대체적으 로 모든 항목에서 북한이탈주민의 인지도 및 사용 경험이 일반국민에 비해 낮게 조사된 가운데, ‘⑩교육 관련 서비스’의 경우 북한이탈주민의 인지도, 경험률, 도움 정도가 더 높게 응답되었음 - 인지도는 ‘⑨교통 관련 서비스’가 69.3%로 가장 높고, 다음으로 ‘⑦주거 편의 서비 스’(67.9%), ‘⑤커뮤니케이션/친분유지 서비스’(55.3%), ‘①문서 작성 관련 서비스’(54.4%) 등의 순이었음 - 인지자 중 사용 경험은 ‘①문서 작성 관련 서비스’(42.6%)가 가장 높고, ‘③생성형 AI를 활 용한 창작 서비스’(27.5%)가 가장 낮음 - 경험 여부와 무관하게 도움 정도(도움이 됐다 또는 도움이 될 것이다)는 ‘⑦주거 편의 서비 스’(66.1%)가 가"
digital_divide,디지털정보격차실태조사,2023,2023년 디지털정보격차 실태조사 보고서,digital_divide_2023_26517_file2.pdf,295,4,4,인공지능; 생성형; 도움,https://www.nia.or.kr/site/nia_kor/ex/bbs/View.do?cbIdx=81623&bcIdx=26517&parentSeq=26517,"2) 인공지능 관련 서비스 인공지능 관련 서비스 각각에 대한 인지도와 실제 경험률, 도움 정도를 질문한 결과, 모든 항목에서 결혼이민자의 인지율이 일반국민에 비해 낮은 편으로 나타남 - 인지도는 ‘⑦주거 편의 서비스’가 66.7%로 가장 높고, 다음으로 ‘⑨교통 관련 서비 스’(60.8%), ‘⑤커뮤니케이션/친분유지 서비스’(58.6%), ‘①문서 작성 관련 서비스’(54.1%) 등의 순이었음 - 인지자 중 사용 경험은 ‘①문서 작성 관련 서비스’(58.2%)가 가장 높고, ‘④금융서비 스’(18.0%)가 가장 낮게 나타남 - 경험 여부와 무관하게 도움 정도(도움이 됐다 또는 도움이 될 것이다)는 ‘⑦주거 편의 서비 스’(83.3%)가 가장 높았고, ‘③생성형 AI를 활용한 창작 서비스’(68.9%)가 가장 낮았음 ㅣ그림 234. 인공지능 관련 서비스 (단위: %) ※ 경험률은"
digital_divide,디지털정보격차실태조사,2023,2023년 디지털정보격차 실태조사 보고서,digital_divide_2023_26517_file2.pdf,304,21,1,인공지능; AI; 생성형; 챗GPT; 상담,https://www.nia.or.kr/site/nia_kor/ex/bbs/View.do?cbIdx=81623&bcIdx=26517&parentSeq=26517,"2. 인공지능(AI) 서비스별 경험 관련 1) 인공지능(AI) 서비스별 인지율 인공지능(AI)이 구현된 10개 서비스별 인지율을 조사한 결과, 10개 서비스 모두 취약계층의 인지율이 일반국민보다 낮은 수준임 - 특히, ‘①문서 작성 관련 서비스’ 및 ‘②정보수집 관련 서비스’에서 취약계층의 인지율이 일반국민과 차이가 큰 것으로 조사됨 ㅣ그림 240. 인공지능(AI) 서비스별 인지율 (단위: %) ※ 문서 작성 관련 서비스 : [번역] 파파고, 구글번역, 딥엘 [음성인식] 음성인식을 통한 문서 작성 및 요약(클로바노트, 원노트 등) ※ 정보 수집 관련 서비스 : [생성형 정보검색 등] 챗GPT, 바드, 노션 등 [이미지 또는 영상 기반 식별 기술] 구글 렌즈, 네이버 렌즈 등 ※ 생성형 AI를 통한 창작 서비스 : 이미지(그림)·영상·음악·문학 창작활동 등 ※ 금융 서비스 : 로"
digital_divide,디지털정보격차실태조사,2023,2023년 디지털정보격차 실태조사 보고서,digital_divide_2023_26517_file2.pdf,306,6,6,인공지능; AI; 도움,https://www.nia.or.kr/site/nia_kor/ex/bbs/View.do?cbIdx=81623&bcIdx=26517&parentSeq=26517,"3) 인공지능(AI) 서비스별 도움 정도 서비스별 경험자와 비경험자 모두에게 서비스별 도움 정도에 대해 확인한 결과, 취약계층에 비해 일반국민이 더 긍정적으로 평가하는 것으로 나타남 - 개별 서비스별로 보면, ‘⑦주거 편의 서비스’는 취약계층의 긍정 평가율이 평균 65% 이상 수준으로 가장 높게 나타남 - 취약계층 내에서는 대부분의 서비스의 도움 정도 대해 저소득층이 가장 긍정적으로 평가함 ㅣ그림 242. 인공지능(AI) 서비스별 도움 정도 인식 (단위: %) ※ 각 서비스별 경험자는 ‘내 삶에 도움이 된다’, 비경험자는 ‘내 삶에 도움이 될 것이다’로 응답 ※ 매우 그렇다 + 그런 편이다 응답 비율 284 ㅣ 부록 1 : 인공지능(AI) 서비스 관련"
digital_divide,디지털정보격차실태조사,2023,2023년 디지털정보격차 실태조사 보고서,digital_divide_2023_26517_file2.pdf,318,20,2,인공지능; AI; 생성형; 챗GPT; 상담; 도움,https://www.nia.or.kr/site/nia_kor/ex/bbs/View.do?cbIdx=81623&bcIdx=26517&parentSeq=26517,"하여 정보를 수집·가공·활용하는 모든 방법을 포함하며, 인터넷, 또는 컴퓨터, 스마트폰 등과 같은 정보통신 및 전자기기에 적용되어 있음 (2) 디지털 기기 : 디지털 정보를 수신, 저장, 처리 또는 전송할 수 있는 전자장치를 의미함. PC, 스 마트폰, 스마트패드(태블릿PC), 인공지능스피커, CD플레이어, MP3플레이어, PMP 등 현재 나오 는 전자기기의 대부분이 해당됨 7. 인공지능(AI) 기술 관련 (1) 인공지능 서비스 : 인공지능(AI) 기술을 활용하여 각 산업 및 생활 분야에서 편의를 제공하는 서 비스 (예. 자동번역, 음성인식, 이미지·영상·문학 창작, 맞춤형 자산관리, 개인별 추천 서비스, 챗 봇, 로봇청소기, 자율주행 서비스 등) (2) 인공지능 구현 서비스 o 문서 작성 관련 서비스 : 인공지능을 활용하여 번역 및 음성인식을 통한 문서 작성 등을 제공하 는 "
smartphone_overdependence,스마트폰 과의존 실태조사,2025,2025년 스마트폰 과의존 실태조사 보고서,smartphone_overdependence_2025_29171_file1.pdf,5,3,1,지능정보; 과의존,https://www.nia.or.kr/site/nia_kor/ex/bbs/View.do?cbIdx=65914&bcIdx=29171&parentSeq=29171,"1. 「2025년 스마트폰 과의존 실태조사」는 과학기술정보통신부와 한국지능정보사회진흥원에 의해 2025년 9월부터 11월 중 수행됨 2. 최종 통계산출 시 모수추정 방법을 적용하여 모집단 결과를 제시하고 있기 때문에 해석에 유의 3. 통계표 및 도표내의 숫자는 둘째자리에서 반올림되어, 세부 항목의 합이 전체 합계와 일치하지 않을 수 있음 4. 복수응답은 한 개 이상 응답한 결과치를 집계한 결과임 5. 본 보고서의 내용을 인용할 때에는 반드시 과학기술정보통신부와 한국지능정보사회진흥원의 자료임을 밝혀야 함 6. 본 보고서는 한국지능정보사회진흥원(www.nia.or.kr) 및 스마트쉼센터(www.iapc.or.kr) 홈페이지에서 전문 다운로드 가능함"
smartphone_overdependence,스마트폰 과의존 실태조사,2025,2025년 스마트폰 과의존 실태조사 보고서,smartphone_overdependence_2025_29171_file1.pdf,19,2,11,AI; 생성형; 과의존,https://www.nia.or.kr/site/nia_kor/ex/bbs/View.do?cbIdx=65914&bcIdx=29171&parentSeq=29171,제2장 1. 연도별 스마트폰 과의존 현황 ············································ 20 조사결과 2. 대상별 스마트폰 과의존 현황 ············································ 21 요약 3. 스마트폰 과의존 요인별 속성 ············································ 23 4. 스마트폰 과의존위험군의 콘텐츠 이용 현황 ····················· 24 5. 과의존위험군과 일반사용자군의 이용조절 능력 차이 ······· 31 6. 과의존위험군과 일반사용자군의 주요 활동 및 희망활동 ··· 32 7. 과의존 심각성 및 해소에 대한 인식 ································· 33 제3장 Ⅰ. 스마트폰 과의존 현황 ·················
smartphone_overdependence,스마트폰 과의존 실태조사,2025,2025년 스마트폰 과의존 실태조사 보고서,smartphone_overdependence_2025_29171_file1.pdf,22,4,6,인공지능; AI; 생성형; 과의존,https://www.nia.or.kr/site/nia_kor/ex/bbs/View.do?cbIdx=65914&bcIdx=29171&parentSeq=29171,"] 스마트폰 이용시간 본인 의지대로 조절 어려움 정도_게임 ···· 65 [표 3-3-4] 스마트폰 이용시간 본인 의지대로 조절 어려움 정도 _영화/TV/동영상 ··································································· 66 [표 3-3-5] 스마트폰 이용시간 본인 의지대로 조절 어려움 정도_SNS ··· 67 [표 3-3-6] 생성형 AI 사용으로 디지털 기기 사용 빈도 및 시간이 늘어나는 정도 ······································································· 68 [표 3-3-7] 일상, 업무 학업에서 인공지능(AI) 의존도가 높아지는 정도 ·· 69 [표 3-4-1] 과의존위험군 스마트폰 이용 관련 심층문항_사용조절 ··········· 70 [표 "
smartphone_overdependence,스마트폰 과의존 실태조사,2025,2025년 스마트폰 과의존 실태조사 보고서,smartphone_overdependence_2025_29171_file1.pdf,23,3,10,AI; 생성형; 알고리즘; 과의존,https://www.nia.or.kr/site/nia_kor/ex/bbs/View.do?cbIdx=65914&bcIdx=29171&parentSeq=29171,[표 3-5-10] 알고리즘으로 인한 숏폼 시청 영향 ····································· 89 표 [표 3-5-11] 생성형 AI 활용 숏폼 시청 경험 정도 ································· 90 목차 [표 3-6-1] 주 여가활동(1순위) ································································ 91 [표 3-6-2] 희망하는 여가활동(1순위) ······················································ 92 [표 3-6-3] 주 여가활동과 희망 여가활동이 다른 이유(1순위) ················ 93 [표 3-6-4] 디지털 사용 역량: 전체 ·······································
smartphone_overdependence,스마트폰 과의존 실태조사,2025,2025년 스마트폰 과의존 실태조사 보고서,smartphone_overdependence_2025_29171_file1.pdf,25,2,22,생성형; 알고리즘; 과의존,https://www.nia.or.kr/site/nia_kor/ex/bbs/View.do?cbIdx=65914&bcIdx=29171&parentSeq=29171,[그림 2-1] 연도별 스마트폰 과의존위험군 현황 ······································· 20 그림 [그림 2-2] 연도별·대상별 스마트폰 과의존위험군 현황 ···························· 20 목차 [그림 2-3] 유아동 스마트폰 과의존위험군 현황 ······································· 21 [그림 2-4] 청소년 스마트폰 과의존위험군 현황 ······································· 21 [그림 2-5] 성인 스마트폰 과의존위험군 현황 ·········································· 22 [그림 2-6] 60대 스마트폰 과의존위험군 현황 ········································· 22 [그림 2-7] 대상
smartphone_overdependence,스마트폰 과의존 실태조사,2025,2025년 스마트폰 과의존 실태조사 보고서,smartphone_overdependence_2025_29171_file1.pdf,26,4,21,인공지능; AI; 생성형; 과의존,https://www.nia.or.kr/site/nia_kor/ex/bbs/View.do?cbIdx=65914&bcIdx=29171&parentSeq=29171,[그림 3-1-9] 맞벌이 가정 유아동·청소년 스마트폰 과의존위험군 비율 ··· 43 그림 [그림 3-1-10] 한부모 가정 유아동·청소년 스마트폰 과의존위험군 비율 ·· 44 목차 [그림 3-2-1] 대상별 과의존위험군의 과의존 요인별 속성 ······················· 45 [그림 3-2-2] 대상별 과의존위험군의 과의존 문항별 속성 ······················· 46 [그림 3-2-3] 유아동 요인별 속성 ··························································· 47 [그림 3-2-4] 유아동 과의존위험군 ‘조절실패’ 요인별 속성 ····················· 48 [그림 3-2-5] 유아동 과의존위험군 ‘현저성’ 요인별 속성 ························ 49 [그림 3-2
smartphone_overdependence,스마트폰 과의존 실태조사,2025,2025년 스마트폰 과의존 실태조사 보고서,smartphone_overdependence_2025_29171_file1.pdf,27,3,3,AI; 생성형; 알고리즘; 과의존,https://www.nia.or.kr/site/nia_kor/ex/bbs/View.do?cbIdx=65914&bcIdx=29171&parentSeq=29171,[그림 3-4-4] 과의존위험군 스마트폰 이용 관련 심층문항_폐해 경험 그림 (정신 건강) ········································································ 73 목차 [그림 3-4-5] 과의존위험군 스마트폰 이용 관련 심층문항_폐해 경험 (대인관계 맥락) ·································································· 74 [그림 3-4-6] 과의존위험군 스마트폰 이용 관련 심층문항_폐해 경험 (생산성 저하) ····································································· 75 [그림 3-5-1] 콘텐츠 이용률 ·················································
smartphone_overdependence,스마트폰 과의존 실태조사,2025,2025년 스마트폰 과의존 실태조사 보고서,smartphone_overdependence_2025_29171_file1.pdf,33,6,14,지능정보; 중독; 과의존,https://www.nia.or.kr/site/nia_kor/ex/bbs/View.do?cbIdx=65914&bcIdx=29171&parentSeq=29171,"3 제 1장 조사개요 01 조사 배경 및 목적 1. 조사 배경 및 목적 l 스마트폰 ･ 인터넷 문제적 사용으로 인한 정보화역기능에 대한 객관적인 현황 파악을 위하여 2004년부터 매년 조사 l 스마트폰 과의존 예방 ･ 해소 정책의 성과 평가와 효과적인 정책 수립 및 개선방안 도출을 위한 기초 정책통계 생산 2. 법적 근거 l 지능정보화기본법 제12조(한국지능정보사회진흥원의 설립 등) ③ 지능정보사회진흥원은 다음 각 호의 사업을 한다. 6. 정보격차의 해소, 지능정보서비스 과의존 예방·해소 등 지능정보사회 역기능 해소를 위한 지원 및 연구 l 지능정보화기본법 제66조(지표조사), 제67조(연차보고 등), 동법 시행령 제54조(실태조사) l 통계법 제18조 제1항에 의해 승인된(2006년 11월 지정) 일반통계(승인번호 제120019호) 3. 조사 연혁 l 2004년 첫 조사 실시"
smartphone_overdependence,스마트폰 과의존 실태조사,2025,2025년 스마트폰 과의존 실태조사 보고서,smartphone_overdependence_2025_29171_file1.pdf,35,1,9,지능정보; 심리; 상담; 과의존; 도움,https://www.nia.or.kr/site/nia_kor/ex/bbs/View.do?cbIdx=65914&bcIdx=29171&parentSeq=29171,"5 제 1장 조사개요 02 조사 대상 l 조사대상: 만 3세이상 69세 이하 가구원 중 최근 1개월 이내 1회 이상 스마트폰을 통해 인터넷을 이용한자 - 본 조사에서 스마트폰은 휴대형 컴퓨터의 일종으로 무선전화통신 및 다양한 응용소프트웨어(앱)를 이용할 수 있는 소형기기를 의미하며, 실제적 개념 범위는 스마트미디어 및 지능정보기술·서비스를 포괄 - 인터넷 이용은 유·무선(와이파이, 공유기, 3G/LTE, 5G)으로 인터넷에 접속해서 서비스를 이용하는 것을 의미 - 유아동(만 3~9세)은 본인 명의 스마트폰 보유 여부와 상관없이 스마트폰을 이용할 경우 적격대상자이며, 주 관찰자(양육자)가 유아동의 행동/태도에 기반하여 응답 - 적격대상자이지만 조사에서 제외되는 경우 ① 출장, 타 지역 거주, 군입대/유학 등으로 1개월 이상 장기 부재 가구원 ② 고령, 장애, 음주, 한국말을 할 "
smartphone_overdependence,스마트폰 과의존 실태조사,2025,2025년 스마트폰 과의존 실태조사 보고서,smartphone_overdependence_2025_29171_file1.pdf,36,6,20,AI; 생성형; 알고리즘; 심리; 상담; 과의존; 도움,https://www.nia.or.kr/site/nia_kor/ex/bbs/View.do?cbIdx=65914&bcIdx=29171&parentSeq=29171,[표 1-3-1] 조사 내용 조사영역 세부 내용 가구주 - 가구정보 대상 - 가구원 정보 - 스마트폰을 통해 이용하는 콘텐츠 및 이용정도 - 최근 1년간 이용량이 증가한 콘텐츠 - 일상생활에서 목적별 스마트폰 이용시간 비율 PART1. - 스마트폰 이용시간에 대한 인식 스마트폰 이용현황 - 스마트폰 주요 콘텐츠 이용시간 본인 의지대로 조절 어려움 정도 - 생성형 AI 사용에 따른 스마트폰 이용시간 및 AI 의존 인식 - 스마트폰 과의존 척도 및 심층경험 - 과의존 체감 정도에 대한 주관적 인식 - 온라인 동영상 서비스 이용 여부 - 평소 자주 이용하는 온라인 동영상 콘텐츠 - 평소 이용하는 온라인 동영상 서비스 콘텐츠의 속성 PART2. - 이용하고 있는 숏폼 플랫폼 및 숏폼 콘텐츠 유형 온라인 동영상 서비스 이용현황 - 숏폼이 온라인 동영상 서비스 이용에 차지하는 비중 - 숏
smartphone_overdependence,스마트폰 과의존 실태조사,2025,2025년 스마트폰 과의존 실태조사 보고서,smartphone_overdependence_2025_29171_file1.pdf,37,1,14,지능정보; 심리; 과의존,https://www.nia.or.kr/site/nia_kor/ex/bbs/View.do?cbIdx=65914&bcIdx=29171&parentSeq=29171,"7 제 1장 조사개요 2. 스마트폰 과의존 개념 및 산출방법 1) 스마트폰 과의존 개념 l 스마트폰 과의존이란 과도한 스마트폰 이용으로 스마트폰에 대한 현저성이 증가하고, 이용 조절력이 감소하여 문제적 결과를 경험하는 상태 - △조절실패, △현저성, △문제적 결과의 3요인으로 구성 [표 1-3-2] 스마트폰 과의존 3요인 조사영역 세부 내용 조절실패 이용자의 주관적 목표 대비 스마트폰 이용에 대한 자율적 조절능력이 떨어지는 것 (self-control failure) 현저성 개인의 삶에서 스마트폰을 이용하는 생활패턴이 다른 형태보다 두드러지고 (salience) 가장 중요한 활동이 되는 것 문제적 결과 스마트폰 이용으로 인해 신체적·심리적·사회적으로 부정적인 결과를 경험함에도 불구하고 (serious consequences) 스마트폰을 지속적으로 이용하는 것 2) 스마트폰 과의"
smartphone_overdependence,스마트폰 과의존 실태조사,2025,2025년 스마트폰 과의존 실태조사 보고서,smartphone_overdependence_2025_29171_file1.pdf,46,1,2,지능정보; 과의존,https://www.nia.or.kr/site/nia_kor/ex/bbs/View.do?cbIdx=65914&bcIdx=29171&parentSeq=29171,"07 결과공표 l 공표주기 : 1년 l 공표방법 - 보도자료 배포 - 국가통계포털(KOSIS)을 통한 주요 통계표 제공 - 보고서는 한국지능정보사회진흥원(www.nia.or.kr) 및 스마트쉼센터(www.iapc.or.kr) 홈페이지에 공시 l 간행물명 : 스마트폰 과의존 실태조사 보고서 l 통계설명자료: 통계청 통계설명자료(www.k-stat.go.kr/metasvc/main) - 통계별 설명 자료 조회 – 주제: 정보통신/과학·기술 – 기관: 중앙행정기관, 과학기술 정보통신부 – 통계선택: 스마트폰과의존실태조사 16"
smartphone_overdependence,스마트폰 과의존 실태조사,2025,2025년 스마트폰 과의존 실태조사 보고서,smartphone_overdependence_2025_29171_file1.pdf,56,8,6,AI; 생성형; AI 서비스; 과의존,https://www.nia.or.kr/site/nia_kor/ex/bbs/View.do?cbIdx=65914&bcIdx=29171&parentSeq=29171,"과의존위험군의 최근 1년 대비 이용량 증가 상위 5개 콘텐츠는 영화/TV/동영상, 메신저, SNS, 게임, 생성형 AI 서비스 l 최근 1년 대비 콘텐츠 이용량이 가장 크게 증가한 콘텐츠는 과의존위험군, 일반사용자군 모두 영화/TV/동영상 l 과의존위험군의 이용량 증가 콘텐츠 중에서 일반사용자군과 가장 차이가 큰 것은 게임(5.8%p) l 과의존위험군과 일반사용자군의 상위 5개 콘텐츠 중 차이가 있는 것은 과의존은 게임이 있는 반면, 일반사용자군은 뉴스 보기가 있음 - 과의존: 영화/TV/동영상(17.3%), 메신저(12.1%), SNS(12.0%), 게임(11.7%), 생성형 AI 서비스(9.7%) - 일반: 영화/TV/동영상(18.5%), 메신저(14.8%), SNS(9.2%), 생성형 AI 서비스(9.2%), 뉴스 보기(7.7%) [그림 2-12] 최근 1년간 이용량이 증"
smartphone_overdependence,스마트폰 과의존 실태조사,2025,2025년 스마트폰 과의존 실태조사 보고서,smartphone_overdependence_2025_29171_file1.pdf,57,27,7,AI; 생성형; AI 서비스; 과의존,https://www.nia.or.kr/site/nia_kor/ex/bbs/View.do?cbIdx=65914&bcIdx=29171&parentSeq=29171,"27 제 2장 조사결과 요약 [표 2-2] 대상, 위험군별 최근 1년대비 이용량 증가 상위 5개 콘텐츠 (1순위, 단위: %) 영화/TV/동영상 메신저 SNS 게임 생성형 AI 서비스 과의존위험군 17.3 12.1 12.0 11.7 9.7 전체 영화/TV/동영상 메신저 SNS 생성형 AI 서비스 뉴스 보기 일반사용자군 18.5 14.8 9.2 9.2 7.7 게임 영화/TV/동영상 교육 메신저 음악 과의존위험군 유아동 36.4 30.2 10.1 6.3 5.1 (만 3~9세) 영화/TV/동영상 게임 교육 메신저 학업/업무용 검색 일반사용자군 39.4 25.2 11.5 5.9 5.6 게임 영화/TV/동영상 메신저 SNS 교육 과의존위험군 청소년 24.7 18.2 11.3 11.0 8.9 (만 10~19세) 영화/TV/동영상 게임 생성형 AI 서비스 메신저 교육 일반사용자군 15.2 "
smartphone_overdependence,스마트폰 과의존 실태조사,2025,2025년 스마트폰 과의존 실태조사 보고서,smartphone_overdependence_2025_29171_file1.pdf,60,6,4,생성형; 알고리즘; 과의존,https://www.nia.or.kr/site/nia_kor/ex/bbs/View.do?cbIdx=65914&bcIdx=29171&parentSeq=29171,"과의존은 AI의 추천 알고리즘에 의해 같은 유형의 숏폼 콘텐츠를 반복해서 시청하는 비중이 일반군보다 높음 l AI의 추천 알고리즘에 의해 같은 유형의 숏폼 콘텐츠를 반복해서 시청하는 비율은 과의존 위험군이 65.9%(‘매우 그렇다’ 8.6% + ‘그렇다’ 57.3%)로 45.9%에 그친 일반군(‘매우 그렇다’ 3.1% + ‘그렇다’ 42.8%)에 비해 높은 것으로 나타남 [그림 2-17] AI의 추천 알고리즘에 의해 같은 유형의 숏폼 콘텐츠 반복 시청 정도 (숏폼이용자, 단위: %) 5.9 28.2 57.3 8.6 12.3 41.8 42.8 3.1 과의존은 숏폼 영상 시청시, 생성형 AI를 활용한 영상을 접하는 비중이 일반군보다 높음 l 숏폼 영상 시청시, 생성형 AI를 활용한 영상을 접하는 비율은 과의존위험군이 60.6% (‘매우 그렇다’ 7.6% + ‘그렇다’ 53.0%)로"
smartphone_overdependence,스마트폰 과의존 실태조사,2025,2025년 스마트폰 과의존 실태조사 보고서,smartphone_overdependence_2025_29171_file1.pdf,64,1,8,알고리즘; 상담; 과의존,https://www.nia.or.kr/site/nia_kor/ex/bbs/View.do?cbIdx=65914&bcIdx=29171&parentSeq=29171,"스마트폰 과의존 문제해결 주체는 개인 및 가정 – 기업 – 교육시설 – 정부 순 정부의 법, 규제가 해결방법으로 전년대비 강조 l 과의존 문제 해소 주체는 개인 및 가정(42.7%), 기업(21.5%), 교육시설(19.3%), 정부(16.5%) 순 l 개인 및 가정은 대체 여가활동의 활용(62.1%), 기업은 이용시간에 대한 기술적 조치 (40.3%), 정부는 인식제고 캠페인(43.5%), 교육시설은 주기적 교육(54.7%)을 가장 많이 문제 해결방안으로 꼽음 l 기업은 전년대비 이용시간에 대한 기술적 조치의 해결방안 비중 응답이 감소한 반면, 정부는 인식제고 켐페인과 전문기관 통한 상담/치료 해결방안 비중은 감소하고 법, 규제는 증가함 l 교육시설은 맞춤형 프로그램, 가이드 운영의 중요성이 전년대비 크게 강조됨 [그림 2-22] 스마트폰 과의존 문제 해결 방안 (단위: %) "
smartphone_overdependence,스마트폰 과의존 실태조사,2025,2025년 스마트폰 과의존 실태조사 보고서,smartphone_overdependence_2025_29171_file1.pdf,98,14,4,AI; 생성형; 과의존,https://www.nia.or.kr/site/nia_kor/ex/bbs/View.do?cbIdx=65914&bcIdx=29171&parentSeq=29171,"4. 생성형 AI 사용이 미치는 영향 1) 생성형 AI 사용으로 디지털 기기 사용 빈도 및 시간이 늘어나는 정도 l 스마트폰을 통한 생성형 AI 콘텐츠 이용자 중 61.7%가 생성형 AI 사용으로 디지털 기기 사용 빈도 및 시간이 늘어났다고 응답함 l 과의존위험군(75.1%)은 일반사용자군(56.5%)에 비해 생성형 AI로 인한 증가 정도가 18.6%p 높게 나타났으며, 고위험군(85.1%)은 잠재적위험군(72.7%)보다 12.4%p 높게 나타남 l 대상별 중 성인 청년층의 생성형 AI로 인한 사용량 증가 정도가 69.6%로 가장 높았음 [그림 3-3-6] 생성형 AI 사용으로 디지털 기기 사용 빈도 및 시간이 늘어나는 정도 (콘텐츠 이용자, 단위: %) 과의존 유형별 대상별 61.7 % [표 3-3-6] 생성형 AI 사용으로 디지털 기기 사용 빈도 및 시간이 늘어나는 정도 ("
smartphone_overdependence,스마트폰 과의존 실태조사,2025,2025년 스마트폰 과의존 실태조사 보고서,smartphone_overdependence_2025_29171_file1.pdf,99,14,4,인공지능; AI; 생성형; 과의존,https://www.nia.or.kr/site/nia_kor/ex/bbs/View.do?cbIdx=65914&bcIdx=29171&parentSeq=29171,"제 3장 전체 결과 2) 일상, 업무 학업에서 인공지능(AI) 의존도가 높아지는 정도 l 스마트폰을 통한 생성형 AI 콘텐츠 이용자 중 65.5%가 일상, 업무 학업에서 인공지능(AI) 의존도가 높아졌다고 응답함 l 과의존위험군(76.8%)은 일반사용자군(61.3%)에 비해 인공지능(AI) 의존도가 15.5%p 높게 나타났으며, 고위험군(81.5%)은 잠재적위험군(75.6%)보다 5.9%p 높게 나타남 l 대상별 중 성인 청년층의 인공지능(AI) 의존도 증가 정도가 72.7%로 가장 높았음 [그림 3-3-7] 일상, 업무 학업에서 인공지능(AI) 의존도가 높아지는 정도 (콘텐츠 이용자, 단위: %) 과의존 유형별 대상별 65.5 % [표 3-3-7] 일상, 업무 학업에서 인공지능(AI) 의존도가 높아지는 정도 (콘텐츠 이용자, 4점만점, 단위: %, 점) 전혀 그렇다+ 그렇지 "
smartphone_overdependence,스마트폰 과의존 실태조사,2025,2025년 스마트폰 과의존 실태조사 보고서,smartphone_overdependence_2025_29171_file1.pdf,108,2,2,AI; 생성형; 과의존,https://www.nia.or.kr/site/nia_kor/ex/bbs/View.do?cbIdx=65914&bcIdx=29171&parentSeq=29171,"[표 3–5-1] 콘텐츠 이용률 (계속) (복수응답, 단위: %) 학업/ 상품/ 웹툰/ 투자/ 라디오 생성형 새로운 화상회 생활 성인용 사행성 업무용 여행 서비스 웹소설 자산 /팟캐 AI 교육 친구 의/원 관리 콘텐츠 게임 검색 판매 /독서 관리 스트 서비스 만남 격근무 전체 75.3 74.7 73.2 70.6 63.4 60.3 58.1 53.4 44.6 40.8 37.7 24.7 19.1 과의존위험군 88.6 83.7 79.8 79.4 79.1 65.3 67.4 65.2 64.6 52.9 48.8 32.1 25.2 스마트폰 고위험군 90.3 89.5 86.0 83.6 83.1 72.1 72.4 68.9 66.3 55.0 48.8 40.2 29.6 과의존 수준별 잠재적위험군 88.2 82.4 78.5 78.5 78.3 63.8 66.3 64.3 64.2 52.4 48.8 30."
smartphone_overdependence,스마트폰 과의존 실태조사,2025,2025년 스마트폰 과의존 실태조사 보고서,smartphone_overdependence_2025_29171_file1.pdf,111,3,2,AI; 생성형; AI 서비스; 과의존,https://www.nia.or.kr/site/nia_kor/ex/bbs/View.do?cbIdx=65914&bcIdx=29171&parentSeq=29171,"제 3장 전체 결과 [표 3 –5-2] 콘텐츠 이용정도 (계속) (각 콘텐츠 이용자, 7점만점, 단위: 점) 투자/ 생성형 상품/ 웹툰/ 라디오 화상회 새로운 생활 성인용 사행성 여행 자산 AI 서비스 웹소설 교육 이메일 /팟캐 의/원 친구 관리 콘텐츠 게임 관리 서비스 판매 /독서 스트 격근무 만남 전체 3.76 3.70 3.60 3.57 3.54 3.40 3.32 3.10 2.99 2.73 2.67 2.31 2.02 과의존위험군 3.92 3.87 3.76 3.83 3.78 3.85 3.73 3.47 3.31 3.09 3.09 2.64 2.30 스마트폰 고위험군 3.96 4.18 3.77 4.09 3.83 4.04 3.95 3.59 3.52 3.40 3.54 3.01 2.78 과의존 수준별 잠재적위험군 3.91 3.80 3.76 3.77 3.77 3.81 3.68 3.44 3"
smartphone_overdependence,스마트폰 과의존 실태조사,2025,2025년 스마트폰 과의존 실태조사 보고서,smartphone_overdependence_2025_29171_file1.pdf,112,5,4,AI; 생성형; AI 서비스; 과의존,https://www.nia.or.kr/site/nia_kor/ex/bbs/View.do?cbIdx=65914&bcIdx=29171&parentSeq=29171,"3) 이용량이 증가한 콘텐츠 l 최근 1년과 비교해서 이용량이 증가한 콘텐츠로 ‘영화/TV/동영상’(18.2%)이 가장 높았고, ‘메신저’(14.2%), ‘SNS’(9.8%) 등의 순으로 나타남 l 전체 상위 10개 콘텐츠 중 과의존위험군은 일반사용자군에 비해 ‘게임’(5.8%p), ‘SNS’ (2.7%p), ‘생성형 AI 서비스’(0.6%p)의 응답비율이 높았음 l 일반사용자군은 과의존위험군에 비해 ‘뉴스보기’(3.4%p), ‘메신저’(2.6%p), ‘건강관리’ (1.7%p), ‘쇼핑’(1.3%p)에서 큰 차이를 나타냈음 [그림 3-5-3] 최근 1년간 이용량이 증가한 콘텐츠(1순위)_상위 10개 (단위: %) [표 3-5-3] 최근 1년간 이용량이 증가한 콘텐츠(1순위)_상위 10개 (단위: %) 영화/TV/ 생성형 AI 뉴스 관심사 건강 메신저 SNS 게임 쇼핑 음악 동영"
smartphone_overdependence,스마트폰 과의존 실태조사,2025,2025년 스마트폰 과의존 실태조사 보고서,smartphone_overdependence_2025_29171_file1.pdf,119,4,4,알고리즘; 과의존,https://www.nia.or.kr/site/nia_kor/ex/bbs/View.do?cbIdx=65914&bcIdx=29171&parentSeq=29171,"제 3장 전체 결과 5) 알고리즘으로 인한 숏폼 시청 영향 l 숏폼 이용자 중 50.7%는 알고리즘으로 인해 같은 유형의 숏폼 반복시청 경험이 있는 것으로 나타남 l 과의존위험군의 경험 비율이 65.9%로 일반사용자군(45.9%)보다 20.0%p 높게 나타남 l 대상별로 청소년과 성인 청년층의 비율이 각각 61.1%로 가장 높았으며, 유아동(46.1%), 성인 중년층(45.5%), 60대(35.3%)의 순 [그림 3-5-10] 알고리즘으로 인한 숏폼 시청 영향 (온라인 동영상 서비스 이용자 중 숏폼 이용자, 단위: %) 과의존 유형별 대상별 50.7 % [표 3-5-10] 알고리즘으로 인한 숏폼 시청 영향 (온라인 동영상 서비스 이용자 중 숏폼 이용자, 단위: %, 점) 전혀 그렇다+ 그렇지 않다 그렇다 매우 그렇다 4점 만점 그렇지 않다 매우 그렇다 전체 10.8 38.5 4"
smartphone_overdependence,스마트폰 과의존 실태조사,2025,2025년 스마트폰 과의존 실태조사 보고서,smartphone_overdependence_2025_29171_file1.pdf,120,8,4,AI; 생성형; 과의존,https://www.nia.or.kr/site/nia_kor/ex/bbs/View.do?cbIdx=65914&bcIdx=29171&parentSeq=29171,"6) 생성형 AI 활용 숏폼 시청 경험 정도 l 숏폼 이용자 중 43.8%는 생성형 AI 활용 숏폼 시청 경험이 있는 것으로 나타남 l 과의존위험군의 경험 비율이 60.5%로 일반사용자군(38.5%)보다 22.0%p 높게 나타남 l 대상별로 청소년의 비율이 54.5%로 가장 높았으며, 성인 청년층(53.3%), 성인 중년층 (39.2%), 유아동(37.3%), 60대(28.9%)의 순 [그림 3-5-11] 생성형 AI 활용 숏폼 시청 경험 정도 (온라인 동영상 서비스 이용자 중 숏폼 이용자, 단위: %) 과의존 유형별 대상별 43.8 % [표 3-5-11] 생성형 AI 활용 숏폼 시청 경험 정도 (온라인 동영상 서비스 이용자 중 숏폼 이용자, 단위: %, 점) 전혀 그렇다+ 그렇지 않다 그렇다 매우 그렇다 4점 만점 그렇지 않다 매우 그렇다 전체 10.0 46.2 40.0 3."
smartphone_overdependence,스마트폰 과의존 실태조사,2025,2025년 스마트폰 과의존 실태조사 보고서,smartphone_overdependence_2025_29171_file1.pdf,146,2,4,알고리즘; 스트레스; 과의존,https://www.nia.or.kr/site/nia_kor/ex/bbs/View.do?cbIdx=65914&bcIdx=29171&parentSeq=29171,"2) 스마트폰 관련 디지털 디톡스 경험 l 스마트폰 이용자 중 과의존 해소를 위해 스마트폰 관련 디지털 디톡스 경험이 있는지 설문한 결과, ‘보행이동 시 스마트폰을 보지 않으려고 주의한다’가 61.7%로 가장 높았으며 그 뒤를 ‘스마트폰 대신 종이책 읽기, 명상, 운동 등 다른 취미/스트레스 해소 활동을 찾아본적 있다’ (25.1%), ‘스마트폰 내 앱을 통해 스마트폰 이용시간, 내역을 주기적으로 확인한다’(21.0%), ‘스마트폰 이용 제한 시간 혹은 제한 공간을 정하고 실천한다’(20.8%), ‘알고리즘이 미치는 영향을 줄이기 위해 설정을 변경하거나 사용 패턴을 조절한 적이 있다’(19.3%) 순 l ‘알고리즘이 미치는 영향을 줄이기 위해 설정을 변경하거나 사용 패턴을 조절한 적이 있다’ 비율은 과의존위험군(36.4%)이 일반사용자군(14.3%)에 비해 22.1%p 높게 나"
smartphone_overdependence,스마트폰 과의존 실태조사,2025,2025년 스마트폰 과의존 실태조사 보고서,smartphone_overdependence_2025_29171_file1.pdf,147,1,3,알고리즘; 스트레스; 과의존,https://www.nia.or.kr/site/nia_kor/ex/bbs/View.do?cbIdx=65914&bcIdx=29171&parentSeq=29171,"제 3장 전체 결과 [표 3-7-11] 스마트폰 관련 디지털 디톡스 경험 (단위: %) 스마트폰 대신 알고리즘이 스마트폰 내 종이책 읽기, 스마트폰 이용 미치는 영향을 보행이동 시 앱을 통해 명상, 운동 등 제한 시간 혹은 줄이기 위해 스마트폰을 스마트폰 이용 모두 다른 취미/ 제한 공간을 설정을 보지 않으려고 시간, 내역을 없음 스트레스 해소 정하고 변경하거나 사용 주의한다 주기적으로 활동을 찾아본 실천한다 패턴을 조절한 확인한다 적 있다 적이 있다 전체 61.7 25.1 21.0 20.8 19.3 15.3 과의존위험군 57.5 32.1 34.1 35.9 36.4 9.9 스마트폰 고위험군 58.6 34.0 41.2 41.9 42.0 8.4 과의존 수준별 잠재적위험군 57.3 31.7 32.5 34.5 35.1 10.2 일반사용자군 62.9 23.1 17.2 16.4 14.3 "
smartphone_overdependence,스마트폰 과의존 실태조사,2025,2025년 스마트폰 과의존 실태조사 보고서,smartphone_overdependence_2025_29171_file1.pdf,170,6,27,AI; 생성형; 알고리즘; 심리; 상담; 과의존; 도움,https://www.nia.or.kr/site/nia_kor/ex/bbs/View.do?cbIdx=65914&bcIdx=29171&parentSeq=29171,1. 최근 3년간(2023~2025) 문항 변경 내역 최근 3년간 조사영역 세부 내용 조사시기 - 가구정보 및 가구원 정보 '23~'25 가구주 대상 - 가구소득 '23~'25 - 스마트폰을 통해 이용하는 콘텐츠 및 이용정도 '23~'25 - 생활에 도움이 되는 콘텐츠 / 부작용으로 걱정되는 콘텐츠 '23~'24 - 최근 1년간 이용량이 증가한 콘텐츠 '23~'25 - 일상생활에서 목적별 스마트폰 이용시간 비율 '23~'25 - 스마트폰 이용시간에 대한 인식 '23~'25 스마트폰 이용현황 - 스마트폰 주요 콘텐츠 이용시간 본인 의지대로 조절 어려움 정도 '23~'25 - 생성형 AI 사용이 스마트폰 사용 시간 및 의존도에 미친 영향 '25 - 스마트폰 과의존 척도 '23~'25 - 스마트폰 과의존 관련 심층경험 '24~‘25 - 과의존 체감 정도에 대한 주관적 인식 '23~'
smartphone_overdependence,스마트폰 과의존 실태조사,2025,2025년 스마트폰 과의존 실태조사 보고서,smartphone_overdependence_2025_29171_file1.pdf,174,4,2,지능정보; 과의존,https://www.nia.or.kr/site/nia_kor/ex/bbs/View.do?cbIdx=65914&bcIdx=29171&parentSeq=29171,"통계법 제33조(비밀의 보호 등) 주 관 기 관 : 과학기술정보통신부 통계작성과정에서 알려진 사항으로서 개인이나 전 담 기 관 : 한국지능정보사회진흥원 법인 또는 단체 등의 비밀에 속하는 사항은 조 사 기 관 : ㈜메트릭스 승인번호 보호되어야 한다. 제 120019 호 안녕하십니까? 과학기술정보통신부와 한국지능정보사회진흥원은 스마트폰 이용과 관련된 사회적 현상을 파악하기 위해 ‘지능정보화기본법 제12조, 제66조(지표조사)’에 의거 스마트폰 과의존 실태에 대한 조사를 실시하고 있습니다. 국가승인통계(승인번호 : 120019호)인 본 조사는 전국적인 규모로 실시되는 통계조사로 스마트폰 과의존 예방·해소 정책 수립 및 추진을 위한 기초자료로 활용됩니다. 바쁘시더라도 면접원의 안내와 기입요령에 따라 각 조사항목에 성의껏 응답해 주시면 감사하겠 습니다. 과학기술정보통신부 정보통신정책관"
smartphone_overdependence,스마트폰 과의존 실태조사,2025,2025년 스마트폰 과의존 실태조사 보고서,smartphone_overdependence_2025_29171_file1.pdf,176,5,2,지능정보; 과의존,https://www.nia.or.kr/site/nia_kor/ex/bbs/View.do?cbIdx=65914&bcIdx=29171&parentSeq=29171,"통계법 제33조(비밀의 보호 등) 주 관 기 관 : 과학기술정보통신부 통계작성과정에서 알려진 사항으로서 개인이나 전 담 기 관 : 한국지능정보사회진흥원 법인 또는 단체 등의 비밀에 속하는 사항은 조 사 기 관 : ㈜메트릭스 승인번호 보호되어야 한다. 제 120019 호 안녕하십니까? 과학기술정보통신부와 한국지능정보사회진흥원은 스마트폰 이용과 관련된 사회적 현상을 파악하기 위해 ‘지능정보화기본법 제12조, 제66조(지표조사)’에 의거 스마 트폰 과의존 실태에 대한 조사를 실시하고 있습니다. 국가승인통계(승인번호 : 120019호)인 본 조사는 전국적인 규모로 실시되는 통 계조사로 스마트폰 과의존 예방·해소 정책 수립 및 추진을 위한 기초자료로 활용 됩니다. 바쁘시더라도 면접원의 안내와 기입요령에 따라 각 조사항목에 성의껏 응답해 주 시면 감사하겠습니다. 2025년 9월 ․ 과학기"
smartphone_overdependence,스마트폰 과의존 실태조사,2025,2025년 스마트폰 과의존 실태조사 보고서,smartphone_overdependence_2025_29171_file1.pdf,181,5,20,AI; 생성형; 알고리즘; 상담; 중독; 과의존; 도움,https://www.nia.or.kr/site/nia_kor/ex/bbs/View.do?cbIdx=65914&bcIdx=29171&parentSeq=29171,"7-2. (이용자 응답) 숏폼이 귀하의 온라인동영 9. 귀하는 위 예방 교육 외에 스마트폰(인터 상 서비스 이용에서 차지하는 비중은 어 넷) 과의존(중독) 상담(치유) 관련 상담기 느정도입니까? 관, 개선활동(캠페인, 세미나, 토론회, 영상, 홍보부스, 공모전 등)을 알고 계십니까? 알 0~25%미만 25~50%미만50~75%미만 75%이상 고 계시다면, 경험해보신적이 있습니까? ① ② ③ ④ 인지여부 경험 여부 경험해본적 경험해본적 들어본적 있다 들어본적 없다 7-3. (이용자 응답) 본인의 의지대로 숏폼 시청을 있다 없다 조절하는 것에 있어 어려움이 있으십니까? ① ② ① ② 전혀 매우 그렇지 않다 그렇지 않다 그렇다 그렇다 è 인지여부가 “들어본적 없는” 경우 문 10으로 이동해주십시오 è 문9의 경험이 “있는“ 경우 문9-1로 이동해 주십시오. ① ② ③ ④ è 문9의 "
smartphone_overdependence,스마트폰 과의존 실태조사,2025,2025년 스마트폰 과의존 실태조사 보고서,smartphone_overdependence_2025_29171_file1.pdf,183,1,3,알고리즘; 심리; 스트레스; 과의존,https://www.nia.or.kr/site/nia_kor/ex/bbs/View.do?cbIdx=65914&bcIdx=29171&parentSeq=29171,"14. 귀하는 스마트폰 과의존 경험과 관련하여 5. 심리사회적 특성 해당하는 번호를 모두 응답해주십시오. ‘그렇다 è 문15 ~ 문17은 만10세 이상만 응답해 주십시오. 항 목 ’ 표시 15. 귀하가 여가시간에 주로 하는 활동과 여가 1) 시간 가는줄 모르고 숏폼, SNS 게시물을 보다가 예상보다 장시간 □ 시간에 희망하는 활동은 무엇입니까? 이용한 적이 있다. 심 여가시간 주요활동 여가시간 희망하는 활동 층 2) 무의식적(기계·습관적)으로 일상생활 일 중에 스마트폰 내 엔터 관련(SNS, 1순위 □ 상 동영상, 게임 등) 앱을 보거나 실행한 2순위 경 경험이 다수 있다. 3순위 험 3) 화장실, 식사, 기상 전후에 □ 스마트폰을 사용하는 습관이 있다. 1) 문화예술 관람 및 참여 2) 스포츠 관람 및 참여 4) 보행이동 시 스마트폰을 보지 3) 취미, 오락 활동(쇼핑/외식 "
smartphone_overdependence,스마트폰 과의존 실태조사,2025,2025년 스마트폰 과의존 실태조사 보고서,smartphone_overdependence_2025_29171_file1.pdf,190,3,2,AI; 생성형; AI 서비스; 과의존,https://www.nia.or.kr/site/nia_kor/ex/bbs/View.do?cbIdx=65914&bcIdx=29171&parentSeq=29171,통계표 목차 [표 1] 스마트폰 과의존 위험군 ····································································································· 169 [표 2] 월평균 가구소득별 과의존 현황 ························································································ 170 [표 3] 콘텐츠 이용률 ····················································································································· 171 [표 4] 콘텐츠 이용정도 1) SNS ··································
smartphone_overdependence,스마트폰 과의존 실태조사,2025,2025년 스마트폰 과의존 실태조사 보고서,smartphone_overdependence_2025_29171_file1.pdf,191,4,2,인공지능; AI; 생성형; 스트레스; 불안,https://www.nia.or.kr/site/nia_kor/ex/bbs/View.do?cbIdx=65914&bcIdx=29171&parentSeq=29171,"도_게임 ··········································· 216 [표 41] 스마트폰 이용시간 본인 의지대로 조절 어려움 정도_영화/TV/동영상 ························ 217 [표 42] 스마트폰 이용시간 본인 의지대로 조절 어려움 정도_SNS ·········································· 218 [표 43] 생성형 AI 사용으로 디지털 기기 사용 빈도 및 시간이 늘어나는 정도 ······················· 219 [표 44] 일상, 업무 학업에서 인공지능(AI) 의존도가 높아지는 정도 ········································· 220 [표 45] 유아동(만 3~9세) : 1) 스마트폰 이용에 대한 부모의 지도를 잘 따르지 않는다 ······· 221 "
smartphone_overdependence,스마트폰 과의존 실태조사,2025,2025년 스마트폰 과의존 실태조사 보고서,smartphone_overdependence_2025_29171_file1.pdf,195,2,23,생성형; 알고리즘; 상담; 과의존; 도움,https://www.nia.or.kr/site/nia_kor/ex/bbs/View.do?cbIdx=65914&bcIdx=29171&parentSeq=29171,"··················· 352 [표 177] 숏폼이 온라인동영상 서비스 이용에 차지하는 비중 ···················································· 353 [표 178] 이용시간 본인 의지대로 조절 어려움 정도_숏폼 ························································· 354 [표 179] AI의 추천 알고리즘에 의해 같은 유형의 숏폼 콘텐츠를 반복해서 보게 된다 ·········· 355 [표 180] 숏폼 영상 시청시, 생성형 AI를 활용한 영상을 플랫폼에서 자주 접한다 ·················· 356 [표 181] 과의존 예방교육 경험 여부 ·····································································"
smartphone_overdependence,스마트폰 과의존 실태조사,2025,2025년 스마트폰 과의존 실태조사 보고서,smartphone_overdependence_2025_29171_file1.pdf,203,2,18,AI; 생성형; 과의존,https://www.nia.or.kr/site/nia_kor/ex/bbs/View.do?cbIdx=65914&bcIdx=29171&parentSeq=29171,"173 부록 [표 3] 콘텐츠 이용률(3) (복수응답, 단위: %) 투자 및 라디오, 생성형 AI 새로운 화상회의/ 성인용 사행성 교육 자산관리 팟캐스트 서비스 친구 만남 원격근무 콘텐츠 게임 전체 60.3 58.1 53.4 44.6 40.8 37.7 24.7 19.1 과의존위험군 65.3 67.4 65.2 64.6 52.9 48.8 32.1 25.2 스마트폰 고위험군 72.1 72.4 68.9 66.3 55.0 48.8 40.2 29.6 과의존 잠재적위험군 63.8 66.3 64.3 64.2 52.4 48.8 30.3 24.2 수준별 일반사용자군 58.8 55.4 50.0 38.7 37.3 34.5 22.5 17.3 전체 8.9 18.2 17.6 44.1 14.8 8.8 0.0 0.0 유아동 과의존위험군 6.9 18.4 17.9 46.7 15.7 7.3 0.0 0.0 (만 3"
smartphone_overdependence,스마트폰 과의존 실태조사,2025,2025년 스마트폰 과의존 실태조사 보고서,smartphone_overdependence_2025_29171_file1.pdf,229,3,18,AI; 생성형; AI 서비스; 과의존,https://www.nia.or.kr/site/nia_kor/ex/bbs/View.do?cbIdx=65914&bcIdx=29171&parentSeq=29171,"199 부록 [표 29] 콘텐츠 이용정도 26) 생성형 AI 서비스(Chat GPT, Gemini, 뤼튼 등) (콘텐츠 이용자, 단위: %, 점) ① ⑦ 7점 거의 ② ③ ④ ⑤ ⑥ 매우 자주 만점 이용하지 이용한다 (점) 않는다 전체 11.4 16.6 22.5 20.1 12.9 11.8 4.7 3.60 과의존위험군 10.2 15.7 21.9 18.1 14.4 14.0 5.7 3.76 스마트폰 고위험군 6.2 19.1 20.0 19.5 19.7 12.0 3.5 3.77 과의존 잠재적위험군 11.1 14.9 22.3 17.8 13.2 14.5 6.2 3.76 수준별 일반사용자군 11.9 17.0 22.8 20.9 12.3 10.9 4.3 3.55 전체 37.5 13.3 16.6 14.9 9.9 5.9 1.9 2.72 유아동 과의존위험군 33.1 8.9 19.7 15.6 14.9 "
smartphone_overdependence,스마트폰 과의존 실태조사,2025,2025년 스마트폰 과의존 실태조사 보고서,smartphone_overdependence_2025_29171_file1.pdf,230,2,18,AI; 생성형; 과의존,https://www.nia.or.kr/site/nia_kor/ex/bbs/View.do?cbIdx=65914&bcIdx=29171&parentSeq=29171,"[표 30] 이용량이 증가한 콘텐츠_1순위(1) (단위: %) 영화, 생성형 AI 뉴스 관심사 건강 TV, 메신저 SNS 게임 쇼핑 서비스 보기 검색 관리 동영상 전체 18.2 14.2 9.8 9.3 7.2 7.0 4.7 3.7 3.4 과의존위험군 17.3 12.1 12.0 9.7 11.7 4.4 3.7 3.1 2.1 스마트폰 고위험군 17.8 13.3 9.7 8.0 12.1 4.9 3.8 3.3 2.7 과의존 잠재적위험군 17.2 11.9 12.5 10.1 11.6 4.3 3.6 3.0 2.0 수준별 일반사용자군 18.5 14.8 9.2 9.2 5.8 7.7 5.0 3.9 3.8 전체 37.0 6.0 2.0 1.1 28.1 0.1 0.1 1.0 0.4 유아동 과의존위험군 30.2 6.3 2.5 1.7 36.4 0.0 0.1 1.0 0.4 (만 3~9세) 일반사용자군 39.4 "
smartphone_overdependence,스마트폰 과의존 실태조사,2025,2025년 스마트폰 과의존 실태조사 보고서,smartphone_overdependence_2025_29171_file1.pdf,233,2,18,AI; 생성형; 과의존,https://www.nia.or.kr/site/nia_kor/ex/bbs/View.do?cbIdx=65914&bcIdx=29171&parentSeq=29171,"203 부록 [표 31] 이용량이 증가한 콘텐츠_1+2순위(1) (단위: %) 영화, 생성형 AI 뉴스 관심사 TV, 메신저 SNS 게임 쇼핑 음악 서비스 보기 검색 동영상 전체 35.8 26.4 16.5 13.4 11.8 11.7 11.7 9.0 7.9 과의존위험군 34.0 24.7 21.2 20.6 9.7 13.0 7.6 7.5 6.8 스마트폰 고위험군 34.5 27.5 19.8 19.2 10.5 11.9 8.5 5.6 7.0 과의존 잠재적위험군 33.9 24.1 21.5 20.9 9.6 13.2 7.4 7.9 6.7 수준별 일반사용자군 36.3 26.8 15.1 11.3 12.5 11.4 12.9 9.4 8.3 전체 64.4 11.5 3.3 49.5 0.5 1.9 0.4 17.1 2.8 유아동 과의존위험군 60.7 11.6 3.5 60.0 0.1 3.1 0.8 18.1 2"
smartphone_overdependence,스마트폰 과의존 실태조사,2025,2025년 스마트폰 과의존 실태조사 보고서,smartphone_overdependence_2025_29171_file1.pdf,236,2,18,AI; 생성형; 과의존,https://www.nia.or.kr/site/nia_kor/ex/bbs/View.do?cbIdx=65914&bcIdx=29171&parentSeq=29171,"[표 32] 이용량이 증가한 콘텐츠_1+2+3순위(1) (단위: %) 영화, 뉴스 생성형 AI 관심사 TV, 메신저 SNS 쇼핑 게임 음악 보기 서비스 검색 동영상 전체 48.1 38.0 22.1 18.3 18.1 17.6 15.1 14.5 13.3 과의존위험군 46.0 36.0 29.1 15.2 26.7 11.6 13.6 16.8 12.0 스마트폰 고위험군 45.9 38.5 27.0 15.9 24.0 12.9 11.4 15.7 13.0 과의존 잠재적위험군 46.0 35.5 29.6 15.1 27.3 11.3 14.1 17.0 11.8 수준별 일반사용자군 48.8 38.6 20.0 19.1 15.6 19.4 15.6 13.8 13.7 전체 73.4 20.9 4.8 0.9 61.6 0.7 31.5 2.6 5.5 유아동 과의존위험군 71.8 20.9 5.3 0.8 71.6 1.0 "
smartphone_overdependence,스마트폰 과의존 실태조사,2025,2025년 스마트폰 과의존 실태조사 보고서,smartphone_overdependence_2025_29171_file1.pdf,249,5,18,AI; 생성형; AI 서비스; 과의존,https://www.nia.or.kr/site/nia_kor/ex/bbs/View.do?cbIdx=65914&bcIdx=29171&parentSeq=29171,"219 부록 [표 43] 생성형 AI 사용으로 디지털 기기 사용 빈도 및 시간이 늘어나는 정도 (생성형 AI 서비스 이용자, 단위: %, 점) ① ② ③ ④ [①+②] [③+④] 4점 만점 전혀 그렇지 그렇다 매우 그렇지 그렇다 (점) 그렇지 않다 않다 그렇다 않다 전체 3.5 34.8 56.2 5.4 38.3 61.7 2.64 과의존위험군 1.6 23.3 63.9 11.2 24.9 75.1 2.85 스마트폰 고위험군 0.8 14.1 67.0 18.1 14.9 85.1 3.02 과의존 잠재적위험군 1.8 25.5 63.2 9.5 27.3 72.7 2.80 수준별 일반사용자군 4.2 39.2 53.3 3.2 43.5 56.5 2.56 전체 4.1 47.8 44.9 3.2 51.9 48.1 2.47 유아동 과의존위험군 8.0 32.8 56.2 3.0 40.8 59.2 2.54 (만"
smartphone_overdependence,스마트폰 과의존 실태조사,2025,2025년 스마트폰 과의존 실태조사 보고서,smartphone_overdependence_2025_29171_file1.pdf,250,5,18,인공지능; AI; 생성형; AI 서비스; 과의존,https://www.nia.or.kr/site/nia_kor/ex/bbs/View.do?cbIdx=65914&bcIdx=29171&parentSeq=29171,"[표 44] 일상, 업무 학업에서 인공지능(AI) 의존도가 높아지는 정도 (생성형 AI 서비스 이용자, 단위: %, 점) ① ② ③ ④ [①+②] [③+④] 4점 만점 전혀 그렇지 그렇다 매우 그렇지 그렇다 (점) 그렇지 않다 않다 그렇다 않다 전체 4.8 29.7 55.0 10.5 34.5 65.5 2.71 과의존위험군 1.6 21.6 60.5 16.3 23.2 76.8 2.91 스마트폰 고위험군 1.0 17.5 58.1 23.4 18.5 81.5 3.04 과의존 잠재적위험군 1.8 22.6 61.1 14.6 24.4 75.6 2.88 수준별 일반사용자군 6.0 32.7 52.9 8.3 38.7 61.3 2.64 전체 4.0 43.1 46.9 5.9 47.1 52.9 2.55 유아동 과의존위험군 1.3 30.5 60.5 7.6 31.9 68.1 2.74 (만 3~9세) 일반사"
smartphone_overdependence,스마트폰 과의존 실태조사,2025,2025년 스마트폰 과의존 실태조사 보고서,smartphone_overdependence_2025_29171_file1.pdf,385,1,18,알고리즘; 과의존,https://www.nia.or.kr/site/nia_kor/ex/bbs/View.do?cbIdx=65914&bcIdx=29171&parentSeq=29171,"355 부록 [표 179] AI의 추천 알고리즘에 의해 같은 유형의 숏폼 콘텐츠를 반복해서 보게 된다 (온라인 동영상 서비스 이용자 중 숏폼 플랫폼 이용자, 단위: %, 점) ① ② ③ ④ [①+②] [③+④] 4점 만점 전혀 그렇지 그렇다 매우 그렇지 않다 그렇다 (점) 그렇지 않다 않다 그렇다 전체 10.8 38.5 46.3 4.4 49.3 50.7 2.44 과의존위험군 5.9 28.2 57.3 8.6 34.1 65.9 2.69 스마트폰 고위험군 2.7 25.5 58.0 13.8 28.2 71.8 2.83 과의존 잠재적위험군 6.7 28.8 57.1 7.5 35.4 64.6 2.65 수준별 일반사용자군 12.3 41.8 42.8 3.1 54.1 45.9 2.37 전체 20.5 33.4 40.1 5.9 53.9 46.1 2.32 유아동 과의존위험군 15.8 23.7 51.3 "
smartphone_overdependence,스마트폰 과의존 실태조사,2025,2025년 스마트폰 과의존 실태조사 보고서,smartphone_overdependence_2025_29171_file1.pdf,386,1,18,생성형; 과의존,https://www.nia.or.kr/site/nia_kor/ex/bbs/View.do?cbIdx=65914&bcIdx=29171&parentSeq=29171,"[표 180] 숏폼 영상 시청시, 생성형 AI를 활용한 영상을 플랫폼에서 자주 접한다 (온라인 동영상 서비스 이용자 중 숏폼 플랫폼 이용자, 단위: %, 점) ① ② ③ ④ [①+②] [③+④] 4점 만점 전혀 그렇지 그렇다 매우 그렇지 않다 그렇다 (점) 그렇지 않다 않다 그렇다 전체 10.0 46.2 40.0 3.8 56.2 43.8 2.38 과의존위험군 4.1 35.4 53.0 7.6 39.5 60.5 2.64 스마트폰 고위험군 1.9 32.9 53.5 11.8 34.7 65.3 2.75 과의존 잠재적위험군 4.6 35.9 52.9 6.6 40.5 59.5 2.62 수준별 일반사용자군 11.8 49.7 35.9 2.6 61.5 38.5 2.29 전체 17.6 45.1 32.7 4.5 62.7 37.3 2.24 유아동 과의존위험군 15.9 33.5 43.3 7.3 49.4 "
smartphone_overdependence,스마트폰 과의존 실태조사,2025,2025년 스마트폰 과의존 실태조사 보고서,smartphone_overdependence_2025_29171_file1.pdf,403,1,19,알고리즘; 스트레스; 과의존,https://www.nia.or.kr/site/nia_kor/ex/bbs/View.do?cbIdx=65914&bcIdx=29171&parentSeq=29171,"373 부록 [표 197] 스마트폰 관련 디지털 디톡스 경험 (만 10세 이상 응답자, 단위: %) 알고리즘이 스마트폰 대신 스마트폰 내 스마트폰 이용 미치는 영향을 보행이동 시 다른 취미/ 앱을 통해 제한 시간 줄이기 위해 스마트폰을 스트레스 스마트폰 이용 모두 혹은 제한 설정을 변경, 보지 않으려고 해소 활동을 시간, 내역을 경험없음 공간을 정하고 사용 패턴을 주의한다. 찾아본적 주기적으로 실천한다. 조절한 적이 있다. 확인한다. 있다. 전체 61.7 25.1 21.0 20.8 19.3 15.3 과의존위험군 57.5 32.1 34.1 35.9 36.4 9.9 스마트폰 고위험군 58.6 34.0 41.2 41.9 42.0 8.4 과의존 잠재적위험군 57.3 31.7 32.5 34.5 35.1 10.2 수준별 일반사용자군 62.9 23.1 17.2 16.4 14.3 16.9 전"
smartphone_overdependence,스마트폰 과의존 실태조사,2025,2025년 스마트폰 과의존 실태조사 보고서,smartphone_overdependence_2025_29171_file1.pdf,452,3,1,지능정보; 과의존,https://www.nia.or.kr/site/nia_kor/ex/bbs/View.do?cbIdx=65914&bcIdx=29171&parentSeq=29171,"2025년 스마트폰 과의존 실태조사 The survey on smartphone overdependence 발행일: 2025년 12월 발행처: 과학기술정보통신부 세종특별자치시 가름로 194 한국지능정보사회진흥원 대구광역시 동구 첨단로 53 ･ 1. 본 보고서의 내용을 가공 인용할 때에는 반드시 과학기술정보통신부 한국지능정보사회진흥원의 조사 결과임을 밝혀주시기 바랍니다. 2. 본 보고서의 판권은 과학기술정보통신부 한국지능정보사회진흥원이 소유하고 있으며, 판권소유 기관의 허가 없이 무단 전재 및 복사를 금합니다."
smartphone_overdependence,스마트폰 과의존 실태조사,2024,2024년 스마트폰 과의존 실태조사 보고서,smartphone_overdependence_2024_27831_file2.pdf,3,1,1,지능정보; 과의존,https://www.nia.or.kr/site/nia_kor/ex/bbs/View.do?cbIdx=65914&bcIdx=27831&parentSeq=27831,2024 스마트폰 과의존 실태조사 The survey on smartphone overdependence 주관기관 : 과학기술정보통신부 전담기관 : 한국지능정보사회진흥원 조사기관 : (주)메트릭스
smartphone_overdependence,스마트폰 과의존 실태조사,2024,2024년 스마트폰 과의존 실태조사 보고서,smartphone_overdependence_2024_27831_file2.pdf,5,3,2,지능정보; 과의존,https://www.nia.or.kr/site/nia_kor/ex/bbs/View.do?cbIdx=65914&bcIdx=27831&parentSeq=27831,"2024 스마트폰 과의존 실태조사 일러 두기 1. 「2024년 스마트폰 과의존 실태조사」는 과학기술정보통신부와 한국지능정보사회진흥원에 의해 2024년 9월부터 11월 중 수행됨 2. 최종 통계산출 시 모수추정 방법을 적용하여 모집단 결과를 제시하고 있기 때문에 해석에 유의 3. 통계표 및 도표내의 숫자는 둘째자리에서 반올림되어, 세부 항목의 합이 전체 합계와 일치하지 않을 수 있음 4. 복수응답은 한 개 이상 응답한 결과치를 집계한 결과임 5. 본 보고서의 내용을 인용할 때에는 반드시 과학기술정보통신부와 한국지능정보사회진흥원의 자료임을 밝혀야 함 6. 본 보고서는 한국지능정보사회진흥원(www.nia.or.kr) 및 스마트쉼센터(www.iapc.or.kr) 홈페이지에서 전문 다운로드 가능함"
smartphone_overdependence,스마트폰 과의존 실태조사,2024,2024년 스마트폰 과의존 실태조사 보고서,smartphone_overdependence_2024_27831_file2.pdf,23,1,9,알고리즘; 과의존,https://www.nia.or.kr/site/nia_kor/ex/bbs/View.do?cbIdx=65914&bcIdx=27831&parentSeq=27831,[표 3-5-9] 숏폼이 온라인 동영상 서비스 이용에 차지하는 비중 83 [표 3-5-10] 숏폼 시청 조절의 어려움 정도 ······························· 84 [표 3-5-11] 알고리즘으로 인한 숏폼 시청 영향 ························· 85 [표 3-6-1] 주 여가활동(1순위) ··················································· 86 [표 3-6-2] 희망하는 여가활동(1순위) ········································· 87 [표 3-6-3] 주 여가활동과 희망 여가활동이 다른 이유(1순위) ···· 88 [표 3-6-4] 디지털 사용 역량: 전체 ············································ 89 [표 3-6-5] 디지
smartphone_overdependence,스마트폰 과의존 실태조사,2024,2024년 스마트폰 과의존 실태조사 보고서,smartphone_overdependence_2024_27831_file2.pdf,27,1,3,알고리즘; 과의존; 도움,https://www.nia.or.kr/site/nia_kor/ex/bbs/View.do?cbIdx=65914&bcIdx=27831&parentSeq=27831,[그림 3-5-2] 콘텐츠 이용정도 ···················································· 74 [그림 3-5-3] 생활에 도움이 되는 콘텐츠(1순위)_상위 10개 ······ 76 [그림 3-5-4] 부작용 우려 콘텐츠(1순위)_상위 10개 ·················· 77 [그림 3-5-5] 최근 1년간 이용량이 증가한 콘텐츠(1순위)_상위 10개 ·· 78 [그림 3-5-6] 주 이용 온라인 동영상 서비스 콘텐츠(1순위) ······· 79 [그림 3-5-7] 평소 이용하는 온라인 동영상 서비스 콘텐츠 성향 ·· 81 [그림 3-5-8] 주 이용 숏폼 플랫폼(1순위) ·································· 82 [그림 3-5-9] 숏폼이 온라인 동영상 서비스 이용에 차지하는 비중 ·· 83 [그림 3-5-
smartphone_overdependence,스마트폰 과의존 실태조사,2024,2024년 스마트폰 과의존 실태조사 보고서,smartphone_overdependence_2024_27831_file2.pdf,31,6,14,지능정보; 중독; 과의존,https://www.nia.or.kr/site/nia_kor/ex/bbs/View.do?cbIdx=65914&bcIdx=27831&parentSeq=27831,"3 Part Ⅰ 조사 배경 및 목적 1. 조사 배경 및 목적 ¢ 스마트폰 ･ 인터넷 문제적 사용으로 인한 정보화역기능에 대한 객관적인 현황 파악을 위하여 '04년부터 매년 조사 ¢ 스마트폰 과의존 예방 ･ 해소 정책의 성과 평가와 효과적인 정책 수립 및 개선방안 도출을 위한 기초 정책통계 생산 2. 법적 근거 ¢ 지능정보화기본법 제12조(한국지능정보사회진흥원의 설립 등) ③ 지능정보사회진흥원은 다음 각 호의 사업을 한다. 6. 정보격차의 해소, 지능정보서비스 과의존 예방·해소 등 지능정보사회 역기능 해소를 위한 지원 및 연구 ¢ 지능정보화기본법 제66조(지표조사), 제67조(연차보고 등), 동법 시행령 제54조(실태조사) ¢ 통계법 제18조 제1항에 의해 승인된(2006년 11월 지정) 일반통계(승인번호 제120019호) 3. 조사 연혁 ¢ 2004년 첫 조사 실시 이후 표본단"
smartphone_overdependence,스마트폰 과의존 실태조사,2024,2024년 스마트폰 과의존 실태조사 보고서,smartphone_overdependence_2024_27831_file2.pdf,33,1,8,지능정보; 심리; 상담; 과의존,https://www.nia.or.kr/site/nia_kor/ex/bbs/View.do?cbIdx=65914&bcIdx=27831&parentSeq=27831,"5 Part Ⅱ 조사 대상 ¢ 조사대상: 만 3세이상 69세 이하 가구원 중 최근 1개월 이내 1회 이상 스마트폰을 통해 인터넷을 이용한자 - 본 조사에서 스마트폰은 휴대형 컴퓨터의 일종으로 무선전화통신 및 다양한 응용소프트 웨어(앱)를 이용할 수 있는 소형기기를 의미하며, 실제적 개념 범위는 스마트미디어 및 지능정보기술·서비스를 포괄 - 인터넷 이용은 유·무선(와이파이, 공유기, 3G/LTE, 5G)으로 인터넷에 접속해서 서비스를 이용하는 것을 의미 - 유아동(만 3~9세)은 본인 명의 스마트폰 보유 여부와 상관없이 스마트폰을 이용할 경우 적격대상자이며, 주 관찰자(양육자)가 유아동의 행동/태도에 기반하여 응답 - 적격대상자이지만 조사에서 제외되는 경우 ① 출장, 타 지역 거주, 군입대/유학 등으로 1개월 이상 장기 부재 가구원 ② 고령, 장애, 음주, 한국말을 할 수 없음 "
smartphone_overdependence,스마트폰 과의존 실태조사,2024,2024년 스마트폰 과의존 실태조사 보고서,smartphone_overdependence_2024_27831_file2.pdf,34,2,21,AI; 알고리즘; 심리; 상담; 과의존; 도움,https://www.nia.or.kr/site/nia_kor/ex/bbs/View.do?cbIdx=65914&bcIdx=27831&parentSeq=27831,6 [표 1-3-1] 조사 내용 조사영역 세부 내용 - 가구정보 가구주 대상 - 가구원 정보 - 스마트폰을 통해 이용하는 콘텐츠 및 이용정도 - 생활에 도움이 되는 콘텐츠 / 부작용으로 걱정되는 콘텐츠 - 최근 1년간 이용량이 증가한 콘텐츠 PART1. - 일상생활에서 목적별 스마트폰 이용시간 비율 스마트폰 이용현황 - 스마트폰 이용시간에 대한 인식 - 스마트폰 주요 콘텐츠 이용시간 본인 의지대로 조절 어려움 정도 - 스마트폰 과의존 척도 및 심층경험 - 과의존 체감 정도에 대한 주관적 인식 - 온라인 동영상 서비스 이용 여부 - 평소 자주 이용하는 온라인 동영상 콘텐츠 PART2. - 평소 이용하는 온라인 동영상 서비스 콘텐츠의 속성 온라인 동영상 서비스 - 이용하고 있는 숏폼 플랫폼 이용현황 - 숏폼이 온라인 동영상 서비스 이용에 차지하는 비중 - 숏폼 시청 조절의 어려움 
smartphone_overdependence,스마트폰 과의존 실태조사,2024,2024년 스마트폰 과의존 실태조사 보고서,smartphone_overdependence_2024_27831_file2.pdf,35,1,14,지능정보; 심리; 과의존,https://www.nia.or.kr/site/nia_kor/ex/bbs/View.do?cbIdx=65914&bcIdx=27831&parentSeq=27831,"7 2. 스마트폰 과의존 개념 및 산출방법 1) 스마트폰 과의존 개념 ¢ 스마트폰 과의존이란 과도한 스마트폰 이용으로 스마트폰에 대한 현저성이 증가하고, 이용 조절력이 감소하여 문제적 결과를 경험하는 상태 - △조절실패, △현저성, △문제적 결과의 3요인으로 구성 [표 1-3-2] 스마트폰 과의존 3요인 조사영역 세부 내용 조절실패 이용자의 주관적 목표 대비 스마트폰 이용에 대한 자율적 조절능력이 떨어지는 것 (self-control failure) 현저성 개인의 삶에서 스마트폰을 이용하는 생활패턴이 다른 형태보다 두드러지고 가장 중요한 (salience) 활동이 되는 것 문제적 결과 스마트폰 이용으로 인해 신체적·심리적·사회적으로 부정적인 결과를 경험함에도 불구하고 (serious consequences) 스마트폰을 지속적으로 이용하는 것 2) 스마트폰 과의존 척도 구성 및 "
smartphone_overdependence,스마트폰 과의존 실태조사,2024,2024년 스마트폰 과의존 실태조사 보고서,smartphone_overdependence_2024_27831_file2.pdf,44,1,2,지능정보; 과의존,https://www.nia.or.kr/site/nia_kor/ex/bbs/View.do?cbIdx=65914&bcIdx=27831&parentSeq=27831,"16 Part Ⅶ 결과공표 ¢ 공표주기 : 1년 ¢ 공표방법 - 보도자료 배포 - 국가통계포털(KOSIS)을 통한 주요 통계표 제공 - 보고서는 한국지능정보사회진흥원(www.nia.or.kr) 및 스마트쉼센터(www.iapc.or.kr) 홈페이지에 공시 ¢ 간행물명 : 스마트폰 과의존 실태조사 보고서 ¢ 통계설명자료: 통계청 통계설명자료(www.k-stat.go.kr/metasvc/main) - 통계별 설명 자료 조회 – 주제: 정보통신/과학·기술 – 기관: 중앙행정기관, 과학기술 정보통신부 – 통계선택: 스마트폰과의존실태조사 Part Ⅷ 유효표본 현황 ¢ 총 10,000가구 및 가구 내 24,559명이 조사에 참여함 [표 1-8-1] 층별 표본 가구수 현황 행정구역 표본 수(개) 구성비(%) 전 국 10,000 100.0 서울 1,910 19.1 부산 660 6.6 대구 46"
smartphone_overdependence,스마트폰 과의존 실태조사,2024,2024년 스마트폰 과의존 실태조사 보고서,smartphone_overdependence_2024_27831_file2.pdf,101,2,4,AI; 생성형; 과의존,https://www.nia.or.kr/site/nia_kor/ex/bbs/View.do?cbIdx=65914&bcIdx=27831&parentSeq=27831,73 [표 3-5-1] 콘텐츠 이용률 (단위: %) 사진 영화/ 관심사 지도 및 뉴스 (촬영 금융 건강 메신저 TV/ (취미) 음악 네비게 게임 SNS 쇼핑 여행 보기 편집)/ 거래 관리 동영상 검색 이션 그림 전체 97.3 96.8 89.8 88.8 87.0 84.4 83.4 82.6 81.5 81.4 81.4 73.4 71.4 과의존위험군 97.1 98.6 87.8 93.6 93.2 89.7 83.5 85.2 91.8 89.6 84.6 77.7 77.7 스마트폰 고위험군 97.4 99.0 93.2 94.8 94.3 91.5 90.4 89.1 92.7 91.1 90.9 85.9 84.7 과의존 잠재적위험군 97.1 98.5 86.6 93.3 93.0 89.3 82.0 84.3 91.6 89.2 83.2 75.8 76.2 수준별 일반사용자군 97.3 96.2 90.3 87.4 
smartphone_overdependence,스마트폰 과의존 실태조사,2024,2024년 스마트폰 과의존 실태조사 보고서,smartphone_overdependence_2024_27831_file2.pdf,103,2,4,AI; 생성형; 과의존,https://www.nia.or.kr/site/nia_kor/ex/bbs/View.do?cbIdx=65914&bcIdx=27831&parentSeq=27831,"75 [표 3-5-2] 콘텐츠 이용정도 (각 콘텐츠 이용자, 7점만점, 단위: 점) 사진 영화/ 관심사 지도 및 학업/ 뉴스 금융 (촬영 건강 메신저 TV/ (취미) 쇼핑 음악 SNS 네비게 게임 업무용 보기 거래 편집)/ 관리 동영상 검색 이션 검색 그림 전체 5.45 5.26 4.66 4.64 4.59 4.50 4.47 4.44 4.30 4.17 4.15 4.13 4.08 과의존위험군 5.57 5.51 4.93 4.78 4.78 4.68 4.67 4.89 4.53 4.34 4.67 4.18 4.45 스마트폰 고위험군 5.38 5.49 4.97 4.85 4.82 4.77 4.55 4.85 4.70 4.39 4.54 4.37 4.40 과의존 잠재적위험군 5.61 5.52 4.93 4.76 4.78 4.65 4.69 4.90 4.49 4.33 4.70 4.13 4.47 수준별 일"
smartphone_overdependence,스마트폰 과의존 실태조사,2024,2024년 스마트폰 과의존 실태조사 보고서,smartphone_overdependence_2024_27831_file2.pdf,113,4,4,알고리즘; 과의존,https://www.nia.or.kr/site/nia_kor/ex/bbs/View.do?cbIdx=65914&bcIdx=27831&parentSeq=27831,"85 4) 알고리즘으로 인한 숏폼 시청 영향 ¢ 숏폼 이용자 중 40.7%는 알고리즘으로 인해 같은 유형의 숏폼 반복시청의 경험이 있는 것으로 나타남 ¢ 과의존위험군의 경험 비율이 56.0%로 일반사용자군(35.6%)보다 20.4%p 높게 나타남 ¢ 대상별로 청소년의 비율이 47.8%로 가장 높았으며 유아동(41.8%), 성인(41.7%), 60대(28.8%) 순 [그림 3-5-11] 알고리즘으로 인한 숏폼 시청 영향 (온라인 동영상 서비스 이용자 중 숏폼 이용자, 단위: %) 과의존 유형별 대상별 40.7 % [표 3-5-11] 알고리즘으로 인한 숏폼 시청 영향 (온라인 동영상 서비스 이용자 중 숏폼 이용자, 단위: %, 점) 전혀 그렇지 그렇다+매우 그렇지 않다 그렇다 매우 그렇다 4점 만점 않다 그렇다 전체 18.4 40.9 33.4 7.3 40.7 2.30 과의존위험군 "
smartphone_overdependence,스마트폰 과의존 실태조사,2024,2024년 스마트폰 과의존 실태조사 보고서,smartphone_overdependence_2024_27831_file2.pdf,138,1,4,알고리즘; 스트레스; 과의존,https://www.nia.or.kr/site/nia_kor/ex/bbs/View.do?cbIdx=65914&bcIdx=27831&parentSeq=27831,"110 2) 스마트폰 관련 디지털 디톡스 경험 ¢ 스마트폰 이용자 중 과의존 해소를 위해 스마트폰 관련 디지털 디톡스 경험이 있는지 설문한 결과, ‘보행이동 시 스마트폰을 보지 않으려고 주의한다’가 63.6%로 가장 높았으 며 그 뒤를 ‘스마트폰 대신 종이책 읽기, 명상, 운동 등 다른 취미/스트레스 해소 활동 을 찾아본적 있다’(23.6%), ‘스마트폰 내 앱을 통해 스마트폰 이용시간, 내역을 주기적 으로 확인한다’(20.6%), ‘스마트폰 이용 제한 시간 혹은 제한 공간을 정하고 실천한다’(1 9.5%), ‘알고리즘이 미치는 영향을 줄이기 위해 설정을 변경하거나 사용 패턴을 조절한 적이 있다’(14.1%) 순 ¢ 과의존위험군은 일반사용자군보다 모든 경우에서 디지털 디톡스 경험률이 높은 가운데, 가장 경험률 차이가 큰 디지털 디톡스 경험은 ‘스마트폰 내 앱을 통해 스마트폰 이"
smartphone_overdependence,스마트폰 과의존 실태조사,2024,2024년 스마트폰 과의존 실태조사 보고서,smartphone_overdependence_2024_27831_file2.pdf,139,1,3,알고리즘; 스트레스; 과의존,https://www.nia.or.kr/site/nia_kor/ex/bbs/View.do?cbIdx=65914&bcIdx=27831&parentSeq=27831,"111 [표 3-7-11] 스마트폰 관련 디지털 디톡스 경험 (단위: %) 알고리즘이 스마트폰 대신 스마트폰 내 미치는 영향을 종이책 읽기, 스마트폰 이용 보행이동 시 앱을 통해 줄이기 위해 명상, 운동 등 제한 시간 혹은 스마트폰을 스마트폰 이용 설정을 다른 취미/ 제한 공간을 모두 없음 보지 않으려고 시간, 내역을 변경하거나 스트레스 해소 정하고 주의한다 주기적으로 사용 패턴을 활동을 찾아본 실천한다 확인한다 조절한 적이 적 있다 있다 전체 63.6 23.6 20.6 19.5 14.1 14.6 과의존위험군 65.7 27.3 26.3 22.5 18.6 13.4 스마트폰 고위험군 72.2 33.0 35.0 34.5 31.5 9.2 과의존 수준별 잠재적위험군 64.2 26.0 24.3 19.7 15.7 14.4 일반사용자군 62.9 22.5 18.9 18.6 12.8 15.0 청"
smartphone_overdependence,스마트폰 과의존 실태조사,2024,2024년 스마트폰 과의존 실태조사 보고서,smartphone_overdependence_2024_27831_file2.pdf,164,2,29,AI; 알고리즘; 심리; 상담; 과의존; 도움,https://www.nia.or.kr/site/nia_kor/ex/bbs/View.do?cbIdx=65914&bcIdx=27831&parentSeq=27831,1. 최근 3년간(2022~2024) 문항 변경 내역 최근 3년간 조사영역 세부 내용 조사시기 - 가구정보 '22~'24 가구주 대상 - 가구원 정보 '22~'24 - 가구소득 '22~'24 - 스마트폰을 통해 이용하는 콘텐츠 및 이용정도 '22~'24 - 생활에 도움이 되는 콘텐츠 / 부작용으로 걱정되는 콘텐츠 '22~'24 - 최근 1년간 이용량이 증가한 콘텐츠 '22~'24 - 최근 1년간 처음 이용해본 콘텐츠 '22 - 개인 또는 가족이 공동으로 사용하는 유료콘텐츠 '22 스마트폰 - 일상생활에서 목적별 스마트폰 이용시간 비율 '22~'24 이용현황 - 스마트폰 이용시간에 대한 인식 '22~'24 - 스마트폰 주요 콘텐츠 이용시간 본인 의지대로 조절 어려움 정도 '23~'24 - 스마트폰 과의존 척도 '22~'24 - 스마트폰 과의존 관련 심층경험 '24 - 과의존 체감
smartphone_overdependence,스마트폰 과의존 실태조사,2024,2024년 스마트폰 과의존 실태조사 보고서,smartphone_overdependence_2024_27831_file2.pdf,168,4,2,지능정보; 과의존,https://www.nia.or.kr/site/nia_kor/ex/bbs/View.do?cbIdx=65914&bcIdx=27831&parentSeq=27831,"통계법 제33조(비밀의 보호 등) 주 관 기 관 : 과학기술정보통신부 통계작성과정에서 알려진 사항으로서 개인이나 법인 전 담 기 관 : 한국지능정보사회진흥원 또는 단체 등의 비밀에 속하는 사항은 보호되어야 한다. 조 사 기 관 : ㈜메트릭스 승인번호 제 120019 호 안녕하십니까? 과학기술정보통신부와 한국지능정보사회진흥원은 스마트폰 이용과 관련된 사회적 현상을 파악하기 위해 ‘지능정보화기본법 제12조, 제66조(지표조사)’에 의거 스마트폰 과의존 실태에 대한 조사를 실시하고 있습니다. 국가승인통계(승인번호 : 120019호)인 본 조사는 전국적인 규모로 실시되는 통계조사로 스마트폰 과의존 예방·해소 정책 수립 및 추진을 위한 기초자료로 활용됩니다. 바쁘시더라도 면접원의 안내와 기입요령에 따라 각 조사항목에 성의껏 응답해 주시면 감사하겠습니다. 과학기술정보통신부 정보통신정책관 "
smartphone_overdependence,스마트폰 과의존 실태조사,2024,2024년 스마트폰 과의존 실태조사 보고서,smartphone_overdependence_2024_27831_file2.pdf,170,5,2,지능정보; 과의존,https://www.nia.or.kr/site/nia_kor/ex/bbs/View.do?cbIdx=65914&bcIdx=27831&parentSeq=27831,"통계법 제33조(비밀의 보호 등) 주 관 기 관 : 과학기술정보통신부 통계작성과정에서 알려진 사항으로서 개인이나 법인 전 담 기 관 : 한국지능정보사회진흥원 또는 단체 등의 비밀에 속하는 사항은 보호되어야 한다. 조 사 기 관 : ㈜메트릭스 승인번호 제 120019 호 안녕하십니까? 과학기술정보통신부와 한국지능정보사회진흥원은 스마트폰 이용과 관련된 사회적 현상을 파악하기 위해 ‘지능정보화기본법 제12조, 제66조(지표조사)’에 의거 스마트폰 과의존 실태에 대한 조사를 실시하고 있습니다. 국가승인통계(승인번호 : 120019호)인 본 조사는 전국적인 규모로 실시되는 통계조사로 스마트폰 과의존 예방·해소 정책 수립 및 추진을 위한 기초자료로 활용됩니다. 바쁘시더라도 면접원의 안내와 기입요령에 따라 각 조사항목에 성의껏 응답해 주시면 감사하겠습니다. 2024년 9월 ․ 과학기술정보통"
smartphone_overdependence,스마트폰 과의존 실태조사,2024,2024년 스마트폰 과의존 실태조사 보고서,smartphone_overdependence_2024_27831_file2.pdf,171,2,2,생성형; AI서비스; 도움,https://www.nia.or.kr/site/nia_kor/ex/bbs/View.do?cbIdx=65914&bcIdx=27831&parentSeq=27831,"1-1. 문1의 ‘이용한다’고 응답한 콘텐츠 중 생활에 1. 스마트폰 이용현황 도움이 되는 콘텐츠는 무엇입니까? 반면, 부작 용으로 가장 걱정되는 콘텐츠는 무엇입니까? 1. 귀하가 스마트폰을 통해 이용하는 콘텐츠(서비스)를 ※ 문1의 ‘이용한다’고 응답한 콘텐츠( 1)~26) )중 선택해 주십시오. 모두 선택해주십시오. 이용하는 콘텐츠에 대한 이용 생활에 도움이 되는 콘텐츠 부작용으로 걱정되는 콘텐츠 정도를 ‘전혀 이용하지 않는다(0점)’ 부터 ‘매우 자 1순위 주 이용한다(7점)’ 중에서 골라 주십시오. 2순위 3순위 이용정도 전혀 거의 매우 1-2. 문1에서 이용한다고 응답한 콘텐츠(서비스) 중 최근 이용하지 이용하지 자주 않는다 않는다 이용한다 1년간 이용량이 증가한 콘텐츠는 무엇입니까?  ① ② ③ ④ ⑤ ⑥ ⑦ ※ 문1의 ‘이용한다’고 응답한 콘텐츠( 1)~26) )"
smartphone_overdependence,스마트폰 과의존 실태조사,2024,2024년 스마트폰 과의존 실태조사 보고서,smartphone_overdependence_2024_27831_file2.pdf,174,1,2,알고리즘; 폭력,https://www.nia.or.kr/site/nia_kor/ex/bbs/View.do?cbIdx=65914&bcIdx=27831&parentSeq=27831,"-2. (이용자 응답) 평소 이용하는 온라인 동영상 스마트폰에 얼마나 의존하고 있다고 생각하십니까? 서비스 콘텐츠는 아래 속성에 대해 어떻다고 전혀 별로 생각하십니까? 좀 더 매우 의존적이지 의존적이지 의존적이다 의존적이다 않다 않다 전혀 ① ② ③ ④ 그렇지 않다 그렇다 매우 그렇다 그렇지 않다 1) 오락성 ① ② ③ ④ 2) 정보성 ① ② ③ ④ 2. 온라인 동영상 서비스 이용현황 3) 폭력성 ① ② ③ ④ 4) 선정성 ① ② ③ ④ 온라인 동영상 서비스 인터넷을 통해 방송 콘텐츠나 영화, 사용자 제작 콘텐츠(유 5) 사행성 ① ② ③ ④ 튜브 크레이터 등), OTT 등 다양한 동영상 콘텐츠를 제공하 *오락성: 즐겁고 쾌락한 정서 등의 묘사 는 일련의 서비스 *정보성: 서비스나 제품에 대한 정보를 제공하는 등의 묘사 (예 : 유튜브, 페이스북, 넷플릭스, 티빙, 쿠팡플레이,"
smartphone_overdependence,스마트폰 과의존 실태조사,2024,2024년 스마트폰 과의존 실태조사 보고서,smartphone_overdependence_2024_27831_file2.pdf,176,1,13,알고리즘; 상담; 스트레스; 과의존; 도움,https://www.nia.or.kr/site/nia_kor/ex/bbs/View.do?cbIdx=65914&bcIdx=27831&parentSeq=27831,"13-1-1. 개인 및 가정이 스마트폰 과의존 문제를 14. 귀하는 스마트폰 과의존 경험과 관련하여 해당 해결해야 한다면, 어떤 방법을 활용하는 하는 번호를 모두 응답해주십시오. 것이 해결에 도움이 될 것으로 생각하십 ‘그렇다’ 항 목 니까? 표시 1) 대체 여가 활동(문화, 스포츠, 여행)의 활용 1) 시간 가는줄 모르고 숏폼, SNS 2) 가족 및 친구의 조언과 도움 게시물을 보다가 예상보다 장시간 □ 심 이용한 적이 있다. 3) 사용조절 앱 등 기술적 지원 층 4) 기타 ( ) 2) 무의식적(기계·습관적)으로 일상생활 중에 일 스마트폰 내 엔터 관련(SNS, 동영상, 13-1-2. 개인 및 가정이 스마트폰 과의존을 해결하는 상 게임 등) 앱을 보거나 실행한 경험이 □ 경 데 가장 장애가 되는 요인은 무엇입니까? 다수 있다. 험 1) 스마트폰 이용을 통해 얻을 수 있는 재미"
smartphone_overdependence,스마트폰 과의존 실태조사,2024,2024년 스마트폰 과의존 실태조사 보고서,smartphone_overdependence_2024_27831_file2.pdf,184,2,11,생성형; AI서비스; 과의존; 도움,https://www.nia.or.kr/site/nia_kor/ex/bbs/View.do?cbIdx=65914&bcIdx=27831&parentSeq=27831,통계표  목차 [표  1]  스마트폰  과의존위험군 ···················································································································· 163 [표  2]  월평균  가구소득별  과의존  현황 ····································································································· 164 [표  3]  콘텐츠  이용률  (1) ···························································································································· 165 [표  4
smartphone_overdependence,스마트폰 과의존 실태조사,2024,2024년 스마트폰 과의존 실태조사 보고서,smartphone_overdependence_2024_27831_file2.pdf,189,1,19,알고리즘; 상담; 과의존; 도움,https://www.nia.or.kr/site/nia_kor/ex/bbs/View.do?cbIdx=65914&bcIdx=27831&parentSeq=27831,[표  202]  숏폼  시청  조절의  어려움  정도 ·································································································· 364 [표  203]  AI의  추천  알고리즘에  의해  같은  유형의  숏폼  콘텐츠를  반복해서  보게  된다 ·················· 365 [표  204]  과의존  예방교육  경험  여부 ········································································································ 366 [표  205]  스마트폰  과의존  예방교육  도움  정도 ··················································
smartphone_overdependence,스마트폰 과의존 실태조사,2024,2024년 스마트폰 과의존 실태조사 보고서,smartphone_overdependence_2024_27831_file2.pdf,195,2,16,생성형; AI서비스; 과의존,https://www.nia.or.kr/site/nia_kor/ex/bbs/View.do?cbIdx=65914&bcIdx=27831&parentSeq=27831,"[표 5] 콘텐츠 이용률 (3) (복수응답, 단위: %) 웹툰/ 화상회의 라디오/ 투자 및 생성형 새로운 성인용 사행성 웹소설/ 교육 /원격 팟캐스트 자산관리 AI서비스 친구만남 콘텐츠 게임 독서 근무 전체 59.9 53.5 52.3 43.6 43.1 41.4 31.5 25.9 22.2 과의존위험군 76.5 60.9 60.9 57.4 60.9 55.5 41.2 33.9 25.1 스마트폰 고위험군 80.9 57.4 74.4 71.1 68.8 63.6 52.2 39.5 31.9 과의존 잠재적위험군 75.5 61.6 57.8 54.4 59.2 53.6 38.7 32.6 23.6 수준별 일반사용자군 54.9 51.3 49.8 39.5 37.8 37.2 28.6 23.5 21.3 전체 28.2 13.0 5.7 15.3 38.6 13.4 5.7 0.0 3.5 유아동 과의존위험군 29.6 "
smartphone_overdependence,스마트폰 과의존 실태조사,2024,2024년 스마트폰 과의존 실태조사 보고서,smartphone_overdependence_2024_27831_file2.pdf,221,2,16,생성형; AI서비스; 과의존,https://www.nia.or.kr/site/nia_kor/ex/bbs/View.do?cbIdx=65914&bcIdx=27831&parentSeq=27831,"[표 31] 콘텐츠 이용정도 26) 생성형 AI서비스(정보검색, 문서보조, 번역 등) (콘텐츠 이용자, 단위: %, 점) ① 거의 ⑦ 매우 이용하지 ② ③ ④ ⑤ ⑥ 자주 [7점 평균] 않는다 이용한다 전체 23.6 19.7 19.6 19.1 8.9 6.7 2.4 3.00 과의존위험군 16.8 18.2 22.0 22.5 9.1 8.1 3.3 3.27 스마트폰 고위험군 10.0 19.8 23.5 29.2 7.3 7.5 2.7 3.38 과의존 잠재적위험군 18.7 17.7 21.6 20.5 9.6 8.3 3.5 3.24 수준별 일반사용자군 26.6 20.4 18.5 17.6 8.8 6.0 2.1 2.88 전체 32.9 31.5 13.9 11.2 8.2 1.9 0.5 2.38 유아동 과의존위험군 23.9 35.3 12.6 13.6 10.3 4.3 0.0 2.64 (만 3~9세) 일반"
smartphone_overdependence,스마트폰 과의존 실태조사,2024,2024년 스마트폰 과의존 실태조사 보고서,smartphone_overdependence_2024_27831_file2.pdf,223,2,17,생성형; AI서비스; 과의존; 도움,https://www.nia.or.kr/site/nia_kor/ex/bbs/View.do?cbIdx=65914&bcIdx=27831&parentSeq=27831,[표 33] 생활에 도움이 되는 콘텐츠_1순위 (2) (단위: %) 학업/ 상품/ 관심사 생성형 투자 및 업무용 교육 음악 게임 서비스 이메일 검색 AI서비스 자산관리 검색 판매 전체 4.9 4.3 3.5 2.4 2.3 1.5 1.3 1.3 0.8 과의존위험군 6.6 3.4 5.5 1.7 2.2 2.0 2.0 0.9 0.9 스마트폰 고위험군 4.6 2.7 2.8 1.5 1.8 2.1 3.5 0.6 0.9 과의존 잠재적위험군 7.1 3.5 6.0 1.7 2.3 2.0 1.7 1.0 0.9 수준별 일반사용자군 4.4 4.6 3.0 2.6 2.4 1.4 1.1 1.3 0.8 전체 13.8 5.2 13.9 4.9 0.1 9.5 0.2 0.0 0.0 유아동 과의존위험군 14.9 6.4 15.7 3.8 0.0 8.8 0.3 0.0 0.0 (만 3~9세) 일반사용자군 13.4 4.8 13.
smartphone_overdependence,스마트폰 과의존 실태조사,2024,2024년 스마트폰 과의존 실태조사 보고서,smartphone_overdependence_2024_27831_file2.pdf,226,2,17,생성형; AI서비스; 과의존; 도움,https://www.nia.or.kr/site/nia_kor/ex/bbs/View.do?cbIdx=65914&bcIdx=27831&parentSeq=27831,[표 36] 생활에 도움이 되는 콘텐츠_1+2순위 (2) (단위: %) 학업/ 지도 및 상품/ 생성형 투자 및 업무용 네비 음악 교육 서비스 게임 이메일 AI서비스 자산관리 검색 게이션 판매 전체 10.0 9.9 5.9 5.4 4.9 3.7 3.4 2.4 2.3 과의존위험군 14.2 8.8 4.5 8.3 5.5 3.8 4.3 2.0 2.4 스마트폰 고위험군 9.7 8.8 3.5 5.7 7.5 3.2 3.3 1.3 1.9 과의존 잠재적위험군 15.2 8.8 4.8 8.9 5.0 4.0 4.5 2.1 2.5 수준별 일반사용자군 8.8 10.2 6.4 4.6 4.8 3.7 3.2 2.6 2.2 전체 22.3 1.2 16.4 19.2 0.3 0.6 17.1 0.0 0.0 유아동 과의존위험군 24.6 2.1 14.5 21.5 0.3 0.8 14.3 0.0 0.0 (만 3~9세) 일반사용
smartphone_overdependence,스마트폰 과의존 실태조사,2024,2024년 스마트폰 과의존 실태조사 보고서,smartphone_overdependence_2024_27831_file2.pdf,229,2,17,생성형; AI서비스; 과의존; 도움,https://www.nia.or.kr/site/nia_kor/ex/bbs/View.do?cbIdx=65914&bcIdx=27831&parentSeq=27831,[표 39] 생활에 도움이 되는 콘텐츠_1+2+3순위 (2) (단위: %) 학업/ 상품/ 생성형 투자 및 사진 및 SNS 업무용 음악 서비스 교육 게임 AI서비스 자산관리 그림 검색 판매 전체 15.0 13.2 10.3 8.1 7.0 5.0 5.0 4.5 3.9 과의존위험군 20.9 18.7 8.2 9.7 11.0 5.4 6.4 5.3 2.9 스마트폰 고위험군 24.7 12.8 5.3 15.3 6.8 3.7 4.3 5.6 2.7 과의존 잠재적위험군 20.1 20.0 8.8 8.4 11.9 5.7 6.9 5.2 3.0 수준별 일반사용자군 13.2 11.6 11.0 7.6 5.9 4.9 4.6 4.3 4.1 전체 2.8 25.0 22.8 0.5 23.7 1.3 20.2 0.0 10.8 유아동 과의존위험군 3.0 26.6 23.8 0.6 25.9 1.8 15.7 0.0 10.0 (만
smartphone_overdependence,스마트폰 과의존 실태조사,2024,2024년 스마트폰 과의존 실태조사 보고서,smartphone_overdependence_2024_27831_file2.pdf,233,2,16,생성형; AI서비스; 과의존,https://www.nia.or.kr/site/nia_kor/ex/bbs/View.do?cbIdx=65914&bcIdx=27831&parentSeq=27831,"[표 43] 부작용으로 걱정되는 콘텐츠_1순위 (3) (단위: %) 화상회의 학업/ 지도 및 사진 및 관심사 생성형 라디오, 여행 /원격 교육 업무용 네비 그림 검색 AI서비스 팟캐스트 근무 검색 게이션 전체 0.2 0.2 0.2 0.2 0.2 0.1 0.1 0.1 0.1 과의존위험군 0.2 0.2 0.4 0.3 0.1 0.1 0.2 0.1 0.1 스마트폰 고위험군 0.2 0.4 0.3 0.1 0.1 0.0 0.0 0.0 0.0 과의존 잠재적위험군 0.2 0.2 0.5 0.3 0.0 0.1 0.2 0.1 0.1 수준별 일반사용자군 0.3 0.2 0.2 0.2 0.2 0.2 0.1 0.1 0.1 전체 0.1 0.1 0.0 0.0 0.1 0.2 0.0 0.1 0.0 유아동 과의존위험군 0.0 0.0 0.0 0.0 0.0 0.0 0.0 0.0 0.0 (만 3~9세) 일반사용자군 0."
smartphone_overdependence,스마트폰 과의존 실태조사,2024,2024년 스마트폰 과의존 실태조사 보고서,smartphone_overdependence_2024_27831_file2.pdf,236,2,16,생성형; AI서비스; 과의존,https://www.nia.or.kr/site/nia_kor/ex/bbs/View.do?cbIdx=65914&bcIdx=27831&parentSeq=27831,"[표 46] 부작용으로 걱정되는 콘텐츠_1+2순위 (3) (단위: %) 학업/ 지도 및 뉴스 사진 및 관심사 생성형 라디오, 여행 업무용 교육 네비 보기 그림 검색 AI서비스 팟캐스트 검색 게이션 전체 0.6 0.5 0.5 0.5 0.3 0.3 0.2 0.2 0.1 과의존위험군 0.4 0.3 0.4 0.6 0.1 0.2 0.4 0.1 0.1 스마트폰 고위험군 0.4 0.1 0.4 0.2 0.2 0.0 0.0 0.0 0.0 과의존 잠재적위험군 0.5 0.3 0.4 0.6 0.1 0.3 0.4 0.1 0.1 수준별 일반사용자군 0.6 0.6 0.6 0.5 0.4 0.3 0.2 0.2 0.1 전체 0.1 0.1 0.2 0.0 0.1 0.1 0.0 0.4 0.0 유아동 과의존위험군 0.0 0.0 0.0 0.0 0.0 0.0 0.0 0.3 0.0 (만 3~9세) 일반사용자군 0.2 0."
smartphone_overdependence,스마트폰 과의존 실태조사,2024,2024년 스마트폰 과의존 실태조사 보고서,smartphone_overdependence_2024_27831_file2.pdf,239,2,16,생성형; AI서비스; 과의존,https://www.nia.or.kr/site/nia_kor/ex/bbs/View.do?cbIdx=65914&bcIdx=27831&parentSeq=27831,"[표 49] 부작용으로 걱정되는 콘텐츠_1+2+3순위 (3) (단위: %) 학업/ 지도 및 뉴스 생성형 라디오, 이메일 여행 생활관리 업무용 교육 네비 보기 AI서비스 팟캐스트 검색 게이션 전체 0.9 0.9 0.9 0.8 0.7 0.6 0.4 0.3 0.2 과의존위험군 0.6 1.0 0.7 1.0 0.5 0.7 0.4 0.2 0.1 스마트폰 고위험군 0.5 0.9 0.5 0.9 0.5 0.2 0.0 0.0 0.0 과의존 잠재적위험군 0.6 1.0 0.8 1.0 0.5 0.8 0.4 0.3 0.1 수준별 일반사용자군 1.0 0.9 0.9 0.7 0.7 0.6 0.4 0.3 0.3 전체 0.2 0.0 0.2 0.2 0.3 0.0 0.1 0.5 0.0 유아동 과의존위험군 0.0 0.0 0.0 0.5 0.2 0.0 0.0 0.5 0.0 (만 3~9세) 일반사용자군 0.3 0.0 0."
smartphone_overdependence,스마트폰 과의존 실태조사,2024,2024년 스마트폰 과의존 실태조사 보고서,smartphone_overdependence_2024_27831_file2.pdf,242,2,16,생성형; AI서비스; 과의존,https://www.nia.or.kr/site/nia_kor/ex/bbs/View.do?cbIdx=65914&bcIdx=27831&parentSeq=27831,"[표 52] 이용량이 증가한 콘텐츠_1순위 (3) (단위: %) 상품/ 화상회의 생성형 사진 및 라디오, 성인용 사행성 서비스 여행 이메일 /원격 AI서비스 그림 팟캐스트 콘텐츠 게임 판매 근무 전체 1.3 1.2 1.0 0.7 0.6 0.6 0.3 0.3 0.2 과의존위험군 1.4 1.4 0.7 0.4 0.4 0.4 0.8 0.4 0.4 스마트폰 고위험군 2.2 1.1 0.5 0.4 0.1 0.2 2.1 0.3 1.2 과의존 잠재적위험군 1.2 1.4 0.7 0.4 0.4 0.4 0.5 0.4 0.3 수준별 일반사용자군 1.2 1.2 1.1 0.8 0.7 0.6 0.2 0.2 0.1 전체 0.2 0.3 1.6 0.0 0.0 0.1 0.0 0.1 0.0 유아동 과의존위험군 0.3 0.5 1.8 0.0 0.0 0.0 0.0 0.0 0.0 (만 3~9세) 일반사용자군 0.2 0.2"
smartphone_overdependence,스마트폰 과의존 실태조사,2024,2024년 스마트폰 과의존 실태조사 보고서,smartphone_overdependence_2024_27831_file2.pdf,245,2,16,생성형; AI서비스; 과의존,https://www.nia.or.kr/site/nia_kor/ex/bbs/View.do?cbIdx=65914&bcIdx=27831&parentSeq=27831,"[표 55] 이용량이 증가한 콘텐츠_1+2순위 (3) (단위: %) 화상회의 사진 및 생성형 라디오, 성인용 사행성 없음 여행 이메일 /원격 그림 AI서비스 팟캐스트 콘텐츠 게임 근무 전체 2.6 2.4 2.1 1.6 1.4 1.2 0.7 0.5 0.5 과의존위험군 0.8 1.6 2.2 1.0 1.0 0.9 1.9 1.2 0.6 스마트폰 고위험군 0.3 0.9 2.0 1.3 0.4 0.6 5.4 3.9 0.4 과의존 잠재적위험군 0.9 1.8 2.3 0.9 1.2 1.0 1.1 0.6 0.6 수준별 일반사용자군 3.1 2.7 2.1 1.8 1.5 1.2 0.3 0.3 0.4 전체 4.8 2.8 0.6 0.1 0.2 0.1 0.0 0.0 0.1 유아동 과의존위험군 4.8 2.7 1.2 0.0 0.0 0.0 0.0 0.0 0.0 (만 3~9세) 일반사용자군 4.8 2.8 0.3 0"
smartphone_overdependence,스마트폰 과의존 실태조사,2024,2024년 스마트폰 과의존 실태조사 보고서,smartphone_overdependence_2024_27831_file2.pdf,248,2,16,생성형; AI서비스; 과의존,https://www.nia.or.kr/site/nia_kor/ex/bbs/View.do?cbIdx=65914&bcIdx=27831&parentSeq=27831,"[표 58] 이용량이 증가한 콘텐츠_1+2+3순위 (3) (단위: %) 새로운 화상회의 생성형 라디오, 성인용 사행성 친구 여행 없음 이메일 /원격 AI서비스 팟캐스트 콘텐츠 게임 만남 근무 전체 3.4 3.0 2.9 2.6 1.9 1.7 1.0 0.8 0.7 과의존위험군 7.2 1.9 3.1 0.8 1.5 1.2 2.8 1.0 1.7 스마트폰 고위험군 16.2 2.4 2.6 0.3 1.0 0.4 8.3 0.8 5.1 과의존 잠재적위험군 5.2 1.8 3.2 0.9 1.6 1.4 1.6 1.0 0.9 수준별 일반사용자군 2.2 3.3 2.8 3.1 2.0 1.8 0.4 0.8 0.4 전체 0.7 0.2 0.8 4.8 0.2 0.2 0.0 0.1 0.0 유아동 과의존위험군 0.5 0.0 1.2 4.8 0.0 0.0 0.0 0.0 0.0 (만 3~9세) 일반사용자군 0.8 0.2 "
smartphone_overdependence,스마트폰 과의존 실태조사,2024,2024년 스마트폰 과의존 실태조사 보고서,smartphone_overdependence_2024_27831_file2.pdf,393,1,16,알고리즘; 과의존,https://www.nia.or.kr/site/nia_kor/ex/bbs/View.do?cbIdx=65914&bcIdx=27831&parentSeq=27831,"[표 203] AI의 추천 알고리즘에 의해 같은 유형의 숏폼 콘텐츠를 반복해서 보게 된다 (온라인 동영상 서비스 이용자 중 숏폼 플랫폼 이용자, 단위: %, 점) ① 전혀 ② 그렇지 ④ 매우 [①+②] [③+④] 4점 만점 ③ 그렇다 그렇지 않다 않다 그렇다 그렇지 않다 그렇다 (점) 전체 18.4 40.9 33.4 7.3 59.3 40.7 2.30 과의존위험군 10.5 33.5 41.2 14.8 44.0 56.0 2.60 스마트폰 고위험군 8.4 38.4 32.9 20.3 46.8 53.2 2.65 과의존 잠재적위험군 11.0 32.4 43.1 13.6 43.3 56.7 2.59 수준별 일반사용자군 21.0 43.3 30.8 4.8 64.4 35.6 2.19 전체 22.4 35.8 33.7 8.1 58.2 41.8 2.28 유아동 과의존위험군 18.0 31.2 36.8 14."
smartphone_overdependence,스마트폰 과의존 실태조사,2024,2024년 스마트폰 과의존 실태조사 보고서,smartphone_overdependence_2024_27831_file2.pdf,410,1,17,알고리즘; 스트레스; 과의존,https://www.nia.or.kr/site/nia_kor/ex/bbs/View.do?cbIdx=65914&bcIdx=27831&parentSeq=27831,"[표 220] 스마트폰 관련 디지털 디톡스 경험 (단위: %) 스마트폰 대신 스마트폰 내 알고리즘 미치는 종이책 읽기, 보행이동 시 앱을 통해 스마트폰 이용 영향을 줄이기 명상, 운동 등 스마트폰을 보지 스마트폰 이용 제한 시간 혹은 위해 설정을 다른 취미 모두 경험없음 않으려고 시간, 내역을 제한 공간을 변경하거나 사용 /스트레스 해소 주의한다 주기적으로 정하고 실천한다 패턴을 조절한 활동을 찾아본적 확인한다 적이 있다 있다 전체 63.6 23.6 20.6 19.5 14.1 14.6 과의존위험군 65.7 27.3 26.3 22.5 18.6 13.4 스마트폰 고위험군 72.2 33.0 35.0 34.5 31.5 9.2 과의존 잠재적위험군 64.2 26.0 24.3 19.7 15.7 14.4 수준별 일반사용자군 62.9 22.5 18.9 18.6 12.8 15.0 전체 - - -"
smartphone_overdependence,스마트폰 과의존 실태조사,2024,2024년 스마트폰 과의존 실태조사 보고서,smartphone_overdependence_2024_27831_file2.pdf,460,3,1,지능정보; 과의존,https://www.nia.or.kr/site/nia_kor/ex/bbs/View.do?cbIdx=65914&bcIdx=27831&parentSeq=27831,"2024년 스마트폰 과의존 실태조사 The survey on smartphone overdependence 발행일: 2024년 12월 발행처: 과학기술정보통신부 세종특별자치시 가름로 194 한국지능정보사회진흥원 대구광역시 동구 첨단로 53 ･ 1. 본 보고서의 내용을 가공 인용할 때에는 반드시 과학기술정보통신부 한국지능정보사회진흥원의 조사 결과임을 밝혀주시기 바랍니다. 2. 본 보고서의 판권은 과학기술정보통신부 한국지능정보사회진흥원이 소유하고 있으며, 판권소유 기관의 허가 없이 무단 전재 및 복사를 금합니다."
smartphone_overdependence,스마트폰 과의존 실태조사,2023,2023년 스마트폰 과의존 실태조사 보고서,smartphone_overdependence_2023_26508_file1.pdf,3,1,1,지능정보; 과의존,https://www.nia.or.kr/site/nia_kor/ex/bbs/View.do?cbIdx=65914&bcIdx=26508&parentSeq=26508,2023 스마트폰  과의존 실태조사 The survey on smartphone overdependence 주관기관 : 과학기술정보통신부 전담기관 : 한국지능정보사회진흥원 조사기관 : ㈜메트릭스
smartphone_overdependence,스마트폰 과의존 실태조사,2023,2023년 스마트폰 과의존 실태조사 보고서,smartphone_overdependence_2023_26508_file1.pdf,5,3,2,지능정보; 과의존,https://www.nia.or.kr/site/nia_kor/ex/bbs/View.do?cbIdx=65914&bcIdx=26508&parentSeq=26508,"2023 스마트폰  과의존 실태조사 일러두기 1. 「2023년 스마트폰 과의존 실태조사」는 과학기술정보통신부와 한국지능정보사회진흥원에 의해 2023년 9월부터 11월 중 수행됨 2. 최종 통계산출 시 모수추정 방법을 적용하여 모집단 결과를 제시하고 있기 때문에 해석에 유의 3. 통계표 및 도표내의 숫자는 둘째자리에서 반올림되어, 세부 항목의 합이 전체 합계와 일치하지 않을 수 있음 4. 복수응답은 한 개 이상 응답한 결과치를 집계한 결과임 5. 본 보고서의 내용을 인용할 때에는 반드시 과학기술정보통신부와 한국지능정보사회진흥원의 자료임을 밝혀야 함 6. 본 보고서는 한국지능정보사회진흥원(www.nia.or.kr) 및 스마트쉼센터(www.iapc.or.kr) 홈페이지에서 전문 다운로드 가능함"
smartphone_overdependence,스마트폰 과의존 실태조사,2023,2023년 스마트폰 과의존 실태조사 보고서,smartphone_overdependence_2023_26508_file1.pdf,16,1,13,지능정보; 심리; 상담; 과의존,https://www.nia.or.kr/site/nia_kor/ex/bbs/View.do?cbIdx=65914&bcIdx=26508&parentSeq=26508,"한국지능정보사회진흥원 스마트쉼센터 이용안내 프로그램 전화상담 전국 어디서나 1599-0075 (평일 9시~22시, 토요일 9시~18시) 내방상담 개인 및 가족상담, 집단 상담, 심리검사 (평일 9시~18시) 가정방문상담 - 상담사가 가정으로 직접 방문하여 상담 - 내방 및 가정방문상담은 전화 또는 온라인 신청 가능 온라인상담 스마트쉼센터 홈페이지 게시판 및 상담 예방교육 전 연령을 대상으로 스마트폰 과의존 예방교육 실시 대상 유아동, 청소년, 성인 (대학생, 학부모, 교사, 고령층 등) 홈페이지 www.iapc.or.kr 상담 및 프로그램 비 용 전액 무료 지역별 스마트쉼 센터 · 서울 02)756-0075 · 강원 033)249-3075 · 인천 032)725-3230 · 충북 043)211-8275 · 대전 042)270-3223 · 충남 041)635-5834~6 · 대구"
smartphone_overdependence,스마트폰 과의존 실태조사,2023,2023년 스마트폰 과의존 실태조사 보고서,smartphone_overdependence_2023_26508_file1.pdf,33,6,14,지능정보; 중독; 과의존,https://www.nia.or.kr/site/nia_kor/ex/bbs/View.do?cbIdx=65914&bcIdx=26508&parentSeq=26508,"제1장 조사  배경  및  목적 Ⅰ 01] 조사 배경 및 목적 ¢ ･ 스마트폰 인터넷 문제적 사용으로 인한 정보화역기능에 대한 객관적인 현황 파악을 위하여 ‘04년부터 매년 조사 ¢ ･ 스마트폰 과의존 예방 해소 정책의 성과 평가와 효과적인 정책 수립 및 개선방안 도출을 위한 기초 정책통계 생산 02] 법적 근거 ¢ 지능정보화기본법 제12조(한국지능정보사회진흥원의 설립 등) ③ 지능정보사회진흥원은 다음 각 호의 사업을 한다. 6. 정보격차의 해소, 지능정보서비스 과의존 예방ㆍ해소 등 지능정보사회 역기능 해소를 위한 지원 및 연구 ¢ 지능정보화기본법 제66조(지표조사), 제67조(연차보고 등), 동법 시행령 제54조(실태조사) ¢ 통계법 제18조 제1항에 의해 승인된(2006년 11월 지정) 일반통계(승인번호 제120019호) 03] 조사 연혁 ¢ ･ 2004년 첫 조사 실시 이"
smartphone_overdependence,스마트폰 과의존 실태조사,2023,2023년 스마트폰 과의존 실태조사 보고서,smartphone_overdependence_2023_26508_file1.pdf,35,1,8,지능정보; 심리; 상담; 과의존,https://www.nia.or.kr/site/nia_kor/ex/bbs/View.do?cbIdx=65914&bcIdx=26508&parentSeq=26508,"¢ 조사대상 : 만 3세 이상 69세 이하 가구원 중 최근 1개월 이내 1회 이상 스마트폰을 통해 인터넷을 이용한 자 - 본 조사에서 스마트폰은 휴대형 컴퓨터의 일종으로 무선전화통신 및 다양한 응용소프트웨어(앱)를 이용할 수 있는 소형기기를 의미하며, 스마트패드 등도 스마트폰으로 간주함. 이용자들의 이해도를 높이기 위해 ‘스 ･ 마트폰’ 용어를 활용하나, 실제적 개념 범위는 스마트미디어 및 지능정보기술 서비스를 포괄 ･ - 인터넷 이용은 유 무선(와이파이, 공유기, 3G/LTE, 5G)으로 인터넷에 접속해서 서비스를 이용하는 것을 의미 - 유아동(만 3~9세)은 본인 명의 스마트폰 보유 여부와 상관없이 스마트폰을 이용할 경우 적격대상자이며, 주 관찰자(양육자)가 유아동의 행동/태도에 기반하여 응답 - 적격대상자이지만 조사에서 제외되는 경우 ① 출장, 타 지역 거주, 군입대/유학"
smartphone_overdependence,스마트폰 과의존 실태조사,2023,2023년 스마트폰 과의존 실태조사 보고서,smartphone_overdependence_2023_26508_file1.pdf,37,1,14,지능정보; 심리; 과의존,https://www.nia.or.kr/site/nia_kor/ex/bbs/View.do?cbIdx=65914&bcIdx=26508&parentSeq=26508,"제1장 02] 스마트폰 과의존 개념 및 산출방법 1) 스마트폰 과의존 개념 ¢ 스마트폰 과의존이란 과도한 스마트폰 이용으로 스마트폰에 대한 현저성이 증가하고, 이용 조절력이 감소하 여 문제적 결과를 경험하는 상태 - △조절실패, △현저성, △문제적 결과의 3요인으로 구성 [표 1-3-2] 스마트폰 과의존 3요인 조사영역 세부 내용 조절실패 이용자의 주관적 목표 대비 스마트폰 이용에 대한 자율적 조절능력이 떨어지는 것 (self-control failure) 현저성 개인의 삶에서 스마트폰을 이용하는 생활패턴이 다른 형태보다 두드러지고 가장 중요한 활동이 (salience) 되는 것 문제적 결과 스마트폰 이용으로 인해 신체적·심리적·사회적으로 부정적인 결과를 경험함에도 불구하고 (serious consequences) 스마트폰을 지속적으로 이용하는 것 2) 스마트폰 과의존 척도 구"
smartphone_overdependence,스마트폰 과의존 실태조사,2023,2023년 스마트폰 과의존 실태조사 보고서,smartphone_overdependence_2023_26508_file1.pdf,46,1,1,지능정보; 과의존,https://www.nia.or.kr/site/nia_kor/ex/bbs/View.do?cbIdx=65914&bcIdx=26508&parentSeq=26508,"결과공표 Ⅶ ¢ 공표주기 : 1년 ¢ 공표방법 - 보도자료 배포 - 국가통계포털(KOSIS)을 통한 주요 통계표 제공 - 보고서는 한국지능정보사회진흥원(www.nia.or.kr) 및 스마트쉼센터(www.iapc.or.kr) 홈페이지에 공시 ¢ 간행물명 : 스마트폰 과의존 실태조사 보고서 유효표본  현황 Ⅷ ¢ 총 10,000가구 및 가구 내 22,844명이 조사에 참여함 [표 1-8-1] 층별 조사구 현황 행정구역 표본 수(개) 구성비(%) 전 국 10,000 100.0 16 서울 1,900 19.0 부산 660 6.6 대구 470 4.7 인천 550 5.5 광주 280 2.8 대전 300 3.0 울산 210 2.1 세종 70 0.7 시도 경기 2,480 24.8 강원 310 3.1 충북 320 3.2 충남 430 4.3 전북 360 3.6 전남 350 3.5 경북 540 5."
smartphone_overdependence,스마트폰 과의존 실태조사,2023,2023년 스마트폰 과의존 실태조사 보고서,smartphone_overdependence_2023_26508_file1.pdf,172,5,2,지능정보; 과의존,https://www.nia.or.kr/site/nia_kor/ex/bbs/View.do?cbIdx=65914&bcIdx=26508&parentSeq=26508,"통계법 제33조(비밀의 보호 등) 주 관 기 관 : 과학기술정보통신부 통계작성과정에서 알려진 사항으로서 개인이나 법인 전 담 기 관 : 한국지능정보사회진흥원 승인번호 또는 단체 등의 비밀에 속하는 사항은 보호되어야 한다. 조 사 기 관 : ㈜메트릭스 제 120019 호 안녕하십니까? 과학기술정보통신부와 한국지능정보사회진흥원은 스마트폰 이용과 관련된 사회적 현상을 파악하기 위해 ‘지능정보화기본법 제12조, 제66조(지표조사)’에 의거 스마트폰 과의존 실태에 대한 조사를 실시하고 있습니다. 국가승인통계(승인번호 : 120019호)인 본 조사는 전국적인 규모로 실시되는 통계조사로 스마트폰 과의존 예방·해소 정책 수립 및 추진을 위한 기초자료로 활용됩니다. 바쁘시더라도 면접원의 안내와 기입요령에 따라 각 조사항목에 성의껏 응답해 주시면 감사하겠습니다. 2023년 9월 ․ 과학기술정보통"
smartphone_overdependence,스마트폰 과의존 실태조사,2023,2023년 스마트폰 과의존 실태조사 보고서,smartphone_overdependence_2023_26508_file1.pdf,174,5,2,지능정보; 과의존,https://www.nia.or.kr/site/nia_kor/ex/bbs/View.do?cbIdx=65914&bcIdx=26508&parentSeq=26508,"통계법 제33조(비밀의 보호 등) 주 관 기 관 : 과학기술정보통신부 통계작성과정에서 알려진 사항으로서 개인이나 법인 전 담 기 관 : 한국지능정보사회진흥원 또는 단체 등의 비밀에 속하는 사항은 보호되어야 한다. 조 사 기 관 : ㈜메트릭스 승인번호 제 120019 호 안녕하십니까? 과학기술정보통신부와 한국지능정보사회진흥원은 스마트폰 이용과 관련된 사회적 현상을 파악하기 위해 ‘지능정보화기본법 제12조, 제66조(지표조사)’에 의거 스마트폰 과의존 실태에 대한 조사를 실시하고 있습니다. 국가승인통계(승인번호 : 120019호)인 본 조사는 전국적인 규모로 실시되는 통계조사로 스마트폰 과의존 예방·해소 정책 수립 및 추진을 위한 기초자료로 활용됩니다. 바쁘시더라도 면접원의 안내와 기입요령에 따라 각 조사항목에 성의껏 응답해 주시면 감사하겠습니다. 2023년 9월 ․ 과학기술정보통"
smartphone_overdependence,스마트폰 과의존 실태조사,2023,2023년 스마트폰 과의존 실태조사 보고서,smartphone_overdependence_2023_26508_file1.pdf,401,3,1,지능정보; 과의존,https://www.nia.or.kr/site/nia_kor/ex/bbs/View.do?cbIdx=65914&bcIdx=26508&parentSeq=26508,"2023년  스마트폰  과의존  실태조사 The survey on smartphone overdependence 발행일: 2023년 12월 발행처: 과학기술정보통신부 세종특별자치시 가름로 194 한국지능정보사회진흥원 대구광역시 동구 첨단로 53 ･ 1. 본 보고서의 내용을 가공 인용할 때에는 반드시 과학기술정보통신부 한국지능정보사회진흥원의 조사 결과임을 밝혀주시기 바랍니다. 2. 본 보고서의 판권은 과학기술정보통신부 한국지능정보사회진흥원이 소유하고 있으며, 판권소유 기관의 허가 없이 무단 전재 및 복사를 금합니다."
cyber_violence,사이버폭력 실태조사,2025,2025년 사이버폭력 실태조사,cyber_violence_2025_29190_file1.pdf,5,1,1,지능정보; 폭력,https://www.nia.or.kr/site/nia_kor/ex/bbs/View.do?cbIdx=68302&bcIdx=29190&parentSeq=29190,"본 보고서는 2025년 사이버폭력 실태조사(국가승인 1 지정통계 제164003호)의 결과를 수록한 것입니다. 본 보고서의 내용을 인용할 때에는 반드시 방송미디어통신 2 위원회와 한국지능정보사회진흥원의 자료임을 밝혀야 합니다. 본 보고서의 수치는 소수점 두 번째 자리에서 반올림된 것으로, 3 세부항목의 합이 전체 합계와 일치하지 않을 수 있습니다. 일부 성, 연령, 지역별 통계량의 경우 표본의 크기가 충분하지 4 않아 상대표준오차(RSE)가 클 수 있으므로 이용 시 주의 바랍니다. 복수응답은 한 개 이상(우선순위 또는 복수 선택)을 응답한 결과치를 5 집계한 것입니다."
cyber_violence,사이버폭력 실태조사,2025,2025년 사이버폭력 실태조사,cyber_violence_2025_29190_file1.pdf,14,5,6,인공지능; AI; 피해; 폭력,https://www.nia.or.kr/site/nia_kor/ex/bbs/View.do?cbIdx=68302&bcIdx=29190&parentSeq=29190,"인공지능(AI) 활용 사이버폭력 인식 6 Q 인공지능(AI) 활용 사이버폭력이 얼마나 심각하다고 생각하나요? 단위:% 청소년 성인 심각해요 89.4 % 심각해요 87.6 % 청소년 성인 단위:% 인공지능을 활용한 사이버폭력이 심각하다고 생각하는 이유는 무엇인가요? 1위 AI로 가짜 영상이나 사진 등을 48.7 쉽게 만들 수 있어, 23.6 누구나 피해자가 될 수 있어서 AI로 만든 가짜 영상이나 사진 등이 18.8 현실과 구분이 어려울 정도로 23.5 정교해 혼란을 줄 수 있어서 1위 AI로 만든 가짜 영상이나 사진 등이 28.3 13.9 반복적으로 퍼지면서 지속적인 피해를 겪을 수 있어서 AI로 만든 가짜 영상이나 사진 등이 13.0 일상생활에 실제로 10.8 피해를 줄 수 있어서 AI로 만든 가짜 영상이나 사진 등을 5.6 누가 처음 만들었는지 알기 어려워 13.9 책임을 "
cyber_violence,사이버폭력 실태조사,2025,2025년 사이버폭력 실태조사,cyber_violence_2025_29190_file1.pdf,17,2,26,인공지능; AI; 심리; 상담; 폭력,https://www.nia.or.kr/site/nia_kor/ex/bbs/View.do?cbIdx=68302&bcIdx=29190&parentSeq=29190,제2절 사이버폭력 가해 현황 ················································ 56 1. 사이버폭력 가해 경험 ······································································ 56 2. 사이버폭력 가해 경험 유형의 수 ···················································· 57 3. 사이버폭력 유형별 가해 빈도 ·························································· 58 4. 사이버폭력 가해 특성 ······································································ 59 5. 사이버폭력 가해 동기 ·····················
cyber_violence,사이버폭력 실태조사,2025,2025년 사이버폭력 실태조사,cyber_violence_2025_29190_file1.pdf,20,2,26,인공지능; AI; 심리; 상담; 폭력,https://www.nia.or.kr/site/nia_kor/ex/bbs/View.do?cbIdx=68302&bcIdx=29190&parentSeq=29190,제2절 사이버폭력 가해 현황 ·············································· 153 1. 사이버폭력 가해 경험 ···································································· 153 2. 사이버폭력 가해 경험 유형의 수 ·················································· 154 3. 사이버폭력 유형별 가해 빈도 ······················································· 155 4. 사이버폭력 가해 특성 ···································································· 156 5. 사이버폭력 가해 동기 ···························
cyber_violence,사이버폭력 실태조사,2025,2025년 사이버폭력 실태조사,cyber_violence_2025_29190_file1.pdf,22,2,40,인공지능; AI; 심리; 피해; 폭력; 도움,https://www.nia.or.kr/site/nia_kor/ex/bbs/View.do?cbIdx=68302&bcIdx=29190&parentSeq=29190,···································································· 18 | 표 10 | 응답자 특성(학생) ················································································································ 18 | 표 11 | 사이버폭력 피해 경험 ·········································································································· 43 | 표 12 | 사이버폭력 피해 경험 유형의 수 ··········································································
cyber_violence,사이버폭력 실태조사,2025,2025년 사이버폭력 실태조사,cyber_violence_2025_29190_file1.pdf,23,4,14,인공지능; AI; 상담; 폭력,https://www.nia.or.kr/site/nia_kor/ex/bbs/View.do?cbIdx=68302&bcIdx=29190&parentSeq=29190,| 표 38 | 사이버폭력 목격 이후 취한 행동 (복수응답) ········································································· 70 | 표 39 | 사이버폭력 목격 이후 무대응 이유 ······················································································ 71 | 표 40 | 사이버폭력에 대한 인식 (동의: ‘동의한다’+‘매우 동의한다’) ················································· 72 | 표 41 | 강력하게 처벌해야 할 사이버폭력 유형 (1순위) ··································································· 74 | 표 42
cyber_violence,사이버폭력 실태조사,2025,2025년 사이버폭력 실태조사,cyber_violence_2025_29190_file1.pdf,24,6,46,인공지능; AI; 심리; 피해; 폭력; 도움,https://www.nia.or.kr/site/nia_kor/ex/bbs/View.do?cbIdx=68302&bcIdx=29190&parentSeq=29190,······························································· 118 | 표 78 | 응답자 특성 ······················································································································· 118 | 표 79 | 사이버폭력 피해 경험 ········································································································ 141 | 표 80 | 사이버폭력 피해 경험 유형의 수 ···········································································
cyber_violence,사이버폭력 실태조사,2025,2025년 사이버폭력 실태조사,cyber_violence_2025_29190_file1.pdf,26,1,65,인공지능; 심리; 피해; 폭력; 도움,https://www.nia.or.kr/site/nia_kor/ex/bbs/View.do?cbIdx=68302&bcIdx=29190&parentSeq=29190,"| 그림 1 | 사이버폭력 경험 종합(응답자: 청소년(초4~고3), 단위: %) ·················································· 23 | 그림 2 | 사이버폭력 피해·가해·목격 경험(응답자: 청소년(초4~고3), 단위: %) ··································· 23 | 그림 3 | 사이버폭력 피해 경험: 응답자 특성별(응답자: 청소년(초4~고3), 단위: %) ·························· 24 | 그림 4 | 사이버폭력 피해 경험: 사이버폭력 유형별(응답자: 청소년(초4~고3), 단위: %) ···················· 24 | 그림 5 | 사이버폭력 피해 경험: 피해 특성과 주변 인지 현황(응답자: 사이버폭력 피해 경험 청소년, 단위: %) 25 | 그림 6 | 사이버폭력 피해"
cyber_violence,사이버폭력 실태조사,2025,2025년 사이버폭력 실태조사,cyber_violence_2025_29190_file1.pdf,27,6,24,인공지능; AI; 심리; 상담; 폭력,https://www.nia.or.kr/site/nia_kor/ex/bbs/View.do?cbIdx=68302&bcIdx=29190&parentSeq=29190,| 그림 39 | 사이버폭력 가해 대상 ······································································································· 59 | 그림 40 | 사이버폭력 가해 가담자 수 ······························································································· 60 | 그림 41 | 사이버폭력 가해 경로 (복수응답) ······················································································ 61 | 그림 42 | 인공지능(AI) 활용 사이버폭력 가해 경험 ··································
cyber_violence,사이버폭력 실태조사,2025,2025년 사이버폭력 실태조사,cyber_violence_2025_29190_file1.pdf,28,1,66,인공지능; 심리; 피해; 폭력; 도움,https://www.nia.or.kr/site/nia_kor/ex/bbs/View.do?cbIdx=68302&bcIdx=29190&parentSeq=29190,"| 그림 77 | 사이버폭력 경험 종합(응답자: 성인(만 19세~69세), 단위: %) ········································ 123 | 그림 78 | 사이버폭력 피해·가해·목격 경험(응답자: 성인(만 19세~69세), 단위: %) ························· 123 | 그림 79 | 사이버폭력 피해 경험: 응답자 특성별(응답자: 성인(만 19세~69세), 단위: %) ················ 124 | 그림 80 | 사이버폭력 피해 경험: 사이버폭력 유형별(응답자: 성인(만 19세~69세), 단위: %) ·········· 124 | 그림 81 | 사이버폭력 피해 경험: 피해 특성과 주변 인지 현황(응답자: 사이버폭력 피해 경험 성인, 단위: %) 125 | 그림 82 | 사이버폭력 피해 경험: 이후 행동 및 심리상태("
cyber_violence,사이버폭력 실태조사,2025,2025년 사이버폭력 실태조사,cyber_violence_2025_29190_file1.pdf,29,6,23,인공지능; AI; 심리; 상담; 폭력,https://www.nia.or.kr/site/nia_kor/ex/bbs/View.do?cbIdx=68302&bcIdx=29190&parentSeq=29190,| 그림 115 | 사이버폭력 가해 가담자 수 ·························································································· 157 | 그림 116 | 사이버폭력 가해 경로 (복수응답) ·················································································· 158 | 그림 117 | 인공지능(AI) 활용 사이버폭력 가해 경험 ······································································ 159 | 그림 118 | 사이버폭력 가해 동기 (복수응답) ······························································
cyber_violence,사이버폭력 실태조사,2025,2025년 사이버폭력 실태조사,cyber_violence_2025_29190_file1.pdf,37,2,39,인공지능; AI; 심리; 피해; 폭력; 도움,https://www.nia.or.kr/site/nia_kor/ex/bbs/View.do?cbIdx=68302&bcIdx=29190&parentSeq=29190,청소년 제1장. 조사 개요 부문 문항 하루 평균 인터넷 이용 시간 온라인 공간에서 온라인 안전 및 위험 활동 유해 콘텐츠 유형별 접촉 경험 및 빈도 온라인 활동과 온라인 공간에서 친구와의 관계 환경 요인 가족과의 관계 부모의 인터넷 사용에 대한 관여 수준 학교의 인터넷 사용에 대한 관여 수준 사이버폭력 목격 여부 및 목격 상황 사이버폭력 사이버폭력 유형별 목격 경험 목격 경험 사이버폭력 목격 이후 취한 행동 사이버폭력 목격 이후 무대응 이유 사이버폭력 유형별 피해 경험 및 빈도 사이버폭력 가해자 유형 사이버폭력 가해자의 성인 여부 사이버폭력 가해자 수 사이버폭력 피해 지속 기간 사이버폭력 사이버폭력 피해 경로 피해 경험 주변인의 사이버폭력 피해 사실 인지 현황 사이버폭력 피해 이후 취한 행동 사이버폭력 피해 이후 무대응 이유 사이버폭력 피해 이후 관련 기관에 도움을 요청하지 않
cyber_violence,사이버폭력 실태조사,2025,2025년 사이버폭력 실태조사,cyber_violence_2025_29190_file1.pdf,38,4,13,인공지능; AI; 상담; 폭력,https://www.nia.or.kr/site/nia_kor/ex/bbs/View.do?cbIdx=68302&bcIdx=29190&parentSeq=29190,부문 문항 사이버폭력에 대한 인식 사이버폭력 예방 교육 경험 및 빈도 사이버폭력 예방 교육 경로 사이버폭력 예방 교육의 필요성 사이버폭력 예방 교육의 효과 강력하게 처벌해야 할 사이버폭력 유형 사이버폭력 상담 및 신고기관 인지율 사이버폭력 관련 사이버폭력 법적 처벌 인지 여부 주변 요인 사이버폭력 감소를 위해 필요한 활동 디지털 혐오 표현 유형별 사용 경험 및 빈도 악성댓글 유형별 작성 경험 악성댓글 작성 경로 악성댓글 작성 대상 악성댓글 작성 동기 인공지능(AI) 활용 사이버폭력에 대한 심각성 인식 인공지능(AI) 활용 사이버폭력에 대한 심각성 인식 이유 동거 가족 인구통계 특성 학업 수준 소득 수준 8
cyber_violence,사이버폭력 실태조사,2025,2025년 사이버폭력 실태조사,cyber_violence_2025_29190_file1.pdf,39,2,1,지능정보; 폭력,https://www.nia.or.kr/site/nia_kor/ex/bbs/View.do?cbIdx=68302&bcIdx=29190&parentSeq=29190,청소년 제1장. 조사 개요 7. 조사 체계 작성기관: 방송미디어통신위원회 주관기관: 한국지능정보사회진흥원 수행기관: ㈜메트릭스 8. 조사 방법 학교 방문 집단 면접 조사(또는 온라인 조사) 전국 17개 시도에서 표본으로 선정된 학교를 전문 면접원이 방문해 조사 조사 대상 학교 선정 → 공문 발송 → 사전 접촉 → 본 조사 9. 결과 공표 공표 주기: 연 1회 공표 방법 l 국가데이터처 국가통계포털(KOSIS) 등록 l 「2025년 사이버폭력 실태조사」 간행물 발간 l 방송미디어통신위원회 및 한국지능정보사회진흥원 홈페이지 등록 l 보도자료 배포 등 9
cyber_violence,사이버폭력 실태조사,2025,2025년 사이버폭력 실태조사,cyber_violence_2025_29190_file1.pdf,58,3,3,인공지능; AI; 폭력,https://www.nia.or.kr/site/nia_kor/ex/bbs/View.do?cbIdx=68302&bcIdx=29190&parentSeq=29190,"전혀 모르는 사람을 대상으로, 문자나 인스턴트 메시지를 통해 가해 가해 대상은 ‘전혀 모르는 사람’(50.2%), ‘친구’(38.2%) 등의 순이며, ‘전혀 모르는 사람’에 대한 가해 경험이 전년 대비 증가함 (신규) 최근 1년간 사이버폭력 가해 청소년 중 2.2%가 인공지능(AI) 서비스 를 활용하여 가해*한 적이 있었음 * 글이나 사진, 동영상 등을 합성/생성하여 퍼뜨리기 등 가해 경로는 ‘문자나 인스턴트 메시지’(43.8%), ‘온라인 게임’(35.7%) 등 의 순으로 나타났으며, 전년 대비 ‘온라인 게임’과 ‘메타버스’에서의 가해가 증가하였으며 증감폭 또한 각각 +3.8%p, +4.5%p로 크게 나타남 가해 사실에 대해 주변에서 ‘아무도 모른다’라고 생각하는 경우(42.9%)가 가장 많았고, 전년 대비 유일하게 증가(+4.7%p)함. 이어서 알고 있다는 응답은 ‘친구’("
cyber_violence,사이버폭력 실태조사,2025,2025년 사이버폭력 실태조사,cyber_violence_2025_29190_file1.pdf,63,7,8,인공지능; AI; 피해; 폭력,https://www.nia.or.kr/site/nia_kor/ex/bbs/View.do?cbIdx=68302&bcIdx=29190&parentSeq=29190,"청소년 제2장. 주요 결과 요약 (신규) 청소년의 89.4%, “현재 인공지능 활용한 사이버폭력 심각” 인공지능을 활용한 사이버폭력2)에 대해 청소년의 89.4%가 심각하다(‘매우 심각함’ + ‘조금 심각함’)고 인식하고 있음 심각하다고 생각하는 이유로는 ‘쉽게 만들 수 있어, 누구나 피해자가 될 수 있어서’(48.7%), ‘현실과 구분이 어려울 정도로 정교해 혼란을 줄 수 있어서’(18.8%) 등의 순으로 나타남 인공지능(AI) 활용 사이버폭력 심각성* 전혀 심각하지 않음 별로 심각하지 않음 조금 심각함 매우 심각함 5.6 5.0 27.1 62.3 심각하다고 생각하는 이유 (심각함 응답자) 쉽게 만들 수 있어, 48.7 누구나 피해자가 될 수 있어서 현실과 구분이 어려울 정도로 정교해 18.8 혼란을 줄 수 있어서 반복적으로 퍼지면서 13.9 지속적인 피해를 겪을 수 있어서 "
cyber_violence,사이버폭력 실태조사,2025,2025년 사이버폭력 실태조사,cyber_violence_2025_29190_file1.pdf,92,7,6,인공지능; AI; 폭력,https://www.nia.or.kr/site/nia_kor/ex/bbs/View.do?cbIdx=68302&bcIdx=29190&parentSeq=29190,"4) 인공지능(AI) 활용 사이버폭력 가해 경험 최근 1년간(2024. 9. ~ 2025. 8.) 사이버폭력 가해 경험이 있는 청소년의 2.2%가 인공지능을 활용해서 가해한 적이 있다고 응답함 응답자 특성별로 살펴보면, 성별로는 ‘남학생’(2.6%)이, 학교급별로는 ‘초등학 생’(3.2%)이, 도시규모가 작을수록 가해 경험률이 높게 나타남 (응답자: 사이버폭력 가해 경험이 있는 청소년 1,798명, 단위: %) 있음 2.2 없음 97.8 | 그림 42 | 인공지능(AI) 활용 사이버폭력 가해 경험 | 표 30 | 인공지능(AI) 활용 사이버폭력 가해 경험 (응답자: 사이버폭력 가해 경험이 있는 청소년 1,798명, 단위: %) 구분 있음 없음 전 체 2.2 97.8 남학생 2.6 97.4 성별 여학생 1.6 98.4 초등학생 3.2 96.8 학교급별 중학생 1.3 98.7 고등"
cyber_violence,사이버폭력 실태조사,2025,2025년 사이버폭력 실태조사,cyber_violence_2025_29190_file1.pdf,105,10,7,인공지능; AI; 피해; 폭력,https://www.nia.or.kr/site/nia_kor/ex/bbs/View.do?cbIdx=68302&bcIdx=29190&parentSeq=29190,"청소년 제3장. 조사 결과 3. 인공지능(AI) 활용 사이버폭력 심각성 1) 인공지능(AI) 활용 사이버폭력에 대한 심각성 인식 청소년의 89.4%가 인공지능(AI)를 활용한 사이버폭력이 심각하다고 응답함 ‘심각함’ 응답은 성별로는 ‘여학생’, 학교급별로는 학교급이 낮을수록, 인터넷 이용 시간은 ‘1~3시간 미만’이, 가·피해 경험 여부별로는 미경험자가 높게 나타남 (응답자: 청소년(초4~고3), 단위: %) 심각하지 않음: 10.6% 심각함: 89.4% 62.3 27.1 5.6 5.0 전혀 심각하지 않음 별로 심각하지 않음 조금 심각함 매우 심각함 | 그림 54 | 인공지능(AI) 활용 사이버폭력에 대한 심각성 인식 | 표 43 | 인공지능(AI) 활용 사이버폭력에 대한 심각성 인식 (응답자: 청소년(초4~고3), 단위: %) 구분 심 ① 각 않 + 하 음 ② 지 심 전 각 "
cyber_violence,사이버폭력 실태조사,2025,2025년 사이버폭력 실태조사,cyber_violence_2025_29190_file1.pdf,106,12,16,인공지능; AI; 피해; 폭력,https://www.nia.or.kr/site/nia_kor/ex/bbs/View.do?cbIdx=68302&bcIdx=29190&parentSeq=29190,"2) 인공지능(AI) 활용 사이버폭력 심각성 인식 이유 인공지능(AI) 활용 사이버폭력이 심각하다고 생각하는 이유는 ‘누구나 피해자가 될 수 있어서’가 48.7%로 가장 높게 나타남 이어서 ‘현실과 구분이 어려울 정도로 정교해 혼란을 줄 수 있어서’(18.8%), ‘반복적으로 퍼지면서 지속적인 피해를 겪을 수 있어서’(13.9%) 등의 순으로 나타남 ‘누구나 피해자가 될 수 있어서’ 응답을 세부유형별로 살펴보면, 성별로 ‘남학생’, 학교급별로 ‘중학생’이 높게 나타남 (응답자: 인공지능(AI) 활용 사이버폭력이 심각하다고 느끼는 청소년 8,287명, 단위: %) 누구나 피해자가 될 수 있어서 48.7 현실과 구분이 어려울 정도로 정교해 혼란을 줄 수 있어서 18.8 반복적으로 퍼지면서 지속적인 피해를 겪을 수 있어서 13.9 일상생활에 실제로 피해를 줄 수 있어서 13.0 누가"
cyber_violence,사이버폭력 실태조사,2025,2025년 사이버폭력 실태조사,cyber_violence_2025_29190_file1.pdf,137,2,38,인공지능; AI; 심리; 피해; 폭력; 도움,https://www.nia.or.kr/site/nia_kor/ex/bbs/View.do?cbIdx=68302&bcIdx=29190&parentSeq=29190,성인 제1장. 조사 개요 부문 문항 하루 평균 인터넷 이용 시간 온라인 공간에서 온라인 안전 및 위험 활동 온라인 활동과 유해 콘텐츠 유형별 접촉 경험 및 빈도 환경 요인 온라인 공간에서 친구와의 관계 가족과의 관계 사이버폭력 목격 여부 및 목격 상황 사이버폭력 사이버폭력 유형별 목격 경험 목격 경험 사이버폭력 목격 이후 취한 행동 사이버폭력 목격 이후 무대응 이유 사이버폭력 유형별 피해 경험 및 빈도 사이버폭력 가해자 유형 사이버폭력 가해자 수 사이버폭력 피해 지속 기간 사이버폭력 사이버폭력 피해 경로 피해 경험 주변인의 사이버폭력 피해 사실 인지 현황 사이버폭력 피해 이후 취한 행동 사이버폭력 피해 이후 무대응 이유 사이버폭력 피해 이후 관련 기관에 도움을 요청하지 않은 이유 사이버폭력 피해 이후 심리상태 사이버폭력 유형별 가해 경험 및 빈도 사이버폭력 가해 대상 사이버폭력
cyber_violence,사이버폭력 실태조사,2025,2025년 사이버폭력 실태조사,cyber_violence_2025_29190_file1.pdf,138,4,13,인공지능; AI; 상담; 폭력,https://www.nia.or.kr/site/nia_kor/ex/bbs/View.do?cbIdx=68302&bcIdx=29190&parentSeq=29190,부문 문항 사이버폭력에 대한 인식 사이버폭력 예방 교육 경험 및 빈도 사이버폭력 예방 교육 경로 사이버폭력 예방 교육의 필요성 사이버폭력 예방 교육의 효과 강력하게 처벌해야 할 사이버폭력 유형 사이버폭력 상담 및 신고기관 인지율 사이버폭력 법적 처벌 인지 여부 사이버폭력 관련 사이버폭력 감소를 위해 필요한 활동 주변 요인 디지털 혐오 표현 유형별 사용 경험 및 빈도 악성댓글 유형별 작성 경험 악성댓글 작성 경로 악성댓글 작성 대상 악성댓글 작성 동기 디지털 성범죄 유형별 목격 경험 및 빈도 인공지능(AI) 활용 사이버폭력에 대한 심각성 인식 인공지능(AI) 활용 사이버폭력에 대한 심각성 인식 이유 직업 교육 정도 인구통계 특성 혼인여부 월평균 가구 소득 108
cyber_violence,사이버폭력 실태조사,2025,2025년 사이버폭력 실태조사,cyber_violence_2025_29190_file1.pdf,139,2,1,지능정보; 폭력,https://www.nia.or.kr/site/nia_kor/ex/bbs/View.do?cbIdx=68302&bcIdx=29190&parentSeq=29190,성인 제1장. 조사 개요 7. 조사 체계 작성기관: 방송미디어통신위원회 주관기관: 한국지능정보사회진흥원 수행기관: ㈜메트릭스 8. 조사 방법 태블릿 PC를 활용한 가구 방문 면접 조사 l 전국 17개 시도의 750개 조사구 내 표본으로 선정된 가구를 전문 면접원이 방문해 조사 l 조사구 사전 확인 조사 → 조사구 방문 및 협조 요청 → 원표본 가구 방문 → 조사 안내 및 설득 → 적격 가구원 여부 확인 → 조사 대상자 선정 → 설문 진행 9. 결과 공표 공표 주기: 연 1회 공표 방법 l 국가데이터처 국가통계포털(KOSIS) 등록 l 「2025년 사이버폭력 실태조사」 간행물 발간 l 방송미디어통신위원회 및 한국지능정보사회진흥원 홈페이지 등록 l 보도자료 배포 등 109
cyber_violence,사이버폭력 실태조사,2025,2025년 사이버폭력 실태조사,cyber_violence_2025_29190_file1.pdf,158,2,2,인공지능; AI; 폭력,https://www.nia.or.kr/site/nia_kor/ex/bbs/View.do?cbIdx=68302&bcIdx=29190&parentSeq=29190,"전혀 모르는 사람을 대상으로, 문자나 인스턴트 메시지를 통해 가해 가해 대상은 ‘전혀 모르는 사람’(42.2%), ‘친구’(20.7%) 등의 순으로 나타 났으며, 전년 대비 실체를 모르는 사람(‘전혀 모르는 사람’ + ‘온라인에서 알 게 된 사람’ + ‘이름이나 얼굴만 아는 사람’)에 대한 가해가 증가 최근 1년간 가해 행동을 한 적이 있는 성인 중, 2.6%의 성인이 AI 서비 스를 활용하여 가해를 한 적이 있는 것으로 나타남 가해 경로는 ‘문자나 인스턴트 메시지’(51.4%), ‘SNS’(31.2%), ‘온라인 게임’ (24.1%) 등의 순이였으며, 전년 대비 ‘문자나 인스턴트 메시지’에서의 가해 경험률이 큰 폭(-18.8%p)으로 감소하고 ‘온라인 게임’에서의 경험률이 8.5%p 증가하였음 가해 사실 주변 인지 여부는 ‘상대방’(40.0%), ‘아무도 모름’(38.0%),"
cyber_violence,사이버폭력 실태조사,2025,2025년 사이버폭력 실태조사,cyber_violence_2025_29190_file1.pdf,163,5,9,인공지능; AI; 피해; 폭력,https://www.nia.or.kr/site/nia_kor/ex/bbs/View.do?cbIdx=68302&bcIdx=29190&parentSeq=29190,"성인 제2장. 주요 결과 요약 (신규) 대부분의 성인이 현재 인공지능 활용한 사이버폭력이 심각하다고 느낌 성인의 87.6%3)가 현재 인공지능을 활용한 사이버폭력이 심각하다(‘매우 심 각함’ + ‘조금 심각함’)고 인식하고 있음 심각하다고 생각하는 이유로는 ‘반복적으로 퍼지면서 지속적인 피해를 겪을 수 있어서’(28.3%), ‘쉽게 만들 수 있어, 누구나 피해자가 될 수 있어서’(23.6%), ‘현실과 구분이 어려울 정도로 정교해 혼란을 줄 수 있어서’(23.5%) 등의 순 으로 나타남 인공지능(AI) 활용 사이버폭력 심각성* 전혀 심각하지 않음 별로 심각하지 않음 조금 심각함 매우 심각함 2.8 9.7 51.6 35.9 심각하다고 생각하는 이유 (심각함 응답자) 반복적으로 퍼지면서 28.3 지속적인 피해를 겪을 수 있어서 쉽게 만들 수 있어, 23.6 누구나 피해자가 될 수 "
cyber_violence,사이버폭력 실태조사,2025,2025년 사이버폭력 실태조사,cyber_violence_2025_29190_file1.pdf,189,7,6,인공지능; AI; 폭력,https://www.nia.or.kr/site/nia_kor/ex/bbs/View.do?cbIdx=68302&bcIdx=29190&parentSeq=29190,"성인 제3장. 조사 결과 4) 인공지능(AI) 활용 사이버폭력 가해 경험 최근 1년간(2024. 9. ~ 2025. 8.) 사이버폭력 가해 경험이 있는 성인의 2.6% 가 인공지능을 활용해서 가해한 경험이 있다고 응답함 가해 경험률을 응답자 특성별로 살펴보면, 성별로는 ‘여성’이, 연령은 ‘만 19~29세’에서 상대적으로 높게 나타남 (응답자: 사이버폭력 가해 경험이 있는 성인 542명, 단위: %) 있음 2.6 없음 97.4 | 그림 117 | 인공지능(AI) 활용 사이버폭력 가해 경험 | 표 97 | 인공지능(AI) 활용 사이버폭력 가해 경험 (응답자: 사이버폭력 가해 경험이 있는 성인 542명, 단위: %) 구분 있음 없음 전 체 2.6 97.4 남성 1.9 98.1 성별 여성 3.5 96.5 만 19~29세 3.7 96.3 만 30~39세 0.8 99.2 연령 만 40~"
cyber_violence,사이버폭력 실태조사,2025,2025년 사이버폭력 실태조사,cyber_violence_2025_29190_file1.pdf,202,10,8,인공지능; AI; 피해; 폭력,https://www.nia.or.kr/site/nia_kor/ex/bbs/View.do?cbIdx=68302&bcIdx=29190&parentSeq=29190,"3. 인공지능(AI) 활용 사이버폭력 심각성 1) 인공지능(AI) 활용 사이버폭력에 대한 심각성 인식 성인의 87.6%가 현재 인공지능(AI) 활용 사이버폭력이 심각하다고 인식함 ‘심각함’ 응답은 성별로는 ‘여성’, 연령은 ‘만 30~39세’, 인터넷 이용 시간은 많을 수록 상대적으로 높게 나타남 사이버폭력 가·피해 경험 여부별로 살펴보면, 경험자가 미경험자 보다 상대적으로 심각함을 많이 느끼고, 차이는 1.6%p로 나타남 (응답자: 성인(만 19세~69세), 단위: %) 심각하지 않음: 12.4% 심각함: 87.6% 51.6 35.9 9.7 2.8 전혀 심각하지 않음 별로 심각하지 않음 조금 심각함 매우 심각함 | 그림 129 | 인공지능(AI) 활용 사이버폭력에 대한 심각성 인식 | 표 110 | 인공지능(AI) 활용 사이버폭력에 대한 심각성 인식 (응답자: 성인(만 19세"
cyber_violence,사이버폭력 실태조사,2025,2025년 사이버폭력 실태조사,cyber_violence_2025_29190_file1.pdf,203,12,18,인공지능; AI; 피해; 폭력,https://www.nia.or.kr/site/nia_kor/ex/bbs/View.do?cbIdx=68302&bcIdx=29190&parentSeq=29190,"성인 제3장. 조사 결과 2) 인공지능(AI) 활용 사이버폭력 심각성 인식 이유 인공지능(AI) 활용 사이버폭력이 심각하다고 생각한 가장 큰 이유는 ‘반복적으로 퍼지면서 지속적인 피해를 겪을 수 있어서’(28.3%) 이어서 ‘누구나 피해자가 될 수 있어서’(23.6%), ‘현실과 구분이 어려울 정도로 정교해 혼란을 줄 수 있어서’(23.5%), ‘누가 처음 만들었는지 알기 어려워 책임을 묻기 힘들어서’(13.9%) 등의 순으로 나타남 ‘반복적으로 퍼지면서 지속적인 피해를 겪을 수 있어서’ 응답을 특성별로 살펴보 면, 성별은 ‘남성’, 연령은 ‘만 40~49세’, 인터넷 이용 시간은 ‘1~3시간 미만’에서 상대적으로 높게 나타남 가·피해 경험 여부별로는 ‘누구나 피해자가 될 수 있어서’를 제외한 모든 항목에서 경험자가 미경험자 보다 높게 나타남 (응답자: 인공지능(AI) 활용 사"
cyber_violence,사이버폭력 실태조사,2025,2025년 사이버폭력 실태조사,cyber_violence_2025_29190_file1.pdf,283,1,45,인공지능; 심리; 상담; 피해; 폭력,https://www.nia.or.kr/site/nia_kor/ex/bbs/View.do?cbIdx=68302&bcIdx=29190&parentSeq=29190,[표 10_③] 사이버폭력 유형별 가해 경험 및 빈도: 3) 사이버 스토킹 ···················································· 330 [표 10_④] 사이버폭력 유형별 가해 경험 및 빈도: 4) 사이버 성폭력 ···················································· 331 [표 10_⑤] 사이버폭력 유형별 가해 경험 및 빈도: 5) 개인정보 유출 ···················································· 332 [표 10_⑥] 사이버폭력 유형별 가해 경험 및 빈도: 6) 사이버 따돌림 ···················································· 333 [표 10_⑦] 사이버폭력 유형별 가해 경험 및 빈도: 7) 사이버 갈취 ···
cyber_violence,사이버폭력 실태조사,2025,2025년 사이버폭력 실태조사,cyber_violence_2025_29190_file1.pdf,284,2,2,인공지능; 폭력,https://www.nia.or.kr/site/nia_kor/ex/bbs/View.do?cbIdx=68302&bcIdx=29190&parentSeq=29190,·················································································· 384 [표 18-3] 악성댓글 작성 동기(복수응답) ······························································································· 385 [표 19] 인공지능 활용 사이버폭력에 대한 심각성 인식 ········································································· 386 [표 19-1] 인공지능 활용 사이버폭력이 심각하다고 생각하는 이유 ························································ 387
cyber_violence,사이버폭력 실태조사,2025,2025년 사이버폭력 실태조사,cyber_violence_2025_29190_file1.pdf,287,1,41,인공지능; 심리; 상담; 피해; 폭력,https://www.nia.or.kr/site/nia_kor/ex/bbs/View.do?cbIdx=68302&bcIdx=29190&parentSeq=29190,[표 8_⑥] 사이버폭력 유형별 가해 경험 및 빈도: 6) 사이버 따돌림 ······················································ 459 [표 8_⑦] 사이버폭력 유형별 가해 경험 및 빈도: 7) 사이버 갈취 ························································· 460 [표 8_⑧] 사이버폭력 유형별 가해 경험 및 빈도: 8) 사이버 강요 ························································· 461 [표 8-1] 사이버폭력 가해 대상 ············································································································· 462 [표
cyber_violence,사이버폭력 실태조사,2025,2025년 사이버폭력 실태조사,cyber_violence_2025_29190_file1.pdf,288,2,2,인공지능; 폭력,https://www.nia.or.kr/site/nia_kor/ex/bbs/View.do?cbIdx=68302&bcIdx=29190&parentSeq=29190,················ 516 [표 17_④] 최근 1년간 디지털 성범죄 목격 경험 및 빈도: 4) 디지털 성착취 ······································· 517 [표 17_⑤] 최근 1년간 디지털 성범죄 목격 경험 및 빈도: 5) 몸캠 ······················································ 518 [표 18] 인공지능 활용 사이버폭력에 대한 심각성 인식 ········································································· 519 [표 18-1] 인공지능 활용 사이버폭력이 심각하다고 생각하는 이유 ························································ 520
cyber_violence,사이버폭력 실태조사,2025,2025년 사이버폭력 실태조사,cyber_violence_2025_29190_file1.pdf,369,3,2,인공지능; AI; 폭력,https://www.nia.or.kr/site/nia_kor/ex/bbs/View.do?cbIdx=68302&bcIdx=29190&parentSeq=29190,"부록 통계표 [표 10-3-1] 인공지능 활용 가해 경험 [문10-3-1] 최근 1년간(2024. 9. 1.~2025. 8. 31.) 온라인 공간에서 인공지능(AI)을 이용해 글이나 사진, 동영상을 직접 생성해서 누군가를 괴롭힌 적이 있나요? (단위: %) 사이버폭력 가해 있음 없음 경험이 있는 청소년 전 체 2.2 97.8 성별 남학생 2.6 97.4 여학생 1.6 98.4 학교급별 초등학생 3.2 96.8 중학생 1.3 98.7 고등학생 2.3 97.7 중·고등학교 특성별 남학교 2.4 97.6 여학교 0.0 100.0 남녀공학 1.6 98.4 도시규모 대도시 1.5 98.5 중소도시 2.4 97.6 읍면지역 3.3 96.7 권역 수도권 2.7 97.3 충청권 1.3 98.7 호남권 1.5 98.5 동북권 2.5 97.5 동남권 1.9 98.1 인터넷 이용 시간 1시간 미만"
cyber_violence,사이버폭력 실태조사,2025,2025년 사이버폭력 실태조사,cyber_violence_2025_29190_file1.pdf,416,3,3,인공지능; AI; 폭력,https://www.nia.or.kr/site/nia_kor/ex/bbs/View.do?cbIdx=68302&bcIdx=29190&parentSeq=29190,[표 19] 인공지능 활용 사이버폭력에 대한 심각성 인식 [문19] 현재 인공지능(AI)을 활용한 사이버폭력이 얼마나 심각하다고 생각하나요? (단위: %) ①+② ③+④ 청소년 ① ② 심각하지 않다 ③ ④ 심각하다 (초4~고3) 전혀 심각하지 별로 심각하지 조금 심각하다 매우 심각하다 않다 않다 전 체 5.6 5.0 10.6 27.1 62.3 89.4 성별 남학생 7.9 5.7 13.6 26.7 59.7 86.4 여학생 3.1 4.2 7.4 27.5 65.1 92.6 학교급별 초등학생 5.2 3.0 8.2 18.8 73.0 91.8 중학생 5.4 5.1 10.5 30.2 59.2 89.5 고등학생 6.1 6.9 13.0 32.4 54.7 87.0 중·고등학교 특성별 남학교 9.6 6.2 15.8 30.6 53.6 84.2 여학교 2.5 5.6 8.1 32.9 58.9 91.9 
cyber_violence,사이버폭력 실태조사,2025,2025년 사이버폭력 실태조사,cyber_violence_2025_29190_file1.pdf,417,4,7,인공지능; AI; 피해; 폭력,https://www.nia.or.kr/site/nia_kor/ex/bbs/View.do?cbIdx=68302&bcIdx=29190&parentSeq=29190,"부록 통계표 [표 19-1] 인공지능 활용 사이버폭력이 심각하다고 생각하는 이유 [문19-1] 인공지능(AI)을 활용한 사이버폭력이 심각하다고 생각하는 가장 큰 이유는 무엇인가요? (단위: %) 현재 인공지능 활용 쉽게 만들 수 현실과 구분이 반복적으로 일상생활에 누가 처음 사이버폭력이 있어, 누구나 어려울 정도로 퍼지면서 실제로 피해를 줄 만들었는지 알기 심각하다고 생각하는 피해자가 될 수 정교해 혼란을 줄 지속적인 피해를 수 있어서 어려워 책임을 청소년 있어서 수 있어서 겪을 수 있어서 묻기 힘들어서 전 체 48.7 18.8 13.9 13.0 5.6 성별 남학생 51.0 18.2 13.2 12.5 5.1 여학생 46.4 19.4 14.7 13.4 6.1 학교급별 초등학생 48.3 14.0 14.0 17.5 6.1 중학생 50.2 19.3 13.6 11.1 5.8 고등학생 4"
cyber_violence,사이버폭력 실태조사,2025,2025년 사이버폭력 실태조사,cyber_violence_2025_29190_file1.pdf,495,3,2,인공지능; AI; 폭력,https://www.nia.or.kr/site/nia_kor/ex/bbs/View.do?cbIdx=68302&bcIdx=29190&parentSeq=29190,"부록 통계표 [표 8-3-1] 인공지능 활용 가해 경험 [문8-3-1] 최근 1년간(2024. 9. 1.~2025. 8. 31.) 온라인 공간에서 인공지능(AI)을 이용해 글이나 사진, 동영상을 직접 생성해서 누군가를 괴롭힌 적이 있습니까? (단위: %) 사이버폭력 가해 있음 없음 경험이 있는 성인 전 체 2.6 97.4 성별 남성 1.9 98.1 여성 3.5 96.5 연령 만 19~29세 3.7 96.3 만 30~39세 0.8 99.2 만 40~49세 3.1 96.9 만 50~59세 3.1 96.9 만 60~69세 1.8 98.2 학력 초졸 이하 0.0 100.0 중졸 0.0 100.0 고졸 3.2 96.8 대졸 이상 2.2 97.8 직업 전문관리 0.0 100.0 사무 2.1 97.9 서비스판매 2.9 97.1 농어업 33.7 66.3 기능노무 2.1 97.9 학생 3.8 "
cyber_violence,사이버폭력 실태조사,2025,2025년 사이버폭력 실태조사,cyber_violence_2025_29190_file1.pdf,549,3,3,인공지능; AI; 폭력,https://www.nia.or.kr/site/nia_kor/ex/bbs/View.do?cbIdx=68302&bcIdx=29190&parentSeq=29190,부록 통계표 [표 18] 인공지능 활용 사이버폭력에 대한 심각성 인식 [문18] 현재 인공지능(AI)을 활용한 사이버폭력이 얼마나 심각하다고 생각하십니까? (단위: %) ① ② ①+② ③ ④ ③+④ 성인 (만 19~69세) 전혀 심각하지 별로 심각하지 심각하지 않다 조금 심각하다 매우 심각하다 심각하다 않다 않다 전 체 2.8 9.7 12.4 51.6 35.9 87.6 성별 남성 2.9 10.0 12.9 51.5 35.7 87.1 여성 2.6 9.4 12.0 51.8 36.2 88.0 연령 만 19~29세 2.1 8.7 10.8 48.7 40.5 89.2 만 30~39세 2.8 7.7 10.5 50.3 39.2 89.5 만 40~49세 2.4 9.4 11.8 50.7 37.5 88.2 만 50~59세 2.8 9.4 12.2 53.8 34.0 87.8 만 60~69세 3.7 12
cyber_violence,사이버폭력 실태조사,2025,2025년 사이버폭력 실태조사,cyber_violence_2025_29190_file1.pdf,550,4,7,인공지능; AI; 피해; 폭력,https://www.nia.or.kr/site/nia_kor/ex/bbs/View.do?cbIdx=68302&bcIdx=29190&parentSeq=29190,"[표 18-1] 인공지능 활용 사이버폭력이 심각하다고 생각하는 이유 [문18-1] 인공지능(AI)을 활용한 사이버폭력이 심각하다고 생각하는 이유는 무엇입니까? (단위: %) 반복적으로 퍼지면서 쉽게 만들 수 있어, 현실과 구분이 누가 처음 일상생활에 실제로 현재 인공지능 활용 지속적인 피해를 누구나 피해자가 될 어려울 정도로 만들었는지 알기 피해를 줄 수 있어서 사이버폭력이 심각하다고 겪을 수 있어서 수 있어서 정교해 혼란을 줄 수 어려워 책임을 묻기 생각하는 성인 있어서 힘들어서 전 체 28.3 23.6 23.5 13.9 10.8 성별 남성 28.4 24.4 23.4 13.6 10.2 여성 28.2 22.9 23.5 14.1 11.4 연령 만 19~29세 27.5 22.9 24.2 14.7 10.7 만 30~39세 28.4 24.9 21.4 15.2 10.1 만 40~49세 "
cyber_violence,사이버폭력 실태조사,2025,2025년 사이버폭력 실태조사,cyber_violence_2025_29190_file1.pdf,552,4,2,지능정보; 폭력,https://www.nia.or.kr/site/nia_kor/ex/bbs/View.do?cbIdx=68302&bcIdx=29190&parentSeq=29190,"2025 사이버폭력 실태조사 발 행 일 2026년 3월 발 행 처 방송미디어통신위원회, 한국지능정보사회진흥원 경기도 과천시 관문로 47(방송미디어통신위원회) 주 소 대구광역시 동구 첨단로53(한국지능정보사회진흥원) 전 화 053-230-1338 수 행 처 ㈜메트릭스 본 보고서의 저작권은 방송미디어통신위원회와 한국지능정보사회진흥원이 소유하고 있으며, 내용을 인용 하고자 할 경우에는 반드시 「2025년 사이버폭력 실태조사」 00쪽에서 인용하였음을 표시하여 주십시오. 이 책의 내용에 대한 질의는 한국지능정보사회진흥원으로 연락하여 주시기 바랍니다."
cyber_violence,사이버폭력 실태조사,2024,2024년 사이버폭력 실태조사,cyber_violence_2024_27840_file2.pdf,37,2,1,지능정보; 폭력,https://www.nia.or.kr/site/nia_kor/ex/bbs/View.do?cbIdx=68302&bcIdx=27840&parentSeq=27840,7. 조사 체계 작성기관: 방송통신위원회 주관기관: 한국지능정보사회진흥원 수행기관: ㈜메트릭스 8. 조사 방법 학교 방문 집단 면접 조사(또는 온라인 조사) 전국 17개 시도에서 표본으로 선정된 학교를 전문 면접원이 방문해 조사 조사 대상 학교 선정 → 공문 발송 → 사전 접촉 → 본 조사 9. 결과 공표 공표 주기: 연 1회 공표 방법 l 통계청 국가통계포털(KOSIS) 등록 l 「2024년 사이버폭력 실태조사」 간행물 발간 l 방송통신위원회 및 한국지능정보사회진흥원 홈페이지 등록 l 보도자료 배포 등 9
cyber_violence,사이버폭력 실태조사,2024,2024년 사이버폭력 실태조사,cyber_violence_2024_27840_file2.pdf,131,2,1,지능정보; 폭력,https://www.nia.or.kr/site/nia_kor/ex/bbs/View.do?cbIdx=68302&bcIdx=27840&parentSeq=27840,7. 조사 체계 작성기관: 방송통신위원회 주관기관: 한국지능정보사회진흥원 수행기관: ㈜메트릭스 8. 조사 방법 태블릿 PC를 활용한 가구 방문 면접 조사 l 전국 17개 시도의 750개 조사구 내 표본으로 선정된 가구를 전문 면접원이 방문해 조사 l 조사구 사전 확인 조사 → 조사구 방문 및 협조 요청 → 원표본 가구 방문 → 조사 안내 및 설득 → 적격 가구원 여부 확인 → 조사 대상자 선정 → 설문 진행 9. 결과 공표 공표 주기: 연 1회 공표 방법 l 통계청 국가통계포털(KOSIS) 등록 l 「2024년 사이버폭력 실태조사」 간행물 발간 l 방송통신위원회 및 한국지능정보사회진흥원 홈페이지 등록 l 보도자료 배포 등 103
cyber_violence,사이버폭력 실태조사,2023,2023년 사이버폭력 실태조사,cyber_violence_2023_26483_file1.pdf,37,2,1,지능정보; 폭력,https://www.nia.or.kr/site/nia_kor/ex/bbs/View.do?cbIdx=68302&bcIdx=26483&parentSeq=26483,"7. 조사 체계 l 작성기관: 방송통신위원회 l 주관기관: 한국지능정보사회진흥원 l 수행기관: ㈜한국리서치 8. 조사 방법 l 학교 방문 집단 면접 조사(또는 온라인 조사) ü 전국 17개 시도에서 표본으로 선정된 학교를 전문 면접원이 방문해 조사 ü 조사 대상 학교 선정 → 공문 발송 → 사전 접촉 전화조사 → 본 조사 9. 결과 공표 l 공표 주기: 연 1회 l 공표 방법: ü 통계청, 국가통계포털(KOSIS) 게재 ü 「2023년 사이버폭력 실태조사」간행물 발간, 방송통신위원회 및 한국 지능정보사회진흥원 홈페이지 게재 ü 보도자료 배포 등 9"
cyber_violence,사이버폭력 실태조사,2023,2023년 사이버폭력 실태조사,cyber_violence_2023_26483_file1.pdf,125,2,1,지능정보; 폭력,https://www.nia.or.kr/site/nia_kor/ex/bbs/View.do?cbIdx=68302&bcIdx=26483&parentSeq=26483,"7. 조사 체계 l 작성기관: 방송통신위원회 l 주관기관: 한국지능정보사회진흥원 l 수행기관: ㈜한국리서치 8. 조사 방법 l 태블릿 PC를 활용한 가구 방문 면접 조사(TAPI: Tablet PC Assisted Personal Interviewing) ü 전국 17개 시도의 750개 조사구 내 표본으로 선정된 가구를 전문 면접원이 방문해 조사 ü 조사구 사전 확인 조사 → 조사구 방문 및 협조 요청 → 원표본 가구 방문 → 조사 안내 및 설득 → 적격 가구원 여부 확인 → 조사 대상자 선정 → 설문 진행 9. 결과 공표 l 공표 주기: 연 1회 l 공표 방법: ü 통계청, 국가통계포털(KOSIS) 게재 ü 「사이버폭력 실태조사 보고서」 방송통신위원회 및 한국지능정보사회 진흥원 홈페이지에 게재 ü 보도자료 배포 등 97"
cyber_violence,사이버폭력 실태조사,2023,2023년 사이버폭력 실태조사,cyber_violence_2023_26483_file1.pdf,509,4,2,지능정보; 폭력,https://www.nia.or.kr/site/nia_kor/ex/bbs/View.do?cbIdx=68302&bcIdx=26483&parentSeq=26483,"2023 사이버폭력 실태조사 발 행 일 2024년 2월 발 행 처 방송통신위원회, 한국지능정보사회진흥원 경기도 과천시 관문로 47(방송통신위원회) 주 소 대구광역시 동구 첨단로 53(한국지능정보사회진흥원) 전 화 053-230-1366 수 행 처 (주)한국리서치 본 보고서의 저작권은 방송통신위원회와 한국지능정보사회진흥원이 소유하고 있으며, 내용을 인용하고자 할 경우에는 반드시 「2023 사이버폭력 실태조사」 00쪽에서 인용하였음을 표시하여 주십시오. 이 책의 내용에 대한 질의는 한국지능정보사회진흥원으로 연락하여 주시기 바랍니다. [비매품]"
internet_use,인터넷이용실태조사,2025,2025년 인터넷이용실태조사 최종보고서,internet_use_2025_29198_file3.pdf,266,7,1,인공지능; AI; 상담,https://www.nia.or.kr/site/nia_kor/ex/bbs/View.do?cbIdx=99870&bcIdx=29198&parentSeq=29198,"인공지능 서비스에 대한 내용입니다. 만6세 이상만 응답해 주시기 바랍니다. 인공지능 서비스란? 인공지능(AI) 기술을 활용하여 각 산업 및 생활 분야에서 편의를 제공하는 서비스 예) 음성·생체인식 서비스, 개인 맞춤형 추천 서비스, 스마트 가전, 자율주행차량 등 24 다음에 제시된 인공지능(AI) 기술이 탑재된 기기나 활용되는 서비스가 실제로 우리 생활에 적용되고 있는지를 구별할 수 있다고 생각하십니까? 예 아니오 항 목 (✔) (✔) 1) 스마트홈(냉장고, 청소기, 조명/온도 조절) ☐ ☐ 2) 얼굴인식 잠금해제 ☐ ☐ 3) 고객 상담 챗봇을 통한 자동 응대 ☐ ☐ 4) AI 기반 상품 추천 시스템 ☐ ☐ 5) 재난정보 예측 및 사전제공 시스템 ☐ ☐ 6) 교통사고나 위험상황 징후 탐지 예고 ☐ ☐ 7) 드론 자동 비행 ☐ ☐ 10"
internet_use,인터넷이용실태조사,2025,2025년 인터넷이용실태조사 최종보고서,internet_use_2025_29198_file3.pdf,267,12,7,인공지능; AI; AI 서비스; 상담; 도움,https://www.nia.or.kr/site/nia_kor/ex/bbs/View.do?cbIdx=99870&bcIdx=29198&parentSeq=29198,"25 다음 중 인공지능 기술을 기반으로 서비스되는 분야에 대해 알고 있거나 경험이 있는 분야는 무엇입니까? 해당사항을 모두 선택해 주십시오. 해당 인공지능 기술 기반의 서비스가 귀하의 일상생활에서 얼마나 도움이 되거나 필요하다고 생각하십니까? 각 서비스별로 향후 이용하실 의향이 있으십니까? (경험없음만 (경험있음만 응답) 응답) 해당영역 수행에 있어 일상생활에서의 AI 서비스의 도움정도 향후 알고 경험 필요도 이용 항 목 있음 있음 (✔) (✔) 전혀 의향 도움이 도움이 도움이 매우 필요 있음 되지 도움이 하지 필요함 되지 됨 않음 됨 않음 않음 1) 교육·학습 맞춤형 학습(아이스크림에듀 AI홈런, 밀크T, 콴다(Qanda) ☐ ☐ ☐ ☐ ☐ ☐ ☐ ☐ ☐ 등), AI언어학습 앱(듀오링고, 스픽(Speak)등), 교육용 로봇(알버트 등) 2) 주거 편의 로봇청소기, AI 가전 "
internet_use,인터넷이용실태조사,2025,2025년 인터넷이용실태조사 최종보고서,internet_use_2025_29198_file3.pdf,268,10,2,인공지능; AI; 생성형; 심리; 도움,https://www.nia.or.kr/site/nia_kor/ex/bbs/View.do?cbIdx=99870&bcIdx=29198&parentSeq=29198,"26 [12세 이상만] 다음 중 경험한 생성형 AI 기반 서비스를 모두 선택해 주시고, 그 서비스를 본인이 직접 결제하시는 지 응답해 주십시오. 그리고 경험한 서비스의 이용 목적과 이용 만족도를 <보기>에서 각각 골라 주십시오. (경험있음만 응답) 경험 여부 경험 서비스 유료 결제 (✔) 이용 목적 여부 이용 만족도 (복수응답) (✔) 1) 챗 지피티(Chat GPT) ☐ ☐ ( ) ( ) 2) 제미니(Gemini) ☐ ☐ ( ) ( ) 3) 코파일럿(Copilot) ☐ ☐ ( ) ( ) 4) 클로바 X(CLOVA X) ☐ ☐ ( ) ( ) 5) 기타(적을 것 : _______________________________) ☐ ☐ ( ) ( ) 6) 경험해 본 적 없음 ☐ 이용 목적 보기 이용 만족도 보기 ① 단순 정보 검색 ① 매우 만족한다 ② 문서작업 보조(보고서, PPT 작"
internet_use,인터넷이용실태조사,2024,2024년 인터넷이용실태조사 최종보고서,internet_use_2024_27869_file6.pdf,7,13,1,인공지능; AI; 생성형; 도움,https://www.nia.or.kr/site/nia_kor/ex/bbs/View.do?cbIdx=99870&bcIdx=27869&parentSeq=27869,2024 인터넷이용 실태조사 SURVEY ON THE INTERNET USAGE CONTENTS PART 04 PART 04 Ⅵ. 인터넷 ‘신기술’ Ⅶ. 인터넷 ‘단절’ 1. 클라우드 서비스 이용 188 1. 인터넷 비이용자 현황 200 가. 클라우드 서비스 이용률 188 2. 인터넷 비이용 이유 202 나. 클라우드 서비스 이용목적 189 3. 인터넷 이용 의향 203 2. 인공지능 서비스 이용 190 가. 인공지능 서비스 이해도 및 식별 능력 190 나. 인공지능 서비스 인지율 191 다. 인공지능 서비스 인지 분야 191 PART 05 부록 라. 인공지능 서비스 경험률 192 마. 인공지능 서비스 이용경험 분야 192 1. 인터넷이용자 정의 205 바. 인공지능 서비스 도움 정도 193 2. OECD 국가 간 인터넷 주요 통계 비교 207 사. 인공지능 서비스 필요도 19
internet_use,인터넷이용실태조사,2024,2024년 인터넷이용실태조사 최종보고서,internet_use_2024_27869_file6.pdf,9,13,3,인공지능; AI; 생성형; AI 서비스; 도움,https://www.nia.or.kr/site/nia_kor/ex/bbs/View.do?cbIdx=99870&bcIdx=27869&parentSeq=27869,"(%, 만 12세 이상 인터넷 이용자 기준) 77 그림 35) 송금시 주 이용 인터넷 뱅킹 서비스(2개 항목 응답, %, 만 12세 이상 인터넷 뱅킹 이용자 기준) 77 그림 36) 성·연령별 클라우드 서비스 이용률(%, 만 12세 이상 인터넷 이용자 기준) 78 그림 37) 클라우드 서비스 이용목적(복수응답, %, 만 12세 이상 클라우드 서비스 이용자 기준) 78 그림 38) 성·연령별 인공지능 서비스 경험률(%, 만 6세 이상 인구 기준) 79 그림 39) 인공지능 서비스 이용경험 분야(복수응답, %, 만 6세 이상 인구 기준) 79 그림 40) 인공지능 서비스별 도움정도(도움이 됨+매우 도움이 됨)(%, 만 6세 이상 인공지능서비스 경험자 기준) 80 그림 41) 성·연령별 생성형 AI 서비스 경험률(%, 만 12세 이상 인터넷이용자 기준) 80 그림 42) 생성형 AI"
internet_use,인터넷이용실태조사,2024,2024년 인터넷이용실태조사 최종보고서,internet_use_2024_27869_file6.pdf,12,16,1,인공지능; AI; 생성형; 도움,https://www.nia.or.kr/site/nia_kor/ex/bbs/View.do?cbIdx=99870&bcIdx=27869&parentSeq=27869,"그림 6-4) 인공지능 서비스 이해도 및 식별 능력(%, 만 6세 이상 인구 기준) 190 그림 6-5) 성·연령별 인공지능 서비스 인지율(%, 만 6세 이상 인구 기준) 191 그림 6-6) 인공지능 서비스 인지 분야(복수응답, %, 만 6세 이상 인구 기준) 191 그림 6-7) 성·연령별 인공지능 서비스 이용 경험률(%, 만 6세 이상 인구 기준) 192 그림 6-8) 인공지능 서비스 이용경험 분야(복수응답, %, 만 6세 이상 인구 기준) 192 그림 6-9) 인공지능 서비스 도움 정도(복수응답, %, 만 6세 이상 해당 분야 경험자 기준) 193 그림 6-10) 인공지능 서비스 필요도(복수응답, %, 만 6세 이상 인구 기준) 193 그림 6-11) 인공지능 서비스 향후 이용 의향(복수응답, %, 만 6세 이상 인구 기준) 194 그림 6-12) 성·연령별 생성형 AI"
internet_use,인터넷이용실태조사,2024,2024년 인터넷이용실태조사 최종보고서,internet_use_2024_27869_file6.pdf,25,18,2,인공지능; AI; 알고리즘; AI 서비스; 심리; 도움,https://www.nia.or.kr/site/nia_kor/ex/bbs/View.do?cbIdx=99870&bcIdx=27869&parentSeq=27869,"Part.1 인포그래픽으로 보는 주요지표 인공지능 서비스 인식(%) _만 6세 이상 전체 그렇다 + AI 서비스에 대해 40% 이상이 긍정적으로 평가 매우그렇다 서비스 경험자는 미경험자보다 긍정적 인식이 더 높은 수준 전체 경험자 미경험자 64.7 54.6 51.9 46.2 54.8 42.8 43.3 51.3 40.3 44.7 51.7 43.1 44.3 52.1 41.0 49.1 58.2 46.8 정부, 기업의 AI기반 인공지능 서비스는 인공지능 서비스의 인공지능 서비스는 인공지능 서비스가 인공지능 서비스가 서비스는 사회전반에 나에게 심리적 도움, 개인정보 수집�처리방법을 모두에게 공정하고 제공하는 정보나 내 일상이나 업무에 긍정적인 영향을 준다 즐거움을 준다 신뢰할 수 있다 차별없는 서비스다 결과물을 신뢰할 수 있다 긍정적인 영향을 미칠 것이다 인공지능 서비스 활용 역량 및 "
internet_use,인터넷이용실태조사,2024,2024년 인터넷이용실태조사 최종보고서,internet_use_2024_27869_file6.pdf,29,7,3,인공지능; AI; 생성형; AI 서비스; 심리; 도움,https://www.nia.or.kr/site/nia_kor/ex/bbs/View.do?cbIdx=99870&bcIdx=27869&parentSeq=27869," 디지털 금융경제의 확산] ● 모바일 금융으로 중심 이동 인터넷뱅킹 이용률은 4.2%p 증가(80.7%), PC는 감소하고 모바일기기는 증가(2020년 대비) ● 인 터넷전문 은행과 간편 송금 서비스 이용 증가 기존 은행 이용은 소폭 감소(84.1%, 1.8%p↓), 인터넷전문 은행(49.0%, 10.6%p↑), 간편 송금 서비스(40.2%, 5.8%p↑)는 증가(2020년 대비) 빨라지는 인공지능 일상화 ● 인 공지능 서비스 인지율, 경험률 증가 인지율 8.0%p↑(82.6%)(2022년 대비), 경험률 27.9%p↑(60.3%)(2021년 대비) ※생성형 AI 서비스 경험률은 15.7%p로 약 2배 가까이 증가(2023년 대비) ● 인 공지능 서비스 경험자가 미경험자보다 긍정적으로 인식 인공지능 서비스 도움 정도, 필요도, 향후 이용 의향 모두 경험자가 미경험자보다 긍정적으"
internet_use,인터넷이용실태조사,2024,2024년 인터넷이용실태조사 최종보고서,internet_use_2024_27869_file6.pdf,34,1,1,지능정보; 상담,https://www.nia.or.kr/site/nia_kor/ex/bbs/View.do?cbIdx=99870&bcIdx=27869&parentSeq=27869,"’1), ‘한글햇살버스’2), ‘서울디지털동행플라자’3) 등 다양한 형태의 디지털 역량 교육 사업이 시행 중임 ⇒ 따 라서 고령층의 디지털 활용 능력 향상을 위해서 현재 시행되고 있는 다양한 정책 및 사업들의 지속적인 지원/강화와 함께 맞춤형 교육 컨텐츠 개발, 교육 접근성 강화, 지속적인 지원 체계 구축 등을 위한 제도적 환경이 마련되어야 함 1) ‘ 디지털 배움터’는 과학기술정통부와 한국지능정보사회진흥원(NIA)에서 주관하는 정책으로, 전국의 복지관, 주민센터, 도서관 등 911개소를 설치하여 시행 중임. 2021년 4월부터 ‘찾아가는 버스’ 사업이 전국 시도로 확대되어 지역별 디지털 격차를 줄이는 데에 기여하고 있음 2) ‘ 한글햇살버스’는 교육부 평생학습지원과에서 추진하는 사업으로, 고령층 등 디지털 소외 계층을 대상으로 키오스크 사용법, 배달 및 쇼핑 앱 이용법 등 디"
internet_use,인터넷이용실태조사,2024,2024년 인터넷이용실태조사 최종보고서,internet_use_2024_27869_file6.pdf,52,10,4,인공지능; 도움,https://www.nia.or.kr/site/nia_kor/ex/bbs/View.do?cbIdx=99870&bcIdx=27869&parentSeq=27869,"PART.1 PART.2 PART.3 PART.4 SURVEY ON THE INTERNET USAGE · 51 PART.5 2) 인공지능 기술에 대한 평가와 전망 추이 인공지능 서비스 ‘도움이 된다’ 모든 분야에서 90% 이상, 인공지능 서비스 ‘필요하다’, ‘향후 이용 의향 있다’는 미경험자보다 경험자가 높아 그림 34 분야별 인공지능 서비스 도움 정도 추이 (단위: %) 2023 2024 95.3 98.2 94.4 98.3 96.8 97.0 96.0 95.5 91.2 92.1 92.6 90.2 91.9 87.8 84.4 80.8 주거 편의 교통 교육�학습 커뮤니케이션/ AI기반 대화형 미디어 헬스케어 금융 친교 정보검색 ● 경험해 본 인공지능 서비스의 도움 정도를 물은 결과, 모든 분야에서 도움이 된다는 응답이 전년 대비 증가함 ● 2023년 대비 ‘금융’ 분야(11.1%p"
internet_use,인터넷이용실태조사,2024,2024년 인터넷이용실태조사 최종보고서,internet_use_2024_27869_file6.pdf,53,21,5,인공지능; 심리; 도움,https://www.nia.or.kr/site/nia_kor/ex/bbs/View.do?cbIdx=99870&bcIdx=27869&parentSeq=27869,"Part.2 인터넷이용 실태조사 심층분석 그림 36 인공지능 서비스 향후 이용 의향 - 경험자/미경험자 구분 (단위: %) 전체 경험자 미경험자 98.8 87.9 77.0 전체 경험자 미경험자 ● 향후 인공지능 서비스 이용 의향이 있다고 한 응답자는 87.9%로 나타남 ● 이를 인공지능 서비스 경험자와 미경험자로 구분하여 보면, 경험자는 98.8%로 거의 대부분이 향후 이용 의향이 있다고 응답한 반면, 미경험자의 경우 77.0%로 상대적으로 낮게 나타남 인공지능 서비스에 대한 전반적인 평가와 인식 전년 대비 하락, 미경험자보다 경험자가 더 긍정적으로 평가해 그림 37 인공지능 서비스에 대한 전반적인 인식 추이 (단위: %) 2023 2024 60.7 54.6 55.8 52.5 52.6 49.1 46.2 43.3 44.7 44.3 정부/기업의 인공지능 인공지능 서비스는 인공지능 "
internet_use,인터넷이용실태조사,2024,2024년 인터넷이용실태조사 최종보고서,internet_use_2024_27869_file6.pdf,54,21,2,인공지능; 심리; 도움,https://www.nia.or.kr/site/nia_kor/ex/bbs/View.do?cbIdx=99870&bcIdx=27869&parentSeq=27869,PART.1 PART.2 PART.3 PART.4 SURVEY ON THE INTERNET USAGE · 53 PART.5 그림 38 인공지능 서비스에 대한 전반적인 인식 - 경험자/미경험자 구분 (단위: %) 전체 경험자 미경험자 64.7 58.2 54.6 44.6 46.2 54.8 43.3 51.3 44.7 51.7 44.3 52.1 49.1 37.8 35.4 37.8 36.5 40.0 정부/기업의 인공지능 인공지능 서비스는 인공지능 서비스의 인공지능 서비스는 인공지능 서비스가 인공지능 서비스가 기반 서비스는 사회전반에 나에게 심리적 도움이나 개인정보 수집처리 방법을 모두에게 공정하고 제공하는 정보나 내 일상이나 업무에 긍정적인 긍정적인 영향을 줄 것이다 즐거움을 준다 신뢰할 수 있다 차별 없는 서비스이다 결과물을 신뢰할 수 있다 영향을 미칠 것이다 ● 인공지능 서비스에 대
internet_use,인터넷이용실태조사,2024,2024년 인터넷이용실태조사 최종보고서,internet_use_2024_27869_file6.pdf,81,17,6,인공지능; AI; 생성형; AI 서비스; 도움,https://www.nia.or.kr/site/nia_kor/ex/bbs/View.do?cbIdx=99870&bcIdx=27869&parentSeq=27869,"Part.3 요약본 인공지능 서비스별 도움 정도 인공지능 서비스의 도움 정도가 가장 높은 분야는 ‘교통’(98.3%) 만 6세 이상 인공지능서비스 경험자를 대상으로 각 서비스별 실제 도움정도에 대해, ‘교통’이 98.3%로 가장 높았으며 ‘주거 편의’(98.2%), ‘AI기반 대화형 정보검색’(97.0%), ‘교육/학습’(96.8%), ‘미디어’(96.0%) 등의 순으로 나타남 그림 40 인공지능 서비스별 도움정도(도움이 됨+매우 도움이 됨)(%, 만 6세 이상 인공지능서비스 경험자 기준) 98.3 98.2 97.0 96.8 96.0 95.5 92.1 91.9 교통 주거편의 AI기반대화형 교육/학습 미디어 헬스케어 커뮤니케이션/친교 금융 정보검색 생성형 AI 서비스 경험률 만 12세 이상 인터넷 이용자 중 33.3%가 생성형 AI 서비스를 경험 2024년 7월 기준 만 12세 "
internet_use,인터넷이용실태조사,2024,2024년 인터넷이용실태조사 최종보고서,internet_use_2024_27869_file6.pdf,110,11,1,인공지능; AI; 생성형; AI 서비스; 도움,https://www.nia.or.kr/site/nia_kor/ex/bbs/View.do?cbIdx=99870&bcIdx=27869&parentSeq=27869,PART.1 PART.2 PART.3 PART.4 SURVEY ON THE INTERNET USAGE · 109 PART.5 구분 문번 세부항목 26 인공지능 기술 이해도 및 식별 능력 인공지능 서비스 인지 및 경험 분야 인공지능 서비스 도움 정도 27 인공지능 서비스 일상생활 필요도 인공지능 서비스 인공지능 서비스 향후 이용 의향 28 생성형 AI 서비스 활용 상세경험 29 인공지능 서비스에 대한 의견 30 인공지능 서비스 활용 역량 및 윤리적 이용 웨어러블기기 이용 31 웨어러블기기 이용기능 32 최근 인터넷쇼핑 이용시기(PC/모바일) 33 인터넷쇼핑 구매빈도 및 횟수 34 인터넷쇼핑 월 평균 구매금액(해외직구 비중) 인터넷 쇼핑 이용 35 인터넷쇼핑 결제수단(PC/모바일) 가구원 부문 36 인터넷쇼핑 구매품목(PC/모바일) 37 인터넷쇼핑 이용 방식 38 인터넷쇼핑 비이용
internet_use,인터넷이용실태조사,2024,2024년 인터넷이용실태조사 최종보고서,internet_use_2024_27869_file6.pdf,194,7,5,인공지능; 도움,https://www.nia.or.kr/site/nia_kor/ex/bbs/View.do?cbIdx=99870&bcIdx=27869&parentSeq=27869,"PART.1 PART.2 PART.3 PART.4 SURVEY ON THE INTERNET USAGE · 193 PART.5 바. 인공지능 서비스 도움정도 인공지능 서비스 분야 경험자를 대상으로 인공지능 서비스가 해당 분야 수행에 있어 도움이 되었는지(‘도움이 됨’+‘매우 도움이 됨’)에 대해 물은 결과, 대부분의 분야에서 90% 이상의 높은 응답비율을 보였다. ‘교통’이 98.3%로 가장 높았으며 ‘주거 편의’(98.2%), ‘AI기반 대화형 정보검색’(97.0%), ‘교육/학습’(96.8%) 등의 순으로 나타났다. 그림 6-9 인공지능 서비스 도움 정도(%, 만 6세 이상 해당 분야 경험자 기준) 98.3 98.2 97.0 96.8 96.0 95.5 92.1 91.9 교통 주거 편의 AI기반 대화형 정보검색 교육/학습 미디어 헬스케어 커뮤니케이션/친교 금융 사. 인공지능 서"
internet_use,인터넷이용실태조사,2024,2024년 인터넷이용실태조사 최종보고서,internet_use_2024_27869_file6.pdf,197,11,2,인공지능; AI; 심리; 도움,https://www.nia.or.kr/site/nia_kor/ex/bbs/View.do?cbIdx=99870&bcIdx=27869&parentSeq=27869,"Part.4 Ⅵ. 인터넷 ’신기술‘ 차. 인공지능 서비스 인식 인공지능 서비스에 대한 평소 인식을 물은 결과, 긍정적 인식(‘그렇다’+‘매우 그렇다’)은 ‘정부/기업의 AI 기반 서비스는 사회전반에 긍정적인 영향을 줄 것이다’가 54.6%로 가장 높았으며, ‘인공지능 서비스가 내 일상이나 업무에 긍정적인 영향을 미칠 것이다’(49.1%) 등의 순이었다. 그림 6-14 인공지능 서비스 인식 정도(복수응답, %, 만 6세 이상 인구 기준) 정부/기업의 AI 기반 서비스는 사회전반에 54.6 긍정적인 영향을 줄 것이다 인공지능 서비스가 내 일상이나 업무에 49.1 긍정적인 영향을 미칠 것이다 인공지능 서비스는 나에게 46.2 심리적 도움이나 즐거움을 준다 인공지능 서비스는 모두에게 44.7 공정하고 차별 없는 서비스이다 인공지능 서비스가 제공하는 44.3 정보나 결과물을 신뢰할 수 "
internet_use,인터넷이용실태조사,2024,2024년 인터넷이용실태조사 최종보고서,internet_use_2024_27869_file6.pdf,218,9,1,인공지능; AI; 생성형; 도움,https://www.nia.or.kr/site/nia_kor/ex/bbs/View.do?cbIdx=99870&bcIdx=27869&parentSeq=27869,"PART.1 PART.2 PART.3 PART.4 SURVEY ON THE INTERNET USAGE · 217 ･ ･ ･ ･ PART.･5 PART 1 PART 2 PART 3 PART 4 PART 5 Part.5 부록 구분 조사 내용 조사 시기 구분 조사 내용 조사 시기 ’07.06, ’08-’12, ’15-’16 인공지능 음성인식서비스 이용기기(이용률) ’19-’21 신문 이용여부, 이용빈도 이용여부 ’17-’24 인공지능 음성인식서비스 주 이용 기능 ’19-’20 이용방법 이용시간 ’10 인공지능 서비스 인지여부 ’22-’24 ’13 인공지능 인공지능 서비스 이용경험 ’21-’24 ’07.06, ’08-’12, ’15-’16 서비스 이용 이용여부, 이용빈도 이용여부 ’17-’24 인공지능 서비스 도움정도 ’23-’24 라디오 이용방법 이용시간 ’07.06, ’08-’09"
internet_use,인터넷이용실태조사,2024,2024년 인터넷이용실태조사 최종보고서,internet_use_2024_27869_file6.pdf,241,14,6,인공지능; AI; 알고리즘; 상담; 도움,https://www.nia.or.kr/site/nia_kor/ex/bbs/View.do?cbIdx=99870&bcIdx=27869&parentSeq=27869,"인인공공지지능능 서서비비스스에에 대대한한 내내용용입입니니다다.. 만만66세세 이이상상만만 응응답답해해 주주시시기기 바바랍랍니니다다.. 인공지능 서비스란?? 인공지능(AI) 기술을 활용하여 각 산업 및 생활 분야에서 편의를 제공하는 서비스 예) 음성·생체인식 서비스, 개인 맞춤형 추천 서비스, 스마트 가전, 자율주행차량 등 2266.. 인인공공지지능능과과 관관련련한한 다다음음의의 항항목목에에 대대해해 귀귀하하께께서서 해해당당되되는는 곳곳을을 선선택택해해 주주십십시시오오.. 전전혀혀 그그렇렇지지 보보통통 매매우우 항항 목목 그그렇렇다다 그그렇렇지지 않않다다 않않다다 이이다다 그그렇렇다다 1) 인공지능 기술이 적용된 서비스/기기와 그렇지 않은 서비스/기기를 구분할 수 있다 ☐ ☐ ☐ ☐ ☐ (예 : 생활가전, 로봇, 드론 등) 2) 인공지능 기술이 우리 삶에 적용된 사례를 식별할 수"
internet_use,인터넷이용실태조사,2024,2024년 인터넷이용실태조사 최종보고서,internet_use_2024_27869_file6.pdf,242,27,8,인공지능; AI; 알고리즘; 심리; 상담; 도움,https://www.nia.or.kr/site/nia_kor/ex/bbs/View.do?cbIdx=99870&bcIdx=27869&parentSeq=27869,"2288.. [[1122세세 이이상상만만]] 생생성성형형 AAII 기기반반 서서비비스스((챗챗 지지피피티티((CChhaatt GGPPTT)),, 제제미미니니((GGeemmiinnii)),, 코코파파일일럿럿((CCooppiilloott)),, 클클로로바바 XX((CCLLOOVVAA XX)) 등등))를를 통통해해 인인공공지지능능 서서비비스스에에 대대한한 내내용용입입니니다다.. 만만66세세 이이상상만만 응응답답해해 주주시시기기 바바랍랍니니다다.. 경경험험해해 본본 상상세세 활활동동은은 주주로로 무무엇엇입입니니까까?? 해해당당사사항항을을 모모두두 선선택택해해주주십십시시오오.. 인공지능 서비스란?? ☐① 단순 정보 검색 인공지능(AI) 기술을 활용하여 각 산업 및 생활 분야에서 편의를 제공하는 서비스 ☐② 문서작업 보조(보고서, PPT 작성, 작문, 요약 등) 예) 음성·생체인식 서비스"
