region,year,age,deaths,rate,age_population_est
강원도,1996,40 - 44세,27.0,50.6,53359.68379446641
강원도,1996,45 - 49세,21.0,57.7,36395.14731369151
강원도,1996,50 - 54세,17.0,42.7,39812.646370023416
강원도,1996,55 - 59세,22.0,54.5,40366.97247706422
강원도,1996,60 - 64세,13.0,48.5,26804.123711340206
강원도,1997,40 - 44세,25.0,43.2,57870.37037037037
강원도,1997,45 - 49세,19.0,51.4,36964.980544747086
강원도,1997,50 - 54세,21.0,54.7,38391.22486288848
강원도,1997,55 - 59세,14.0,34.2,40935.67251461988
강원도,1997,60 - 64세,12.0,40.3,29776.674937965265
강원도,1998,40 - 44세,35.0,56.6,61837.45583038869
강원도,1998,45 - 49세,30.0,76.8,39062.5
강원도,1998,50 - 54세,35.0,93.0,37634.408602150535
강원도,1998,55 - 59세,29.0,70.5,41134.75177304964
강원도,1998,60 - 64세,27.0,83.0,32530.12048192771
강원도,1999,40 - 44세,39.0,59.4,65656.56565656565
강원도,1999,45 - 49세,28.0,67.0,41791.0447761194
강원도,1999,50 - 54세,14.0,37.6,37234.04255319149
강원도,1999,55 - 59세,18.0,44.7,40268.45637583893
강원도,1999,60 - 64세,21.0,60.0,35000.0
강원도,2000,40 - 44세,24.0,35.1,68376.06837606838
강원도,2000,45 - 49세,16.0,34.3,46647.23032069971
강원도,2000,50 - 54세,17.0,46.4,36637.93103448276
강원도,2000,55 - 59세,25.0,63.9,39123.63067292645
강원도,2000,60 - 64세,18.0,49.1,36659.87780040733
강원도,2001,40 - 44세,32.0,45.1,70953.43680709534
강원도,2001,45 - 49세,27.0,51.5,52427.18446601942
강원도,2001,50 - 54세,22.0,61.9,35541.19547657512
강원도,2001,55 - 59세,22.0,58.0,37931.034482758616
강원도,2001,60 - 64세,34.0,90.5,37569.06077348066
강원도,2002,40 - 44세,39.0,54.2,71955.71955719557
강원도,2002,45 - 49세,37.0,65.0,56923.07692307692
강원도,2002,50 - 54세,34.0,94.0,36170.21276595745
강원도,2002,55 - 59세,22.0,60.0,36666.666666666664
강원도,2002,60 - 64세,21.0,54.6,38461.53846153846
강원도,2003,40 - 44세,46.0,64.8,70987.65432098765
강원도,2003,45 - 49세,36.0,59.7,60301.507537688434
강원도,2003,50 - 54세,26.0,68.1,38179.148311306904
강원도,2003,55 - 59세,37.0,102.9,35957.24003887269
강원도,2003,60 - 64세,48.0,124.0,38709.67741935484
강원도,2004,40 - 44세,43.0,62.1,69243.15619967793
강원도,2004,45 - 49세,43.0,67.4,63798.21958456973
강원도,2004,50 - 54세,32.0,78.5,40764.331210191085
강원도,2004,55 - 59세,30.0,84.1,35671.8192627824
강원도,2004,60 - 64세,33.0,87.1,37887.48564867968
강원도,2005,40 - 44세,43.0,64.3,66874.02799377916
강원도,2005,45 - 49세,39.0,58.7,66439.52299829642
강원도,2005,50 - 54세,29.0,63.8,45454.545454545456
강원도,2005,55 - 59세,32.0,90.8,35242.29074889868
강원도,2005,60 - 64세,40.0,108.5,36866.35944700461
강원도,2006,40 - 44세,30.0,46.5,64516.12903225806
강원도,2006,45 - 49세,46.0,66.8,68862.2754491018
강원도,2006,50 - 54세,35.0,68.3,51244.50951683749
강원도,2006,55 - 59세,25.0,72.8,34340.65934065934
강원도,2006,60 - 64세,32.0,89.2,35874.439461883405
강원도,2007,40 - 44세,29.0,46.1,62906.72451193058
강원도,2007,45 - 49세,42.0,59.9,70116.86143572621
강원도,2007,50 - 54세,33.0,59.2,55743.24324324325
강원도,2007,55 - 59세,37.0,104.9,35271.68732125834
강원도,2007,60 - 64세,35.0,99.8,35070.14028056112
강원도,2008,40 - 44세,25.0,39.7,62972.292191435765
강원도,2008,45 - 49세,29.0,41.5,69879.51807228915
강원도,2008,50 - 54세,45.0,75.4,59681.69761273209
강원도,2008,55 - 59세,26.0,69.2,37572.25433526011
강원도,2008,60 - 64세,25.0,71.6,34916.201117318444
강원도,2009,40 - 44세,28.0,43.4,64516.12903225806
강원도,2009,45 - 49세,42.0,61.0,68852.45901639345
강원도,2009,50 - 54세,53.0,83.2,63701.92307692307
강원도,2009,55 - 59세,37.0,91.4,40481.40043763676
강원도,2009,60 - 64세,33.0,94.1,35069.075451647186
강원도,2010,40 - 44세,32.0,48.7,65708.41889117043
강원도,2010,45 - 49세,52.0,77.7,66924.06692406692
강원도,2010,50 - 54세,48.0,72.1,66574.2024965326
강원도,2010,55 - 59세,37.0,81.6,45343.137254901965
강원도,2010,60 - 64세,39.0,111.9,34852.546916890074
강원도,2011,40 - 44세,39.0,58.6,66552.9010238908
강원도,2011,45 - 49세,48.0,73.8,65040.650406504064
강원도,2011,50 - 54세,51.0,73.6,69293.47826086957
강원도,2011,55 - 59세,42.0,81.9,51282.051282051274
강원도,2011,60 - 64세,40.0,117.0,34188.03418803419
강원도,2012,40 - 44세,24.0,35.8,67039.1061452514
강원도,2012,45 - 49세,43.0,67.7,63515.509601181686
강원도,2012,50 - 54세,41.0,57.9,70811.74438687392
강원도,2012,55 - 59세,32.0,57.2,55944.05594405594
강원도,2012,60 - 64세,39.0,110.6,35262.2061482821
강원도,2013,40 - 44세,38.0,57.0,66666.66666666666
강원도,2013,45 - 49세,36.0,56.6,63604.24028268551
강원도,2013,50 - 54세,41.0,58.0,70689.6551724138
강원도,2013,55 - 59세,40.0,66.8,59880.239520958086
강원도,2013,60 - 64세,38.0,100.8,37698.4126984127
강원도,2014,40 - 44세,46.0,70.5,65248.22695035461
강원도,2014,45 - 49세,41.0,63.0,65079.36507936508
강원도,2014,50 - 54세,39.0,56.0,69642.85714285714
강원도,2014,55 - 59세,52.0,81.5,63803.68098159509
강원도,2014,60 - 64세,29.0,71.2,40730.33707865168
강원도,2015,40 - 44세,34.0,53.7,63314.7113594041
강원도,2015,45 - 49세,47.0,70.9,66290.55007052186
강원도,2015,50 - 54세,45.0,66.4,67771.0843373494
강원도,2015,55 - 59세,51.0,76.2,66929.13385826771
강원도,2015,60 - 64세,34.0,74.4,45698.92473118279
강원도,2016,40 - 44세,27.0,44.5,60674.15730337079
강원도,2016,45 - 49세,37.0,55.2,67028.98550724637
강원도,2016,50 - 54세,51.0,77.3,65976.71410090556
강원도,2016,55 - 59세,40.0,57.2,69930.06993006992
강원도,2016,60 - 64세,35.0,67.5,51851.85185185185
강원도,2017,40 - 44세,19.0,32.8,57926.82926829269
강원도,2017,45 - 49세,33.0,48.9,67484.66257668711
강원도,2017,50 - 54세,34.0,52.7,64516.12903225806
강원도,2017,55 - 59세,49.0,68.2,71847.50733137829
강원도,2017,60 - 64세,39.0,68.7,56768.55895196507
강원도,2018,40 - 44세,42.0,76.5,54901.96078431373
강원도,2018,45 - 49세,30.0,44.7,67114.09395973153
강원도,2018,50 - 54세,35.0,54.2,64575.645756457554
강원도,2018,55 - 59세,38.0,52.8,71969.69696969698
강원도,2018,60 - 64세,29.0,47.6,60924.36974789915
강원도,2019,40 - 44세,25.0,47.7,52410.90146750523
강원도,2019,45 - 49세,41.0,62.4,65705.1282051282
강원도,2019,50 - 54세,37.0,56.1,65953.6541889483
강원도,2019,55 - 59세,53.0,74.7,70950.46854082998
강원도,2019,60 - 64세,35.0,53.8,65055.762081784385
강원도,2020,40 - 44세,25.0,48.5,51546.391752577314
강원도,2020,45 - 49세,38.0,59.6,63758.38926174496
강원도,2020,50 - 54세,34.0,50.6,67193.67588932806
강원도,2020,55 - 59세,38.0,54.8,69343.06569343066
강원도,2020,60 - 64세,36.0,52.5,68571.42857142857
강원도,2021,40 - 44세,29.0,56.1,51693.40463458111
강원도,2021,45 - 49세,35.0,57.2,61188.81118881119
강원도,2021,50 - 54세,27.0,39.5,68354.43037974683
강원도,2021,55 - 59세,35.0,51.8,67567.56756756756
강원도,2021,60 - 64세,35.0,48.7,71868.58316221766
강원도,2022,40 - 44세,20.0,38.4,52083.333333333336
강원도,2022,45 - 49세,41.0,70.2,58404.558404558404
강원도,2022,50 - 54세,36.0,52.3,68833.65200764818
강원도,2022,55 - 59세,43.0,65.0,66153.84615384616
강원도,2022,60 - 64세,44.0,59.4,74074.07407407409
강원도,2023,40 - 44세,25.0,48.0,52083.333333333336
강원도,2023,45 - 49세,27.0,48.7,55441.47843942505
강원도,2023,50 - 54세,40.0,58.6,68259.385665529
강원도,2023,55 - 59세,39.0,58.9,66213.92190152801
강원도,2023,60 - 64세,40.0,54.0,74074.07407407407
강원도,2024,40 - 44세,26.0,51.4,50583.65758754864
강원도,2024,45 - 49세,32.0,60.5,52892.561983471074
강원도,2024,50 - 54세,41.0,61.5,66666.66666666666
강원도,2024,55 - 59세,49.0,72.7,67400.27510316369
강원도,2024,60 - 64세,37.0,50.8,72834.64566929135
경기도,1996,40 - 44세,74.0,25.1,294820.7171314741
경기도,1996,45 - 49세,44.0,23.4,188034.18803418806
경기도,1996,50 - 54세,44.0,28.9,152249.13494809688
경기도,1996,55 - 59세,44.0,33.0,133333.3333333333
경기도,1996,60 - 64세,52.0,53.3,97560.9756097561
경기도,1997,40 - 44세,72.0,21.8,330275.2293577981
경기도,1997,45 - 49세,55.0,27.4,200729.9270072993
경기도,1997,50 - 54세,59.0,37.2,158602.1505376344
경기도,1997,55 - 59세,58.0,40.4,143564.35643564357
경기도,1997,60 - 64세,44.0,41.0,107317.07317073172
경기도,1998,40 - 44세,126.0,34.5,365217.3913043478
경기도,1998,45 - 49세,97.0,44.9,216035.6347438753
경기도,1998,50 - 54세,86.0,51.6,166666.66666666666
경기도,1998,55 - 59세,78.0,51.7,150870.40618955513
경기도,1998,60 - 64세,72.0,62.4,115384.61538461539
경기도,1999,40 - 44세,92.0,22.9,401746.72489082976
경기도,1999,45 - 49세,87.0,37.3,233243.96782841824
경기도,1999,50 - 54세,56.0,31.6,177215.18987341772
경기도,1999,55 - 59세,57.0,37.3,152815.01340482576
경기도,1999,60 - 64세,66.0,53.7,122905.0279329609
경기도,2000,40 - 44세,96.0,22.0,436363.63636363635
경기도,2000,45 - 49세,83.0,31.6,262658.22784810123
경기도,2000,50 - 54세,66.0,35.0,188571.42857142858
경기도,2000,55 - 59세,67.0,43.2,155092.59259259258
경기도,2000,60 - 64세,55.0,42.6,129107.98122065728
경기도,2001,40 - 44세,106.0,22.4,473214.28571428574
경기도,2001,45 - 49세,96.0,32.0,300000.0
경기도,2001,50 - 54세,72.0,36.6,196721.31147540984
경기도,2001,55 - 59세,66.0,41.3,159806.29539951574
경기도,2001,60 - 64세,71.0,52.1,136276.39155470248
경기도,2002,40 - 44세,140.0,27.7,505415.1624548736
경기도,2002,45 - 49세,122.0,36.4,335164.83516483515
경기도,2002,50 - 54세,97.0,46.3,209503.23974082075
경기도,2002,55 - 59세,78.0,46.9,166311.30063965885
경기도,2002,60 - 64세,102.0,68.8,148255.81395348837
경기도,2003,40 - 44세,173.0,32.9,525835.8662613982
경기도,2003,45 - 49세,168.0,45.3,370860.9271523179
경기도,2003,50 - 54세,105.0,46.4,226293.10344827588
경기도,2003,55 - 59세,107.0,60.7,176276.77100494233
경기도,2003,60 - 64세,109.0,68.9,158200.29027576197
경기도,2004,40 - 44세,194.0,36.2,535911.6022099447
경기도,2004,45 - 49세,176.0,43.0,409302.32558139536
경기도,2004,50 - 54세,141.0,57.6,244791.66666666666
경기도,2004,55 - 59세,114.0,60.5,188429.7520661157
경기도,2004,60 - 64세,141.0,87.2,161697.24770642203
경기도,2005,40 - 44세,176.0,32.6,539877.3006134969
경기도,2005,45 - 49세,196.0,44.1,444444.44444444444
경기도,2005,50 - 54세,146.0,53.3,273921.20075046906
경기도,2005,55 - 59세,113.0,56.5,200000.0
경기도,2005,60 - 64세,166.0,101.0,164356.43564356436
경기도,2006,40 - 44세,137.0,25.5,537254.9019607842
경기도,2006,45 - 49세,193.0,40.2,480099.5024875622
경기도,2006,50 - 54세,153.0,49.4,309716.5991902834
경기도,2006,55 - 59세,117.0,56.5,207079.64601769912
경기도,2006,60 - 64세,123.0,73.3,167803.54706684858
경기도,2007,40 - 44세,150.0,28.2,531914.8936170213
경기도,2007,45 - 49세,173.0,33.9,510324.4837758112
경기도,2007,50 - 54세,128.0,37.4,342245.9893048128
경기도,2007,55 - 59세,90.0,41.5,216867.46987951806
경기도,2007,60 - 64세,121.0,70.3,172119.4879089616
경기도,2008,40 - 44세,168.0,31.1,540192.926045016
경기도,2008,45 - 49세,215.0,40.8,526960.7843137255
경기도,2008,50 - 54세,177.0,47.2,374999.99999999994
경기도,2008,55 - 59세,133.0,57.5,231304.34782608695
경기도,2008,60 - 64세,99.0,54.8,180656.93430656934
경기도,2009,40 - 44세,230.0,41.5,554216.8674698794
경기도,2009,45 - 49세,241.0,45.0,535555.5555555555
경기도,2009,50 - 54세,265.0,64.3,412130.6376360809
경기도,2009,55 - 59세,173.0,69.6,248563.2183908046
경기도,2009,60 - 64세,147.0,76.4,192408.37696335078
경기도,2010,40 - 44세,223.0,39.3,567430.0254452927
경기도,2010,45 - 49세,264.0,49.0,538775.5102040817
경기도,2010,50 - 54세,245.0,54.8,447080.291970803
경기도,2010,55 - 59세,192.0,69.4,276657.06051873195
경기도,2010,60 - 64세,143.0,70.3,203413.94025604552
경기도,2011,40 - 44세,246.0,42.2,582938.3886255923
경기도,2011,45 - 49세,264.0,49.2,536585.3658536585
경기도,2011,50 - 54세,285.0,59.3,480607.08263069147
경기도,2011,55 - 59세,209.0,66.9,312406.576980568
경기도,2011,60 - 64세,159.0,75.7,210039.63011889035
경기도,2012,40 - 44세,232.0,38.8,597938.1443298969
경기도,2012,45 - 49세,247.0,46.4,532327.5862068966
경기도,2012,50 - 54세,252.0,49.5,509090.90909090906
경기도,2012,55 - 59세,203.0,59.1,343485.6175972927
경기도,2012,60 - 64세,144.0,65.8,218844.98480243163
경기도,2013,40 - 44세,236.0,39.1,603580.5626598465
경기도,2013,45 - 49세,283.0,52.6,538022.8136882129
경기도,2013,50 - 54세,309.0,59.0,523728.81355932204
경기도,2013,55 - 59세,223.0,59.5,374789.91596638656
경기도,2013,60 - 64세,158.0,68.1,232011.74743024967
경기도,2014,40 - 44세,242.0,40.3,600496.2779156328
경기도,2014,45 - 49세,253.0,45.8,552401.7467248909
경기도,2014,50 - 54세,296.0,55.7,531418.3123877918
경기도,2014,55 - 59세,238.0,58.1,409638.5542168675
경기도,2014,60 - 64세,162.0,65.4,247706.42201834862
경기도,2015,40 - 44세,214.0,36.3,589531.6804407714
경기도,2015,45 - 49세,234.0,41.5,563855.421686747
경기도,2015,50 - 54세,285.0,53.4,533707.8651685393
경기도,2015,55 - 59세,228.0,51.6,441860.4651162791
경기도,2015,60 - 64세,160.0,58.2,274914.08934707905
경기도,2016,40 - 44세,201.0,35.1,572649.5726495726
경기도,2016,45 - 49세,245.0,42.2,580568.7203791469
경기도,2016,50 - 54세,229.0,43.1,531322.5058004641
경기도,2016,55 - 59세,193.0,40.6,475369.45812807884
경기도,2016,60 - 64세,178.0,57.4,310104.52961672476
경기도,2017,40 - 44세,172.0,30.9,556634.3042071197
경기도,2017,45 - 49세,252.0,42.1,598574.8218527315
경기도,2017,50 - 54세,221.0,41.8,528708.1339712918
경기도,2017,55 - 59세,211.0,41.8,504784.68899521534
경기도,2017,60 - 64세,145.0,42.4,341981.13207547175
경기도,2018,40 - 44세,182.0,33.4,544910.1796407186
경기도,2018,45 - 49세,278.0,45.7,608315.0984682713
경기도,2018,50 - 54세,249.0,46.3,537796.9762419006
경기도,2018,55 - 59세,248.0,47.5,522105.2631578948
경기도,2018,60 - 64세,179.0,47.9,373695.1983298539
경기도,2019,40 - 44세,194.0,36.0,538888.8888888889
경기도,2019,45 - 49세,261.0,42.7,611241.2177985947
경기도,2019,50 - 54세,249.0,44.9,554565.7015590201
경기도,2019,55 - 59세,269.0,50.6,531620.5533596838
경기도,2019,60 - 64세,207.0,50.5,409900.9900990099
경기도,2020,40 - 44세,184.0,33.6,547619.0476190476
경기도,2020,45 - 49세,240.0,39.6,606060.6060606061
경기도,2020,50 - 54세,219.0,38.4,570312.5
경기도,2020,55 - 59세,240.0,44.7,536912.7516778522
경기도,2020,60 - 64세,185.0,41.7,443645.0839328537
경기도,2021,40 - 44세,174.0,30.8,564935.0649350649
경기도,2021,45 - 49세,195.0,32.9,592705.1671732523
경기도,2021,50 - 54세,219.0,37.0,591891.891891892
경기도,2021,55 - 59세,202.0,37.6,537234.0425531915
경기도,2021,60 - 64세,202.0,42.3,477541.37115839246
경기도,2022,40 - 44세,192.0,33.1,580060.422960725
경기도,2022,45 - 49세,206.0,35.7,577030.81232493
경기도,2022,50 - 54세,213.0,34.9,610315.1862464184
경기도,2022,55 - 59세,215.0,40.2,534825.8706467662
경기도,2022,60 - 64세,190.0,37.7,503978.77984084876
경기도,2023,40 - 44세,208.0,35.3,589235.1274787536
경기도,2023,45 - 49세,227.0,40.5,560493.8271604938
경기도,2023,50 - 54세,283.0,45.8,617903.9301310044
경기도,2023,55 - 59세,249.0,46.1,540130.1518438178
경기도,2023,60 - 64세,259.0,50.0,518000.0
경기도,2024,40 - 44세,258.0,44.3,582392.7765237021
경기도,2024,45 - 49세,333.0,60.5,550413.2231404958
경기도,2024,50 - 54세,342.0,55.5,616216.2162162162
경기도,2024,55 - 59세,293.0,52.8,554924.2424242424
경기도,2024,60 - 64세,274.0,52.2,524904.214559387
경상남도,1996,40 - 44세,35.0,24.6,142276.42276422764
경상남도,1996,45 - 49세,28.0,27.2,102941.17647058825
경상남도,1996,50 - 54세,26.0,32.6,79754.60122699387
경상남도,1996,55 - 59세,26.0,35.2,73863.63636363635
경상남도,1996,60 - 64세,18.0,31.5,57142.85714285714
경상남도,1997,40 - 44세,36.0,32.5,110769.23076923078
경상남도,1997,45 - 49세,37.0,45.6,81140.35087719298
경상남도,1997,50 - 54세,18.0,29.2,61643.83561643836
경상남도,1997,55 - 59세,18.0,28.7,62717.77003484321
경상남도,1997,60 - 64세,20.0,39.2,51020.40816326531
경상남도,1998,40 - 44세,63.0,53.1,118644.06779661016
경상남도,1998,45 - 49세,57.0,68.0,83823.52941176471
경상남도,1998,50 - 54세,37.0,58.3,63464.83704974272
경상남도,1998,55 - 59세,58.0,90.8,63876.651982378855
경상남도,1998,60 - 64세,40.0,75.8,52770.44854881267
경상남도,1999,40 - 44세,48.0,38.0,126315.7894736842
경상남도,1999,45 - 49세,36.0,41.4,86956.52173913043
경상남도,1999,50 - 54세,33.0,49.1,67209.77596741344
경상남도,1999,55 - 59세,33.0,52.2,63218.3908045977
경상남도,1999,60 - 64세,25.0,45.9,54466.23093681917
경상남도,2000,40 - 44세,47.0,35.3,133144.4759206799
경상남도,2000,45 - 49세,33.0,35.3,93484.4192634561
경상남도,2000,50 - 54세,35.0,48.9,71574.64212678936
경상남도,2000,55 - 59세,28.0,45.6,61403.508771929824
경상남도,2000,60 - 64세,31.0,55.8,55555.555555555555
경상남도,2001,40 - 44세,40.0,28.5,140350.87719298244
경상남도,2001,45 - 49세,31.0,30.6,101307.18954248365
경상남도,2001,50 - 54세,34.0,45.1,75388.0266075388
경상남도,2001,55 - 59세,36.0,60.4,59602.64900662252
경상남도,2001,60 - 64세,32.0,56.5,56637.16814159292
경상남도,2002,40 - 44세,51.0,34.9,146131.80515759313
경상남도,2002,45 - 49세,35.0,32.4,108024.6913580247
경상남도,2002,50 - 54세,46.0,58.1,79173.83820998279
경상남도,2002,55 - 59세,32.0,54.0,59259.259259259255
경상남도,2002,60 - 64세,42.0,71.7,58577.40585774058
경상남도,2003,40 - 44세,69.0,46.6,148068.669527897
경상남도,2003,45 - 49세,66.0,57.0,115789.47368421053
경상남도,2003,50 - 54세,51.0,62.1,82125.6038647343
경상남도,2003,55 - 59세,52.0,84.7,61393.152302243216
경상남도,2003,60 - 64세,42.0,69.9,60085.836909871236
경상남도,2004,40 - 44세,56.0,38.2,146596.85863874346
경상남도,2004,45 - 49세,86.0,69.6,123563.21839080461
경상남도,2004,50 - 54세,47.0,55.1,85299.4555353902
경상남도,2004,55 - 59세,59.0,90.4,65265.486725663715
경상남도,2004,60 - 64세,53.0,88.5,59887.00564971752
경상남도,2005,40 - 44세,62.0,43.1,143851.50812064964
경상남도,2005,45 - 49세,71.0,54.2,130996.30996309963
경상남도,2005,50 - 54세,46.0,49.9,92184.36873747496
경상남도,2005,55 - 59세,36.0,51.7,69632.49516441005
경상남도,2005,60 - 64세,49.0,83.7,58542.41338112306
경상남도,2006,40 - 44세,51.0,36.1,141274.2382271468
경상남도,2006,45 - 49세,59.0,42.5,138823.5294117647
경상남도,2006,50 - 54세,67.0,66.9,100149.47683109116
경상남도,2006,55 - 59세,47.0,63.8,73667.71159874609
경상남도,2006,60 - 64세,33.0,57.6,57291.666666666664
경상남도,2007,40 - 44세,53.0,38.1,139107.61154855642
경상남도,2007,45 - 49세,62.0,42.8,144859.81308411216
경상남도,2007,50 - 54세,57.0,53.0,107547.16981132075
경상남도,2007,55 - 59세,52.0,67.0,77611.94029850747
경상남도,2007,60 - 64세,41.0,71.6,57262.569832402245
경상남도,2008,40 - 44세,55.0,39.0,141025.64102564103
경상남도,2008,45 - 49세,63.0,42.7,147540.98360655736
경상남도,2008,50 - 54세,59.0,51.1,115459.88258317026
경상남도,2008,55 - 59세,44.0,54.4,80882.35294117648
경상남도,2008,60 - 64세,49.0,82.0,59756.097560975606
경상남도,2009,40 - 44세,68.0,46.6,145922.7467811159
경상남도,2009,45 - 49세,87.0,59.2,146959.45945945944
경상남도,2009,50 - 54세,76.0,61.4,123778.50162866451
경상남도,2009,55 - 59세,46.0,54.3,84714.54880294659
경상남도,2009,60 - 64세,52.0,81.3,63960.639606396064
경상남도,2010,40 - 44세,68.0,45.5,149450.54945054944
경상남도,2010,45 - 49세,76.0,52.6,144486.69201520912
경상남도,2010,50 - 54세,66.0,50.2,131474.10358565737
경상남도,2010,55 - 59세,65.0,70.9,91678.42031029618
경상남도,2010,60 - 64세,58.0,84.7,68476.97756788666
경상남도,2011,40 - 44세,76.0,50.1,151696.60678642715
경상남도,2011,45 - 49세,76.0,53.6,141791.04477611938
경상남도,2011,50 - 54세,81.0,58.2,139175.25773195876
경상남도,2011,55 - 59세,71.0,71.0,100000.0
경상남도,2011,60 - 64세,64.0,88.2,72562.358276644
경상남도,2012,40 - 44세,63.0,41.1,153284.6715328467
경상남도,2012,45 - 49세,70.0,50.0,140000.0
경상남도,2012,50 - 54세,78.0,53.7,145251.3966480447
경상남도,2012,55 - 59세,61.0,56.8,107394.3661971831
경상남도,2012,60 - 64세,37.0,48.2,76763.48547717842
경상남도,2013,40 - 44세,76.0,49.6,153225.8064516129
경상남도,2013,45 - 49세,60.0,42.4,141509.43396226416
경상남도,2013,50 - 54세,69.0,46.8,147435.89743589744
경상남도,2013,55 - 59세,76.0,65.9,115326.25189681334
경상남도,2013,60 - 64세,56.0,69.9,80114.44921316166
경상남도,2014,40 - 44세,69.0,45.6,151315.7894736842
경상남도,2014,45 - 49세,71.0,48.6,146090.53497942386
경상남도,2014,50 - 54세,77.0,52.5,146666.66666666666
경상남도,2014,55 - 59세,59.0,47.7,123689.72746331237
경상남도,2014,60 - 64세,42.0,50.1,83832.33532934131
경상남도,2015,40 - 44세,59.0,40.0,147500.0
경상남도,2015,45 - 49세,66.0,44.1,149659.86394557822
경상남도,2015,50 - 54세,76.0,52.4,145038.1679389313
경상남도,2015,55 - 59세,89.0,67.8,131268.4365781711
경상남도,2015,60 - 64세,49.0,53.8,91078.06691449815
경상남도,2016,40 - 44세,78.0,54.9,142076.50273224045
경상남도,2016,45 - 49세,71.0,46.6,152360.51502145923
경상남도,2016,50 - 54세,67.0,47.0,142553.1914893617
경상남도,2016,55 - 59세,67.0,48.1,139293.13929313928
경상남도,2016,60 - 64세,45.0,45.2,99557.5221238938
경상남도,2017,40 - 44세,41.0,30.1,136212.62458471762
경상남도,2017,45 - 49세,63.0,40.9,154034.22982885086
경상남도,2017,50 - 54세,73.0,51.8,140926.64092664095
경상남도,2017,55 - 59세,76.0,52.2,145593.86973180075
경상남도,2017,60 - 64세,47.0,43.8,107305.93607305936
경상남도,2018,40 - 44세,87.0,66.2,131419.93957703927
경상남도,2018,45 - 49세,78.0,50.7,153846.15384615384
경상남도,2018,50 - 54세,75.0,52.7,142314.99051233396
경상남도,2018,55 - 59세,86.0,58.1,148020.6540447504
경상남도,2018,60 - 64세,67.0,58.0,115517.24137931035
경상남도,2019,40 - 44세,54.0,42.2,127962.08530805686
경상남도,2019,45 - 49세,93.0,61.3,151712.88743882545
경상남도,2019,50 - 54세,71.0,48.4,146694.21487603307
경상남도,2019,55 - 59세,82.0,55.7,147217.23518850986
경상남도,2019,60 - 64세,58.0,46.9,123667.3773987207
경상남도,2020,40 - 44세,56.0,43.7,128146.45308924484
경상남도,2020,45 - 49세,80.0,54.2,147601.47601476015
경상남도,2020,50 - 54세,56.0,37.3,150134.04825737266
경상남도,2020,55 - 59세,75.0,51.7,145067.69825918763
경상남도,2020,60 - 64세,60.0,45.8,131004.36681222709
경상남도,2021,40 - 44세,44.0,33.8,130177.51479289943
경상남도,2021,45 - 49세,70.0,49.5,141414.14141414143
경상남도,2021,50 - 54세,76.0,49.9,152304.60921843688
경상남도,2021,55 - 59세,67.0,47.1,142250.53078556262
경상남도,2021,60 - 64세,60.0,43.2,138888.88888888888
경상남도,2022,40 - 44세,69.0,52.4,131679.38931297712
경상남도,2022,45 - 49세,67.0,49.4,135627.53036437248
경상남도,2022,50 - 54세,71.0,46.2,153679.65367965365
경상남도,2022,55 - 59세,61.0,43.5,140229.88505747129
경상남도,2022,60 - 64세,66.0,45.6,144736.84210526317
경상남도,2023,40 - 44세,59.0,45.0,131111.11111111112
경상남도,2023,45 - 49세,62.0,47.5,130526.3157894737
경상남도,2023,50 - 54세,75.0,49.0,153061.22448979592
경상남도,2023,55 - 59세,72.0,50.9,141453.83104125736
경상남도,2023,60 - 64세,60.0,40.8,147058.82352941178
경상남도,2024,40 - 44세,55.0,43.3,127020.78521939955
경상남도,2024,45 - 49세,70.0,55.1,127041.74228675135
경상남도,2024,50 - 54세,68.0,45.1,150776.0532150776
경상남도,2024,55 - 59세,74.0,50.8,145669.2913385827
경상남도,2024,60 - 64세,66.0,45.2,146017.69911504423
경상북도,1996,40 - 44세,33.0,36.0,91666.66666666666
경상북도,1996,45 - 49세,19.0,25.8,73643.41085271318
경상북도,1996,50 - 54세,20.0,30.9,64724.91909385114
경상북도,1996,55 - 59세,16.0,23.4,68376.06837606838
경상북도,1996,60 - 64세,16.0,27.9,57347.670250896066
경상북도,1997,40 - 44세,32.0,33.0,96969.69696969698
경상북도,1997,45 - 49세,25.0,32.4,77160.49382716049
경상북도,1997,50 - 54세,15.0,24.3,61728.39506172839
경상북도,1997,55 - 59세,13.0,18.5,70270.27027027028
경상북도,1997,60 - 64세,13.0,21.7,59907.8341013825
경상북도,1998,40 - 44세,54.0,53.4,101123.59550561798
경상북도,1998,45 - 49세,34.0,43.0,79069.76744186046
경상북도,1998,50 - 54세,29.0,47.1,61571.12526539278
경상북도,1998,55 - 59세,30.0,41.8,71770.33492822967
경상북도,1998,60 - 64세,29.0,47.1,61571.12526539278
경상북도,1999,40 - 44세,44.0,41.4,106280.19323671499
경상북도,1999,45 - 49세,39.0,48.4,80578.51239669422
경상북도,1999,50 - 54세,29.0,45.0,64444.444444444445
경상북도,1999,55 - 59세,42.0,60.5,69421.48760330578
경상북도,1999,60 - 64세,39.0,61.6,63311.68831168831
경상북도,2000,40 - 44세,44.0,39.4,111675.1269035533
경상북도,2000,45 - 49세,39.0,46.1,84598.69848156182
경상북도,2000,50 - 54세,29.0,42.4,68396.22641509434
경상북도,2000,55 - 59세,37.0,56.4,65602.83687943262
경상북도,2000,60 - 64세,39.0,61.1,63829.78723404255
경상북도,2001,40 - 44세,44.0,37.8,116402.11640211641
경상북도,2001,45 - 49세,37.0,41.1,90024.33090024331
경상북도,2001,50 - 54세,28.0,38.7,72351.42118863048
경상북도,2001,55 - 59세,38.0,61.3,61990.212071778136
경상북도,2001,60 - 64세,29.0,45.6,63596.491228070176
경상북도,2002,40 - 44세,44.0,36.9,119241.19241192413
경상북도,2002,45 - 49세,42.0,44.3,94808.12641083522
경상북도,2002,50 - 54세,47.0,62.3,75441.41252006422
경상북도,2002,55 - 59세,43.0,72.6,59228.65013774105
경상북도,2002,60 - 64세,45.0,68.7,65502.18340611354
경상북도,2003,40 - 44세,44.0,36.8,119565.21739130437
경상북도,2003,45 - 49세,55.0,55.9,98389.98211091234
경상북도,2003,50 - 54세,44.0,57.0,77192.98245614035
경상북도,2003,55 - 59세,27.0,45.7,59080.96280087527
경상북도,2003,60 - 64세,49.0,73.2,66939.8907103825
경상북도,2004,40 - 44세,48.0,40.7,117936.11793611794
경상북도,2004,45 - 49세,53.0,51.5,102912.6213592233
경상북도,2004,50 - 54세,46.0,58.5,78632.47863247863
경상북도,2004,55 - 59세,43.0,69.3,62049.06204906206
경상북도,2004,60 - 64세,40.0,61.5,65040.650406504064
경상북도,2005,40 - 44세,43.0,37.3,115281.50134048259
경상북도,2005,45 - 49세,44.0,40.7,108108.10810810809
경상북도,2005,50 - 54세,49.0,59.3,82630.69139966274
경상북도,2005,55 - 59세,34.0,51.3,66276.80311890838
경상북도,2005,60 - 64세,41.0,66.2,61933.534743202414
경상북도,2006,40 - 44세,38.0,33.8,112426.03550295859
경상북도,2006,45 - 49세,49.0,43.3,113163.97228637413
경상북도,2006,50 - 54세,44.0,49.6,88709.67741935483
경상북도,2006,55 - 59세,36.0,51.0,70588.23529411765
경상북도,2006,60 - 64세,31.0,52.5,59047.619047619046
경상북도,2007,40 - 44세,40.0,36.4,109890.1098901099
경상북도,2007,45 - 49세,47.0,40.2,116915.42288557213
경상북도,2007,50 - 54세,56.0,59.6,93959.73154362416
경상북도,2007,55 - 59세,40.0,54.0,74074.07407407407
경상북도,2007,60 - 64세,41.0,72.0,56944.444444444445
경상북도,2008,40 - 44세,26.0,23.6,110169.49152542373
경상북도,2008,45 - 49세,72.0,60.9,118226.60098522168
경상북도,2008,50 - 54세,55.0,55.9,98389.98211091234
경상북도,2008,55 - 59세,35.0,45.8,76419.21397379912
경상북도,2008,60 - 64세,37.0,64.3,57542.768273716945
경상북도,2009,40 - 44세,47.0,41.9,112171.83770883054
경상북도,2009,45 - 49세,69.0,58.7,117546.84838160136
경상북도,2009,50 - 54세,66.0,63.5,103937.00787401575
경상북도,2009,55 - 59세,45.0,57.3,78534.03141361257
경상북도,2009,60 - 64세,60.0,98.4,60975.60975609756
경상북도,2010,40 - 44세,52.0,45.9,113289.76034858389
경상북도,2010,45 - 49세,57.0,49.5,115151.51515151517
경상북도,2010,50 - 54세,74.0,67.7,109305.76070901033
경상북도,2010,55 - 59세,47.0,56.6,83038.86925795053
경상북도,2010,60 - 64세,43.0,65.7,65449.01065449011
경상북도,2011,40 - 44세,64.0,55.9,114490.1610017889
경상북도,2011,45 - 49세,64.0,56.7,112874.7795414462
경상북도,2011,50 - 54세,71.0,62.0,114516.12903225808
경상북도,2011,55 - 59세,57.0,63.8,89341.69278996866
경상북도,2011,60 - 64세,41.0,58.7,69846.67802385008
경상북도,2012,40 - 44세,49.0,42.5,115294.11764705881
경상북도,2012,45 - 49세,48.0,43.4,110599.07834101384
경상북도,2012,50 - 54세,68.0,57.3,118673.64746945899
경상북도,2012,55 - 59세,51.0,53.7,94972.06703910614
경상북도,2012,60 - 64세,45.0,61.2,73529.41176470587
경상북도,2013,40 - 44세,47.0,41.2,114077.66990291262
경상북도,2013,45 - 49세,55.0,49.6,110887.09677419355
경상북도,2013,50 - 54세,90.0,74.9,120160.21361815755
경상북도,2013,55 - 59세,68.0,68.2,99706.7448680352
경상북도,2013,60 - 64세,45.0,59.0,76271.18644067796
경상북도,2014,40 - 44세,56.0,50.2,111553.78486055776
경상북도,2014,45 - 49세,55.0,48.5,113402.0618556701
경상북도,2014,50 - 54세,54.0,45.1,119733.92461197339
경상북도,2014,55 - 59세,45.0,42.7,105386.41686182668
경상북도,2014,60 - 64세,42.0,53.3,78799.24953095685
경상북도,2015,40 - 44세,45.0,41.4,108695.65217391304
경상북도,2015,45 - 49세,53.0,46.2,114718.61471861471
경상북도,2015,50 - 54세,69.0,58.5,117948.71794871795
경상북도,2015,55 - 59세,62.0,55.7,111310.59245960502
경상북도,2015,60 - 64세,48.0,57.5,83478.26086956522
경상북도,2016,40 - 44세,54.0,51.8,104247.10424710426
경상북도,2016,45 - 49세,54.0,46.8,115384.61538461539
경상북도,2016,50 - 54세,61.0,52.8,115530.30303030302
경상북도,2016,55 - 59세,62.0,53.1,116760.8286252354
경상북도,2016,60 - 64세,46.0,51.1,90019.56947162426
경상북도,2017,40 - 44세,46.0,46.1,99783.08026030369
경상북도,2017,45 - 49세,43.0,37.1,115902.96495956874
경상북도,2017,50 - 54세,52.0,46.0,113043.47826086955
경상북도,2017,55 - 59세,81.0,67.0,120895.52238805969
경상북도,2017,60 - 64세,41.0,42.7,96018.73536299766
경상북도,2018,40 - 44세,43.0,45.0,95555.55555555556
경상북도,2018,45 - 49세,60.0,52.2,114942.52873563218
경상북도,2018,50 - 54세,68.0,60.0,113333.33333333333
경상북도,2018,55 - 59세,79.0,64.4,122670.80745341614
경상북도,2018,60 - 64세,53.0,52.4,101145.03816793894
경상북도,2019,40 - 44세,49.0,52.9,92627.59924385634
경상북도,2019,45 - 49세,57.0,50.8,112204.72440944881
경상북도,2019,50 - 54세,67.0,58.0,115517.24137931035
경상북도,2019,55 - 59세,61.0,50.0,122000.0
경상북도,2019,60 - 64세,53.0,49.5,107070.70707070707
경상북도,2020,40 - 44세,45.0,49.1,91649.69450101833
경상북도,2020,45 - 49세,60.0,55.1,108892.92196007259
경상북도,2020,50 - 54세,51.0,43.8,116438.35616438356
경상북도,2020,55 - 59세,58.0,48.2,120331.95020746888
경상북도,2020,60 - 64세,54.0,47.7,113207.54716981131
경상북도,2021,40 - 44세,41.0,44.4,92342.34234234234
경상북도,2021,45 - 49세,41.0,39.3,104325.69974554708
경상북도,2021,50 - 54세,53.0,45.3,116997.79249448124
경상북도,2021,55 - 59세,60.0,50.8,118110.23622047245
경상북도,2021,60 - 64세,55.0,46.2,119047.61904761905
경상북도,2022,40 - 44세,42.0,45.1,93126.38580931263
경상북도,2022,45 - 49세,57.0,57.1,99824.86865148862
경상북도,2022,50 - 54세,55.0,46.8,117521.36752136753
경상북도,2022,55 - 59세,60.0,51.8,115830.11583011584
경상북도,2022,60 - 64세,38.0,30.7,123778.50162866451
경상북도,2023,40 - 44세,58.0,62.7,92503.98724082934
경상북도,2023,45 - 49세,45.0,47.4,94936.7088607595
경상북도,2023,50 - 54세,62.0,53.9,115027.82931354361
경상북도,2023,55 - 59세,59.0,51.5,114563.1067961165
경상북도,2023,60 - 64세,64.0,51.7,123791.10251450675
경상북도,2024,40 - 44세,59.0,65.7,89802.1308980213
경상북도,2024,45 - 49세,62.0,67.6,91715.97633136096
경상북도,2024,50 - 54세,70.0,62.4,112179.48717948719
경상북도,2024,55 - 59세,73.0,62.8,116242.03821656051
경상북도,2024,60 - 64세,61.0,49.6,122983.87096774192
광주광역시,1996,40 - 44세,8.0,19.4,41237.113402061856
광주광역시,1996,45 - 49세,6.0,17.6,34090.90909090909
광주광역시,1996,50 - 54세,7.0,25.9,27027.02702702703
광주광역시,1996,55 - 59세,2.0,9.4,21276.59574468085
광주광역시,1996,60 - 64세,3.0,20.9,14354.066985645934
광주광역시,1997,40 - 44세,5.0,11.4,43859.649122807015
광주광역시,1997,45 - 49세,6.0,17.3,34682.080924855494
광주광역시,1997,50 - 54세,4.0,14.8,27027.027027027023
광주광역시,1997,55 - 59세,4.0,17.1,23391.812865497075
광주광역시,1997,60 - 64세,2.0,13.0,15384.615384615385
광주광역시,1998,40 - 44세,11.0,23.5,46808.51063829787
광주광역시,1998,45 - 49세,13.0,37.0,35135.13513513514
광주광역시,1998,50 - 54세,6.0,21.6,27777.777777777774
광주광역시,1998,55 - 59세,8.0,32.3,24767.801857585142
광주광역시,1998,60 - 64세,4.0,24.0,16666.666666666664
광주광역시,1999,40 - 44세,20.0,39.6,50505.05050505051
광주광역시,1999,45 - 49세,7.0,19.6,35714.28571428571
광주광역시,1999,50 - 54세,8.0,27.1,29520.29520295203
광주광역시,1999,55 - 59세,9.0,36.0,25000.0
광주광역시,1999,60 - 64세,4.0,22.2,18018.01801801802
광주광역시,2000,40 - 44세,16.0,29.5,54237.28813559322
광주광역시,2000,45 - 49세,11.0,29.5,37288.13559322034
광주광역시,2000,50 - 54세,7.0,22.4,31250.0
광주광역시,2000,55 - 59세,6.0,23.6,25423.728813559323
광주광역시,2000,60 - 64세,6.0,31.8,18867.924528301886
광주광역시,2001,40 - 44세,17.0,29.6,57432.43243243243
광주광역시,2001,45 - 49세,7.0,17.6,39772.72727272727
광주광역시,2001,50 - 54세,11.0,34.1,32258.06451612903
광주광역시,2001,55 - 59세,8.0,31.1,25723.47266881029
광주광역시,2001,60 - 64세,6.0,30.1,19933.554817275748
광주광역시,2002,40 - 44세,17.0,28.5,59649.12280701754
광주광역시,2002,45 - 49세,19.0,44.7,42505.59284116331
광주광역시,2002,50 - 54세,14.0,42.6,32863.849765258215
광주광역시,2002,55 - 59세,8.0,31.1,25723.47266881029
광주광역시,2002,60 - 64세,6.0,27.4,21897.810218978102
광주광역시,2003,40 - 44세,19.0,31.4,60509.55414012739
광주광역시,2003,45 - 49세,13.0,28.6,45454.545454545456
광주광역시,2003,50 - 54세,17.0,51.2,33203.125
광주광역시,2003,55 - 59세,12.0,45.4,26431.718061674008
광주광역시,2003,60 - 64세,15.0,64.8,23148.14814814815
광주광역시,2004,40 - 44세,24.0,39.6,60606.06060606061
광주광역시,2004,45 - 49세,21.0,43.0,48837.20930232558
광주광역시,2004,50 - 54세,20.0,59.6,33557.04697986577
광주광역시,2004,55 - 59세,8.0,28.7,27874.564459930312
광주광역시,2004,60 - 64세,20.0,86.0,23255.81395348837
광주광역시,2005,40 - 44세,20.0,33.5,59701.492537313425
광주광역시,2005,45 - 49세,21.0,40.3,52109.18114143921
광주광역시,2005,50 - 54세,19.0,54.2,35055.35055350553
광주광역시,2005,55 - 59세,11.0,37.5,29333.333333333332
광주광역시,2005,60 - 64세,12.0,51.0,23529.41176470588
광주광역시,2006,40 - 44세,11.0,18.6,59139.78494623655
광주광역시,2006,45 - 49세,20.0,36.4,54945.05494505495
광주광역시,2006,50 - 54세,25.0,66.9,37369.20777279521
광주광역시,2006,55 - 59세,10.0,33.2,30120.48192771084
광주광역시,2006,60 - 64세,15.0,62.9,23847.376788553258
광주광역시,2007,40 - 44세,17.0,28.5,59649.12280701754
광주광역시,2007,45 - 49세,22.0,38.6,56994.818652849746
광주광역시,2007,50 - 54세,17.0,42.6,39906.103286384976
광주광역시,2007,55 - 59세,18.0,58.6,30716.723549488055
광주광역시,2007,60 - 64세,14.0,58.4,23972.60273972603
광주광역시,2008,40 - 44세,19.0,31.3,60702.87539936102
광주광역시,2008,45 - 49세,17.0,29.2,58219.17808219178
광주광역시,2008,50 - 54세,12.0,27.9,43010.75268817204
광주광역시,2008,55 - 59세,14.0,44.8,31250.0
광주광역시,2008,60 - 64세,14.0,56.5,24778.7610619469
광주광역시,2009,40 - 44세,23.0,37.0,62162.16216216216
광주광역시,2009,45 - 49세,26.0,44.2,58823.5294117647
광주광역시,2009,50 - 54세,32.0,68.6,46647.23032069971
광주광역시,2009,55 - 59세,16.0,50.3,31809.145129224653
광주광역시,2009,60 - 64세,18.0,68.5,26277.372262773722
광주광역시,2010,40 - 44세,23.0,36.1,63711.91135734072
광주광역시,2010,45 - 49세,42.0,71.7,58577.40585774058
광주광역시,2010,50 - 54세,34.0,67.8,50147.49262536874
광주광역시,2010,55 - 59세,23.0,68.7,33478.89374090247
광주광역시,2010,60 - 64세,15.0,54.1,27726.432532347506
광주광역시,2011,40 - 44세,25.0,38.4,65104.16666666667
광주광역시,2011,45 - 49세,24.0,41.0,58536.58536585366
광주광역시,2011,50 - 54세,29.0,54.4,53308.82352941176
광주광역시,2011,55 - 59세,24.0,66.7,35982.00899550225
광주광역시,2011,60 - 64세,18.0,62.6,28753.993610223642
광주광역시,2012,40 - 44세,28.0,42.4,66037.73584905661
광주광역시,2012,45 - 49세,30.0,50.8,59055.118110236224
광주광역시,2012,50 - 54세,31.0,56.0,55357.14285714286
광주광역시,2012,55 - 59세,15.0,39.0,38461.53846153846
광주광역시,2012,60 - 64세,20.0,67.9,29455.08100147275
광주광역시,2013,40 - 44세,27.0,40.9,66014.66992665037
광주광역시,2013,45 - 49세,27.0,44.9,60133.630289532295
광주광역시,2013,50 - 54세,21.0,37.1,56603.773584905655
광주광역시,2013,55 - 59세,28.0,67.6,41420.118343195274
광주광역시,2013,60 - 64세,12.0,40.1,29925.187032418955
광주광역시,2014,40 - 44세,22.0,33.4,65868.26347305388
광주광역시,2014,45 - 49세,31.0,50.3,61630.21868787276
광주광역시,2014,50 - 54세,22.0,38.5,57142.85714285714
광주광역시,2014,55 - 59세,26.0,58.0,44827.58620689655
광주광역시,2014,60 - 64세,14.0,46.1,30368.76355748373
광주광역시,2015,40 - 44세,20.0,30.8,64935.06493506493
광주광역시,2015,45 - 49세,27.0,43.0,62790.6976744186
광주광역시,2015,50 - 54세,23.0,40.5,56790.12345679012
광주광역시,2015,55 - 59세,26.0,54.1,48059.149722735674
광주광역시,2015,60 - 64세,20.0,62.6,31948.88178913738
광주광역시,2016,40 - 44세,27.0,43.2,62500.0
광주광역시,2016,45 - 49세,20.0,31.3,63897.76357827476
광주광역시,2016,50 - 54세,27.0,47.7,56603.773584905655
광주광역시,2016,55 - 59세,14.0,27.5,50909.090909090904
광주광역시,2016,60 - 64세,18.0,52.5,34285.71428571428
광주광역시,2017,40 - 44세,28.0,46.4,60344.8275862069
광주광역시,2017,45 - 49세,26.0,40.2,64676.61691542288
광주광역시,2017,50 - 54세,36.0,63.2,56962.02531645569
광주광역시,2017,55 - 59세,23.0,43.7,52631.57894736842
광주광역시,2017,60 - 64세,12.0,32.8,36585.36585365854
광주광역시,2018,40 - 44세,15.0,25.8,58139.53488372093
광주광역시,2018,45 - 49세,35.0,54.1,64695.00924214417
광주광역시,2018,50 - 54세,28.0,48.4,57851.23966942149
광주광역시,2018,55 - 59세,23.0,42.8,53738.31775700935
광주광역시,2018,60 - 64세,19.0,48.5,39175.257731958765
광주광역시,2019,40 - 44세,23.0,40.8,56372.549019607846
광주광역시,2019,45 - 49세,37.0,57.5,64347.82608695652
광주광역시,2019,50 - 54세,21.0,35.4,59322.03389830508
광주광역시,2019,55 - 59세,26.0,47.9,54279.74947807933
광주광역시,2019,60 - 64세,17.0,40.2,42288.55721393035
광주광역시,2020,40 - 44세,23.0,41.1,55961.07055961071
광주광역시,2020,45 - 49세,21.0,33.1,63444.1087613293
광주광역시,2020,50 - 54세,26.0,42.9,60606.06060606061
광주광역시,2020,55 - 59세,23.0,42.7,53864.16861826697
광주광역시,2020,60 - 64세,18.0,39.8,45226.13065326634
광주광역시,2021,40 - 44세,29.0,51.6,56201.5503875969
광주광역시,2021,45 - 49세,29.0,47.3,61310.78224101481
광주광역시,2021,50 - 54세,40.0,64.7,61823.802163833076
광주광역시,2021,55 - 59세,24.0,44.8,53571.42857142857
광주광역시,2021,60 - 64세,16.0,33.5,47761.19402985075
광주광역시,2022,40 - 44세,20.0,35.4,56497.17514124294
광주광역시,2022,45 - 49세,23.0,38.8,59278.35051546392
광주광역시,2022,50 - 54세,26.0,41.5,62650.60240963856
광주광역시,2022,55 - 59세,27.0,50.1,53892.21556886228
광주광역시,2022,60 - 64세,17.0,34.6,49132.94797687861
광주광역시,2023,40 - 44세,29.0,51.1,56751.46771037182
광주광역시,2023,45 - 49세,29.0,50.8,57086.61417322834
광주광역시,2023,50 - 54세,23.0,36.6,62841.5300546448
광주광역시,2023,55 - 59세,37.0,67.4,54896.14243323442
광주광역시,2023,60 - 64세,24.0,48.0,50000.0
광주광역시,2024,40 - 44세,28.0,50.5,55445.54455445545
광주광역시,2024,45 - 49세,34.0,61.5,55284.55284552846
광주광역시,2024,50 - 54세,34.0,54.4,62500.0
광주광역시,2024,55 - 59세,37.0,65.7,56316.590563165904
광주광역시,2024,60 - 64세,29.0,57.4,50522.64808362369
대구광역시,1996,40 - 44세,11.0,12.1,90909.09090909091
대구광역시,1996,45 - 49세,10.0,14.5,68965.51724137932
대구광역시,1996,50 - 54세,16.0,29.6,54054.054054054046
대구광역시,1996,55 - 59세,5.0,10.9,45871.55963302752
대구광역시,1996,60 - 64세,4.0,12.4,32258.06451612903
대구광역시,1997,40 - 44세,22.0,23.0,95652.17391304349
대구광역시,1997,45 - 49세,26.0,35.9,72423.39832869082
대구광역시,1997,50 - 54세,15.0,28.5,52631.57894736842
대구광역시,1997,55 - 59세,23.0,47.2,48728.81355932203
대구광역시,1997,60 - 64세,8.0,23.2,34482.75862068966
대구광역시,1998,40 - 44세,39.0,39.2,99489.79591836734
대구광역시,1998,45 - 49세,41.0,54.7,74954.29616087751
대구광역시,1998,50 - 54세,28.0,52.1,53742.80230326296
대구광역시,1998,55 - 59세,29.0,56.5,51327.433628318584
대구광역시,1998,60 - 64세,15.0,41.1,36496.3503649635
대구광역시,1999,40 - 44세,39.0,37.3,104557.64075067024
대구광역시,1999,45 - 49세,24.0,31.2,76923.07692307692
대구광역시,1999,50 - 54세,18.0,31.7,56782.33438485805
대구광역시,1999,55 - 59세,15.0,28.9,51903.11418685122
대구광역시,1999,60 - 64세,16.0,41.4,38647.342995169085
대구광역시,2000,40 - 44세,35.0,31.8,110062.89308176101
대구광역시,2000,45 - 49세,23.0,28.4,80985.91549295775
대구광역시,2000,50 - 54세,20.0,33.0,60606.06060606061
대구광역시,2000,55 - 59세,15.0,29.3,51194.53924914675
대구광역시,2000,60 - 64세,13.0,32.4,40123.456790123455
대구광역시,2001,40 - 44세,32.0,28.0,114285.71428571428
대구광역시,2001,45 - 49세,17.0,19.6,86734.69387755102
대구광역시,2001,50 - 54세,22.0,34.1,64516.12903225806
대구광역시,2001,55 - 59세,9.0,18.0,50000.0
대구광역시,2001,60 - 64세,12.0,28.9,41522.49134948097
대구광역시,2002,40 - 44세,39.0,33.1,117824.77341389727
대구광역시,2002,45 - 49세,28.0,30.6,91503.2679738562
대구광역시,2002,50 - 54세,29.0,42.6,68075.11737089201
대구광역시,2002,55 - 59세,23.0,46.8,49145.29914529915
대구광역시,2002,60 - 64세,14.0,31.7,44164.03785488959
대구광역시,2003,40 - 44세,44.0,37.0,118918.91891891892
대구광역시,2003,45 - 49세,40.0,41.9,95465.39379474941
대구광역시,2003,50 - 54세,36.0,51.0,70588.23529411765
대구광역시,2003,55 - 59세,25.0,49.8,50200.80321285141
대구광역시,2003,60 - 64세,34.0,72.8,46703.296703296706
대구광역시,2004,40 - 44세,36.0,30.6,117647.05882352941
대구광역시,2004,45 - 49세,51.0,50.9,100196.46365422396
대구광역시,2004,50 - 54세,43.0,59.4,72390.5723905724
대구광역시,2004,55 - 59세,40.0,75.4,53050.397877984076
대구광역시,2004,60 - 64세,29.0,61.4,47231.27035830619
대구광역시,2005,40 - 44세,47.0,40.8,115196.07843137256
대구광역시,2005,45 - 49세,68.0,64.8,104938.27160493827
대구광역시,2005,50 - 54세,29.0,38.1,76115.48556430446
대구광역시,2005,55 - 59세,30.0,53.1,56497.17514124294
대구광역시,2005,60 - 64세,30.0,64.4,46583.850931677014
대구광역시,2006,40 - 44세,35.0,31.2,112179.48717948719
대구광역시,2006,45 - 49세,47.0,43.1,109048.72389791183
대구광역시,2006,50 - 54세,40.0,49.3,81135.90263691684
대구광역시,2006,55 - 59세,37.0,61.8,59870.550161812294
대구광역시,2006,60 - 64세,24.0,52.8,45454.545454545456
대구광역시,2007,40 - 44세,42.0,38.4,109375.0
대구광역시,2007,45 - 49세,50.0,44.4,112612.61261261262
대구광역시,2007,50 - 54세,45.0,52.5,85714.28571428571
대구광역시,2007,55 - 59세,28.0,44.4,63063.06306306306
대구광역시,2007,60 - 64세,23.0,51.4,44747.08171206226
대구광역시,2008,40 - 44세,38.0,34.7,109510.0864553314
대구광역시,2008,45 - 49세,47.0,41.1,114355.2311435523
대구광역시,2008,50 - 54세,43.0,47.9,89770.35490605429
대구광역시,2008,55 - 59세,40.0,61.0,65573.77049180327
대구광역시,2008,60 - 64세,37.0,80.5,45962.73291925465
대구광역시,2009,40 - 44세,56.0,50.3,111332.00795228628
대구광역시,2009,45 - 49세,43.0,37.8,113756.61375661376
대구광역시,2009,50 - 54세,59.0,62.1,95008.05152979065
대구광역시,2009,55 - 59세,37.0,54.8,67518.24817518248
대구광역시,2009,60 - 64세,29.0,59.5,48739.49579831932
대구광역시,2010,40 - 44세,57.0,51.0,111764.70588235294
대구광역시,2010,45 - 49세,73.0,65.2,111963.19018404908
대구광역시,2010,50 - 54세,52.0,51.9,100192.67822736032
대구광역시,2010,55 - 59세,45.0,63.1,71315.37242472265
대구광역시,2010,60 - 64세,38.0,72.7,52269.601100412656
대구광역시,2011,40 - 44세,43.0,38.3,112271.5404699739
대구광역시,2011,45 - 49세,45.0,41.1,109489.05109489051
대구광역시,2011,50 - 54세,59.0,56.4,104609.92907801419
대구광역시,2011,55 - 59세,56.0,73.1,76607.38714090288
대구광역시,2011,60 - 64세,42.0,75.4,55702.91777188329
대구광역시,2012,40 - 44세,46.0,40.9,112469.43765281174
대구광역시,2012,45 - 49세,37.0,34.6,106936.4161849711
대구광역시,2012,50 - 54세,49.0,45.2,108407.07964601771
대구광역시,2012,55 - 59세,33.0,40.6,81280.7881773399
대구광역시,2012,60 - 64세,38.0,64.6,58823.529411764706
대구광역시,2013,40 - 44세,48.0,43.3,110854.50346420324
대구광역시,2013,45 - 49세,59.0,54.9,107468.12386156648
대구광역시,2013,50 - 54세,54.0,49.1,109979.63340122199
대구광역시,2013,55 - 59세,54.0,63.3,85308.05687203792
대구광역시,2013,60 - 64세,25.0,40.9,61124.694376528125
대구광역시,2014,40 - 44세,35.0,32.3,108359.13312693499
대구광역시,2014,45 - 49세,47.0,43.1,109048.72389791183
대구광역시,2014,50 - 54세,60.0,54.8,109489.05109489051
대구광역시,2014,55 - 59세,45.0,49.8,90361.44578313253
대구광역시,2014,60 - 64세,40.0,63.4,63091.48264984227
대구광역시,2015,40 - 44세,40.0,38.0,105263.15789473684
대구광역시,2015,45 - 49세,51.0,46.5,109677.4193548387
대구광역시,2015,50 - 54세,61.0,56.7,107583.77425044093
대구광역시,2015,55 - 59세,51.0,53.6,95149.25373134328
대구광역시,2015,60 - 64세,43.0,64.5,66666.66666666666
대구광역시,2016,40 - 44세,25.0,24.8,100806.45161290323
대구광역시,2016,45 - 49세,42.0,38.0,110526.3157894737
대구광역시,2016,50 - 54세,51.0,48.6,104938.27160493827
대구광역시,2016,55 - 59세,54.0,54.4,99264.70588235294
대구광역시,2016,60 - 64세,35.0,48.9,71574.64212678936
대구광역시,2017,40 - 44세,33.0,34.2,96491.22807017542
대구광역시,2017,45 - 49세,55.0,49.7,110663.98390342052
대구광역시,2017,50 - 54세,45.0,43.8,102739.72602739726
대구광역시,2017,55 - 59세,67.0,65.3,102603.36906584993
대구광역시,2017,60 - 64세,46.0,60.6,75907.5907590759
대구광역시,2018,40 - 44세,46.0,50.0,92000.0
대구광역시,2018,45 - 49세,59.0,54.2,108856.0885608856
대구광역시,2018,50 - 54세,48.0,46.5,103225.8064516129
대구광역시,2018,55 - 59세,47.0,45.3,103752.75938189845
대구광역시,2018,60 - 64세,42.0,52.7,79696.394686907
대구광역시,2019,40 - 44세,43.0,48.6,88477.36625514404
대구광역시,2019,45 - 49세,59.0,55.7,105924.59605026929
대구광역시,2019,50 - 54세,49.0,46.9,104477.61194029852
대구광역시,2019,55 - 59세,62.0,60.2,102990.03322259134
대구광역시,2019,60 - 64세,54.0,64.1,84243.36973478939
대구광역시,2020,40 - 44세,38.0,43.6,87155.9633027523
대구광역시,2020,45 - 49세,41.0,40.0,102499.99999999999
대구광역시,2020,50 - 54세,51.0,48.6,104938.27160493827
대구광역시,2020,55 - 59세,43.0,42.4,101415.09433962264
대구광역시,2020,60 - 64세,29.0,32.7,88685.01529051988
대구광역시,2021,40 - 44세,37.0,42.5,87058.82352941176
대구광역시,2021,45 - 49세,32.0,32.7,97859.32721712536
대구광역시,2021,50 - 54세,55.0,52.1,105566.21880998081
대구광역시,2021,55 - 59세,60.0,60.6,99009.900990099
대구광역시,2021,60 - 64세,45.0,48.9,92024.53987730062
대구광역시,2022,40 - 44세,36.0,41.3,87167.07021791769
대구광역시,2022,45 - 49세,46.0,49.4,93117.4089068826
대구광역시,2022,50 - 54세,55.0,52.1,105566.21880998081
대구광역시,2022,55 - 59세,37.0,38.3,96605.74412532638
대구광역시,2022,60 - 64세,49.0,51.7,94777.56286266923
대구광역시,2023,40 - 44세,40.0,45.6,87719.29824561403
대구광역시,2023,45 - 49세,52.0,58.0,89655.1724137931
대구광역시,2023,50 - 54세,48.0,45.6,105263.15789473684
대구광역시,2023,55 - 59세,44.0,44.7,98434.00447427292
대구광역시,2023,60 - 64세,46.0,47.1,97664.54352441613
대구광역시,2024,40 - 44세,42.0,48.9,85889.57055214724
대구광역시,2024,45 - 49세,50.0,57.7,86655.11265164644
대구광역시,2024,50 - 54세,63.0,61.3,102773.24632952691
대구광역시,2024,55 - 59세,48.0,47.8,100418.410041841
대구광역시,2024,60 - 64세,48.0,49.2,97560.97560975609
대전광역시,1996,40 - 44세,7.0,14.8,47297.2972972973
대전광역시,1996,45 - 49세,13.0,37.8,34391.5343915344
대전광역시,1996,50 - 54세,9.0,34.2,26315.78947368421
대전광역시,1996,55 - 59세,5.0,23.8,21008.40336134454
대전광역시,1996,60 - 64세,7.0,48.4,14462.809917355373
대전광역시,1997,40 - 44세,16.0,31.1,51446.94533762058
대전광역시,1997,45 - 49세,4.0,11.1,36036.03603603604
대전광역시,1997,50 - 54세,6.0,22.8,26315.78947368421
대전광역시,1997,55 - 59세,8.0,35.3,22662.8895184136
대전광역시,1997,60 - 64세,5.0,31.9,15673.981191222572
대전광역시,1998,40 - 44세,21.0,38.1,55118.11023622048
대전광역시,1998,45 - 49세,19.0,50.3,37773.35984095428
대전광역시,1998,50 - 54세,15.0,54.8,27372.26277372263
대전광역시,1998,55 - 59세,12.0,49.8,24096.38554216868
대전광역시,1998,60 - 64세,9.0,53.5,16822.429906542056
대전광역시,1999,40 - 44세,18.0,30.7,58631.92182410424
대전광역시,1999,45 - 49세,16.0,40.4,39603.960396039605
대전광역시,1999,50 - 54세,9.0,30.7,29315.96091205212
대전광역시,1999,55 - 59세,6.0,24.4,24590.163934426233
대전광역시,1999,60 - 64세,7.0,38.9,17994.85861182519
대전광역시,2000,40 - 44세,10.0,16.2,61728.395061728406
대전광역시,2000,45 - 49세,19.0,44.5,42696.629213483146
대전광역시,2000,50 - 54세,13.0,41.3,31476.997578692495
대전광역시,2000,55 - 59세,7.0,28.1,24911.03202846975
대전광역시,2000,60 - 64세,4.0,21.2,18867.92452830189
대전광역시,2001,40 - 44세,21.0,32.5,64615.38461538462
대전광역시,2001,45 - 49세,18.0,38.5,46753.24675324675
대전광역시,2001,50 - 54세,5.0,15.0,33333.33333333333
대전광역시,2001,55 - 59세,12.0,47.7,25157.232704402515
대전광역시,2001,60 - 64세,6.0,30.5,19672.131147540982
대전광역시,2002,40 - 44세,17.0,25.4,66929.13385826771
대전광역시,2002,45 - 49세,19.0,37.6,50531.914893617024
대전광역시,2002,50 - 54세,15.0,43.1,34802.78422273782
대전광역시,2002,55 - 59세,13.0,51.4,25291.82879377432
대전광역시,2002,60 - 64세,10.0,46.9,21321.961620469086
대전광역시,2003,40 - 44세,26.0,38.6,67357.51295336787
대전광역시,2003,45 - 49세,25.0,46.3,53995.680345572364
대전광역시,2003,50 - 54세,15.0,41.4,36231.884057971016
대전광역시,2003,55 - 59세,17.0,64.9,26194.144838212636
대전광역시,2003,60 - 64세,10.0,44.1,22675.736961451246
대전광역시,2004,40 - 44세,25.0,37.4,66844.91978609626
대전광역시,2004,45 - 49세,24.0,42.0,57142.85714285714
대전광역시,2004,50 - 54세,17.0,44.9,37861.91536748329
대전광역시,2004,55 - 59세,14.0,50.2,27888.44621513944
대전광역시,2004,60 - 64세,24.0,104.1,23054.75504322767
대전광역시,2005,40 - 44세,19.0,28.9,65743.9446366782
대전광역시,2005,45 - 49세,33.0,55.1,59891.10707803993
대전광역시,2005,50 - 54세,19.0,46.6,40772.5321888412
대전광역시,2005,55 - 59세,18.0,60.3,29850.74626865672
대전광역시,2005,60 - 64세,25.0,106.8,23408.239700374532
대전광역시,2006,40 - 44세,23.0,35.9,64066.85236768802
대전광역시,2006,45 - 49세,31.0,49.4,62753.03643724697
대전광역시,2006,50 - 54세,17.0,38.1,44619.422572178475
대전광역시,2006,55 - 59세,27.0,86.0,31395.3488372093
대전광역시,2006,60 - 64세,21.0,88.7,23675.31003382187
대전광역시,2007,40 - 44세,27.0,43.2,62500.0
대전광역시,2007,45 - 49세,19.0,29.2,65068.49315068494
대전광역시,2007,50 - 54세,18.0,37.3,48257.3726541555
대전광역시,2007,55 - 59세,16.0,48.8,32786.88524590164
대전광역시,2007,60 - 64세,9.0,37.8,23809.52380952381
대전광역시,2008,40 - 44세,15.0,23.7,63291.13924050633
대전광역시,2008,45 - 49세,20.0,30.4,65789.47368421053
대전광역시,2008,50 - 54세,27.0,52.3,51625.23900573615
대전광역시,2008,55 - 59세,20.0,58.5,34188.03418803419
대전광역시,2008,60 - 64세,16.0,64.9,24653.312788906005
대전광역시,2009,40 - 44세,28.0,42.9,65268.065268065264
대전광역시,2009,45 - 49세,46.0,70.3,65433.85490753913
대전광역시,2009,50 - 54세,28.0,51.1,54794.520547945205
대전광역시,2009,55 - 59세,18.0,50.2,35856.57370517928
대전광역시,2009,60 - 64세,16.0,61.0,26229.508196721312
대전광역시,2010,40 - 44세,34.0,51.0,66666.66666666666
대전광역시,2010,45 - 49세,37.0,57.4,64459.930313588855
대전광역시,2010,50 - 54세,29.0,50.3,57654.07554671969
대전광역시,2010,55 - 59세,23.0,59.4,38720.53872053872
대전광역시,2010,60 - 64세,10.0,35.6,28089.887640449433
대전광역시,2011,40 - 44세,27.0,39.4,68527.9187817259
대전광역시,2011,45 - 49세,28.0,44.5,62921.34831460674
대전광역시,2011,50 - 54세,31.0,51.2,60546.875
대전광역시,2011,55 - 59세,23.0,54.1,42513.863216266174
대전광역시,2011,60 - 64세,20.0,67.7,29542.097488921714
대전광역시,2012,40 - 44세,30.0,42.8,70093.45794392524
대전광역시,2012,45 - 49세,16.0,26.0,61538.46153846154
대전광역시,2012,50 - 54세,25.0,39.8,62814.0703517588
대전광역시,2012,55 - 59세,19.0,41.1,46228.710462287105
대전광역시,2012,60 - 64세,18.0,58.2,30927.835051546394
대전광역시,2013,40 - 44세,22.0,31.3,70287.53993610224
대전광역시,2013,45 - 49세,23.0,36.8,62500.0
대전광역시,2013,50 - 54세,30.0,47.2,63559.3220338983
대전광역시,2013,55 - 59세,21.0,42.6,49295.77464788732
대전광역시,2013,60 - 64세,23.0,71.1,32348.804500703238
대전광역시,2014,40 - 44세,31.0,44.6,69506.7264573991
대전광역시,2014,45 - 49세,26.0,40.3,64516.129032258075
대전광역시,2014,50 - 54세,37.0,58.5,63247.86324786324
대전광역시,2014,55 - 59세,33.0,63.0,52380.95238095238
대전광역시,2014,60 - 64세,19.0,56.0,33928.57142857143
대전광역시,2015,40 - 44세,18.0,26.8,67164.1791044776
대전광역시,2015,45 - 49세,38.0,57.9,65630.39723661485
대전광역시,2015,50 - 54세,36.0,58.0,62068.965517241384
대전광역시,2015,55 - 59세,31.0,56.5,54867.25663716814
대전광역시,2015,60 - 64세,19.0,52.1,36468.330134357006
대전광역시,2016,40 - 44세,31.0,48.6,63786.00823045267
대전광역시,2016,45 - 49세,39.0,58.4,66780.82191780822
대전광역시,2016,50 - 54세,29.0,48.2,60165.97510373444
대전광역시,2016,55 - 59세,26.0,45.4,57268.72246696035
대전광역시,2016,60 - 64세,17.0,42.7,39812.646370023416
대전광역시,2017,40 - 44세,14.0,23.1,60606.06060606061
대전광역시,2017,45 - 49세,27.0,39.9,67669.17293233084
대전광역시,2017,50 - 54세,22.0,37.6,58510.63829787234
대전광역시,2017,55 - 59세,26.0,44.1,58956.91609977324
대전광역시,2017,60 - 64세,15.0,34.9,42979.94269340974
대전광역시,2018,40 - 44세,20.0,34.6,57803.468208092476
대전광역시,2018,45 - 49세,30.0,44.6,67264.57399103139
대전광역시,2018,50 - 54세,21.0,35.6,58988.76404494382
대전광역시,2018,55 - 59세,46.0,77.8,59125.96401028278
대전광역시,2018,60 - 64세,34.0,74.5,45637.58389261745
대전광역시,2019,40 - 44세,23.0,41.4,55555.555555555555
대전광역시,2019,45 - 49세,34.0,51.7,65764.02321083171
대전광역시,2019,50 - 54세,32.0,52.8,60606.06060606061
대전광역시,2019,55 - 59세,28.0,47.9,58455.11482254697
대전광역시,2019,60 - 64세,37.0,76.9,48114.43433029909
대전광역시,2020,40 - 44세,21.0,38.5,54545.454545454544
대전광역시,2020,45 - 49세,35.0,54.9,63752.27686703097
대전광역시,2020,50 - 54세,24.0,38.8,61855.67010309279
대전광역시,2020,55 - 59세,27.0,47.0,57446.8085106383
대전광역시,2020,60 - 64세,18.0,35.7,50420.16806722689
대전광역시,2021,40 - 44세,25.0,45.7,54704.59518599562
대전광역시,2021,45 - 49세,28.0,46.0,60869.56521739131
대전광역시,2021,50 - 54세,27.0,42.7,63231.85011709601
대전광역시,2021,55 - 59세,31.0,55.6,55755.39568345324
대전광역시,2021,60 - 64세,29.0,55.1,52631.57894736842
대전광역시,2022,40 - 44세,17.0,30.9,55016.181229773465
대전광역시,2022,45 - 49세,18.0,31.0,58064.516129032265
대전광역시,2022,50 - 54세,15.0,23.3,64377.68240343348
대전광역시,2022,55 - 59세,25.0,46.0,54347.82608695652
대전광역시,2022,60 - 64세,35.0,64.5,54263.56589147286
대전광역시,2023,40 - 44세,19.0,34.5,55072.463768115944
대전광역시,2023,45 - 49세,29.0,52.2,55555.555555555555
대전광역시,2023,50 - 54세,28.0,43.6,64220.18348623852
대전광역시,2023,55 - 59세,24.0,43.4,55299.53917050692
대전광역시,2023,60 - 64세,18.0,33.0,54545.454545454544
대전광역시,2024,40 - 44세,30.0,55.8,53763.44086021506
대전광역시,2024,45 - 49세,24.0,44.7,53691.275167785236
대전광역시,2024,50 - 54세,37.0,58.7,63032.36797274275
대전광역시,2024,55 - 59세,30.0,52.3,57361.376673040155
대전광역시,2024,60 - 64세,28.0,51.6,54263.56589147286
부산광역시,1996,40 - 44세,29.0,18.5,156756.75675675675
부산광역시,1996,45 - 49세,39.0,31.9,122257.05329153607
부산광역시,1996,50 - 54세,37.0,37.5,98666.66666666667
부산광역시,1996,55 - 59세,22.0,27.6,79710.14492753622
부산광역시,1996,60 - 64세,29.0,56.4,51418.43971631206
부산광역시,1997,40 - 44세,31.0,19.0,163157.8947368421
부산광역시,1997,45 - 49세,46.0,36.4,126373.62637362636
부산광역시,1997,50 - 54세,37.0,37.6,98404.25531914894
부산광역시,1997,55 - 59세,35.0,41.0,85365.85365853658
부산광역시,1997,60 - 64세,27.0,48.9,55214.72392638037
부산광역시,1998,40 - 44세,82.0,48.7,168377.82340862422
부산광역시,1998,45 - 49세,74.0,57.3,129144.85165794067
부산광역시,1998,50 - 54세,48.0,47.8,100418.410041841
부산광역시,1998,55 - 59세,42.0,46.5,90322.58064516129
부산광역시,1998,60 - 64세,47.0,79.7,58971.141781681305
부산광역시,1999,40 - 44세,48.0,27.8,172661.8705035971
부산광역시,1999,45 - 49세,38.0,28.7,132404.181184669
부산광역시,1999,50 - 54세,40.0,38.3,104438.64229765013
부산광역시,1999,55 - 59세,24.0,26.1,91954.02298850575
부산광역시,1999,60 - 64세,23.0,36.4,63186.81318681318
부산광역시,2000,40 - 44세,39.0,22.3,174887.89237668162
부산광역시,2000,45 - 49세,37.0,26.5,139622.64150943395
부산광역시,2000,50 - 54세,24.0,21.9,109589.04109589042
부산광역시,2000,55 - 59세,36.0,39.3,91603.05343511452
부산광역시,2000,60 - 64세,26.0,38.9,66838.04627249358
부산광역시,2001,40 - 44세,54.0,30.6,176470.58823529413
부산광역시,2001,45 - 49세,55.0,37.2,147849.46236559137
부산광역시,2001,50 - 54세,43.0,37.6,114361.70212765958
부산광역시,2001,55 - 59세,39.0,43.1,90487.23897911832
부산광역시,2001,60 - 64세,36.0,50.9,70726.91552062868
부산광역시,2002,40 - 44세,53.0,30.1,176079.7342192691
부산광역시,2002,45 - 49세,57.0,37.1,153638.8140161725
부산광역시,2002,50 - 54세,41.0,34.7,118155.61959654177
부산광역시,2002,55 - 59세,28.0,31.0,90322.58064516129
부산광역시,2002,60 - 64세,48.0,63.2,75949.36708860759
부산광역시,2003,40 - 44세,65.0,37.8,171957.67195767196
부산광역시,2003,45 - 49세,67.0,42.2,158767.77251184834
부산광역시,2003,50 - 54세,68.0,56.5,120353.98230088496
부산광역시,2003,55 - 59세,57.0,61.7,92382.49594813613
부산광역시,2003,60 - 64세,63.0,78.5,80254.7770700637
부산광역시,2004,40 - 44세,80.0,48.3,165631.4699792961
부산광역시,2004,45 - 49세,77.0,47.2,163135.59322033898
부산광역시,2004,50 - 54세,77.0,62.4,123397.4358974359
부산광역시,2004,55 - 59세,83.0,86.2,96287.7030162413
부산광역시,2004,60 - 64세,71.0,86.5,82080.92485549134
부산광역시,2005,40 - 44세,66.0,41.8,157894.73684210525
부산광역시,2005,45 - 49세,69.0,41.7,165467.62589928057
부산광역시,2005,50 - 54세,86.0,65.9,130500.75872534141
부산광역시,2005,55 - 59세,77.0,76.1,101182.6544021025
부산광역시,2005,60 - 64세,75.0,91.5,81967.21311475411
부산광역시,2006,40 - 44세,58.0,38.6,150259.06735751295
부산광역시,2006,45 - 49세,64.0,38.2,167539.26701570678
부산광역시,2006,50 - 54세,76.0,54.8,138686.13138686132
부산광역시,2006,55 - 59세,67.0,63.4,105678.23343848581
부산광역시,2006,60 - 64세,52.0,64.0,81250.0
부산광역시,2007,40 - 44세,47.0,32.6,144171.77914110429
부산광역시,2007,45 - 49세,74.0,44.0,168181.81818181818
부산광역시,2007,50 - 54세,66.0,45.6,144736.84210526317
부산광역시,2007,55 - 59세,61.0,55.7,109515.26032315977
부산광역시,2007,60 - 64세,58.0,71.0,81690.14084507042
부산광역시,2008,40 - 44세,61.0,42.9,142191.1421911422
부산광역시,2008,45 - 49세,70.0,42.4,165094.3396226415
부산광역시,2008,50 - 54세,65.0,43.2,150462.96296296295
부산광역시,2008,55 - 59세,55.0,49.0,112244.89795918367
부산광역시,2008,60 - 64세,65.0,77.2,84196.89119170984
부산광역시,2009,40 - 44세,64.0,44.7,143176.7337807606
부산광역시,2009,45 - 49세,90.0,56.3,159857.90408525756
부산광역시,2009,50 - 54세,97.0,62.5,155200.0
부산광역시,2009,55 - 59세,75.0,65.0,115384.61538461538
부산광역시,2009,60 - 64세,55.0,62.4,88141.02564102564
부산광역시,2010,40 - 44세,48.0,33.4,143712.5748502994
부산광역시,2010,45 - 49세,101.0,66.0,153030.30303030304
부산광역시,2010,50 - 54세,89.0,56.3,158081.70515097692
부산광역시,2010,55 - 59세,89.0,72.7,122420.90784044015
부산광역시,2010,60 - 64세,74.0,79.7,92848.18067754077
부산광역시,2011,40 - 44세,67.0,46.3,144708.42332613393
부산광역시,2011,45 - 49세,80.0,54.8,145985.401459854
부산광역시,2011,50 - 54세,93.0,57.9,160621.7616580311
부산광역시,2011,55 - 59세,81.0,62.1,130434.78260869565
부산광역시,2011,60 - 64세,64.0,66.0,96969.69696969698
부산광역시,2012,40 - 44세,75.0,51.5,145631.06796116504
부산광역시,2012,45 - 49세,64.0,45.6,140350.87719298244
부산광역시,2012,50 - 54세,85.0,52.7,161290.32258064515
부산광역시,2012,55 - 59세,83.0,60.8,136513.15789473685
부산광역시,2012,60 - 64세,66.0,65.5,100763.35877862594
부산광역시,2013,40 - 44세,92.0,63.6,144654.08805031446
부산광역시,2013,45 - 49세,73.0,52.8,138257.57575757575
부산광역시,2013,50 - 54세,88.0,55.5,158558.55855855855
부산광역시,2013,55 - 59세,93.0,65.5,141984.73282442748
부산광역시,2013,60 - 64세,76.0,73.3,103683.49249658937
부산광역시,2014,40 - 44세,85.0,59.7,142378.55946398657
부산광역시,2014,45 - 49세,80.0,57.4,139372.82229965157
부산광역시,2014,50 - 54세,95.0,61.8,153721.68284789645
부산광역시,2014,55 - 59세,79.0,53.8,146840.1486988848
부산광역시,2014,60 - 64세,60.0,56.1,106951.87165775402
부산광역시,2015,40 - 44세,71.0,51.1,138943.24853228964
부산광역시,2015,45 - 49세,68.0,48.3,140786.74948240168
부산광역시,2015,50 - 54세,75.0,50.9,147347.7406679764
부산광역시,2015,55 - 59세,99.0,66.1,149773.07110438732
부산광역시,2015,60 - 64세,71.0,62.5,113599.99999999999
부산광역시,2016,40 - 44세,65.0,48.6,133744.85596707818
부산광역시,2016,45 - 49세,75.0,52.8,142045.45454545456
부산광역시,2016,50 - 54세,79.0,56.3,140319.71580817053
부산광역시,2016,55 - 59세,76.0,50.0,152000.0
부산광역시,2016,60 - 64세,69.0,57.0,121052.63157894737
부산광역시,2017,40 - 44세,49.0,38.2,128272.25130890052
부산광역시,2017,45 - 49세,66.0,46.3,142548.59611231103
부산광역시,2017,50 - 54세,65.0,48.1,135135.13513513512
부산광역시,2017,55 - 59세,76.0,49.8,152610.4417670683
부산광역시,2017,60 - 64세,61.0,48.2,126556.01659751037
부산광역시,2018,40 - 44세,42.0,34.1,123167.15542521994
부산광역시,2018,45 - 49세,77.0,54.5,141284.40366972476
부산광역시,2018,50 - 54세,83.0,62.3,133226.3242375602
부산광역시,2018,55 - 59세,69.0,46.0,150000.0
부산광역시,2018,60 - 64세,72.0,54.7,131627.05667276052
부산광역시,2019,40 - 44세,54.0,44.9,120267.26057906459
부산광역시,2019,45 - 49세,61.0,44.0,138636.36363636365
부산광역시,2019,50 - 54세,68.0,50.7,134122.28796844181
부산광역시,2019,55 - 59세,91.0,62.6,145367.41214057506
부산광역시,2019,60 - 64세,85.0,62.4,136217.94871794872
부산광역시,2020,40 - 44세,52.0,43.0,120930.23255813953
부산광역시,2020,45 - 49세,65.0,48.3,134575.56935817807
부산광역시,2020,50 - 54세,67.0,49.6,135080.64516129033
부산광역시,2020,55 - 59세,68.0,48.8,139344.26229508198
부산광역시,2020,60 - 64세,71.0,51.0,139215.6862745098
부산광역시,2021,40 - 44세,44.0,35.6,123595.50561797751
부산광역시,2021,45 - 49세,45.0,34.9,128939.82808022923
부산광역시,2021,50 - 54세,69.0,50.6,136363.63636363635
부산광역시,2021,55 - 59세,57.0,42.8,133177.57009345794
부산광역시,2021,60 - 64세,66.0,46.6,141630.90128755366
부산광역시,2022,40 - 44세,46.0,36.5,126027.39726027397
부산광역시,2022,45 - 49세,65.0,52.6,123574.14448669202
부산광역시,2022,50 - 54세,58.0,42.3,137115.83924349883
부산광역시,2022,55 - 59세,53.0,41.4,128019.3236714976
부산광역시,2022,60 - 64세,68.0,47.7,142557.65199161426
부산광역시,2023,40 - 44세,65.0,51.5,126213.59223300972
부산광역시,2023,45 - 49세,53.0,44.5,119101.12359550562
부산광역시,2023,50 - 54세,75.0,55.1,136116.15245009074
부산광역시,2023,55 - 59세,74.0,58.4,126712.32876712328
부산광역시,2023,60 - 64세,84.0,59.9,140233.72287145242
부산광역시,2024,40 - 44세,54.0,43.9,123006.83371298407
부산광역시,2024,45 - 49세,60.0,51.4,116731.51750972764
부산광역시,2024,50 - 54세,57.0,42.6,133802.81690140846
부산광역시,2024,55 - 59세,75.0,58.6,127986.34812286688
부산광역시,2024,60 - 64세,73.0,53.5,136448.59813084113
서울특별시,1996,40 - 44세,78.0,19.7,395939.0862944163
서울특별시,1996,45 - 49세,66.0,20.7,318840.5797101449
서울특별시,1996,50 - 54세,66.0,24.2,272727.27272727276
서울특별시,1996,55 - 59세,53.0,25.2,210317.46031746033
서울특별시,1996,60 - 64세,39.0,30.5,127868.8524590164
서울특별시,1997,40 - 44세,70.0,17.1,409356.7251461988
서울특별시,1997,45 - 49세,75.0,23.6,317796.6101694915
서울특별시,1997,50 - 54세,65.0,24.3,267489.71193415637
서울특별시,1997,55 - 59세,64.0,28.4,225352.11267605633
서울특별시,1997,60 - 64세,44.0,31.8,138364.77987421383
서울특별시,1998,40 - 44세,141.0,33.7,418397.62611275964
서울특별시,1998,45 - 49세,112.0,34.8,321839.0804597701
서울특별시,1998,50 - 54세,109.0,40.4,269801.9801980198
서울특별시,1998,55 - 59세,118.0,49.4,238866.39676113363
서울특별시,1998,60 - 64세,91.0,61.0,149180.32786885247
서울특별시,1999,40 - 44세,75.0,17.4,431034.48275862075
서울특별시,1999,45 - 49세,72.0,22.0,327272.7272727273
서울특별시,1999,50 - 54세,57.0,20.5,278048.78048780485
서울특별시,1999,55 - 59세,77.0,31.8,242138.36477987422
서울특별시,1999,60 - 64세,63.0,39.0,161538.46153846153
서울특별시,2000,40 - 44세,73.0,16.6,439759.03614457825
서울특별시,2000,45 - 49세,49.0,14.3,342657.3426573426
서울특별시,2000,50 - 54세,63.0,22.0,286363.63636363635
서울특별시,2000,55 - 59세,70.0,28.8,243055.55555555553
서울특별시,2000,60 - 64세,56.0,32.6,171779.14110429445
서울특별시,2001,40 - 44세,62.0,13.8,449275.3623188405
서울특별시,2001,45 - 49세,56.0,15.3,366013.0718954248
서울특별시,2001,50 - 54세,63.0,21.9,287671.23287671234
서울특별시,2001,55 - 59세,54.0,22.4,241071.4285714286
서울특별시,2001,60 - 64세,58.0,32.1,180685.35825545172
서울특별시,2002,40 - 44세,97.0,21.4,453271.0280373832
서울특별시,2002,45 - 49세,94.0,24.6,382113.82113821135
서울특별시,2002,50 - 54세,79.0,27.3,289377.28937728936
서울특별시,2002,55 - 59세,99.0,41.6,237980.76923076922
서울특별시,2002,60 - 64세,86.0,44.2,194570.13574660633
서울특별시,2003,40 - 44세,111.0,24.7,449392.71255060734
서울특별시,2003,45 - 49세,113.0,28.7,393728.2229965157
서울특별시,2003,50 - 54세,100.0,34.2,292397.6608187134
서울특별시,2003,55 - 59세,98.0,40.8,240196.0784313726
서울특별시,2003,60 - 64세,109.0,53.0,205660.3773584906
서울특별시,2004,40 - 44세,149.0,33.8,440828.402366864
서울특별시,2004,45 - 49세,156.0,38.3,407310.7049608355
서울특별시,2004,50 - 54세,120.0,40.2,298507.46268656716
서울특별시,2004,55 - 59세,105.0,42.4,247641.50943396226
서울특별시,2004,60 - 64세,124.0,59.4,208754.20875420878
서울특별시,2005,40 - 44세,130.0,30.1,431893.68770764116
서울특별시,2005,45 - 49세,136.0,32.5,418461.5384615385
서울특별시,2005,50 - 54세,124.0,39.4,314720.8121827411
서울특별시,2005,55 - 59세,100.0,39.0,256410.25641025644
서울특별시,2005,60 - 64세,111.0,52.7,210626.18595825424
서울특별시,2006,40 - 44세,123.0,29.2,421232.8767123288
서울특별시,2006,45 - 49세,138.0,32.3,427244.5820433437
서울특별시,2006,50 - 54세,109.0,32.3,337461.3003095976
서울특별시,2006,55 - 59세,109.0,41.9,260143.19809069214
서울특별시,2006,60 - 64세,134.0,63.4,211356.46687697162
서울특별시,2007,40 - 44세,115.0,27.7,415162.45487364626
서울특별시,2007,45 - 49세,136.0,31.4,433121.01910828025
서울특별시,2007,50 - 54세,118.0,33.2,355421.6867469879
서울특별시,2007,55 - 59세,100.0,37.9,263852.2427440633
서울특별시,2007,60 - 64세,85.0,40.2,211442.78606965172
서울특별시,2008,40 - 44세,119.0,28.5,417543.85964912275
서울특별시,2008,45 - 49세,142.0,32.9,431610.9422492401
서울특별시,2008,50 - 54세,134.0,36.2,370165.74585635355
서울특별시,2008,55 - 59세,129.0,47.9,269311.0647181629
서울특별시,2008,60 - 64세,101.0,46.8,215811.96581196584
서울특별시,2009,40 - 44세,152.0,35.6,426966.2921348314
서울특별시,2009,45 - 49세,161.0,37.7,427055.7029177718
서울특별시,2009,50 - 54세,188.0,48.7,386036.96098562627
서울특별시,2009,55 - 59세,134.0,48.4,276859.5041322314
서울특별시,2009,60 - 64세,133.0,59.3,224283.305227656
서울특별시,2010,40 - 44세,155.0,35.6,435393.25842696626
서울특별시,2010,45 - 49세,186.0,44.4,418918.91891891893
서울특별시,2010,50 - 54세,198.0,49.9,396793.5871743487
서울특별시,2010,55 - 59세,151.0,51.6,292635.6589147287
서울특별시,2010,60 - 64세,128.0,55.1,232304.90018148822
서울특별시,2011,40 - 44세,180.0,40.5,444444.44444444444
서울특별시,2011,45 - 49세,194.0,47.6,407563.025210084
서울특별시,2011,50 - 54세,189.0,46.7,404710.9207708779
서울특별시,2011,55 - 59세,176.0,56.2,313167.25978647685
서울특별시,2011,60 - 64세,129.0,54.9,234972.6775956284
서울특별시,2012,40 - 44세,152.0,33.6,452380.95238095237
서울특별시,2012,45 - 49세,159.0,40.0,397500.0
서울특별시,2012,50 - 54세,198.0,48.5,408247.42268041236
서울특별시,2012,55 - 59세,161.0,49.0,328571.4285714286
서울특별시,2012,60 - 64세,138.0,58.0,237931.03448275864
서울특별시,2013,40 - 44세,165.0,36.4,453296.7032967033
서울특별시,2013,45 - 49세,184.0,46.5,395698.9247311828
서울특별시,2013,50 - 54세,225.0,55.4,406137.1841155235
서울특별시,2013,55 - 59세,183.0,53.6,341417.9104477612
서울특별시,2013,60 - 64세,119.0,49.0,242857.14285714284
서울특별시,2014,40 - 44세,170.0,38.1,446194.22572178475
서울특별시,2014,45 - 49세,190.0,47.4,400843.8818565401
서울특별시,2014,50 - 54세,211.0,52.7,400379.5066413662
서울특별시,2014,55 - 59세,171.0,48.1,355509.3555093555
서울특별시,2014,60 - 64세,133.0,53.4,249063.67041198502
서울특별시,2015,40 - 44세,161.0,37.3,431635.3887399465
서울특별시,2015,45 - 49세,148.0,36.5,405479.4520547945
서울특별시,2015,50 - 54세,183.0,46.8,391025.64102564106
서울특별시,2015,55 - 59세,153.0,42.0,364285.71428571426
서울특별시,2015,60 - 64세,120.0,45.6,263157.8947368421
서울특별시,2016,40 - 44세,161.0,39.3,409669.2111959288
서울특별시,2016,45 - 49세,143.0,34.6,413294.79768786125
서울특별시,2016,50 - 54세,158.0,41.8,377990.4306220096
서울특별시,2016,55 - 59세,184.0,49.7,370221.32796780684
서울특별시,2016,60 - 64세,120.0,42.7,281030.4449648712
서울특별시,2017,40 - 44세,132.0,34.0,388235.29411764705
서울특별시,2017,45 - 49세,144.0,34.3,419825.0728862974
서울특별시,2017,50 - 54세,173.0,47.0,368085.10638297873
서울특별시,2017,55 - 59세,162.0,43.4,373271.88940092165
서울특별시,2017,60 - 64세,126.0,42.8,294392.523364486
서울특별시,2018,40 - 44세,116.0,31.4,369426.7515923567
서울특별시,2018,45 - 49세,162.0,38.8,417525.77319587633
서울특별시,2018,50 - 54세,157.0,42.9,365967.365967366
서울특별시,2018,55 - 59세,173.0,46.7,370449.6788008565
서울특별시,2018,60 - 64세,129.0,42.3,304964.53900709224
서울특별시,2019,40 - 44세,111.0,31.2,355769.2307692308
서울특별시,2019,45 - 49세,162.0,39.5,410126.582278481
서울특별시,2019,50 - 54세,157.0,42.4,370283.0188679246
서울특별시,2019,55 - 59세,154.0,42.3,364066.19385342795
서울특별시,2019,60 - 64세,160.0,50.4,317460.3174603175
서울특별시,2020,40 - 44세,96.0,27.1,354243.54243542434
서울특별시,2020,45 - 49세,117.0,29.5,396610.16949152545
서울특별시,2020,50 - 54세,136.0,36.3,374655.64738292014
서울특별시,2020,55 - 59세,163.0,45.7,356673.9606126915
서울특별시,2020,60 - 64세,112.0,34.3,326530.612244898
서울특별시,2021,40 - 44세,94.0,26.4,356060.6060606061
서울특별시,2021,45 - 49세,122.0,32.4,376543.20987654326
서울특별시,2021,50 - 54세,122.0,31.9,382445.1410658307
서울특별시,2021,55 - 59세,126.0,36.4,346153.8461538462
서울특별시,2021,60 - 64세,121.0,36.3,333333.3333333334
서울특별시,2022,40 - 44세,93.0,25.9,359073.3590733591
서울특별시,2022,45 - 49세,114.0,31.9,357366.7711598746
서울특별시,2022,50 - 54세,158.0,40.6,389162.56157635467
서울특별시,2022,55 - 59세,125.0,37.1,336927.22371967655
서울특별시,2022,60 - 64세,107.0,31.7,337539.43217665615
서울특별시,2023,40 - 44세,104.0,28.8,361111.1111111111
서울특별시,2023,45 - 49세,108.0,31.6,341772.15189873416
서울특별시,2023,50 - 54세,137.0,35.3,388101.9830028329
서울특별시,2023,55 - 59세,133.0,39.6,335858.58585858584
서울특별시,2023,60 - 64세,144.0,42.9,335664.33566433564
서울특별시,2024,40 - 44세,138.0,38.8,355670.10309278354
서울특별시,2024,45 - 49세,108.0,32.7,330275.2293577981
서울특별시,2024,50 - 54세,176.0,46.1,381778.7418655097
서울특별시,2024,55 - 59세,142.0,41.7,340527.57793764985
서울특별시,2024,60 - 64세,142.0,42.9,331002.33100233105
세종특별자치시,2012,40 - 44세,4.0,84.1,4756.242568370987
세종특별자치시,2012,45 - 49세,2.0,49.4,4048.582995951417
세종특별자치시,2012,50 - 54세,4.0,89.9,4449.388209121245
세종특별자치시,2012,55 - 59세,0.0,,
세종특별자치시,2012,60 - 64세,1.0,37.6,2659.574468085106
세종특별자치시,2013,40 - 44세,1.0,17.4,5747.12643678161
세종특별자치시,2013,45 - 49세,0.0,,
세종특별자치시,2013,50 - 54세,3.0,61.6,4870.12987012987
세종특별자치시,2013,55 - 59세,2.0,49.3,4056.7951318458418
세종특별자치시,2013,60 - 64세,2.0,70.2,2849.002849002849
세종특별자치시,2014,40 - 44세,1.0,14.0,7142.857142857142
세종특별자치시,2014,45 - 49세,0.0,,
세종특별자치시,2014,50 - 54세,3.0,55.1,5444.64609800363
세종특별자치시,2014,55 - 59세,2.0,43.1,4640.371229698376
세종특별자치시,2014,60 - 64세,1.0,31.5,3174.6031746031745
세종특별자치시,2015,40 - 44세,2.0,20.6,9708.73786407767
세종특별자치시,2015,45 - 49세,3.0,40.1,7481.296758104739
세종특별자치시,2015,50 - 54세,2.0,30.7,6514.657980456026
세종특별자치시,2015,55 - 59세,4.0,70.9,5641.748942172073
세종특별자치시,2015,60 - 64세,3.0,76.3,3931.847968545216
세종특별자치시,2016,40 - 44세,3.0,25.1,11952.19123505976
세종특별자치시,2016,45 - 49세,4.0,41.1,9732.3600973236
세종특별자치시,2016,50 - 54세,6.0,80.1,7490.63670411985
세종특별자치시,2016,55 - 59세,1.0,14.7,6802.721088435374
세종특별자치시,2016,60 - 64세,6.0,123.8,4846.526655896608
세종특별자치시,2017,40 - 44세,5.0,37.0,13513.513513513515
세종특별자치시,2017,45 - 49세,7.0,59.1,11844.331641285957
세종특별자치시,2017,50 - 54세,6.0,72.0,8333.333333333332
세종특별자치시,2017,55 - 59세,4.0,50.7,7889.546351084813
세종특별자치시,2017,60 - 64세,2.0,34.9,5730.659025787966
세종특별자치시,2018,40 - 44세,7.0,46.7,14989.293361884367
세종특별자치시,2018,45 - 49세,6.0,43.5,13793.103448275862
세종특별자치시,2018,50 - 54세,5.0,52.2,9578.54406130268
세종특별자치시,2018,55 - 59세,3.0,33.7,8902.07715133531
세종특별자치시,2018,60 - 64세,4.0,59.2,6756.756756756756
세종특별자치시,2019,40 - 44세,6.0,37.0,16216.216216216217
세종특별자치시,2019,45 - 49세,5.0,32.3,15479.876160990712
세종특별자치시,2019,50 - 54세,7.0,63.4,11041.009463722397
세종특별자치시,2019,55 - 59세,4.0,41.1,9732.3600973236
세종특별자치시,2019,60 - 64세,3.0,38.6,7772.020725388601
세종특별자치시,2020,40 - 44세,3.0,17.2,17441.86046511628
세종특별자치시,2020,45 - 49세,3.0,18.0,16666.666666666664
세종특별자치시,2020,50 - 54세,4.0,32.5,12307.692307692309
세종특별자치시,2020,55 - 59세,7.0,68.1,10279.001468428782
세종특별자치시,2020,60 - 64세,2.0,23.3,8583.690987124464
세종특별자치시,2021,40 - 44세,2.0,10.7,18691.58878504673
세종특별자치시,2021,45 - 49세,8.0,46.4,17241.37931034483
세종특별자치시,2021,50 - 54세,10.0,72.4,13812.154696132595
세종특별자치시,2021,55 - 59세,0.0,,
세종특별자치시,2021,60 - 64세,3.0,32.1,9345.794392523365
세종특별자치시,2022,40 - 44세,7.0,35.5,19718.309859154928
세종특별자치시,2022,45 - 49세,6.0,33.9,17699.11504424779
세종특별자치시,2022,50 - 54세,3.0,19.6,15306.12244897959
세종특별자치시,2022,55 - 59세,5.0,45.7,10940.919037199124
세종특별자치시,2022,60 - 64세,6.0,59.6,10067.114093959732
세종특별자치시,2023,40 - 44세,2.0,9.9,20202.0202020202
세종특별자치시,2023,45 - 49세,3.0,16.8,17857.14285714286
세종특별자치시,2023,50 - 54세,7.0,43.1,16241.299303944315
세종특별자치시,2023,55 - 59세,4.0,34.9,11461.318051575932
세종특별자치시,2023,60 - 64세,3.0,28.8,10416.666666666666
세종특별자치시,2024,40 - 44세,5.0,25.1,19920.3187250996
세종특별자치시,2024,45 - 49세,8.0,44.3,18058.690744920994
세종특별자치시,2024,50 - 54세,6.0,35.4,16949.15254237288
세종특별자치시,2024,55 - 59세,6.0,49.5,12121.212121212122
세종특별자치시,2024,60 - 64세,3.0,28.3,10600.706713780919
울산광역시,1997,40 - 44세,13.0,31.4,41401.27388535032
울산광역시,1997,45 - 49세,10.0,36.1,27700.831024930743
울산광역시,1997,50 - 54세,2.0,11.1,18018.01801801802
울산광역시,1997,55 - 59세,10.0,69.7,14347.202295552366
울산광역시,1997,60 - 64세,2.0,22.9,8733.624454148472
울산광역시,1998,40 - 44세,21.0,47.6,44117.64705882353
울산광역시,1998,45 - 49세,22.0,74.9,29372.496662216286
울산광역시,1998,50 - 54세,12.0,62.7,19138.755980861242
울산광역시,1998,55 - 59세,15.0,95.5,15706.806282722513
울산광역시,1998,60 - 64세,8.0,84.8,9433.962264150945
울산광역시,1999,40 - 44세,9.0,19.1,47120.41884816753
울산광역시,1999,45 - 49세,10.0,32.3,30959.752321981425
울산광역시,1999,50 - 54세,11.0,52.9,20793.950850661626
울산광역시,1999,55 - 59세,10.0,61.7,16207.45542949757
울산광역시,1999,60 - 64세,5.0,48.8,10245.901639344263
울산광역시,2000,40 - 44세,8.0,16.0,50000.0
울산광역시,2000,45 - 49세,16.0,47.6,33613.44537815126
울산광역시,2000,50 - 54세,9.0,39.6,22727.272727272728
울산광역시,2000,55 - 59세,7.0,42.7,16393.442622950817
울산광역시,2000,60 - 64세,3.0,27.0,11111.111111111111
울산광역시,2001,40 - 44세,9.0,16.9,53254.43786982249
울산광역시,2001,45 - 49세,12.0,32.6,36809.815950920245
울산광역시,2001,50 - 54세,13.0,52.7,24667.931688804554
울산광역시,2001,55 - 59세,12.0,72.1,16643.55062413315
울산광역시,2001,60 - 64세,10.0,83.7,11947.431302270012
울산광역시,2002,40 - 44세,17.0,30.5,55737.70491803278
울산광역시,2002,45 - 49세,15.0,37.7,39787.79840848806
울산광역시,2002,50 - 54세,8.0,30.2,26490.066225165567
울산광역시,2002,55 - 59세,7.0,40.9,17114.914425427873
울산광역시,2002,60 - 64세,7.0,52.7,13282.732447817836
울산광역시,2003,40 - 44세,23.0,40.4,56930.69306930694
울산광역시,2003,45 - 49세,12.0,28.1,42704.62633451957
울산광역시,2003,50 - 54세,9.0,32.0,28125.0
울산광역시,2003,55 - 59세,11.0,60.5,18181.818181818184
울산광역시,2003,60 - 64세,21.0,144.6,14522.821576763487
울산광역시,2004,40 - 44세,19.0,33.3,57057.057057057056
울산광역시,2004,45 - 49세,22.0,48.0,45833.33333333333
울산광역시,2004,50 - 54세,16.0,53.4,29962.5468164794
울산광역시,2004,55 - 59세,13.0,65.4,19877.67584097859
울산광역시,2004,60 - 64세,12.0,79.6,15075.376884422112
울산광역시,2005,40 - 44세,17.0,29.8,57046.979865771806
울산광역시,2005,45 - 49세,20.0,41.1,48661.800486618
울산광역시,2005,50 - 54세,18.0,55.2,32608.695652173912
울산광역시,2005,55 - 59세,13.0,59.6,21812.080536912752
울산광역시,2005,60 - 64세,4.0,26.1,15325.67049808429
울산광역시,2006,40 - 44세,13.0,23.0,56521.73913043478
울산광역시,2006,45 - 49세,16.0,31.1,51446.94533762058
울산광역시,2006,50 - 54세,20.0,56.1,35650.623885918
울산광역시,2006,55 - 59세,9.0,38.0,23684.210526315786
울산광역시,2006,60 - 64세,13.0,83.3,15606.2424969988
울산광역시,2007,40 - 44세,12.0,21.5,55813.95348837209
울산광역시,2007,45 - 49세,25.0,46.2,54112.55411255411
울산광역시,2007,50 - 54세,12.0,31.2,38461.53846153846
울산광역시,2007,55 - 59세,11.0,43.3,25404.15704387991
울산광역시,2007,60 - 64세,13.0,81.2,16009.852216748768
울산광역시,2008,40 - 44세,21.0,37.7,55702.91777188329
울산광역시,2008,45 - 49세,22.0,39.6,55555.555555555555
울산광역시,2008,50 - 54세,14.0,33.9,41297.93510324484
울산광역시,2008,55 - 59세,16.0,59.2,27027.027027027023
울산광역시,2008,60 - 64세,14.0,82.0,17073.17073170732
울산광역시,2009,40 - 44세,20.0,35.6,56179.775280898866
울산광역시,2009,45 - 49세,18.0,32.2,55900.621118012416
울산광역시,2009,50 - 54세,19.0,42.7,44496.48711943794
울산광역시,2009,55 - 59세,17.0,59.1,28764.805414551607
울산광역시,2009,60 - 64세,14.0,75.0,18666.666666666668
울산광역시,2010,40 - 44세,21.0,37.9,55408.9709762533
울산광역시,2010,45 - 49세,21.0,37.5,56000.00000000001
울산광역시,2010,50 - 54세,21.0,44.2,47511.312217194565
울산광역시,2010,55 - 59세,27.0,86.2,31322.505800464034
울산광역시,2010,60 - 64세,12.0,58.6,20477.815699658702
울산광역시,2011,40 - 44세,18.0,33.0,54545.454545454544
울산광역시,2011,45 - 49세,24.0,43.1,55684.45475638051
울산광역시,2011,50 - 54세,32.0,63.4,50473.18611987381
울산광역시,2011,55 - 59세,20.0,58.2,34364.26116838488
울산광역시,2011,60 - 64세,14.0,63.0,22222.222222222223
울산광역시,2012,40 - 44세,19.0,35.0,54285.71428571428
울산광역시,2012,45 - 49세,16.0,29.2,54794.520547945205
울산광역시,2012,50 - 54세,23.0,43.1,53364.26914153132
울산광역시,2012,55 - 59세,22.0,59.0,37288.13559322034
울산광역시,2012,60 - 64세,11.0,46.1,23861.171366594357
울산광역시,2013,40 - 44세,18.0,33.7,53412.46290801186
울산광역시,2013,45 - 49세,23.0,41.8,55023.92344497608
울산광역시,2013,50 - 54세,26.0,47.5,54736.84210526316
울산광역시,2013,55 - 59세,24.0,59.8,40133.77926421405
울산광역시,2013,60 - 64세,17.0,66.9,25411.061285500746
울산광역시,2014,40 - 44세,18.0,34.4,52325.58139534884
울산광역시,2014,45 - 49세,20.0,35.9,55710.30640668524
울산광역시,2014,50 - 54세,31.0,56.2,55160.142348754445
울산광역시,2014,55 - 59세,18.0,41.5,43373.49397590361
울산광역시,2014,60 - 64세,9.0,33.2,27108.433734939757
울산광역시,2015,40 - 44세,25.0,49.2,50813.008130081296
울산광역시,2015,45 - 49세,25.0,45.1,55432.37250554324
울산광역시,2015,50 - 54세,26.0,47.0,55319.14893617021
울산광역시,2015,55 - 59세,27.0,58.3,46312.178387650085
울산광역시,2015,60 - 64세,16.0,54.1,29574.861367837337
울산광역시,2016,40 - 44세,18.0,36.8,48913.04347826088
울산광역시,2016,45 - 49세,25.0,45.7,54704.59518599562
울산광역시,2016,50 - 54세,20.0,36.4,54945.05494505495
울산광역시,2016,55 - 59세,23.0,46.8,49145.29914529915
울산광역시,2016,60 - 64세,19.0,58.6,32423.20819112628
울산광역시,2017,40 - 44세,17.0,36.0,47222.22222222222
울산광역시,2017,45 - 49세,20.0,37.0,54054.05405405406
울산광역시,2017,50 - 54세,26.0,48.2,53941.908713692945
울산광역시,2017,55 - 59세,27.0,52.3,51625.23900573615
울산광역시,2017,60 - 64세,19.0,54.4,34926.4705882353
울산광역시,2018,40 - 44세,23.0,50.0,46000.0
울산광역시,2018,45 - 49세,25.0,47.3,52854.12262156448
울산광역시,2018,50 - 54세,35.0,65.0,53846.153846153844
울산광역시,2018,55 - 59세,35.0,66.4,52710.843373493975
울산광역시,2018,60 - 64세,27.0,72.1,37447.98890429959
울산광역시,2019,40 - 44세,25.0,55.1,45372.050816696916
울산광역시,2019,45 - 49세,31.0,60.6,51155.11551155115
울산광역시,2019,50 - 54세,26.0,48.0,54166.666666666664
울산광역시,2019,55 - 59세,31.0,58.6,52901.023890784985
울산광역시,2019,60 - 64세,30.0,74.3,40376.85060565276
울산광역시,2020,40 - 44세,16.0,34.8,45977.01149425288
울산광역시,2020,45 - 49세,27.0,54.7,49360.146252285194
울산광역시,2020,50 - 54세,27.0,50.4,53571.42857142857
울산광역시,2020,55 - 59세,24.0,45.4,52863.436123348016
울산광역시,2020,60 - 64세,25.0,58.0,43103.448275862065
울산광역시,2021,40 - 44세,33.0,70.4,46874.99999999999
울산광역시,2021,45 - 49세,29.0,61.4,47231.27035830619
울산광역시,2021,50 - 54세,20.0,37.9,52770.44854881267
울산광역시,2021,55 - 59세,28.0,53.5,52336.44859813084
울산광역시,2021,60 - 64세,24.0,52.5,45714.28571428571
울산광역시,2022,40 - 44세,21.0,44.3,47404.06320541761
울산광역시,2022,45 - 49세,21.0,46.1,45553.1453362256
울산광역시,2022,50 - 54세,19.0,36.5,52054.79452054794
울산광역시,2022,55 - 59세,16.0,31.1,51446.94533762058
울산광역시,2022,60 - 64세,27.0,56.3,47957.37122557727
울산광역시,2023,40 - 44세,25.0,52.8,47348.48484848485
울산광역시,2023,45 - 49세,31.0,69.8,44412.60744985673
울산광역시,2023,50 - 54세,34.0,66.7,50974.512743628184
울산광역시,2023,55 - 59세,40.0,77.7,51480.05148005148
울산광역시,2023,60 - 64세,23.0,46.9,49040.5117270789
울산광역시,2024,40 - 44세,18.0,39.1,46035.80562659846
울산광역시,2024,45 - 49세,20.0,45.5,43956.043956043955
울산광역시,2024,50 - 54세,31.0,62.6,49520.76677316294
울산광역시,2024,55 - 59세,36.0,69.1,52098.408104196824
울산광역시,2024,60 - 64세,33.0,66.8,49401.19760479042
인천광역시,1996,40 - 44세,27.0,30.5,88524.59016393442
인천광역시,1996,45 - 49세,21.0,34.7,60518.73198847262
인천광역시,1996,50 - 54세,19.0,40.7,46683.04668304668
인천광역시,1996,55 - 59세,13.0,34.9,37249.28366762178
인천광역시,1996,60 - 64세,13.0,50.8,25590.55118110236
인천광역시,1997,40 - 44세,34.0,34.9,97421.20343839542
인천광역시,1997,45 - 49세,24.0,38.0,63157.8947368421
인천광역시,1997,50 - 54세,18.0,37.4,48128.34224598931
인천광역시,1997,55 - 59세,23.0,57.3,40139.616055846425
인천광역시,1997,60 - 64세,15.0,53.9,27829.31354359926
인천광역시,1998,40 - 44세,48.0,45.2,106194.69026548672
인천광역시,1998,45 - 49세,26.0,39.0,66666.66666666666
인천광역시,1998,50 - 54세,31.0,61.3,50570.96247960848
인천광역시,1998,55 - 59세,23.0,54.0,42592.59259259259
인천광역시,1998,60 - 64세,12.0,39.9,30075.18796992481
인천광역시,1999,40 - 44세,21.0,18.2,115384.61538461539
인천광역시,1999,45 - 49세,20.0,28.4,70422.5352112676
인천광역시,1999,50 - 54세,32.0,59.4,53872.05387205387
인천광역시,1999,55 - 59세,14.0,32.1,43613.70716510903
인천광역시,1999,60 - 64세,16.0,49.5,32323.232323232325
인천광역시,2000,40 - 44세,25.0,20.1,124378.1094527363
인천광역시,2000,45 - 49세,27.0,35.1,76923.07692307692
인천광역시,2000,50 - 54세,24.0,41.9,57279.236276849646
인천광역시,2000,55 - 59세,15.0,33.8,44378.69822485207
인천광역시,2000,60 - 64세,24.0,71.1,33755.27426160338
인천광역시,2001,40 - 44세,26.0,19.7,131979.69543147206
인천광역시,2001,45 - 49세,23.0,26.7,86142.32209737827
인천광역시,2001,50 - 54세,23.0,38.9,59125.96401028278
인천광역시,2001,55 - 59세,18.0,39.8,45226.13065326634
인천광역시,2001,60 - 64세,20.0,57.1,35026.26970227671
인천광역시,2002,40 - 44세,37.0,26.9,137546.46840148699
인천광역시,2002,45 - 49세,23.0,24.5,93877.55102040817
인천광역시,2002,50 - 54세,16.0,26.1,61302.68199233716
인천광역시,2002,55 - 59세,27.0,58.2,46391.75257731958
인천광역시,2002,60 - 64세,23.0,61.2,37581.69934640523
인천광역시,2003,40 - 44세,51.0,36.9,138211.38211382114
인천광역시,2003,45 - 49세,56.0,55.3,101265.82278481014
인천광역시,2003,50 - 54세,29.0,45.4,63876.651982378855
인천광역시,2003,55 - 59세,46.0,95.1,48370.13669821241
인천광역시,2003,60 - 64세,35.0,88.1,39727.58229284904
인천광역시,2004,40 - 44세,48.0,35.2,136363.63636363635
인천광역시,2004,45 - 49세,33.0,30.2,109271.52317880795
인천광역시,2004,50 - 54세,40.0,59.8,66889.63210702341
인천광역시,2004,55 - 59세,27.0,52.8,51136.36363636363
인천광역시,2004,60 - 64세,31.0,76.3,40629.09567496723
인천광역시,2005,40 - 44세,39.0,29.1,134020.61855670103
인천광역시,2005,45 - 49세,54.0,46.2,116883.11688311688
인천광역시,2005,50 - 54세,32.0,43.9,72892.93849658314
인천광역시,2005,55 - 59세,30.0,55.4,54151.624548736465
인천광역시,2005,60 - 64세,30.0,72.4,41436.464088397785
인천광역시,2006,40 - 44세,40.0,30.7,130293.15960912053
인천광역시,2006,45 - 49세,63.0,50.7,124260.35502958579
인천광역시,2006,50 - 54세,41.0,50.4,81349.20634920635
인천광역시,2006,55 - 59세,51.0,91.2,55921.05263157895
인천광역시,2006,60 - 64세,29.0,68.3,42459.7364568082
인천광역시,2007,40 - 44세,37.0,29.2,126712.32876712328
인천광역시,2007,45 - 49세,49.0,37.5,130666.66666666667
인천광역시,2007,50 - 54세,41.0,45.8,89519.65065502185
인천광역시,2007,55 - 59세,28.0,48.1,58212.05821205822
인천광역시,2007,60 - 64세,35.0,79.8,43859.64912280702
인천광역시,2008,40 - 44세,34.0,27.0,125925.92592592593
인천광역시,2008,45 - 49세,58.0,43.5,133333.3333333333
인천광역시,2008,50 - 54세,49.0,50.3,97415.5069582505
인천광역시,2008,55 - 59세,30.0,49.0,61224.489795918365
인천광역시,2008,60 - 64세,29.0,63.0,46031.74603174603
인천광역시,2009,40 - 44세,47.0,37.2,126344.08602150537
인천광역시,2009,45 - 49세,55.0,41.2,133495.14563106795
인천광역시,2009,50 - 54세,82.0,77.1,106355.38261997406
인천광역시,2009,55 - 59세,53.0,81.9,64713.064713064705
인천광역시,2009,60 - 64세,43.0,87.7,49030.786773090076
인천광역시,2010,40 - 44세,64.0,50.6,126482.21343873518
인천광역시,2010,45 - 49세,71.0,53.8,131970.26022304833
인천광역시,2010,50 - 54세,76.0,66.5,114285.71428571428
인천광역시,2010,55 - 59세,44.0,62.1,70853.46215780999
인천광역시,2010,60 - 64세,41.0,78.6,52162.84987277354
인천광역시,2011,40 - 44세,59.0,46.0,128260.86956521738
인천광역시,2011,45 - 49세,71.0,55.1,128856.62431941925
인천광역시,2011,50 - 54세,79.0,64.7,122102.00927357031
인천광역시,2011,55 - 59세,53.0,66.7,79460.26986506747
인천광역시,2011,60 - 64세,45.0,83.3,54021.60864345739
인천광역시,2012,40 - 44세,69.0,52.6,131178.7072243346
인천광역시,2012,45 - 49세,61.0,48.4,126033.05785123969
인천광역시,2012,50 - 54세,66.0,51.3,128654.97076023393
인천광역시,2012,55 - 59세,62.0,70.8,87570.62146892656
인천광역시,2012,60 - 64세,30.0,53.3,56285.17823639775
인천광역시,2013,40 - 44세,61.0,46.1,132321.04121475056
인천광역시,2013,45 - 49세,81.0,64.5,125581.3953488372
인천광역시,2013,50 - 54세,78.0,59.2,131756.75675675675
인천광역시,2013,55 - 59세,55.0,57.5,95652.17391304349
인천광역시,2013,60 - 64세,36.0,60.6,59405.9405940594
인천광역시,2014,40 - 44세,76.0,57.6,131944.44444444444
인천광역시,2014,45 - 49세,58.0,45.7,126914.66083150984
인천광역시,2014,50 - 54세,95.0,71.8,132311.97771587744
인천광역시,2014,55 - 59세,65.0,62.2,104501.6077170418
인천광역시,2014,60 - 64세,50.0,79.5,62893.08176100629
인천광역시,2015,40 - 44세,58.0,44.6,130044.84304932735
인천광역시,2015,45 - 49세,55.0,43.2,127314.81481481482
인천광역시,2015,50 - 54세,79.0,60.2,131229.2358803987
인천광역시,2015,55 - 59세,68.0,60.6,112211.22112211221
인천광역시,2015,60 - 64세,29.0,42.0,69047.61904761905
인천광역시,2016,40 - 44세,50.0,39.6,126262.62626262625
인천광역시,2016,45 - 49세,50.0,38.7,129198.96640826874
인천광역시,2016,50 - 54세,59.0,46.0,128260.86956521738
인천광역시,2016,55 - 59세,70.0,58.4,119863.01369863015
인천광역시,2016,60 - 64세,40.0,51.7,77369.43907156673
인천광역시,2017,40 - 44세,51.0,41.7,122302.15827338128
인천광역시,2017,45 - 49세,56.0,42.6,131455.39906103286
인천광역시,2017,50 - 54세,52.0,41.7,124700.23980815348
인천광역시,2017,55 - 59세,63.0,50.1,125748.50299401197
인천광역시,2017,60 - 64세,44.0,51.9,84778.42003853565
인천광역시,2018,40 - 44세,47.0,39.7,118387.90931989925
인천광역시,2018,45 - 49세,66.0,50.0,132000.0
인천광역시,2018,50 - 54세,62.0,50.1,123752.49500998005
인천광역시,2018,55 - 59세,68.0,53.0,128301.88679245282
인천광역시,2018,60 - 64세,55.0,59.7,92127.30318257956
인천광역시,2019,40 - 44세,57.0,49.0,116326.5306122449
인천광역시,2019,45 - 49세,75.0,57.2,131118.8811188811
인천광역시,2019,50 - 54세,58.0,46.5,124731.18279569893
인천광역시,2019,55 - 59세,54.0,41.9,128878.2816229117
인천광역시,2019,60 - 64세,61.0,60.8,100328.94736842107
인천광역시,2020,40 - 44세,51.0,43.7,116704.80549199085
인천광역시,2020,45 - 49세,48.0,37.3,128686.327077748
인천광역시,2020,50 - 54세,52.0,41.5,125301.20481927712
인천광역시,2020,55 - 59세,67.0,52.5,127619.0476190476
인천광역시,2020,60 - 64세,66.0,61.4,107491.85667752444
인천광역시,2021,40 - 44세,51.0,42.8,119158.8785046729
인천광역시,2021,45 - 49세,47.0,37.6,125000.0
인천광역시,2021,50 - 54세,51.0,40.1,127182.04488778056
인천광역시,2021,55 - 59세,48.0,38.5,124675.32467532468
인천광역시,2021,60 - 64세,43.0,37.5,114666.66666666667
인천광역시,2022,40 - 44세,53.0,43.1,122969.83758700694
인천광역시,2022,45 - 49세,44.0,36.2,121546.96132596685
인천광역시,2022,50 - 54세,73.0,56.2,129893.2384341637
인천광역시,2022,55 - 59세,55.0,45.1,121951.21951219512
인천광역시,2022,60 - 64세,35.0,29.0,120689.6551724138
인천광역시,2023,40 - 44세,72.0,57.1,126094.57092819613
인천광역시,2023,45 - 49세,64.0,53.8,118959.10780669145
인천광역시,2023,50 - 54세,52.0,39.6,131313.1313131313
인천광역시,2023,55 - 59세,75.0,61.6,121753.24675324674
인천광역시,2023,60 - 64세,62.0,50.1,123752.49500998005
인천광역시,2024,40 - 44세,76.0,60.4,125827.81456953642
인천광역시,2024,45 - 49세,69.0,58.5,117948.71794871795
인천광역시,2024,50 - 54세,86.0,65.5,131297.7099236641
인천광역시,2024,55 - 59세,78.0,63.3,123222.74881516588
인천광역시,2024,60 - 64세,57.0,45.6,125000.0
전라남도,1996,40 - 44세,13.0,20.6,63106.79611650485
전라남도,1996,45 - 49세,11.0,18.2,60439.560439560446
전라남도,1996,50 - 54세,17.0,29.8,57046.979865771806
전라남도,1996,55 - 59세,16.0,26.1,61302.68199233716
전라남도,1996,60 - 64세,13.0,27.3,47619.04761904762
전라남도,1997,40 - 44세,17.0,26.0,65384.61538461538
전라남도,1997,45 - 49세,11.0,18.2,60439.560439560446
전라남도,1997,50 - 54세,12.0,22.1,54298.64253393665
전라남도,1997,55 - 59세,13.0,20.6,63106.79611650485
전라남도,1997,60 - 64세,11.0,22.1,49773.755656108595
전라남도,1998,40 - 44세,29.0,41.7,69544.36450839328
전라남도,1998,45 - 49세,16.0,26.9,59479.553903345724
전라남도,1998,50 - 54세,19.0,35.4,53672.3163841808
전라남도,1998,55 - 59세,21.0,33.4,62874.25149700599
전라남도,1998,60 - 64세,12.0,23.1,51948.05194805194
전라남도,1999,40 - 44세,42.0,56.4,74468.08510638298
전라남도,1999,45 - 49세,34.0,57.9,58721.93436960277
전라남도,1999,50 - 54세,28.0,50.4,55555.555555555555
전라남도,1999,55 - 59세,15.0,25.2,59523.80952380953
전라남도,1999,60 - 64세,26.0,48.5,53608.24742268041
전라남도,2000,40 - 44세,28.0,35.7,78431.37254901961
전라남도,2000,45 - 49세,13.0,21.6,60185.18518518518
전라남도,2000,50 - 54세,18.0,31.3,57507.987220447285
전라남도,2000,55 - 59세,18.0,32.0,56250.0
전라남도,2000,60 - 64세,12.0,22.1,54298.64253393665
전라남도,2001,40 - 44세,23.0,28.2,81560.28368794327
전라남도,2001,45 - 49세,21.0,33.8,62130.17751479291
전라남도,2001,50 - 54세,22.0,37.4,58823.529411764706
전라남도,2001,55 - 59세,22.0,41.1,53527.98053527981
전라남도,2001,60 - 64세,19.0,34.4,55232.558139534885
전라남도,2002,40 - 44세,34.0,41.1,82725.0608272506
전라남도,2002,45 - 49세,32.0,50.0,64000.0
전라남도,2002,50 - 54세,34.0,57.8,58823.529411764706
전라남도,2002,55 - 59세,27.0,52.9,51039.69754253308
전라남도,2002,60 - 64세,29.0,50.7,57199.211045364886
전라남도,2003,40 - 44세,45.0,54.4,82720.58823529413
전라남도,2003,45 - 49세,34.0,50.6,67193.67588932806
전라남도,2003,50 - 54세,28.0,48.7,57494.866529774125
전라남도,2003,55 - 59세,24.0,47.3,50739.95771670191
전라남도,2003,60 - 64세,24.0,41.9,57279.236276849646
전라남도,2004,40 - 44세,42.0,51.4,81712.06225680934
전라남도,2004,45 - 49세,42.0,58.9,71307.30050933787
전라남도,2004,50 - 54세,26.0,45.9,56644.880174291946
전라남도,2004,55 - 59세,34.0,64.6,52631.57894736843
전라남도,2004,60 - 64세,35.0,64.0,54687.5
전라남도,2005,40 - 44세,32.0,40.0,80000.0
전라남도,2005,45 - 49세,36.0,47.9,75156.57620041753
전라남도,2005,50 - 54세,30.0,51.6,58139.53488372093
전라남도,2005,55 - 59세,28.0,51.1,54794.520547945205
전라남도,2005,60 - 64세,38.0,73.0,52054.79452054794
전라남도,2006,40 - 44세,33.0,41.8,78947.36842105263
전라남도,2006,45 - 49세,39.0,49.6,78629.03225806452
전라남도,2006,50 - 54세,34.0,56.3,60390.76376554174
전라남도,2006,55 - 59세,27.0,47.9,56367.43215031316
전라남도,2006,60 - 64세,30.0,60.3,49751.24378109453
전라남도,2007,40 - 44세,28.0,35.6,78651.68539325842
전라남도,2007,45 - 49세,47.0,58.2,80756.01374570446
전라남도,2007,50 - 54세,29.0,46.3,62634.989200863936
전라남도,2007,55 - 59세,27.0,47.6,56722.68907563025
전라남도,2007,60 - 64세,27.0,56.5,47787.61061946903
전라남도,2008,40 - 44세,31.0,39.1,79283.88746803069
전라남도,2008,45 - 49세,46.0,56.3,81705.15097690941
전라남도,2008,50 - 54세,26.0,39.0,66666.66666666666
전라남도,2008,55 - 59세,41.0,73.5,55782.31292517007
전라남도,2008,60 - 64세,19.0,39.7,47858.94206549118
전라남도,2009,40 - 44세,25.0,31.2,80128.20512820513
전라남도,2009,45 - 49세,44.0,53.8,81784.38661710038
전라남도,2009,50 - 54세,43.0,60.3,71310.1160862355
전라남도,2009,55 - 59세,37.0,66.8,55389.22155688622
전라남도,2009,60 - 64세,32.0,63.9,50078.24726134585
전라남도,2010,40 - 44세,37.0,46.0,80434.78260869565
전라남도,2010,45 - 49세,53.0,65.9,80424.88619119878
전라남도,2010,50 - 54세,46.0,61.1,75286.41571194763
전라남도,2010,55 - 59세,29.0,50.8,57086.61417322834
전라남도,2010,60 - 64세,43.0,82.2,52311.435523114356
전라남도,2011,40 - 44세,31.0,38.5,80519.48051948052
전라남도,2011,45 - 49세,43.0,54.0,79629.62962962964
전라남도,2011,50 - 54세,45.0,56.8,79225.35211267606
전라남도,2011,55 - 59세,30.0,50.3,59642.14711729623
전라남도,2011,60 - 64세,42.0,77.8,53984.57583547558
전라남도,2012,40 - 44세,39.0,48.5,80412.37113402062
전라남도,2012,45 - 49세,44.0,55.1,79854.80943738656
전라남도,2012,50 - 54세,40.0,48.9,81799.591002045
전라남도,2012,55 - 59세,38.0,60.9,62397.37274220033
전라남도,2012,60 - 64세,29.0,53.1,54613.93596986818
전라남도,2013,40 - 44세,43.0,54.2,79335.79335793357
전라남도,2013,45 - 49세,35.0,43.5,80459.77011494253
전라남도,2013,50 - 54세,34.0,41.0,82926.82926829268
전라남도,2013,55 - 59세,30.0,44.9,66815.144766147
전라남도,2013,60 - 64세,31.0,57.2,54195.8041958042
전라남도,2014,40 - 44세,36.0,46.2,77922.07792207791
전라남도,2014,45 - 49세,41.0,50.2,81673.30677290836
전라남도,2014,50 - 54세,46.0,55.3,83182.64014466546
전라남도,2014,55 - 59세,33.0,46.0,71739.13043478261
전라남도,2014,60 - 64세,30.0,55.2,54347.82608695652
전라남도,2015,40 - 44세,33.0,43.5,75862.06896551723
전라남도,2015,45 - 49세,49.0,59.6,82214.76510067114
전라남도,2015,50 - 54세,39.0,47.5,82105.26315789473
전라남도,2015,55 - 59세,43.0,56.3,76376.5541740675
전라남도,2015,60 - 64세,35.0,62.1,56360.708534621575
전라남도,2016,40 - 44세,42.0,58.0,72413.79310344828
전라남도,2016,45 - 49세,38.0,46.1,82429.5010845987
전라남도,2016,50 - 54세,43.0,52.8,81439.39393939395
전라남도,2016,55 - 59세,44.0,54.6,80586.08058608058
전라남도,2016,60 - 64세,43.0,72.6,59228.65013774105
전라남도,2017,40 - 44세,24.0,34.7,69164.26512968299
전라남도,2017,45 - 49세,25.0,30.3,82508.2508250825
전라남도,2017,50 - 54세,20.0,24.5,81632.6530612245
전라남도,2017,55 - 59세,43.0,51.6,83333.33333333333
전라남도,2017,60 - 64세,25.0,40.2,62189.05472636815
전라남도,2018,40 - 44세,41.0,62.0,66129.03225806452
전라남도,2018,45 - 49세,39.0,48.0,81250.0
전라남도,2018,50 - 54세,37.0,44.9,82405.3452115813
전라남도,2018,55 - 59세,47.0,55.6,84532.37410071942
전라남도,2018,60 - 64세,38.0,56.8,66901.40845070423
전라남도,2019,40 - 44세,24.0,37.8,63492.0634920635
전라남도,2019,45 - 49세,40.0,50.3,79522.86282306163
전라남도,2019,50 - 54세,43.0,51.6,83333.33333333333
전라남도,2019,55 - 59세,33.0,39.0,84615.38461538461
전라남도,2019,60 - 64세,29.0,40.2,72139.30348258706
전라남도,2020,40 - 44세,24.0,38.4,62500.0
전라남도,2020,45 - 49세,45.0,58.4,77054.79452054795
전라남도,2020,50 - 54세,41.0,49.0,83673.4693877551
전라남도,2020,55 - 59세,47.0,56.2,83629.89323843416
전라남도,2020,60 - 64세,32.0,41.7,76738.60911270983
전라남도,2021,40 - 44세,34.0,54.4,62500.0
전라남도,2021,45 - 49세,37.0,50.5,73267.32673267326
전라남도,2021,50 - 54세,43.0,51.2,83984.375
전라남도,2021,55 - 59세,47.0,56.5,83185.8407079646
전라남도,2021,60 - 64세,40.0,49.2,81300.81300813008
전라남도,2022,40 - 44세,28.0,44.8,62500.0
전라남도,2022,45 - 49세,36.0,51.5,69902.91262135922
전라남도,2022,50 - 54세,29.0,34.6,83815.0289017341
전라남도,2022,55 - 59세,44.0,52.7,83491.46110056926
전라남도,2022,60 - 64세,25.0,29.5,84745.7627118644
전라남도,2023,40 - 44세,27.0,43.3,62355.65819861433
전라남도,2023,45 - 49세,34.0,50.9,66797.64243614931
전라남도,2023,50 - 54세,36.0,43.6,82568.80733944953
전라남도,2023,55 - 59세,41.0,48.7,84188.91170431211
전라남도,2023,60 - 64세,42.0,48.7,86242.29979466119
전라남도,2024,40 - 44세,37.0,61.0,60655.737704918036
전라남도,2024,45 - 49세,36.0,56.0,64285.71428571429
전라남도,2024,50 - 54세,52.0,64.5,80620.1550387597
전라남도,2024,55 - 59세,52.0,61.0,85245.90163934426
전라남도,2024,60 - 64세,47.0,54.4,86397.05882352941
전라북도,1996,40 - 44세,16.0,26.0,61538.46153846154
전라북도,1996,45 - 49세,8.0,14.5,55172.41379310345
전라북도,1996,50 - 54세,8.0,16.8,47619.04761904762
전라북도,1996,55 - 59세,11.0,23.6,46610.16949152542
전라북도,1996,60 - 64세,8.0,20.2,39603.960396039605
전라북도,1997,40 - 44세,16.0,24.7,64777.327935222675
전라북도,1997,45 - 49세,14.0,25.5,54901.96078431373
전라북도,1997,50 - 54세,12.0,25.8,46511.62790697674
전라북도,1997,55 - 59세,6.0,12.3,48780.487804878045
전라북도,1997,60 - 64세,7.0,17.0,41176.470588235294
전라북도,1998,40 - 44세,36.0,52.6,68441.06463878327
전라북도,1998,45 - 49세,19.0,35.0,54285.71428571428
전라북도,1998,50 - 54세,19.0,40.5,46913.580246913574
전라북도,1998,55 - 59세,18.0,36.4,49450.54945054945
전라북도,1998,60 - 64세,16.0,38.0,42105.26315789473
전라북도,1999,40 - 44세,30.0,41.6,72115.38461538461
전라북도,1999,45 - 49세,24.0,43.5,55172.41379310345
전라북도,1999,50 - 54세,15.0,30.6,49019.60784313725
전라북도,1999,55 - 59세,19.0,39.9,47619.04761904762
전라북도,1999,60 - 64세,17.0,39.5,43037.97468354431
전라북도,2000,40 - 44세,34.0,45.2,75221.2389380531
전라북도,2000,45 - 49세,15.0,26.1,57471.26436781609
전라북도,2000,50 - 54세,18.0,34.8,51724.137931034486
전라북도,2000,55 - 59세,16.0,34.8,45977.01149425288
전라북도,2000,60 - 64세,12.0,27.9,43010.75268817204
전라북도,2001,40 - 44세,18.0,23.0,78260.86956521739
전라북도,2001,45 - 49세,23.0,38.1,60367.454068241466
전라북도,2001,50 - 54세,26.0,48.6,53497.94238683127
전라북도,2001,55 - 59세,20.0,44.4,45045.045045045044
전라북도,2001,60 - 64세,31.0,72.2,42936.28808864266
전라북도,2002,40 - 44세,30.0,37.5,80000.0
전라북도,2002,45 - 49세,23.0,36.3,63360.88154269973
전라북도,2002,50 - 54세,25.0,47.0,53191.48936170213
전라북도,2002,55 - 59세,24.0,54.3,44198.89502762431
전라북도,2002,60 - 64세,25.0,55.6,44964.02877697841
전라북도,2003,40 - 44세,50.0,62.5,80000.0
전라북도,2003,45 - 49세,33.0,49.5,66666.66666666666
전라북도,2003,50 - 54세,27.0,51.3,52631.57894736843
전라북도,2003,55 - 59세,33.0,74.0,44594.59459459459
전라북도,2003,60 - 64세,36.0,78.6,45801.52671755726
전라북도,2004,40 - 44세,38.0,48.1,79002.079002079
전라북도,2004,45 - 49세,31.0,44.6,69506.7264573991
전라북도,2004,50 - 54세,32.0,60.1,53244.59234608985
전라북도,2004,55 - 59세,37.0,79.3,46658.25977301387
전라북도,2004,60 - 64세,31.0,70.4,44034.090909090904
전라북도,2005,40 - 44세,33.0,43.0,76744.18604651163
전라북도,2005,45 - 49세,36.0,49.8,72289.15662650602
전라북도,2005,50 - 54세,31.0,56.0,55357.14285714286
전라북도,2005,55 - 59세,23.0,46.7,49250.535331905776
전라북도,2005,60 - 64세,25.0,58.7,42589.43781942078
전라북도,2006,40 - 44세,26.0,34.8,74712.64367816092
전라북도,2006,45 - 49세,27.0,35.9,75208.91364902508
전라북도,2006,50 - 54세,35.0,60.2,58139.534883720924
전라북도,2006,55 - 59세,33.0,64.6,51083.59133126935
전라북도,2006,60 - 64세,30.0,71.6,41899.44134078213
전라북도,2007,40 - 44세,26.0,35.3,73654.3909348442
전라북도,2007,45 - 49세,36.0,46.7,77087.79443254818
전라북도,2007,50 - 54세,42.0,68.6,61224.489795918365
전라북도,2007,55 - 59세,36.0,70.6,50991.5014164306
전라북도,2007,60 - 64세,31.0,74.9,41388.51802403204
전라북도,2008,40 - 44세,35.0,47.1,74309.9787685775
전라북도,2008,45 - 49세,46.0,59.1,77834.17935702199
전라북도,2008,50 - 54세,28.0,43.3,64665.12702078523
전라북도,2008,55 - 59세,29.0,57.2,50699.3006993007
전라북도,2008,60 - 64세,28.0,66.4,42168.67469879518
전라북도,2009,40 - 44세,37.0,48.6,76131.68724279835
전라북도,2009,45 - 49세,44.0,56.6,77738.51590106006
전라북도,2009,50 - 54세,38.0,55.8,68100.35842293907
전라북도,2009,55 - 59세,24.0,46.5,51612.90322580645
전라북도,2009,60 - 64세,33.0,74.4,44354.83870967742
전라북도,2010,40 - 44세,34.0,44.1,77097.50566893425
전라북도,2010,45 - 49세,35.0,45.9,76252.72331154684
전라북도,2010,50 - 54세,37.0,51.8,71428.57142857143
전라북도,2010,55 - 59세,29.0,53.7,54003.724394785844
전라북도,2010,60 - 64세,35.0,74.1,47233.468286099866
전라북도,2011,40 - 44세,33.0,42.0,78571.42857142857
전라북도,2011,45 - 49세,40.0,53.4,74906.36704119851
전라북도,2011,50 - 54세,66.0,88.2,74829.93197278911
전라북도,2011,55 - 59세,45.0,78.7,57179.161372299866
전라북도,2011,60 - 64세,44.0,89.3,49272.11646136618
전라북도,2012,40 - 44세,31.0,38.8,79896.90721649484
전라북도,2012,45 - 49세,32.0,43.1,74245.93967517401
전라북도,2012,50 - 54세,41.0,53.1,77212.80602636535
전라북도,2012,55 - 59세,33.0,54.4,60661.76470588236
전라북도,2012,60 - 64세,32.0,64.6,49535.603715170284
전라북도,2013,40 - 44세,43.0,53.9,79777.3654916512
전라북도,2013,45 - 49세,29.0,38.6,75129.53367875647
전라북도,2013,50 - 54세,50.0,64.0,78125.0
전라북도,2013,55 - 59세,34.0,52.8,64393.93939393939
전라북도,2013,60 - 64세,27.0,54.5,49541.28440366973
전라북도,2014,40 - 44세,44.0,55.7,78994.61400359066
전라북도,2014,45 - 49세,37.0,48.0,77083.33333333334
전라북도,2014,50 - 54세,47.0,60.1,78202.99500831947
전라북도,2014,55 - 59세,41.0,60.4,67880.79470198676
전라북도,2014,60 - 64세,27.0,53.2,50751.879699248115
전라북도,2015,40 - 44세,26.0,33.6,77380.95238095237
전라북도,2015,45 - 49세,40.0,51.1,78277.88649706458
전라북도,2015,50 - 54세,33.0,42.9,76923.07692307692
전라북도,2015,55 - 59세,35.0,49.1,71283.09572301425
전라북도,2015,60 - 64세,30.0,56.1,53475.93582887701
전라북도,2016,40 - 44세,31.0,41.8,74162.67942583733
전라북도,2016,45 - 49세,42.0,52.9,79395.08506616257
전라북도,2016,50 - 54세,41.0,54.4,75367.64705882352
전라북도,2016,55 - 59세,50.0,66.9,74738.41554559043
전라북도,2016,60 - 64세,29.0,51.2,56640.625
전라북도,2017,40 - 44세,23.0,32.6,70552.1472392638
전라북도,2017,45 - 49세,49.0,60.8,80592.1052631579
전라북도,2017,50 - 54세,42.0,56.3,74600.35523978686
전라북도,2017,55 - 59세,42.0,54.5,77064.22018348625
전라북도,2017,60 - 64세,35.0,58.3,60034.305317324186
전라북도,2018,40 - 44세,35.0,52.1,67178.50287907869
전라북도,2018,45 - 49세,55.0,68.6,80174.92711370264
전라북도,2018,50 - 54세,42.0,55.7,75403.94973070017
전라북도,2018,55 - 59세,43.0,55.1,78039.92740471869
전라북도,2018,60 - 64세,36.0,56.5,63716.81415929204
전라북도,2019,40 - 44세,28.0,43.9,63781.321184510256
전라북도,2019,45 - 49세,36.0,45.6,78947.36842105263
전라북도,2019,50 - 54세,40.0,51.9,77071.29094412332
전라북도,2019,55 - 59세,39.0,50.1,77844.31137724551
전라북도,2019,60 - 64세,42.0,62.5,67200.0
전라북도,2020,40 - 44세,31.0,49.9,62124.248496994
전라북도,2020,45 - 49세,30.0,39.0,76923.07692307692
전라북도,2020,50 - 54세,35.0,44.9,77951.0022271715
전라북도,2020,55 - 59세,49.0,64.2,76323.98753894081
전라북도,2020,60 - 64세,31.0,43.9,70615.03416856493
전라북도,2021,40 - 44세,40.0,64.9,61633.28197226502
전라북도,2021,45 - 49세,37.0,50.4,73412.69841269842
전라북도,2021,50 - 54세,37.0,46.9,78891.2579957356
전라북도,2021,55 - 59세,40.0,53.4,74906.36704119851
전라북도,2021,60 - 64세,43.0,58.1,74010.3270223752
전라북도,2022,40 - 44세,27.0,44.2,61085.97285067873
전라북도,2022,45 - 49세,32.0,45.8,69868.99563318778
전라북도,2022,50 - 54세,35.0,43.8,79908.67579908676
전라북도,2022,55 - 59세,37.0,49.8,74297.18875502008
전라북도,2022,60 - 64세,40.0,52.3,76481.83556405354
전라북도,2023,40 - 44세,22.0,36.5,60273.97260273972
전라북도,2023,45 - 49세,33.0,49.4,66801.61943319837
전라북도,2023,50 - 54세,28.0,35.1,79772.07977207977
전라북도,2023,55 - 59세,24.0,31.9,75235.10971786834
전라북도,2023,60 - 64세,37.0,47.8,77405.85774058578
전라북도,2024,40 - 44세,34.0,58.2,58419.24398625429
전라북도,2024,45 - 49세,37.0,58.1,63683.30464716007
전라북도,2024,50 - 54세,51.0,64.8,78703.70370370371
전라북도,2024,55 - 59세,40.0,52.0,76923.07692307692
전라북도,2024,60 - 64세,47.0,60.7,77429.98352553541
제주도,1996,40 - 44세,8.0,49.0,16326.530612244896
제주도,1996,45 - 49세,7.0,51.0,13725.490196078432
제주도,1996,50 - 54세,6.0,48.8,12295.081967213117
제주도,1996,55 - 59세,5.0,46.1,10845.986984815618
제주도,1996,60 - 64세,3.0,38.1,7874.015748031496
제주도,1997,40 - 44세,6.0,34.1,17595.30791788856
제주도,1997,45 - 49세,5.0,36.7,13623.978201634876
제주도,1997,50 - 54세,6.0,48.4,12396.694214876034
제주도,1997,55 - 59세,3.0,26.3,11406.84410646388
제주도,1997,60 - 64세,3.0,35.5,8450.704225352112
제주도,1998,40 - 44세,12.0,62.9,19077.90143084261
제주도,1998,45 - 49세,11.0,81.7,13463.892288861689
제주도,1998,50 - 54세,9.0,70.7,12729.844413012728
제주도,1998,55 - 59세,6.0,51.4,11673.151750972764
제주도,1998,60 - 64세,2.0,22.4,8928.57142857143
제주도,1999,40 - 44세,11.0,53.6,20522.38805970149
제주도,1999,45 - 49세,11.0,80.7,13630.73110285006
제주도,1999,50 - 54세,8.0,61.3,13050.57096247961
제주도,1999,55 - 59세,7.0,59.7,11725.293132328306
제주도,1999,60 - 64세,8.0,86.1,9291.521486643438
제주도,2000,40 - 44세,8.0,37.2,21505.37634408602
제주도,2000,45 - 49세,10.0,68.3,14641.288433382138
제주도,2000,50 - 54세,5.0,37.7,13262.599469496019
제주도,2000,55 - 59세,10.0,85.7,11668.611435239207
제주도,2000,60 - 64세,2.0,20.8,9615.384615384615
제주도,2001,40 - 44세,10.0,44.7,22371.364653243847
제주도,2001,45 - 49세,6.0,37.4,16042.780748663103
제주도,2001,50 - 54세,3.0,22.6,13274.33628318584
제주도,2001,55 - 59세,9.0,76.9,11703.511053315995
제주도,2001,60 - 64세,6.0,59.5,10084.03361344538
제주도,2002,40 - 44세,8.0,34.4,23255.81395348837
제주도,2002,45 - 49세,14.0,80.7,17348.20322180917
제주도,2002,50 - 54세,3.0,22.6,13274.33628318584
제주도,2002,55 - 59세,5.0,42.1,11876.48456057007
제주도,2002,60 - 64세,7.0,65.9,10622.154779969651
제주도,2003,40 - 44세,9.0,37.6,23936.170212765956
제주도,2003,45 - 49세,13.0,69.3,18759.01875901876
제주도,2003,50 - 54세,13.0,98.8,13157.894736842105
제주도,2003,55 - 59세,14.0,114.2,12259.194395796847
제주도,2003,60 - 64세,12.0,109.5,10958.90410958904
제주도,2004,40 - 44세,11.0,45.0,24444.444444444445
제주도,2004,45 - 49세,13.0,64.3,20217.72939346812
제주도,2004,50 - 54세,9.0,67.4,13353.115727002965
제주도,2004,55 - 59세,9.0,71.2,12640.449438202248
제주도,2004,60 - 64세,11.0,99.4,11066.398390342052
제주도,2005,40 - 44세,12.0,48.7,24640.65708418891
제주도,2005,45 - 49세,18.0,84.4,21327.014218009477
제주도,2005,50 - 54세,13.0,90.2,14412.41685144124
제주도,2005,55 - 59세,9.0,70.0,12857.142857142855
제주도,2005,60 - 64세,8.0,72.0,11111.111111111111
제주도,2006,40 - 44세,10.0,40.2,24875.62189054726
제주도,2006,45 - 49세,11.0,49.5,22222.222222222223
제주도,2006,50 - 54세,5.0,31.6,15822.78481012658
제주도,2006,55 - 59세,11.0,85.1,12925.96944770858
제주도,2006,60 - 64세,6.0,53.5,11214.953271028036
제주도,2007,40 - 44세,13.0,51.8,25096.525096525096
제주도,2007,45 - 49세,5.0,21.7,23041.474654377882
제주도,2007,50 - 54세,12.0,70.1,17118.40228245364
제주도,2007,55 - 59세,4.0,30.9,12944.983818770228
제주도,2007,60 - 64세,11.0,96.7,11375.387797311272
제주도,2008,40 - 44세,11.0,43.6,25229.357798165136
제주도,2008,45 - 49세,11.0,46.4,23706.896551724138
제주도,2008,50 - 54세,16.0,86.3,18539.97682502897
제주도,2008,55 - 59세,4.0,31.1,12861.736334405145
제주도,2008,60 - 64세,10.0,84.9,11778.563015312131
제주도,2009,40 - 44세,9.0,35.1,25641.025641025637
제주도,2009,45 - 49세,20.0,82.6,24213.07506053269
제주도,2009,50 - 54세,19.0,94.8,20042.194092827005
제주도,2009,55 - 59세,12.0,91.7,13086.150490730644
제주도,2009,60 - 64세,8.0,65.9,12139.605462822457
제주도,2010,40 - 44세,11.0,41.9,26252.983293556088
제주도,2010,45 - 49세,16.0,65.6,24390.243902439026
제주도,2010,50 - 54세,13.0,61.4,21172.638436482084
제주도,2010,55 - 59세,11.0,77.8,14138.817480719796
제주도,2010,60 - 64세,12.0,97.1,12358.39340885685
제주도,2011,40 - 44세,12.0,44.8,26785.714285714286
제주도,2011,45 - 49세,14.0,56.6,24734.982332155476
제주도,2011,50 - 54세,14.0,63.2,22151.898734177215
제주도,2011,55 - 59세,6.0,38.5,15584.415584415585
제주도,2011,60 - 64세,7.0,56.2,12455.516014234874
제주도,2012,40 - 44세,7.0,25.5,27450.980392156864
제주도,2012,45 - 49세,21.0,83.2,25240.384615384613
제주도,2012,50 - 54세,13.0,56.2,23131.672597864766
제주도,2012,55 - 59세,9.0,52.7,17077.798861480074
제주도,2012,60 - 64세,10.0,79.4,12594.458438287154
제주도,2013,40 - 44세,24.0,85.9,27939.464493597206
제주도,2013,45 - 49세,14.0,54.3,25782.68876611418
제주도,2013,50 - 54세,19.0,78.8,24111.675126903552
제주도,2013,55 - 59세,10.0,53.3,18761.726078799253
제주도,2013,60 - 64세,8.0,63.0,12698.412698412698
제주도,2014,40 - 44세,14.0,49.5,28282.828282828283
제주도,2014,45 - 49세,15.0,56.0,26785.714285714286
제주도,2014,50 - 54세,11.0,44.0,25000.0
제주도,2014,55 - 59세,13.0,63.3,20537.124802527647
제주도,2014,60 - 64세,6.0,45.6,13157.894736842105
제주도,2015,40 - 44세,13.0,45.7,28446.389496717722
제주도,2015,45 - 49세,15.0,53.4,28089.88764044944
제주도,2015,50 - 54세,7.0,27.3,25641.025641025637
제주도,2015,55 - 59세,11.0,49.7,22132.796780684104
제주도,2015,60 - 64세,11.0,75.3,14608.233731739709
제주도,2016,40 - 44세,15.0,53.2,28195.48872180451
제주도,2016,45 - 49세,10.0,33.9,29498.525073746314
제주도,2016,50 - 54세,10.0,37.6,26595.744680851065
제주도,2016,55 - 59세,9.0,37.9,23746.7018469657
제주도,2016,60 - 64세,11.0,66.9,16442.451420029895
제주도,2017,40 - 44세,8.0,28.8,27777.777777777777
제주도,2017,45 - 49세,12.0,38.7,31007.751937984496
제주도,2017,50 - 54세,16.0,58.0,27586.206896551725
제주도,2017,55 - 59세,17.0,67.4,25222.55192878338
제주도,2017,60 - 64세,8.0,44.1,18140.589569161
제주도,2018,40 - 44세,16.0,59.0,27118.64406779661
제주도,2018,45 - 49세,17.0,53.4,31835.205992509364
제주도,2018,50 - 54세,12.0,42.3,28368.794326241135
제주도,2018,55 - 59세,23.0,87.2,26376.146788990824
제주도,2018,60 - 64세,11.0,55.1,19963.70235934664
제주도,2019,40 - 44세,15.0,56.8,26408.450704225357
제주도,2019,45 - 49세,15.0,47.0,31914.893617021276
제주도,2019,50 - 54세,28.0,95.5,29319.37172774869
제주도,2019,55 - 59세,22.0,81.4,27027.027027027023
제주도,2019,60 - 64세,19.0,87.5,21714.285714285714
제주도,2020,40 - 44세,12.0,45.7,26258.205689277896
제주도,2020,45 - 49세,21.0,66.8,31437.125748502996
제주도,2020,50 - 54세,15.0,49.7,30181.086519114688
제주도,2020,55 - 59세,18.0,66.2,27190.332326283988
제주도,2020,60 - 64세,12.0,52.2,22988.505747126437
제주도,2021,40 - 44세,12.0,44.9,26726.0579064588
제주도,2021,45 - 49세,16.0,52.8,30303.030303030304
제주도,2021,50 - 54세,20.0,64.6,30959.752321981425
제주도,2021,55 - 59세,19.0,69.2,27456.647398843932
제주도,2021,60 - 64세,12.0,49.7,24144.86921529175
제주도,2022,40 - 44세,9.0,33.0,27272.727272727272
제주도,2022,45 - 49세,17.0,58.3,29159.519725557464
제주도,2022,50 - 54세,10.0,31.5,31746.031746031746
제주도,2022,55 - 59세,9.0,32.2,27950.310559006208
제주도,2022,60 - 64세,23.0,91.5,25136.612021857924
제주도,2023,40 - 44세,15.0,54.5,27522.935779816515
제주도,2023,45 - 49세,15.0,53.5,28037.383177570093
제주도,2023,50 - 54세,21.0,65.5,32061.068702290075
제주도,2023,55 - 59세,15.0,52.7,28462.99810246679
제주도,2023,60 - 64세,13.0,50.0,26000.0
제주도,2024,40 - 44세,21.0,78.4,26785.714285714286
제주도,2024,45 - 49세,26.0,96.2,27027.02702702703
제주도,2024,50 - 54세,20.0,62.7,31897.926634768737
제주도,2024,55 - 59세,20.0,68.8,29069.767441860466
제주도,2024,60 - 64세,16.0,60.2,26578.073089700993
충청남도,1996,40 - 44세,23.0,39.5,58227.84810126582
충청남도,1996,45 - 49세,20.0,40.2,49751.24378109452
충청남도,1996,50 - 54세,13.0,29.2,44520.54794520548
충청남도,1996,55 - 59세,18.0,37.4,48128.34224598931
충청남도,1996,60 - 64세,11.0,25.1,43824.701195219124
충청남도,1997,40 - 44세,24.0,38.5,62337.66233766234
충청남도,1997,45 - 49세,24.0,47.3,50739.95771670191
충청남도,1997,50 - 54세,14.0,32.7,42813.45565749235
충청남도,1997,55 - 59세,12.0,24.8,48387.096774193546
충청남도,1997,60 - 64세,16.0,35.1,45584.04558404558
충청남도,1998,40 - 44세,23.0,34.5,66666.66666666666
충청남도,1998,45 - 49세,32.0,62.8,50955.41401273885
충청남도,1998,50 - 54세,26.0,60.8,42763.15789473684
충청남도,1998,55 - 59세,21.0,43.4,48387.09677419355
충청남도,1998,60 - 64세,30.0,64.8,46296.2962962963
충청남도,1999,40 - 44세,40.0,56.4,70921.98581560283
충청남도,1999,45 - 49세,30.0,58.0,51724.137931034486
충청남도,1999,50 - 54세,25.0,55.9,44722.71914132379
충청남도,1999,55 - 59세,16.0,34.5,46376.811594202896
충청남도,1999,60 - 64세,20.0,42.8,46728.97196261683
충청남도,2000,40 - 44세,53.0,71.1,74542.89732770745
충청남도,2000,45 - 49세,30.0,55.0,54545.454545454544
충청남도,2000,50 - 54세,12.0,25.4,47244.09448818898
충청남도,2000,55 - 59세,34.0,76.4,44502.61780104712
충청남도,2000,60 - 64세,22.0,47.7,46121.59329140461
충청남도,2001,40 - 44세,35.0,44.5,78651.68539325843
충청남도,2001,45 - 49세,37.0,63.2,58544.303797468354
충청남도,2001,50 - 54세,29.0,58.9,49235.99320882853
충청남도,2001,55 - 59세,17.0,39.6,42929.292929292926
충청남도,2001,60 - 64세,25.0,55.6,44964.02877697841
충청남도,2002,40 - 44세,37.0,45.1,82039.91130820398
충청남도,2002,45 - 49세,31.0,49.7,62374.24547283702
충청남도,2002,50 - 54세,23.0,45.9,50108.93246187364
충청남도,2002,55 - 59세,23.0,55.4,41516.24548736462
충청남도,2002,60 - 64세,26.0,57.2,45454.545454545456
충청남도,2003,40 - 44세,57.0,68.9,82728.59216255441
충청남도,2003,45 - 49세,43.0,64.7,66460.58732612056
충청남도,2003,50 - 54세,41.0,81.3,50430.504305043054
충청남도,2003,55 - 59세,18.0,43.2,41666.666666666664
충청남도,2003,60 - 64세,36.0,78.9,45627.37642585551
충청남도,2004,40 - 44세,48.0,57.5,83478.26086956522
충청남도,2004,45 - 49세,42.0,59.1,71065.98984771574
충청남도,2004,50 - 54세,47.0,91.1,51591.657519209664
충청남도,2004,55 - 59세,35.0,79.6,43969.849246231155
충청남도,2004,60 - 64세,41.0,92.6,44276.45788336934
충청남도,2005,40 - 44세,34.0,40.6,83743.84236453201
충청남도,2005,45 - 49세,50.0,66.3,75414.78129713424
충청남도,2005,50 - 54세,38.0,69.0,55072.463768115944
충청남도,2005,55 - 59세,42.0,89.5,46927.374301675976
충청남도,2005,60 - 64세,31.0,72.0,43055.555555555555
충청남도,2006,40 - 44세,32.0,39.1,81841.43222506394
충청남도,2006,45 - 49세,39.0,48.6,80246.91358024691
충청남도,2006,50 - 54세,46.0,77.0,59740.25974025974
충청남도,2006,55 - 59세,29.0,58.7,49403.74787052811
충청남도,2006,60 - 64세,33.0,78.3,42145.5938697318
충청남도,2007,40 - 44세,38.0,47.3,80338.266384778
충청남도,2007,45 - 49세,58.0,68.4,84795.3216374269
충청남도,2007,50 - 54세,37.0,57.6,64236.1111111111
충청남도,2007,55 - 59세,48.0,94.3,50901.37857900318
충청남도,2007,60 - 64세,32.0,77.6,41237.113402061856
충청남도,2008,40 - 44세,37.0,45.0,82222.22222222222
충청남도,2008,45 - 49세,44.0,50.7,86785.00986193294
충청남도,2008,50 - 54세,51.0,73.6,69293.47826086957
충청남도,2008,55 - 59세,41.0,79.0,51898.73417721519
충청남도,2008,60 - 64세,31.0,73.7,42062.415196743554
충청남도,2009,40 - 44세,44.0,51.5,85436.89320388349
충청남도,2009,45 - 49세,66.0,75.3,87649.40239043825
충청남도,2009,50 - 54세,69.0,93.2,74034.3347639485
충청남도,2009,55 - 59세,36.0,67.6,53254.43786982249
충청남도,2009,60 - 64세,36.0,80.8,44554.455445544554
충청남도,2010,40 - 44세,49.0,56.0,87500.0
충청남도,2010,45 - 49세,52.0,59.4,87542.08754208754
충청남도,2010,50 - 54세,53.0,67.8,78171.09144542774
충청남도,2010,55 - 59세,53.0,93.5,56684.49197860963
충청남도,2010,60 - 64세,53.0,111.4,47576.30161579892
충청남도,2011,40 - 44세,50.0,55.1,90744.10163339383
충청남도,2011,45 - 49세,45.0,52.5,85714.28571428571
충청남도,2011,50 - 54세,65.0,78.1,83226.63252240718
충청남도,2011,55 - 59세,40.0,65.0,61538.46153846154
충청남도,2011,60 - 64세,49.0,98.0,50000.0
충청남도,2012,40 - 44세,35.0,39.0,89743.58974358975
충청남도,2012,45 - 49세,50.0,62.0,80645.16129032258
충청남도,2012,50 - 54세,48.0,57.3,83769.6335078534
충청남도,2012,55 - 59세,47.0,74.9,62750.33377837116
충청남도,2012,60 - 64세,44.0,89.7,49052.396878483836
충청남도,2013,40 - 44세,45.0,49.8,90361.44578313253
충청남도,2013,45 - 49세,53.0,64.4,82298.13664596273
충청남도,2013,50 - 54세,55.0,64.4,85403.72670807452
충청남도,2013,55 - 59세,51.0,75.8,67282.32189973615
충청남도,2013,60 - 64세,41.0,82.3,49817.73997569866
충청남도,2014,40 - 44세,51.0,56.6,90106.0070671378
충청남도,2014,45 - 49세,46.0,53.9,85343.22820037106
충청남도,2014,50 - 54세,41.0,47.6,86134.4537815126
충청남도,2014,55 - 59세,48.0,66.7,71964.0179910045
충청남도,2014,60 - 64세,37.0,72.3,51175.65698478562
충청남도,2015,40 - 44세,35.0,39.4,88832.48730964467
충청남도,2015,45 - 49세,44.0,50.6,86956.52173913043
충청남도,2015,50 - 54세,53.0,61.7,85899.51377633712
충청남도,2015,55 - 59세,51.0,66.9,76233.18385650223
충청남도,2015,60 - 64세,45.0,82.0,54878.04878048781
충청남도,2016,40 - 44세,38.0,44.0,86363.63636363637
충청남도,2016,45 - 49세,43.0,48.0,89583.33333333334
충청남도,2016,50 - 54세,41.0,48.7,84188.91170431211
충청남도,2016,55 - 59세,45.0,55.3,81374.321880651
충청남도,2016,60 - 64세,48.0,80.2,59850.37406483791
충청남도,2017,40 - 44세,46.0,54.3,84714.54880294659
충청남도,2017,45 - 49세,51.0,55.3,92224.2314647378
충청남도,2017,50 - 54세,42.0,50.8,82677.16535433072
충청남도,2017,55 - 59세,40.0,46.5,86021.50537634408
충청남도,2017,60 - 64세,40.0,62.1,64412.2383252818
충청남도,2018,40 - 44세,39.0,46.8,83333.33333333334
충청남도,2018,45 - 49세,61.0,65.6,92987.80487804879
충청남도,2018,50 - 54세,44.0,52.1,84452.97504798464
충청남도,2018,55 - 59세,62.0,70.3,88193.45661450925
충청남도,2018,60 - 64세,47.0,67.9,69219.44035346097
충청남도,2019,40 - 44세,40.0,49.0,81632.6530612245
충청남도,2019,45 - 49세,51.0,55.0,92727.27272727272
충청남도,2019,50 - 54세,55.0,63.0,87301.58730158731
충청남도,2019,55 - 59세,58.0,65.2,88957.05521472392
충청남도,2019,60 - 64세,62.0,83.9,73897.49702026222
충청남도,2020,40 - 44세,48.0,58.5,82051.28205128205
충청남도,2020,45 - 49세,50.0,54.7,91407.67824497257
충청남도,2020,50 - 54세,47.0,52.8,89015.15151515152
충청남도,2020,55 - 59세,68.0,76.7,88657.10560625815
충청남도,2020,60 - 64세,49.0,62.5,78400.0
충청남도,2021,40 - 44세,48.0,57.2,83916.08391608391
충청남도,2021,45 - 49세,44.0,49.6,88709.67741935483
충청남도,2021,50 - 54세,49.0,53.3,91932.45778611633
충청남도,2021,55 - 59세,44.0,50.7,86785.00986193294
충청남도,2021,60 - 64세,35.0,41.7,83932.85371702637
충청남도,2022,40 - 44세,45.0,52.4,85877.86259541985
충청남도,2022,45 - 49세,51.0,58.9,86587.43633276741
충청남도,2022,50 - 54세,53.0,56.1,94474.1532976827
충청남도,2022,55 - 59세,54.0,63.3,85308.05687203792
충청남도,2022,60 - 64세,45.0,50.6,88932.80632411067
충청남도,2023,40 - 44세,51.0,58.5,87179.48717948719
충청남도,2023,45 - 49세,40.0,47.1,84925.69002123142
충청남도,2023,50 - 54세,54.0,56.6,95406.36042402827
충청남도,2023,55 - 59세,41.0,47.1,87048.8322717622
충청남도,2023,60 - 64세,50.0,54.8,91240.87591240875
충청남도,2024,40 - 44세,45.0,52.2,86206.89655172413
충청남도,2024,45 - 49세,61.0,73.0,83561.64383561644
충청남도,2024,50 - 54세,52.0,54.5,95412.84403669725
충청남도,2024,55 - 59세,72.0,79.9,90112.64080100124
충청남도,2024,60 - 64세,60.0,65.1,92165.89861751153
충청북도,1996,40 - 44세,12.0,24.9,48192.77108433736
충청북도,1996,45 - 49세,14.0,40.6,34482.75862068965
충청북도,1996,50 - 54세,12.0,36.1,33240.997229916895
충청북도,1996,55 - 59세,10.0,29.5,33898.30508474576
충청북도,1996,60 - 64세,5.0,18.9,26455.02645502646
충청북도,1997,40 - 44세,15.0,28.7,52264.80836236934
충청북도,1997,45 - 49세,19.0,52.8,35984.84848484849
충청북도,1997,50 - 54세,7.0,22.1,31674.20814479638
충청북도,1997,55 - 59세,10.0,28.8,34722.22222222222
충청북도,1997,60 - 64세,10.0,35.0,28571.42857142857
충청북도,1998,40 - 44세,27.0,48.3,55900.62111801243
충청북도,1998,45 - 49세,21.0,55.5,37837.83783783784
충청북도,1998,50 - 54세,10.0,31.9,31347.962382445145
충청북도,1998,55 - 59세,19.0,54.0,35185.18518518518
충청북도,1998,60 - 64세,21.0,70.0,30000.0
충청북도,1999,40 - 44세,15.0,25.2,59523.80952380953
충청북도,1999,45 - 49세,26.0,65.4,39755.35168195718
충청북도,1999,50 - 54세,17.0,53.0,32075.471698113204
충청북도,1999,55 - 59세,21.0,61.2,34313.72549019608
충청북도,1999,60 - 64세,12.0,38.6,31088.082901554404
충청북도,2000,40 - 44세,28.0,44.8,62500.0
충청북도,2000,45 - 49세,13.0,30.1,43189.36877076412
충청북도,2000,50 - 54세,16.0,48.6,32921.81069958848
충청북도,2000,55 - 59세,13.0,39.3,33078.880407124685
충청북도,2000,60 - 64세,16.0,50.6,31620.553359683796
충청북도,2001,40 - 44세,29.0,44.4,65315.31531531531
충청북도,2001,45 - 49세,23.0,48.3,47619.04761904762
충청북도,2001,50 - 54세,29.0,86.3,33603.70799536501
충청북도,2001,55 - 59세,14.0,43.9,31890.660592255128
충청북도,2001,60 - 64세,15.0,47.4,31645.569620253165
충청북도,2002,40 - 44세,24.0,35.5,67605.6338028169
충청북도,2002,45 - 49세,31.0,60.2,51495.01661129567
충청북도,2002,50 - 54세,21.0,59.8,35117.05685618729
충청북도,2002,55 - 59세,14.0,45.8,30567.685589519657
충청북도,2002,60 - 64세,24.0,73.8,32520.325203252032
충청북도,2003,40 - 44세,48.0,71.1,67510.54852320676
충청북도,2003,45 - 49세,28.0,51.0,54901.96078431373
충청북도,2003,50 - 54세,34.0,92.1,36916.39522258415
충청북도,2003,55 - 59세,22.0,72.7,30261.348005502063
충청북도,2003,60 - 64세,25.0,75.6,33068.78306878307
충청북도,2004,40 - 44세,38.0,57.3,66317.62652705061
충청북도,2004,45 - 49세,37.0,63.2,58544.303797468354
충청북도,2004,50 - 54세,23.0,59.2,38851.351351351346
충청북도,2004,55 - 59세,22.0,70.7,31117.397454031114
충청북도,2004,60 - 64세,27.0,83.6,32296.650717703353
충청북도,2005,40 - 44세,31.0,47.2,65677.96610169491
충청북도,2005,45 - 49세,48.0,78.2,61381.07416879795
충청북도,2005,50 - 54세,31.0,73.3,42291.95088676672
충청북도,2005,55 - 59세,25.0,77.9,32092.426187419765
충청북도,2005,60 - 64세,32.0,102.1,31341.82174338884
충청북도,2006,40 - 44세,23.0,35.6,64606.74157303371
충청북도,2006,45 - 49세,34.0,52.7,64516.12903225806
충청북도,2006,50 - 54세,24.0,51.1,46966.731898238744
충청북도,2006,55 - 59세,25.0,75.8,32981.530343007915
충청북도,2006,60 - 64세,13.0,42.5,30588.23529411765
충청북도,2007,40 - 44세,22.0,34.8,63218.3908045977
충청북도,2007,45 - 49세,28.0,41.5,67469.87951807228
충청북도,2007,50 - 54세,34.0,66.5,51127.819548872176
충청북도,2007,55 - 59세,21.0,60.6,34653.46534653465
충청북도,2007,60 - 64세,24.0,80.8,29702.9702970297
충청북도,2008,40 - 44세,28.0,43.5,64367.816091954024
충청북도,2008,45 - 49세,43.0,63.3,67930.4897314376
충청북도,2008,50 - 54세,32.0,58.2,54982.8178694158
충청북도,2008,55 - 59세,26.0,70.6,36827.1954674221
충청북도,2008,60 - 64세,26.0,87.1,29850.74626865672
충청북도,2009,40 - 44세,38.0,56.8,66901.40845070423
충청북도,2009,45 - 49세,42.0,62.4,67307.69230769231
충청북도,2009,50 - 54세,42.0,71.1,59071.72995780591
충청북도,2009,55 - 59세,29.0,74.3,39030.95558546433
충청북도,2009,60 - 64세,29.0,93.7,30949.83991462113
충청북도,2010,40 - 44세,32.0,46.9,68230.27718550107
충청북도,2010,45 - 49세,36.0,53.7,67039.1061452514
충청북도,2010,50 - 54세,45.0,72.3,62240.66390041494
충청북도,2010,55 - 59세,31.0,72.5,42758.620689655174
충청북도,2010,60 - 64세,26.0,81.0,32098.765432098764
충청북도,2011,40 - 44세,44.0,63.8,68965.51724137932
충청북도,2011,45 - 49세,42.0,63.5,66141.73228346457
충청북도,2011,50 - 54세,56.0,85.1,65804.93537015276
충청북도,2011,55 - 59세,31.0,65.1,47619.04761904762
충청북도,2011,60 - 64세,31.0,93.5,33155.08021390374
충청북도,2012,40 - 44세,28.0,40.5,69135.8024691358
충청북도,2012,45 - 49세,35.0,54.1,64695.00924214417
충청북도,2012,50 - 54세,40.0,58.4,68493.1506849315
충청북도,2012,55 - 59세,40.0,77.5,51612.90322580645
충청북도,2012,60 - 64세,20.0,57.4,34843.20557491289
충청북도,2013,40 - 44세,39.0,56.7,68783.06878306878
충청북도,2013,45 - 49세,41.0,62.5,65600.0
충청북도,2013,50 - 54세,44.0,63.9,68857.58998435055
충청북도,2013,55 - 59세,38.0,68.5,55474.45255474452
충청북도,2013,60 - 64세,32.0,86.7,36908.88119953864
충청북도,2014,40 - 44세,37.0,54.6,67765.56776556777
충청북도,2014,45 - 49세,42.0,61.9,67851.37318255252
충청북도,2014,50 - 54세,47.0,68.8,68313.95348837209
충청북도,2014,55 - 59세,40.0,67.2,59523.80952380953
충청북도,2014,60 - 64세,28.0,71.5,39160.83916083916
충청북도,2015,40 - 44세,28.0,42.5,65882.35294117648
충청북도,2015,45 - 49세,31.0,44.9,69042.3162583519
충청북도,2015,50 - 54세,35.0,51.5,67961.1650485437
충청북도,2015,55 - 59세,44.0,70.0,62857.142857142855
충청북도,2015,60 - 64세,31.0,72.1,42995.83911234397
충청북도,2016,40 - 44세,35.0,54.9,63752.27686703097
충청북도,2016,45 - 49세,32.0,46.1,69414.31670281995
충청북도,2016,50 - 54세,37.0,55.2,67028.98550724637
충청북도,2016,55 - 59세,41.0,61.6,66558.44155844155
충청북도,2016,60 - 64세,34.0,70.7,48090.52333804809
충청북도,2017,40 - 44세,24.0,38.8,61855.67010309279
충청북도,2017,45 - 49세,31.0,44.5,69662.92134831462
충청북도,2017,50 - 54세,36.0,54.8,65693.43065693432
충청북도,2017,55 - 59세,34.0,48.8,69672.13114754099
충청북도,2017,60 - 64세,25.0,47.6,52521.008403361346
충청북도,2018,40 - 44세,39.0,65.3,59724.34915773354
충청북도,2018,45 - 49세,36.0,52.0,69230.76923076923
충청북도,2018,50 - 54세,45.0,67.6,66568.04733727811
충청북도,2018,55 - 59세,43.0,61.1,70376.43207855974
충청북도,2018,60 - 64세,24.0,42.4,56603.773584905655
충청북도,2019,40 - 44세,24.0,41.4,57971.014492753624
충청북도,2019,45 - 49세,32.0,46.8,68376.06837606838
충청북도,2019,50 - 54세,42.0,61.0,68852.45901639345
충청북도,2019,55 - 59세,48.0,68.7,69868.99563318778
충청북도,2019,60 - 64세,41.0,67.6,60650.88757396451
충청북도,2020,40 - 44세,25.0,43.2,57870.37037037037
충청북도,2020,45 - 49세,29.0,43.5,66666.66666666666
충청북도,2020,50 - 54세,28.0,40.0,70000.0
충청북도,2020,55 - 59세,36.0,51.7,69632.49516441005
충청북도,2020,60 - 64세,22.0,34.3,64139.9416909621
충청북도,2021,40 - 44세,28.0,47.9,58455.11482254697
충청북도,2021,45 - 49세,32.0,49.6,64516.12903225806
충청북도,2021,50 - 54세,37.0,52.5,70476.19047619049
충청북도,2021,55 - 59세,38.0,55.4,68592.05776173285
충청북도,2021,60 - 64세,21.0,30.9,67961.1650485437
충청북도,2022,40 - 44세,27.0,45.6,59210.526315789466
충청북도,2022,45 - 49세,21.0,33.5,62686.567164179105
충청북도,2022,50 - 54세,20.0,28.3,70671.3780918728
충청북도,2022,55 - 59세,41.0,61.0,67213.11475409835
충청북도,2022,60 - 64세,21.0,29.5,71186.44067796611
충청북도,2023,40 - 44세,25.0,41.8,59808.61244019139
충청북도,2023,45 - 49세,38.0,62.9,60413.3545310016
충청북도,2023,50 - 54세,42.0,59.7,70351.75879396984
충청북도,2023,55 - 59세,40.0,58.8,68027.21088435374
충청북도,2023,60 - 64세,38.0,52.9,71833.6483931947
충청북도,2024,40 - 44세,27.0,45.8,58951.96506550219
충청북도,2024,45 - 49세,36.0,61.4,58631.92182410424
충청북도,2024,50 - 54세,37.0,53.4,69288.38951310862
충청북도,2024,55 - 59세,41.0,58.4,70205.4794520548
충청북도,2024,60 - 64세,44.0,61.7,71312.8038897893
