year,코드,시도,시군구,지역,CHS_No,아토피피부염의사진단률_청소년,알레르기비염의사진단률_청소년,천식의사진단률_청소년,주관적 건강인지율_남성노인_조율,주관적 건강인지율_남성노인_표준화,주관적 건강인지율_여성노인_조율,주관적 건강인지율_여성노인_표준화,노인학대_신고접수 건수,노인인구 천명당 노인학대 신고접수 비율,노인교통사고_사고건수,노인교통사고_사망자수,노인교통사고_부상자수,노인교통사고_중상자수,노인운전자교통사고_사고건수,노인운전자교통사고_사망자수,노인운전자교통사고_부상자수,노인운전자교통사고_중상자수,의사수,치과의사수,한의사수,사회복지사수,보건소인력_의사,보건소인력_치과의사,보건소인력_한의사,노인장기요양시설_의사,노인장기요양시설_간호사,노인장기요양시설_간호조무사,노인장기요양시설_치과위생사,노인장기요양시설_물리작업치료사,노인장기요양시설_요양보호사,노인장기요양시설_영양사,노인장기요양시설_사회복지사,인구천명당의료기관종사의사수,정신건강의학과전문의,노인장기요양_기관수,노인장기요양_정원,노인장기요양_시설_기관수,노인장기요양_시설_정원,노인장기요양_재가_기관수,노인장기요양_재가_정원,의원_정신건강의학과,응급실_지역응급의료기관,응급실_응급의료기관외응급실운영기관,병상수_계,일반입원실_병상수,정신과폐쇄_병상수,중환자실_병상수,격리병실_병상수,무균치료_병상수,병원급이상_분만실병상수,병원급이상_신생아실_병상수,병원급이상_수술실_병상수,병원급이상_회복실_병상수,병원급이상_응급실_병상수,병원급이상_인공신장실_병상수,병원급이상_물리치료실_병상수,의료기관진료실인원_전체,의료기관진료비_전체,의료기관진료실인원_입원,의료기관진료비_입원,의료기관진료실인원_외래,의료기관진료비_외래,구강보건_노인의치 보철사업 실적,구강보건_노인의치 보철사업_수혜자수,노인인구수,고령인구비율,독거노인비율,인구밀도,총가구수_65세이상,일인가구수_65세이상,일인가구율_65세이상가구,독거노인가구비율,국민기초생활수급자수,재정자주도,재정자립도,일반회계중사회복지예산비중,실업률,국민연금_지역가입자_소득신고자수,교원1인당학생수,노인천명당노인여가복지시설수,인구십만명당사회복지시설수,구조구급대원1인당담당주민수,소방공무원1인당담당주민수,미세먼지연간환경기준초과지역인구밀도,기초생활수급자수율,근력운동실천율_노인_조율,근력운동실천율_노인_표준화율,가구소득(월300만원이상비율),"실업률(지역사회건강조사,2017)",주민1인당생활폐기물배출량,인구천명당의료기관병상수,보건및사회복지사업종사자비율,보건업및사회복지서비스업종사자수,보건및사회복지사업체비율,보건업및사회복지서비스업사업체수,아토피피부염의사진단율_청소년,알레르기비염의사진단율_청소년,천식의사진단율_청소년,저작불편호소율(65세이상)_조율,저작불편호소율(65세이상)_표준화율,일반입원실병상수,정신과폐쇄병상수,중환자실병상수,격리병실병상수,무균치료실병상수,특수진료실_분만실 병상수,특수진료실_신생아실 병상수,특수진료실_수술실 병상수,특수진료실_회복실 병상수,특수진료실_응급실 병상수,특수진료실_인공신장실 병상수,특수진료실_물리치료실 병상수,1인가구수,1인가구수_20-44세,1인가구수_45-64세,1인가구수_65세이상,1인가구율_전체,1인가구율_20-44세가구,1인가구율_45-64세가구,1인가구율_65세이상가구,국민기초생활보장수급자,보건업및사회복지사업체수,인구10만명당사회복지시설수,국민기초생활수급자수율,노인장기요양시설의사,노인장기요양시설간호사,노인장기요양시설간호조무사,노인장기요양시설물리-작업치료사,노인장기요양시설-치과위생사,노인장기요양시설요양보호사,노인장기요양시설영양사,노인장기요양시설사회복지사,일인가구_65세이상,일인가구율_65세이상,아토피피부염 의사진단율_청소년,알레르기비염 의사진단율_청소년,천식 의사진단율_청소년,노인학대 신고접수 건수,노인천명당 노인학대 신고접수 비율,노인운전자 교통사고_사고건수,노인운전자 교통사고_사망자수,노인운전자 교통사고_부상자수,노인운전자 교통사고_중상자수,사회적거리두기또는생활속거리두기실천율건강_조율,사회적거리두기또는생활속거리두기실천율건_표준화율,의사 수,치과의사 수,한의사 수,사회복지사 사,노인장기요양시설_물리-작업치료사,인구천명당 의료기관 종사 의사수,응급실_응급의료기관외 응급실 운영기관,무균치료실_병상수,특수진료실_분만실병상수,특수진료실_신생아실병상수,특수진료실_수술실병상수,특수진료실_회복실병상수,특수진료실_응급실병상수,특수진료실_인공신장실병상수,특수진료실_물리치료실병상수,인구 천명당 의료기관병상수,의료기관진료실인원 _입원,총가구수_65세 이상,1인가구수_65세 이상,1인가구율_65세 이상 가구,일반회계 중 사회복지 예산 비중,보건 및 사회복지 사업체 종사자 비율,보건 및 사회복지 사업체 종사자 수,보건 및 사회복지 사업체 비율,보건 및 사회복지 사업체 수,구조구급대원 1인당 담당 주민수,소방공무원 1인당 담당주민수,주민1인당 생활폐기물 배출량,저작불편 호소율(65세 이상)_조율,저작불편 호소율(65세 이상)_표준화율,사회적 거리두기 실천율_조율,사회적 거리두기 실천율_표준화율,소방공무원 1인당 담당 주민수,사회복지사 수,인구천명당 의료기관 병상수,1인가구율_20-44세 가구,1인가구율_45-64세 가구,인구10만명당 사회복지시설수,1인당 생활권 도시림 면적,1인당 도시림 면적,국민기초생활보장수급자수율
2016,0,전국,전국,전국,   ,25.1,35.5,9.1,,,,,12009.0,1.7,35761.0,1732.0,38413.0,16938.0,24429.0,759.0,35687.0,9816.0,97713.0,24150.0,19737.0,3506.0,2109.0,434.0,967.0,1683.0,2675.0,9080.0,5.0,1974.0,313013.0,1130.0,14682.0,2.7,3254,19398,223573,5187.0,168356.0,14211.0,55217.0,912,262.0,126.0,692500.0,612133.0,67845.0,10127.0,2033.0,362.0,1399.0,5074.0,4927.0,4012.0,9324.0,8300.0,22452.0,49011735.0,71967112958.0,7838004.0,26709343579.0,48798623.0,45257769380.0,,,6995652,13.5,19.08896540318295,515.2130991147324,3867406.0,1294453.0,33.5,6.683567317454797,1630614.0,74.2,52.5,33.0,3.7,3886930,16.8,6.59,14.1,3936.36,1186.16,,3.15,,,,,,,,,,,,,,,,,,,,,,,,,,,,,,,,,,,,,,,,,,,,,,,,,,,,,,,,,,,,,,,,,,,,,,,,,,,,,,,,,,,,,,,,,,,,,,,,,,,,,
2016,11,서울특별시,서울특별시,서울특별시,A  ,25.6,37.2,9.4,31.3,31.6,20.0,20.5,1117.0,0.9,5219.0,128.0,5376.0,2126.0,4548.0,50.0,6311.0,1493.0,28189.0,6803.0,4648.0,439.0,175.0,25.0,25.0,181.0,569.0,1256.0,3.0,217.0,59231.0,100.0,2317.0,4.0,731,2957,23073,531.0,14829.0,2426.0,8244.0,287,20.0,16.0,86420.0,78492.0,4540.0,2487.0,725.0,176.0,337.0,952.0,1198.0,889.0,1432.0,1191.0,3195.0,14434936.0,17169881430.0,1705971.0,6256002178.0,14368302.0,10913879252.0,,273.0,1295899,13.0,15.876951524447898,16408.917510052815,693968.0,196456.0,28.3,5.190787657162184,267023.0,85.8,84.7,40.6,4.2,718562,16.94,1.98,8.0,5110.97,1456.1,16409.0,2.69,,,,,,,,,,,,,,,,,,,,,,,,,,,,,,,,,,,,,,,,,,,,,,,,,,,,,,,,,,,,,,,,,,,,,,,,,,,,,,,,,,,,,,,,,,,,,,,,,,,,,
2016,21,부산광역시,부산광역시,부산광역시,B  ,24.8,32.5,6.8,21.9,22.0,13.3,13.4,753.0,1.4,1982.0,59.0,2045.0,1036.0,1324.0,24.0,1810.0,625.0,7637.0,1683.0,1609.0,347.0,42.0,6.0,4.0,46.0,87.0,306.0,0.0,94.0,20316.0,56.0,766.0,3.1,249,1020,8617,121.0,6259.0,899.0,2358.0,73,24.0,7.0,71129.0,64468.0,5653.0,862.0,120.0,26.0,170.0,565.0,451.0,403.0,684.0,828.0,1889.0,4159179.0,5985473942.0,654790.0,2560972120.0,4118867.0,3424501822.0,1284.0,766.0,536064,15.3,19.94057195135661,4544.222897500574,310576.0,102877.0,33.1,7.653570604908605,149528.0,71.7,60.1,42.5,3.9,249678,18.15,3.06,5.7,4319.17,1214.35,4544.0,4.27,,,,,,,,,,,,,,,,,,,,,,,,,,,,,,,,,,,,,,,,,,,,,,,,,,,,,,,,,,,,,,,,,,,,,,,,,,,,,,,,,,,,,,,,,,,,,,,,,,,,,
2016,22,대구광역시,대구광역시,대구광역시,C  ,25.7,36.0,9.6,26.4,26.5,12.9,13.0,497.0,1.5,1978.0,67.0,2068.0,909.0,1443.0,22.0,2006.0,528.0,5495.0,1238.0,1059.0,187.0,27.0,2.0,12.0,73.0,123.0,444.0,1.0,76.0,14618.0,49.0,639.0,3.1,171,1032,10598,257.0,7029.0,775.0,3569.0,42,9.0,12.0,36653.0,32147.0,3949.0,478.0,58.0,21.0,90.0,408.0,309.0,271.0,511.0,327.0,1397.0,3217012.0,4071129967.0,443467.0,1478364696.0,3195596.0,2592765270.0,2452.0,1324.0,328901,13.2,19.562007179696195,2811.97998450385,187514.0,62394.0,33.3,6.667785195452219,107763.0,73.5,57.1,43.0,4.1,191147,16.62,3.12,14.7,4336.05,1143.38,2812.0,4.34,,,,,,,,,,,,,,,,,,,,,,,,,,,,,,,,,,,,,,,,,,,,,,,,,,,,,,,,,,,,,,,,,,,,,,,,,,,,,,,,,,,,,,,,,,,,,,,,,,,,,
2016,23,인천광역시,인천광역시,인천광역시,D  ,24.9,35.4,8.5,30.3,30.6,17.8,18.7,868.0,2.7,1023.0,47.0,1044.0,467.0,668.0,16.0,984.0,268.0,4469.0,1136.0,860.0,192.0,58.0,21.0,33.0,86.0,125.0,578.0,0.0,119.0,20109.0,74.0,842.0,2.2,145,1169,13685,346.0,11461.0,823.0,2224.0,37,11.0,,32093.0,27903.0,3549.0,561.0,66.0,14.0,52.0,274.0,254.0,205.0,387.0,516.0,1052.0,3408545.0,3510492364.0,444267.0,1299572196.0,3385214.0,2210920168.0,322.0,203.0,324255,11.0,17.264255528286792,2769.6872954250866,171583.0,54272.0,31.6,5.106376572690972,100301.0,77.3,67.0,39.0,4.9,212359,16.04,3.09,16.8,4379.57,1198.32,2770.0,3.41,,,,,,,,,,,,,,,,,,,,,,,,,,,,,,,,,,,,,,,,,,,,,,,,,,,,,,,,,,,,,,,,,,,,,,,,,,,,,,,,,,,,,,,,,,,,,,,,,,,,,
2016,24,광주광역시,광주광역시,광주광역시,E  ,24.9,34.2,8.8,32.4,32.8,18.1,18.7,485.0,2.8,941.0,36.0,1002.0,327.0,694.0,12.0,1059.0,186.0,3434.0,969.0,701.0,152.0,14.0,5.0,5.0,38.0,49.0,176.0,0.0,45.0,11317.0,25.0,507.0,3.5,104,626,5317,102.0,3487.0,524.0,1830.0,30,15.0,4.0,39228.0,37097.0,1729.0,371.0,28.0,3.0,48.0,168.0,220.0,205.0,407.0,440.0,1163.0,2064337.0,2620750463.0,398801.0,1200971011.0,2040451.0,1419779451.0,236.0,179.0,172572,11.7,19.660296101714604,2931.1332768892726,98089.0,33006.0,33.6,5.796913090211672,69420.0,69.9,51.5,47.7,3.1,108955,17.66,5.46,10.3,4946.85,1222.31,0.0,4.72,,,,,,,,,,,,,,,,,,,,,,,,,,,,,,,,,,,,,,,,,,,,,,,,,,,,,,,,,,,,,,,,,,,,,,,,,,,,,,,,,,,,,,,,,,,,,,,,,,,,,
2016,25,대전광역시,대전광역시,대전광역시,F  ,26.2,35.3,8.6,32.3,31.9,19.7,21.0,405.0,2.4,1064.0,38.0,1130.0,471.0,700.0,22.0,1099.0,263.0,3455.0,793.0,714.0,109.0,13.0,0.0,1.0,56.0,93.0,261.0,0.0,66.0,12134.0,38.0,490.0,3.3,106,656,7390,120.0,5140.0,536.0,2250.0,47,5.0,1.0,23427.0,21282.0,1692.0,383.0,65.0,5.0,64.0,250.0,169.0,115.0,249.0,241.0,538.0,2127502.0,2431829438.0,284082.0,914203230.0,2110132.0,1517626208.0,,143.0,171568,11.3,18.266363255284748,2807.7812085482983,95102.0,30503.0,32.1,5.163890854548348,54490.0,72.0,55.0,43.5,3.2,109792,18.24,3.2,11.4,4631.1,1219.3,2808.0,3.6,,,,,,,,,,,,,,,,,,,,,,,,,,,,,,,,,,,,,,,,,,,,,,,,,,,,,,,,,,,,,,,,,,,,,,,,,,,,,,,,,,,,,,,,,,,,,,,,,,,,,
2016,26,울산광역시,울산광역시,울산광역시,G  ,23.7,35.3,7.9,25.1,25.0,14.7,15.2,406.0,3.7,598.0,26.0,660.0,317.0,356.0,7.0,519.0,173.0,1702.0,485.0,406.0,71.0,19.0,3.0,7.0,17.0,39.0,98.0,0.0,26.0,4235.0,14.0,176.0,2.2,53,225,2461,44.0,1679.0,181.0,782.0,15,7.0,5.0,15378.0,13948.0,1248.0,165.0,10.0,7.0,45.0,265.0,99.0,84.0,196.0,182.0,650.0,1349712.0,1429740492.0,190218.0,536309766.0,1340282.0,893430726.0,225.0,225.0,108768,9.3,18.396900051411926,1105.1191228187663,60928.0,19323.0,31.7,4.5356280235759705,18776.0,80.5,72.2,30.6,3.8,79514,15.1,4.67,7.4,4407.16,1284.01,1105.0,1.6,,,,,,,,,,,,,,,,,,,,,,,,,,,,,,,,,,,,,,,,,,,,,,,,,,,,,,,,,,,,,,,,,,,,,,,,,,,,,,,,,,,,,,,,,,,,,,,,,,,,,
2016,29,세종특별자치시,세종특별자치시,세종특별자치시,Q  ,24.5,36.7,11.0,23.1,24.5,17.8,20.0,,,71.0,9.0,75.0,52.0,36.0,4.0,46.0,24.0,180.0,74.0,69.0,9.0,13.0,2.0,7.0,6.0,4.0,17.0,0.0,4.0,833.0,3.0,29.0,1.3,6,44,542,9.0,382.0,35.0,160.0,4,1.0,1.0,1249.0,1141.0,108.0,,,,0.0,0.0,1.0,0.0,10.0,0.0,18.0,313996.0,142311242.0,6679.0,23855057.0,312717.0,118456185.0,23.0,23.0,24197,10.0,15.611320591167166,522.8317120347355,11816.0,3602.0,30.5,3.9839403625584815,4286.0,76.0,59.0,19.5,,14580,16.27,12.95,8.6,4340.14,832.36,523.0,1.76,,,,,,,,,,,,,,,,,,,,,,,,,,,,,,,,,,,,,,,,,,,,,,,,,,,,,,,,,,,,,,,,,,,,,,,,,,,,,,,,,,,,,,,,,,,,,,,,,,,,,
2016,31,경기도,경기도,경기도,H  ,25.6,38.2,10.1,30.6,31.1,17.7,18.5,1638.0,1.2,6602.0,249.0,7091.0,2900.0,4285.0,98.0,6457.0,1546.0,18846.0,5037.0,3845.0,756.0,206.0,34.0,87.0,427.0,685.0,2583.0,0.0,552.0,75788.0,270.0,3395.0,2.2,670,4562,62071,1599.0,48742.0,2963.0,13329.0,191,31.0,29.0,129372.0,112642.0,14484.0,1941.0,243.0,62.0,429.0,1416.0,1420.0,1261.0,2422.0,1974.0,5875.0,14504463.0,14048265816.0,1684639.0,4873865162.0,14418789.0,9174400654.0,,1549.0,1374475,10.8,15.936003879465488,1248.7682475820493,701528.0,211633.0,30.2,4.719290593396164,263841.0,76.9,67.4,33.9,3.9,922623,17.47,4.67,16.6,6399.99,1721.28,1249.0,2.07,,,,,,,,,,,,,,,,,,,,,,,,,,,,,,,,,,,,,,,,,,,,,,,,,,,,,,,,,,,,,,,,,,,,,,,,,,,,,,,,,,,,,,,,,,,,,,,,,,,,,
2016,32,강원도,강원도,강원도,I  ,26.3,33.1,8.8,28.1,28.5,13.5,14.9,895.0,3.4,1674.0,75.0,1914.0,696.0,1159.0,33.0,1864.0,418.0,2575.0,622.0,499.0,94.0,156.0,33.0,80.0,106.0,180.0,433.0,0.0,95.0,11072.0,57.0,670.0,2.4,100,748,11485,300.0,9331.0,448.0,2154.0,18,15.0,5.0,18519.0,15827.0,2100.0,447.0,141.0,4.0,27.0,61.0,140.0,127.0,389.0,279.0,863.0,1860662.0,1918303459.0,226784.0,635698046.0,1847737.0,1282605413.0,606.0,580.0,266152,17.2,21.188484719399945,92.16109180686013,150629.0,55212.0,36.7,8.957955434123042,62509.0,68.8,27.1,23.5,2.8,125395,15.84,8.34,27.3,1706.06,599.0,92.0,4.03,,,,,,,,,,,,,,,,,,,,,,,,,,,,,,,,,,,,,,,,,,,,,,,,,,,,,,,,,,,,,,,,,,,,,,,,,,,,,,,,,,,,,,,,,,,,,,,,,,,,,
2016,33,충청북도,충청북도,충청북도,J  ,24.8,33.1,9.8,30.9,31.6,16.9,18.3,589.0,2.4,1707.0,97.0,1887.0,836.0,1107.0,44.0,1712.0,486.0,2389.0,560.0,574.0,108.0,119.0,25.0,74.0,88.0,88.0,423.0,1.0,73.0,9650.0,48.0,512.0,2.2,106,681,9868,272.0,7923.0,409.0,1945.0,26,13.0,2.0,21252.0,17482.0,3415.0,278.0,73.0,4.0,16.0,166.0,110.0,63.0,311.0,294.0,603.0,1900790.0,1916561214.0,227313.0,616008306.0,1889356.0,1300552908.0,422.0,301.0,240690,15.1,20.9885838018506,214.87269660958054,135133.0,49483.0,36.6,8.008072320743663,53748.0,72.2,35.2,29.1,2.6,125678,17.11,11.96,24.5,2675.0,986.14,215.0,3.38,,,,,,,,,,,,,,,,,,,,,,,,,,,,,,,,,,,,,,,,,,,,,,,,,,,,,,,,,,,,,,,,,,,,,,,,,,,,,,,,,,,,,,,,,,,,,,,,,,,,,
2016,34,충청남도,충청남도,충청남도,K  ,24.4,34.4,11.0,25.4,26.6,14.6,15.4,862.0,2.3,1983.0,161.0,2129.0,1146.0,1189.0,80.0,1632.0,599.0,2995.0,820.0,769.0,142.0,201.0,36.0,115.0,124.0,96.0,488.0,0.0,101.0,14880.0,71.0,760.0,2.2,125,948,11820,285.0,9083.0,663.0,2737.0,26,9.0,4.0,27762.0,24294.0,3068.0,351.0,49.0,,30.0,133.0,116.0,88.0,376.0,270.0,686.0,2567085.0,2518068446.0,295301.0,851639420.0,2547652.0,1666429025.0,344.0,273.0,350108,16.7,20.110360488551667,254.88591604292222,197430.0,68899.0,34.9,8.467059098226684,62677.0,71.8,38.7,26.7,3.2,166195,17.58,12.04,19.7,2726.56,866.42,0.0,2.99,,,,,,,,,,,,,,,,,,,,,,,,,,,,,,,,,,,,,,,,,,,,,,,,,,,,,,,,,,,,,,,,,,,,,,,,,,,,,,,,,,,,,,,,,,,,,,,,,,,,,
2016,35,전라북도,전라북도,전라북도,L  ,25.7,35.7,9.6,27.6,28.7,14.3,15.5,515.0,1.5,1976.0,130.0,2219.0,966.0,1253.0,66.0,1928.0,530.0,3522.0,871.0,899.0,189.0,218.0,45.0,93.0,81.0,80.0,434.0,0.0,92.0,13698.0,55.0,765.0,2.8,123,1010,11002,228.0,7802.0,782.0,3200.0,37,14.0,1.0,39165.0,36169.0,2565.0,341.0,78.0,12.0,49.0,159.0,178.0,153.0,485.0,280.0,1405.0,2116267.0,3000413245.0,341963.0,1217025397.0,2100862.0,1783387847.0,,756.0,341203,18.3,22.66172487611911,231.10411714566595,199026.0,75848.0,38.1,10.46644164718675,99708.0,67.7,29.7,29.7,2.1,148262,15.82,14.57,18.0,2687.02,939.91,231.0,5.35,,,,,,,,,,,,,,,,,,,,,,,,,,,,,,,,,,,,,,,,,,,,,,,,,,,,,,,,,,,,,,,,,,,,,,,,,,,,,,,,,,,,,,,,,,,,,,,,,,,,,
2016,36,전라남도,전라남도,전라남도,M  ,23.3,27.5,6.6,22.9,23.3,12.4,13.6,678.0,1.7,2478.0,193.0,2777.0,1173.0,1583.0,105.0,2477.0,672.0,3042.0,693.0,747.0,187.0,292.0,84.0,182.0,149.0,88.0,474.0,0.0,95.0,15210.0,53.0,786.0,2.4,121,1076,11460,299.0,8796.0,777.0,2664.0,15,37.0,8.0,40928.0,36707.0,3703.0,382.0,124.0,12.0,39.0,148.0,200.0,182.0,660.0,652.0,1562.0,2163134.0,2806356922.0,357473.0,1123350464.0,2144772.0,1683006458.0,,712.0,398916,21.0,24.417142747960334,154.55359924084365,235015.0,95844.0,40.8,13.179922359415674,83850.0,65.6,23.8,25.3,3.0,161558,13.77,17.26,23.4,2350.51,791.32,0.0,4.4,,,,,,,,,,,,,,,,,,,,,,,,,,,,,,,,,,,,,,,,,,,,,,,,,,,,,,,,,,,,,,,,,,,,,,,,,,,,,,,,,,,,,,,,,,,,,,,,,,,,,
2016,37,경상북도,경상북도,경상북도,N  ,25.1,31.7,9.4,23.0,23.9,11.1,11.6,1052.0,2.1,3251.0,225.0,3563.0,1702.0,2104.0,103.0,3000.0,1022.0,3515.0,846.0,954.0,231.0,299.0,61.0,123.0,138.0,170.0,577.0,0.0,146.0,20986.0,98.0,1004.0,2.0,172,1339,16988,376.0,12889.0,963.0,4099.0,17,24.0,5.0,43982.0,36398.0,7023.0,457.0,104.0,,73.0,343.0,197.0,119.0,559.0,449.0,1011.0,3061218.0,3181288720.0,357835.0,1110815616.0,3035622.0,2070473104.0,1022.0,717.0,492417,18.2,23.167931020188202,141.8915905409628,291185.0,111776.0,38.4,10.382497926305591,105146.0,70.7,33.3,25.7,3.2,222086,16.54,11.68,18.1,2468.37,810.44,0.0,3.89,,,,,,,,,,,,,,,,,,,,,,,,,,,,,,,,,,,,,,,,,,,,,,,,,,,,,,,,,,,,,,,,,,,,,,,,,,,,,,,,,,,,,,,,,,,,,,,,,,,,,
2016,38,경상남도,경상남도,경상남도,O  ,22.9,33.3,7.4,23.4,23.9,11.6,12.5,1097.0,2.3,2490.0,155.0,2662.0,1483.0,1513.0,63.0,2111.0,787.0,5221.0,1277.0,1176.0,261.0,232.0,43.0,103.0,97.0,131.0,403.0,0.0,121.0,20022.0,83.0,830.0,2.3,237,1106,12538,232.0,9867.0,874.0,2671.0,37,26.0,26.0,60888.0,51714.0,8591.0,466.0,107.0,10.0,75.0,273.0,302.0,247.0,816.0,835.0,2108.0,3849749.0,4423239756.0,582485.0,1770925216.0,3818439.0,2652314539.0,566.0,983.0,480278,14.2,23.25375377298479,320.1148548459879,281294.0,108935.0,38.7,8.553830594343408,104213.0,72.3,43.5,28.7,3.3,271109,15.46,10.71,9.8,3025.89,1065.32,320.0,3.09,,,,,,,,,,,,,,,,,,,,,,,,,,,,,,,,,,,,,,,,,,,,,,,,,,,,,,,,,,,,,,,,,,,,,,,,,,,,,,,,,,,,,,,,,,,,,,,,,,,,,
2016,39,제주특별자치도,제주특별자치도,제주특별자치도,P  ,27.3,37.3,7.8,26.3,26.6,15.2,16.1,152.0,1.7,724.0,37.0,771.0,331.0,467.0,10.0,672.0,196.0,1047.0,243.0,208.0,32.0,25.0,9.0,16.0,41.0,83.0,144.0,0.0,53.0,3228.0,37.0,203.0,2.3,35,199,4658,66.0,3657.0,133.0,1001.0,10,1.0,,5055.0,4422.0,428.0,157.0,42.0,6.0,17.0,24.0,50.0,33.0,166.0,188.0,181.0,800542.0,793006042.0,93592.0,239765697.0,794890.0,553240345.0,380.0,367.0,89189,13.9,16.640647586007518,346.96883236221987,46590.0,14390.0,30.9,6.274608981542447,23335.0,70.1,38.2,20.1,2.2,59437,16.95,3.66,15.3,2970.36,911.36,0.0,3.64,,,,,,,,,,,,,,,,,,,,,,,,,,,,,,,,,,,,,,,,,,,,,,,,,,,,,,,,,,,,,,,,,,,,,,,,,,,,,,,,,,,,,,,,,,,,,,,,,,,,,
2017,0,전국,전국,전국,   ,25.1,35.8,8.8,,,,,13309.0,1.8,37555.0,1767.0,40579.0,17543.0,26713.0,848.0,38627.0,10472.0,100241.0,25300.0,20389.0,3588.0,2170.0,471.0,998.0,2198.0,2791.0,9845.0,7.0,2024.0,340624.0,1160.0,18535.0,2.8,3410,20377,243235,5304.0,174543.0,15073.0,68692.0,990,261.0,116.0,701744.0,621622.0,67298.0,10190.0,2254.0,380.0,,,,,,,,49173457.0,77974668488.0,7649595.0,29202696416.0,48952414.0,48771972072.0,,,7356106,14.2,18.63706151053288,515.9090022380325,4065109.0,1370962.0,33.72509814619977,6.9684391102413725,1581646.0,74.9,53.7,32.7,3.7,3865800,16.33,6.31,14.4,3671.0,1091.0,,3.05,,,,,1.03,13.55,8.2,1782672.0,3.6,145909.0,,,,,,,,,,,,,,,,,,,,,,,,,,,,,,,,,,,,,,,,,,,,,,,,,,,,,,,,,,,,,,,,,,,,,,,,,,,,,,,,,,,,,,,,,,,
2017,11,서울특별시,서울특별시,서울특별시,A  ,25.6,37.0,9.4,33.1,33.7,23.0,23.8,1470.0,1.1,5357.0,139.0,5570.0,2141.0,5021.0,63.0,6959.0,1598.0,28746.0,7118.0,4733.0,453.0,175.0,25.0,26.0,222.0,558.0,1285.0,2.0,219.0,63429.0,99.0,2831.0,4.1,775,3040,23958,524.0,14620.0,2516.0,9338.0,302,20.0,15.0,86925.0,79239.0,4311.0,2478.0,705.0,192.0,,,,,,,,14488283.0,18701294358.0,1681283.0,6887025368.0,14421667.0,11814268990.0,,4.0,1359901,13.8,15.386414158089448,16286.729887575697,729630.0,209240.0,28.677548894645234,5.487168459533312,263347.0,86.2,85.0,39.8,4.5,701163,16.58,1.9,7.82,4976.0,1418.0,,2.67,22.1,22.9,68.96257420816409,33.29083261419182,0.94,8.82,7.0,358563.0,3.5,28683.0,,,,,,,,,,,,,,,,,,,,,,,,,,,,,,,,,,,,,,,,,,,,,,,,,,,,,,,,,,,,,,,,,,,,,,,,,,,,,,,,,,,,,,,,,,,
2017,21,부산광역시,부산광역시,부산광역시,B  ,23.3,32.0,7.1,24.4,24.6,12.4,12.8,771.0,1.4,2038.0,78.0,2085.0,1002.0,1468.0,36.0,1931.0,655.0,7735.0,1730.0,1627.0,335.0,43.0,6.0,5.0,74.0,88.0,323.0,1.0,95.0,22546.0,59.0,1030.0,3.2,263,1055,9163,116.0,6091.0,939.0,3072.0,89,23.0,7.0,70767.0,64081.0,5642.0,866.0,152.0,26.0,,,,,,,,4151022.0,6436178268.0,632306.0,2766873988.0,4110610.0,3669304280.0,1064.0,621.0,565527,16.3,19.343196699715488,4507.1327728326305,323790.0,109391.0,33.78455171561815,8.076706972307315,145113.0,70.1,60.1,42.6,4.6,244612,17.69,2.95,6.51,4243.0,1125.0,,4.18,18.7,19.0,58.30905917984689,35.89843583707372,0.96,20.39,9.1,128997.0,3.2,9147.0,,,,,,,,,,,,,,,,,,,,,,,,,,,,,,,,,,,,,,,,,,,,,,,,,,,,,,,,,,,,,,,,,,,,,,,,,,,,,,,,,,,,,,,,,,,
2017,22,대구광역시,대구광역시,대구광역시,C  ,26.7,37.6,10.4,22.0,22.1,13.3,13.6,808.0,2.3,2143.0,63.0,2232.0,942.0,1547.0,29.0,2130.0,537.0,5552.0,1288.0,1090.0,175.0,26.0,2.0,13.0,125.0,131.0,473.0,1.0,72.0,15872.0,50.0,828.0,3.2,183,1065,12025,257.0,7642.0,808.0,4383.0,50,9.0,10.0,36380.0,31949.0,3871.0,490.0,49.0,21.0,,,,,,,,3224852.0,4391057209.0,432077.0,1608218486.0,3203026.0,2782838723.0,1949.0,1285.0,347459,14.0,19.290045732014423,2801.2927722748573,198547.0,67025.0,33.75775005414335,7.069923947554402,103132.0,72.7,56.6,43.6,4.0,187739,16.18,3.0,14.71,3762.0,1052.0,,4.17,16.1,16.7,60.99788111202972,36.90761717623588,1.17,14.7,9.3,87530.0,3.4,7026.0,,,,,,,,,,,,,,,,,,,,,,,,,,,,,,,,,,,,,,,,,,,,,,,,,,,,,,,,,,,,,,,,,,,,,,,,,,,,,,,,,,,,,,,,,,,
2017,23,인천광역시,인천광역시,인천광역시,D  ,23.5,36.1,8.6,27.5,27.6,14.8,15.7,721.0,2.1,964.0,37.0,997.0,471.0,653.0,15.0,950.0,259.0,4684.0,1211.0,914.0,203.0,55.0,26.0,33.0,119.0,156.0,647.0,0.0,129.0,22018.0,74.0,1115.0,2.3,154,1225,15094,355.0,12019.0,870.0,3075.0,38,12.0,,33417.0,29376.0,3298.0,577.0,152.0,14.0,,,,,,,,3437272.0,3917979127.0,436919.0,1489563393.0,3413999.0,2428415733.0,,,345024,11.7,17.04924874791319,2773.492126415398,183668.0,58824.0,32.02735370342139,5.445229731043197,98789.0,75.9,65.4,38.0,4.6,212213,15.71,2.91,16.48,4182.0,1114.0,,3.35,17.6,18.7,62.418856780301915,34.954935471407424,0.77,11.33,9.2,95218.0,3.7,7333.0,,,,,,,,,,,,,,,,,,,,,,,,,,,,,,,,,,,,,,,,,,,,,,,,,,,,,,,,,,,,,,,,,,,,,,,,,,,,,,,,,,,,,,,,,,,
2017,24,광주광역시,광주광역시,광주광역시,E  ,26.6,34.5,7.3,29.6,30.4,16.9,17.1,562.0,3.1,1038.0,48.0,1126.0,382.0,800.0,20.0,1247.0,186.0,3497.0,988.0,726.0,156.0,14.0,5.0,5.0,45.0,68.0,189.0,1.0,43.0,12715.0,21.0,607.0,3.6,112,662,5737,100.0,3535.0,562.0,2202.0,34,15.0,4.0,41267.0,39028.0,1780.0,404.0,52.0,3.0,,,,,,,,2068751.0,2839858747.0,397845.0,1313112964.0,2043838.0,1526745783.0,,,180862,12.4,19.3545355022061,2920.6403493341018,102885.0,35005.0,34.02342421149827,6.080085873288266,65712.0,68.8,49.2,45.7,2.9,110287,17.16,5.25,10.45,4490.0,1125.0,,4.49,17.3,17.8,63.621895376890535,32.65717433785125,0.87,28.19,10.8,65042.0,4.1,4887.0,,,,,,,,,,,,,,,,,,,,,,,,,,,,,,,,,,,,,,,,,,,,,,,,,,,,,,,,,,,,,,,,,,,,,,,,,,,,,,,,,,,,,,,,,,,
2017,25,대전광역시,대전광역시,대전광역시,F  ,25.3,35.9,7.5,30.8,32.4,15.8,16.6,508.0,2.8,1099.0,27.0,1172.0,453.0,819.0,7.0,1274.0,238.0,3545.0,814.0,727.0,114.0,13.0,0.0,1.0,74.0,96.0,278.0,0.0,62.0,12802.0,37.0,573.0,3.4,115,667,7878,119.0,5104.0,548.0,2774.0,51,5.0,1.0,23999.0,21787.0,1765.0,382.0,60.0,5.0,,,,,,,,2123912.0,2613942706.0,269619.0,989851056.0,2107177.0,1624091650.0,,32829.0,180667,12.0,18.219708081719407,2784.6649614437792,100476.0,32917.0,32.7610573669334,5.5069462103671185,52357.0,74.3,57.1,42.6,3.4,109842,17.36,3.07,11.52,4184.0,1119.0,,3.49,14.0,15.6,62.06589601986072,35.373222654481964,1.11,15.98,9.7,58518.0,4.3,4977.0,,,,,,,,,,,,,,,,,,,,,,,,,,,,,,,,,,,,,,,,,,,,,,,,,,,,,,,,,,,,,,,,,,,,,,,,,,,,,,,,,,,,,,,,,,,
2017,26,울산광역시,울산광역시,울산광역시,G  ,25.3,36.6,8.5,24.1,24.1,14.2,15.1,420.0,3.6,604.0,13.0,653.0,297.0,411.0,6.0,615.0,192.0,1729.0,501.0,409.0,73.0,18.0,4.0,7.0,26.0,41.0,109.0,0.0,24.0,4582.0,14.0,226.0,2.3,53,239,2726,46.0,1683.0,193.0,1043.0,16,8.0,4.0,15502.0,14091.0,1210.0,184.0,10.0,7.0,,,,,,,,1344962.0,1551557555.0,186250.0,594328351.0,1335540.0,957229204.0,,,116633,10.0,18.00862534617132,1097.961931323228,65576.0,21004.0,32.030010979626695,4.899234931890279,18821.0,78.4,69.9,31.8,3.5,80734,14.68,4.39,7.9,4191.0,1243.0,,1.62,16.5,17.3,67.14157455448085,38.00642138331535,1.3,13.3,6.7,34816.0,3.4,2883.0,,,,,,,,,,,,,,,,,,,,,,,,,,,,,,,,,,,,,,,,,,,,,,,,,,,,,,,,,,,,,,,,,,,,,,,,,,,,,,,,,,,,,,,,,,,
2017,29,세종특별자치시,세종특별자치시,세종특별자치시,Q  ,23.7,37.8,8.7,35.9,34.4,20.5,20.4,,,112.0,4.0,127.0,50.0,55.0,1.0,71.0,20.0,239.0,105.0,86.0,7.0,13.0,3.0,7.0,6.0,8.0,19.0,0.0,5.0,895.0,2.0,41.0,1.5,8,51,692,10.0,420.0,41.0,272.0,5,1.0,1.0,1342.0,1234.0,108.0,,,,,,,,,,,361497.0,164479396.0,7951.0,23771711.0,360234.0,140707685.0,,,26851,9.6,15.187516293620348,602.5041453242408,13076.0,4078.0,31.18690731110431,3.9089384136113106,4284.0,80.1,70.5,23.2,2.3,16803,15.28,11.73,7.5,3638.0,824.0,,1.53,16.7,16.8,74.28437452232136,36.03436887698541,0.86,4.79,7.4,7409.0,4.9,673.0,,,,,,,,,,,,,,,,,,,,,,,,,,,,,,,,,,,,,,,,,,,,,,,,,,,,,,,,,,,,,,,,,,,,,,,,,,,,,,,,,,,,,,,,,,,
2017,31,경기도,경기도,경기도,H  ,25.4,37.9,9.4,29.3,29.8,16.8,17.5,2092.0,1.4,7116.0,272.0,7656.0,3070.0,4795.0,126.0,7161.0,1742.0,19642.0,5324.0,4072.0,794.0,227.0,34.0,77.0,561.0,699.0,2838.0,1.0,595.0,82727.0,275.0,4285.0,2.3,702,4853,68322,1680.0,52134.0,3173.0,16188.0,204,33.0,27.0,131236.0,114821.0,14125.0,1914.0,314.0,62.0,,,,,,,,14725069.0,15292307049.0,1630766.0,5319849362.0,14640407.0,9972457688.0,,,1467835,11.4,15.525587003988866,1263.8080374570736,751860.0,227890.0,30.31016412630011,4.950955365580769,261050.0,78.3,70.1,33.3,3.9,931093,16.96,4.42,16.94,5982.0,1548.0,,2.03,16.7,17.7,69.34481336457345,33.565349972088065,0.9,10.19,7.7,383865.0,3.9,33888.0,,,,,,,,,,,,,,,,,,,,,,,,,,,,,,,,,,,,,,,,,,,,,,,,,,,,,,,,,,,,,,,,,,,,,,,,,,,,,,,,,,,,,,,,,,,
2017,32,강원도,강원도,강원도,I  ,25.5,31.0,8.5,26.7,27.7,14.5,15.4,1010.0,3.6,1658.0,102.0,1898.0,766.0,1152.0,40.0,1825.0,474.0,2629.0,645.0,505.0,85.0,161.0,37.0,81.0,130.0,181.0,465.0,0.0,98.0,11937.0,63.0,796.0,2.4,100,770,12184,305.0,9650.0,465.0,2534.0,18,14.0,5.0,17966.0,15080.0,2318.0,436.0,128.0,4.0,,,,,,,,1869836.0,2056073983.0,225073.0,694001675.0,1855863.0,1362072307.0,,,279976,18.1,20.851430122581935,92.11792218179065,158687.0,58379.0,36.78877286734263,9.404909388799298,60627.0,73.0,29.1,24.8,2.6,124348,15.3,8.01,28.19,1437.0,533.0,,3.91,10.6,11.6,55.197382133174045,31.538275942137407,1.51,11.59,9.3,57417.0,3.3,4571.0,,,,,,,,,,,,,,,,,,,,,,,,,,,,,,,,,,,,,,,,,,,,,,,,,,,,,,,,,,,,,,,,,,,,,,,,,,,,,,,,,,,,,,,,,,,
2017,33,충청북도,충청북도,충청북도,J  ,24.3,33.8,8.5,28.0,29.4,15.9,16.8,649.0,2.6,1817.0,89.0,2029.0,835.0,1204.0,42.0,1825.0,501.0,2417.0,592.0,589.0,116.0,121.0,27.0,82.0,124.0,100.0,471.0,1.0,77.0,10846.0,48.0,664.0,2.3,103,738,11613,282.0,8519.0,456.0,3094.0,27,11.0,4.0,21584.0,17968.0,3246.0,293.0,73.0,4.0,,,,,,,,1918335.0,2065964605.0,219577.0,669433559.0,1906730.0,1396531045.0,,,252434,15.8,20.670749582068975,215.24070805217926,142099.0,52180.0,36.72087769794298,8.294744807041472,51505.0,73.3,38.1,27.9,2.2,124911,16.7,11.43,24.9,2614.0,905.0,,3.23,11.0,12.0,58.14444495439099,31.078161317669213,1.27,13.54,8.1,55320.0,3.6,4578.0,,,,,,,,,,,,,,,,,,,,,,,,,,,,,,,,,,,,,,,,,,,,,,,,,,,,,,,,,,,,,,,,,,,,,,,,,,,,,,,,,,,,,,,,,,,
2017,34,충청남도,충청남도,충청남도,K  ,25.8,37.0,10.5,22.7,24.6,12.0,12.8,693.0,1.8,2137.0,145.0,2423.0,1295.0,1357.0,71.0,1979.0,734.0,3089.0,877.0,801.0,156.0,206.0,41.0,122.0,140.0,98.0,550.0,0.0,107.0,16373.0,68.0,960.0,2.3,132,1026,13226,297.0,9653.0,729.0,3573.0,26,9.0,4.0,28878.0,24949.0,3562.0,337.0,30.0,,,,,,,,,2597675.0,2714688114.0,288914.0,922987796.0,2577725.0,1791700318.0,92.0,92.0,362946,17.1,19.974872295052158,257.3150696735572,205277.0,72498.0,35.31715681737359,8.682540785114961,60411.0,72.2,39.3,26.5,2.8,167243,17.15,11.62,20.31,2604.0,782.0,,2.85,9.3,11.0,57.0912671953341,29.35517621479687,1.28,13.64,7.9,70730.0,3.8,6356.0,,,,,,,,,,,,,,,,,,,,,,,,,,,,,,,,,,,,,,,,,,,,,,,,,,,,,,,,,,,,,,,,,,,,,,,,,,,,,,,,,,,,,,,,,,,
2017,35,전라북도,전라북도,전라북도,L  ,25.5,33.3,9.3,28.8,30.6,11.7,12.3,610.0,1.7,2079.0,167.0,2316.0,978.0,1275.0,82.0,1827.0,484.0,3598.0,899.0,910.0,194.0,229.0,47.0,90.0,120.0,94.0,476.0,0.0,97.0,15205.0,57.0,966.0,2.9,127,1074,11715,235.0,7918.0,839.0,3797.0,39,12.0,2.0,39981.0,37175.0,2374.0,334.0,84.0,14.0,,,,,,,,2104475.0,3190489888.0,338222.0,1304972510.0,2088116.0,1885517378.0,354.0,639.0,351282,18.9,22.238828064062492,229.84422910723475,203683.0,78121.0,38.35420727306648,10.718083172468104,94639.0,68.1,28.6,29.4,2.5,144329,15.05,14.16,18.76,2527.0,875.0,,5.1,10.2,11.5,51.43315204833795,35.81509906023905,1.03,21.56,11.3,77099.0,4.2,6217.0,,,,,,,,,,,,,,,,,,,,,,,,,,,,,,,,,,,,,,,,,,,,,,,,,,,,,,,,,,,,,,,,,,,,,,,,,,,,,,,,,,,,,,,,,,,
2017,36,전라남도,전라남도,전라남도,M  ,22.9,31.7,7.4,23.8,24.9,13.5,14.8,701.0,1.7,2760.0,201.0,3056.0,1227.0,1774.0,105.0,2643.0,720.0,3089.0,731.0,783.0,185.0,307.0,89.0,185.0,169.0,98.0,513.0,0.0,93.0,16577.0,60.0,981.0,2.4,123,1121,12194,303.0,8800.0,818.0,3394.0,17,36.0,8.0,40816.0,36384.0,3884.0,386.0,150.0,12.0,,,,,,,,2153013.0,2968621347.0,344430.0,1190072966.0,2134612.0,1778548380.0,,,408451,21.5,24.031279149763375,153.7417721419504,240155.0,98156.0,40.87193687410215,13.377180728769881,79196.0,67.2,26.2,24.9,3.2,160527,13.38,16.83,23.31,2109.0,708.0,,4.18,8.1,9.3,51.43085127552679,28.1018322811437,1.05,21.52,10.3,73146.0,3.8,5762.0,,,,,,,,,,,,,,,,,,,,,,,,,,,,,,,,,,,,,,,,,,,,,,,,,,,,,,,,,,,,,,,,,,,,,,,,,,,,,,,,,,,,,,,,,,,
2017,37,경상북도,경상북도,경상북도,N  ,23.1,32.1,9.1,24.0,25.0,12.0,12.9,1096.0,2.1,3353.0,209.0,3702.0,1779.0,2247.0,112.0,3206.0,1081.0,3587.0,904.0,979.0,241.0,302.0,64.0,139.0,180.0,168.0,646.0,0.0,147.0,23070.0,106.0,1312.0,2.0,175,1431,18563,382.0,13192.0,1049.0,5371.0,19,22.0,7.0,44855.0,37575.0,6710.0,458.0,112.0,,,,,,,,,3039766.0,3393731837.0,345084.0,1202996891.0,3014903.0,2190734947.0,81.0,46.0,512681,19.0,22.81496681172113,141.42652675033108,302526.0,116968.0,38.66378426978177,10.752642702244056,99822.0,70.5,32.7,25.6,2.8,220159,16.05,11.35,18.54,2309.0,736.0,,3.71,10.6,11.9,54.24219370239677,32.16551847734277,1.18,16.66,8.5,93570.0,3.4,7690.0,,,,,,,,,,,,,,,,,,,,,,,,,,,,,,,,,,,,,,,,,,,,,,,,,,,,,,,,,,,,,,,,,,,,,,,,,,,,,,,,,,,,,,,,,,,
2017,38,경상남도,경상남도,경상남도,O  ,25.6,35.6,6.7,23.5,24.0,12.8,13.8,990.0,2.0,2542.0,144.0,2749.0,1512.0,1606.0,78.0,2206.0,862.0,5351.0,1312.0,1217.0,269.0,232.0,50.0,108.0,128.0,128.0,434.0,0.0,115.0,22281.0,87.0,1099.0,2.3,251,1164,13479,229.0,9990.0,935.0,3489.0,42,30.0,17.0,61966.0,52645.0,8667.0,503.0,141.0,10.0,,,,,,,,3845158.0,4818959334.0,573496.0,1966609248.0,3811898.0,2852350086.0,3986.0,2336.0,504460,14.9,22.60040439281608,320.72844629894263,294362.0,114010.0,38.73122210067876,8.817492370444501,100904.0,72.6,45.0,28.5,2.9,269544,15.03,10.21,9.94,2775.0,956.0,,2.98,13.5,14.4,62.000199006909064,32.36406568248923,1.18,18.33,8.2,112981.0,3.4,9340.0,,,,,,,,,,,,,,,,,,,,,,,,,,,,,,,,,,,,,,,,,,,,,,,,,,,,,,,,,,,,,,,,,,,,,,,,,,,,,,,,,,,,,,,,,,,
2017,39,제주특별자치도,제주특별자치도,제주특별자치도,P  ,26.2,35.5,8.5,25.9,27.4,14.1,15.7,208.0,2.2,738.0,29.0,788.0,343.0,529.0,15.0,778.0,189.0,1112.0,261.0,221.0,32.0,28.0,11.0,17.0,50.0,93.0,147.0,0.0,47.0,3236.0,41.0,235.0,2.4,34,196,4666,64.0,3573.0,132.0,1093.0,13,1.0,,4863.0,4240.0,427.0,148.0,42.0,6.0,,,,,,,,834288.0,857484965.0,95325.0,259027092.0,827720.0,598457873.0,,,93117,14.2,16.405167692258125,355.1492949437947,48812.0,15276.0,31.295583053347535,6.359303124284494,21937.0,71.8,39.6,20.4,1.9,60253,16.92,3.52,14.91,2820.0,804.0,,3.34,9.4,9.9,61.383393479466555,27.131461366135046,2.0,7.4,8.5,22451.0,3.2,1898.0,,,,,,,,,,,,,,,,,,,,,,,,,,,,,,,,,,,,,,,,,,,,,,,,,,,,,,,,,,,,,,,,,,,,,,,,,,,,,,,,,,,,,,,,,,,
2018,0,전국,전국,전국,   ,,,,,,,,15482.0,2.0,38647.0,1682.0,41833.0,17076.0,30012.0,843.0,43469.0,11073.0,102471.0,25792.0,20759.0,3800.0,2092.0,491.0,1013.0,2210.0,2999.0,10726.0,10.0,2122.0,379822.0,1132.0,22305.0,2.9,3506,21290,265748,5320.0,180428.0,15970.0,85320.0,1104,248.0,119.0,707349.0,,,,,,,,,,,,,49472060.0,85728284349.0,7766659.0,32368571844.0,49248757.0,53359712505.0,,,7650408,14.76,19.549268293607117,516.31,4237675.0,,,7.23,,75.3,53.4,34.0,3.8,3993598,15.86,6.08,,3390.9,1013.2,,,,,,,1.08,2.82,8.6,1902052.0,3.6,,24.6,36.6,8.7,,,629219.0,65069.0,10229.0,2455.0,377.0,2124.0,7338.0,8730.0,11926.0,9009.0,20279.0,146664.0,5848594.0,2412803.0,1933049.0,1444588.0,29.27,36.91,21.14,34.09,1743690.0,147452.0,14.6,3.36,,,,,,,,,,,,,,,,,,,,,,,,,,,,,,,,,,,,,,,,,,,,,,,,,,,,,,,,,,,,,,
2018,11,서울특별시,서울특별시,서울특별시,A  ,,,,32.9,33.7,22.0,22.6,1618.0,1.1,5761.0,121.0,5989.0,2151.0,5869.0,63.0,8054.0,,29378.0,7175.0,4816.0,503.0,176.0,26.0,27.0,236.0,536.0,1371.0,4.0,224.0,68634.0,92.0,3267.0,4.2,818,3121,25878,515.0,14894.0,2606.0,10984.0,336,17.0,18.0,86566.0,,,,,,,,,,,,,14660408.0,20780879931.0,1722973.0,7755861278.0,14592768.0,13025018653.0,,,1410297,14.44,16.50179532107629,16135.15,757588.0,,,5.76,,85.5,84.3,39.6,4.8,735293,16.21,1.86,,4808.3,1394.7,,,,,,,0.97,4.12,7.3,378366.0,3.5,,25.6,38.0,8.9,31.9,31.0,79628.0,3591.0,2426.0,726.0,195.0,471.0,1280.0,2268.0,3412.0,1414.0,3580.0,21513.0,1229421.0,663401.0,330545.0,220988.0,32.02,46.6,20.11,29.17,289342.0,28824.0,8.0,2.96,,,,,,,,,,,,,,,,,,,,,,,,,,,,,,,,,,,,,,,,,,,,,,,,,,,,,,,,,,,,,,
2018,21,부산광역시,부산광역시,부산광역시,B  ,,,,26.9,27.2,18.6,19.3,796.0,1.3,2147.0,45.0,2242.0,1052.0,1696.0,19.0,2329.0,,7852.0,1739.0,1655.0,361.0,41.0,6.0,6.0,74.0,96.0,347.0,1.0,100.0,25882.0,59.0,1259.0,3.3,267,1143,10171,110.0,6127.0,1033.0,4044.0,99,21.0,8.0,70430.0,,,,,,,,,,,,,4138807.0,6989443516.0,636819.0,3021668705.0,4098802.0,3967774811.0,,,589961,17.14,20.540589108937056,4469.77,337958.0,,,8.55,,68.3,58.7,44.5,4.1,252441,17.37,2.87,,4063.1,1067.1,,,,,,,0.97,3.2,9.5,136523.0,3.2,,22.0,33.3,6.8,37.4,36.8,63769.0,5589.0,861.0,185.0,26.0,186.0,669.0,665.0,863.0,633.0,1590.0,9939.0,404408.0,144594.0,138765.0,116589.0,29.66,37.3,21.91,34.5,159031.0,9246.0,6.4,4.62,,,,,,,,,,,,,,,,,,,,,,,,,,,,,,,,,,,,,,,,,,,,,,,,,,,,,,,,,,,,,,
2018,22,대구광역시,대구광역시,대구광역시,C  ,,,,26.4,26.6,20.8,21.9,857.0,2.4,2181.0,56.0,2317.0,894.0,1804.0,19.0,2548.0,,5721.0,1313.0,1103.0,179.0,25.0,3.0,13.0,122.0,139.0,507.0,1.0,83.0,17547.0,53.0,1016.0,3.3,188,1103,13055,244.0,7672.0,859.0,5383.0,59,6.0,10.0,36970.0,,,,,,,,,,,,,3242799.0,4859962209.0,441611.0,1802824590.0,3221741.0,3057137619.0,,,362934,14.74,20.312202009046114,2786.32,207825.0,,,7.45,,70.6,54.2,44.6,4.4,191190,15.39,2.93,,3567.8,979.6,,,,,,,1.22,3.2,10.0,96782.0,3.4,,23.7,37.0,10.1,31.8,31.2,32792.0,3569.0,520.0,74.0,15.0,86.0,404.0,450.0,591.0,409.0,940.0,7090.0,269903.0,99982.0,95880.0,71359.0,28.19,35.3,20.68,34.34,110495.0,7100.0,14.3,4.49,,,,,,,,,,,,,,,,,,,,,,,,,,,,,,,,,,,,,,,,,,,,,,,,,,,,,,,,,,,,,,
2018,23,인천광역시,인천광역시,인천광역시,D  ,,,,29.4,30.2,18.4,18.8,807.0,2.2,975.0,42.0,1015.0,456.0,742.0,12.0,1061.0,,4893.0,1250.0,945.0,229.0,54.0,23.0,32.0,124.0,169.0,713.0,1.0,137.0,24534.0,63.0,1356.0,2.4,158,1259,16457,367.0,12635.0,892.0,3822.0,45,11.0,,34021.0,,,,,,,,,,,,,3502746.0,4342557720.0,433956.0,1671718154.0,3479068.0,2670839566.0,,,362675,12.27,18.051484433956187,2778.82,194427.0,,,5.76,,77.2,67.0,42.4,4.3,223052,15.3,2.76,,3955.3,1037.4,,,,,,,0.94,2.31,9.5,101680.0,3.6,,23.4,37.3,8.8,38.6,37.5,29996.0,3269.0,581.0,161.0,14.0,103.0,397.0,378.0,536.0,396.0,1133.0,7094.0,275898.0,106140.0,105449.0,63031.0,25.2,29.52,19.55,32.42,110257.0,7384.0,17.3,3.73,,,,,,,,,,,,,,,,,,,,,,,,,,,,,,,,,,,,,,,,,,,,,,,,,,,,,,,,,,,,,,
2018,24,광주광역시,광주광역시,광주광역시,E  ,,,,32.8,33.1,16.7,17.5,548.0,2.9,1137.0,44.0,1245.0,360.0,914.0,15.0,1425.0,,3547.0,978.0,697.0,173.0,11.0,5.0,5.0,40.0,66.0,208.0,0.0,40.0,14207.0,22.0,689.0,3.6,110,677,6335,95.0,3459.0,582.0,2876.0,34,14.0,5.0,40727.0,,,,,,,,,,,,,2075419.0,3112401028.0,401091.0,1450101880.0,2050796.0,1662299148.0,,,187186,12.83,20.174971889312452,2911.83,106724.0,,,6.36,,68.8,49.0,46.6,3.8,111068,16.7,5.01,,3694.5,1052.9,,,,,,,0.87,3.56,11.1,68462.0,4.1,,24.7,34.7,8.2,33.7,33.3,38451.0,1820.0,421.0,32.0,3.0,55.0,191.0,419.0,390.0,398.0,751.0,5909.0,174614.0,78744.0,56910.0,36782.0,30.18,38.37,21.54,34.46,72757.0,4891.0,10.4,4.99,,,,,,,,,,,,,,,,,,,,,,,,,,,,,,,,,,,,,,,,,,,,,,,,,,,,,,,,,,,,,,
2018,25,대전광역시,대전광역시,대전광역시,F  ,,,,36.5,36.5,22.3,23.3,519.0,2.8,1176.0,34.0,1285.0,456.0,874.0,11.0,1245.0,,3629.0,841.0,728.0,113.0,12.0,0.0,1.0,83.0,107.0,327.0,0.0,69.0,13956.0,45.0,690.0,3.5,118,711,9166,124.0,5547.0,587.0,3619.0,53,5.0,,23865.0,,,,,,,,,,,,,2130675.0,2864072950.0,276056.0,1101886648.0,2114077.0,1762186302.0,,,188530,12.65,19.10202029036208,2761.53,104961.0,,,5.8,,73.0,54.4,44.7,4.2,110498,16.7,2.93,,3850.0,1027.5,,,,,,,1.08,3.39,10.0,61810.0,4.2,,23.9,36.4,8.8,33.5,33.0,21751.0,1668.0,380.0,61.0,5.0,93.0,368.0,260.0,331.0,224.0,713.0,5056.0,195544.0,99053.0,56716.0,34946.0,32.47,44.22,21.14,33.29,56324.0,4964.0,12.6,3.78,,,,,,,,,,,,,,,,,,,,,,,,,,,,,,,,,,,,,,,,,,,,,,,,,,,,,,,,,,,,,,
2018,26,울산광역시,울산광역시,울산광역시,G  ,,,,34.9,34.5,21.1,21.2,434.0,3.5,589.0,27.0,639.0,259.0,448.0,8.0,610.0,,1726.0,502.0,404.0,79.0,16.0,6.0,9.0,28.0,50.0,127.0,0.0,27.0,5289.0,12.0,288.0,2.3,57,254,3113,47.0,1735.0,207.0,1378.0,16,7.0,5.0,15476.0,,,,,,,,,,,,,1339251.0,1667361945.0,186903.0,645064453.0,1329482.0,1022297492.0,70.0,70.0,123919,10.72,18.935973066005896,1088.62,70253.0,,,5.23,,76.0,66.0,33.9,4.6,83473,14.31,4.18,,3865.0,1097.5,,,,,,,1.34,2.26,7.0,36678.0,3.4,,23.1,38.1,7.0,36.7,35.9,14015.0,1270.0,174.0,10.0,7.0,47.0,284.0,151.0,188.0,179.0,346.0,2374.0,110236.0,43890.0,43347.0,22582.0,25.55,31.16,19.72,32.14,22939.0,2894.0,8.1,1.98,,,,,,,,,,,,,,,,,,,,,,,,,,,,,,,,,,,,,,,,,,,,,,,,,,,,,,,,,,,,,,
2018,29,세종특별자치시,세종특별자치시,세종특별자치시,Q  ,,,,29.7,28.1,12.2,12.5,,,128.0,8.0,136.0,61.0,90.0,7.0,111.0,,270.0,111.0,99.0,7.0,11.0,3.0,7.0,9.0,11.0,26.0,0.0,6.0,1072.0,5.0,58.0,1.5,9,53,806,11.0,524.0,42.0,282.0,7,,1.0,1268.0,,,,,,,,,,,,,411458.0,207298081.0,10790.0,25561026.0,410287.0,181737055.0,,,29178,9.29,16.36091958161557,675.67,14336.0,,,3.82,,72.9,69.2,24.6,2.3,20030,14.65,11.06,,3205.4,793.2,,,,,,,1.29,1.54,7.8,9033.0,5.1,,26.8,40.6,10.3,26.9,26.3,1158.0,108.0,0.0,2.0,0.0,8.0,5.0,13.0,45.0,6.0,66.0,862.0,35763.0,21344.0,8956.0,4544.0,30.05,35.77,20.32,31.7,4862.0,817.0,8.6,1.55,,,,,,,,,,,,,,,,,,,,,,,,,,,,,,,,,,,,,,,,,,,,,,,,,,,,,,,,,,,,,,
2018,31,경기도,경기도,경기도,H  ,,,,32.6,33.2,20.8,21.8,2515.0,1.6,7607.0,246.0,8307.0,3067.0,5730.0,112.0,8615.0,,20355.0,5549.0,4226.0,856.0,211.0,35.0,83.0,574.0,768.0,3101.0,1.0,627.0,92877.0,251.0,5208.0,2.3,9,5115,75069,1705.0,55301.0,3410.0,19768.0,7,33.0,27.0,1268.0,,,,,,,,,,,,,15041816.0,16995469404.0,1668642.0,5927715755.0,14955594.0,11067753649.0,,,1551801,11.87,16.488524596770674,1283.61,799400.0,,,5.17,,78.8,69.9,34.9,3.8,991910,16.57,4.19,,5700.6,1462.6,,,,,,,0.95,2.26,8.0,412597.0,3.8,,25.7,39.7,9.1,34.6,33.3,1158.0,108.0,0.0,2.0,0.0,452.0,1488.0,1732.0,2287.0,1691.0,4500.0,26597.0,1197586.0,514696.0,430204.0,245480.0,25.2,30.85,18.9,30.71,297122.0,34409.0,16.8,2.27,,,,,,,,,,,,,,,,,,,,,,,,,,,,,,,,,,,,,,,,,,,,,,,,,,,,,,,,,,,,,,
2018,32,강원도,강원도,강원도,I  ,,,,30.6,32.0,18.1,19.5,1067.0,3.7,1612.0,94.0,1863.0,717.0,1201.0,56.0,1891.0,,2661.0,649.0,508.0,84.0,152.0,37.0,87.0,130.0,181.0,497.0,0.0,101.0,12901.0,66.0,927.0,2.5,8,786,12824,306.0,9768.0,480.0,3056.0,0,15.0,4.0,1767.0,,,,,,,,,,,,,1876534.0,2243743364.0,224390.0,771329814.0,1863022.0,1472413550.0,,,289386,18.75,21.91000745165759,91.7,165118.0,,,9.8,,76.2,28.7,26.8,2.9,123132,14.85,7.75,,1343.0,478.5,,,,,,,1.54,2.44,9.7,61840.0,3.2,,23.5,32.5,6.4,41.0,39.0,1421.0,315.0,20.0,11.0,0.0,63.0,163.0,234.0,319.0,405.0,561.0,4229.0,206295.0,68202.0,74097.0,61599.0,32.82,39.42,25.75,37.31,67064.0,4610.0,28.2,4.35,,,,,,,,,,,,,,,,,,,,,,,,,,,,,,,,,,,,,,,,,,,,,,,,,,,,,,,,,,,,,,
2018,33,충청북도,충청북도,충청북도,J  ,,,,32.7,33.2,20.3,21.3,619.0,2.4,1936.0,85.0,2138.0,914.0,1424.0,48.0,2279.0,,2472.0,611.0,618.0,120.0,126.0,23.0,78.0,114.0,99.0,514.0,1.0,84.0,12424.0,50.0,812.0,2.3,2,782,12569,283.0,8906.0,499.0,3663.0,1,11.0,4.0,432.0,,,,,,,,,,,,,1941055.0,2265498852.0,225821.0,749432300.0,1928889.0,1516066552.0,,,261763,16.37,21.48596346068632,215.89,148161.0,,,8.55,,73.4,37.4,29.9,2.4,125216,16.11,10.95,,2412.1,772.6,,,,,,,1.35,2.26,8.3,58992.0,3.6,,24.3,34.2,7.8,41.2,39.0,422.0,0.0,6.0,4.0,0.0,68.0,249.0,203.0,331.0,349.0,742.0,6131.0,204109.0,78603.0,68413.0,54792.0,31.84,39.09,23.65,36.98,59109.0,4614.0,25.4,3.7,,,,,,,,,,,,,,,,,,,,,,,,,,,,,,,,,,,,,,,,,,,,,,,,,,,,,,,,,,,,,,
2018,34,충청남도,충청남도,충청남도,K  ,,,,28.3,29.5,18.3,20.4,877.0,2.2,2109.0,186.0,2232.0,1145.0,1339.0,100.0,1946.0,,3114.0,893.0,810.0,155.0,204.0,43.0,121.0,140.0,122.0,617.0,0.0,108.0,18950.0,74.0,1178.0,2.3,9,1071,14136,300.0,9811.0,771.0,4325.0,2,8.0,5.0,2313.0,,,,,,,,,,,,,2590734.0,2934861410.0,291508.0,994576738.0,2571159.0,1940284672.0,,,372515,17.52,20.76731352476163,258.38,211205.0,,,8.89,,72.3,38.9,27.6,3.1,168864,16.37,11.26,,2180.8,707.3,,,,,,,1.39,2.25,8.2,76143.0,3.7,,25.2,37.3,9.3,45.2,42.5,1964.0,327.0,22.0,0.0,0.0,103.0,292.0,289.0,439.0,379.0,876.0,7653.0,270497.0,106015.0,85364.0,75698.0,31.78,37.95,23.91,35.84,65692.0,6408.0,20.4,3.09,,,,,,,,,,,,,,,,,,,,,,,,,,,,,,,,,,,,,,,,,,,,,,,,,,,,,,,,,,,,,,
2018,35,전라북도,전라북도,전라북도,L  ,,,,30.1,30.7,15.5,16.8,506.0,1.4,1856.0,134.0,1994.0,851.0,1253.0,74.0,1793.0,,3619.0,909.0,928.0,187.0,221.0,49.0,92.0,112.0,115.0,530.0,0.0,100.0,17133.0,57.0,1189.0,3.0,0,1106,12996,227.0,7783.0,879.0,5213.0,0,14.0,1.0,322.0,,,,,,,,,,,,,2088501.0,3427615096.0,345380.0,1406795919.0,2072044.0,2020819177.0,,,358410,19.51,22.746128338220988,227.64,207815.0,,,10.93,,69.2,27.9,30.6,2.7,143962,14.62,13.84,,2472.2,866.4,,,,,,,1.15,2.92,11.6,80508.0,4.1,,25.3,34.1,12.1,42.5,40.0,322.0,0.0,0.0,0.0,0.0,89.0,382.0,320.0,441.0,450.0,900.0,9356.0,232587.0,74363.0,75057.0,80084.0,31.73,37.04,23.38,38.54,101228.0,6252.0,19.1,5.51,,,,,,,,,,,,,,,,,,,,,,,,,,,,,,,,,,,,,,,,,,,,,,,,,,,,,,,,,,,,,,
2018,36,전라남도,전라남도,전라남도,M  ,,,,30.9,32.2,16.8,17.8,747.0,1.8,2685.0,165.0,3099.0,1196.0,1897.0,100.0,2869.0,,3086.0,744.0,801.0,197.0,292.0,96.0,189.0,161.0,114.0,554.0,0.0,103.0,18678.0,61.0,1204.0,2.5,23,1181,13345,305.0,9090.0,876.0,4255.0,1,33.0,9.0,3552.0,,,,,,,,,,,,,2132424.0,3177901628.0,345918.0,1279364081.0,2114310.0,1898537547.0,,,413132,21.94,24.479037041487008,152.55,242809.0,,,13.54,,67.8,26.4,25.4,2.8,158101,12.76,16.5,,1837.0,625.2,,,,,,,1.1,2.43,10.6,78061.0,3.7,,23.5,30.7,6.5,47.5,43.9,2239.0,1246.0,0.0,67.0,0.0,50.0,177.0,315.0,403.0,583.0,908.0,10751.0,235062.0,56021.0,77114.0,99832.0,31.88,31.94,24.34,41.12,84819.0,5811.0,23.6,4.5,,,,,,,,,,,,,,,,,,,,,,,,,,,,,,,,,,,,,,,,,,,,,,,,,,,,,,,,,,,,,,
2018,37,경상북도,경상북도,경상북도,N  ,,,,24.8,25.8,14.0,15.0,1870.0,3.5,3488.0,202.0,3845.0,1764.0,2525.0,110.0,3594.0,,3619.0,917.0,985.0,240.0,295.0,67.0,135.0,177.0,199.0,691.0,0.0,143.0,25527.0,100.0,1569.0,2.1,2,1483,20012,384.0,13347.0,1099.0,6665.0,2,23.0,7.0,1146.0,,,,,,,,,,,,,3026917.0,3676545589.0,345802.0,1316387323.0,3002315.0,2360158266.0,,,529349,19.78,23.48723351811666,140.64,312305.0,,,11.1,,72.3,33.3,26.3,4.1,219139,15.52,11.03,,2070.2,638.4,,,,,,,1.21,2.03,8.9,98932.0,3.4,,23.8,32.0,8.1,41.7,39.3,1136.0,0.0,10.0,0.0,0.0,99.0,394.0,380.0,507.0,562.0,1008.0,8884.0,353702.0,112703.0,115818.0,121493.0,32.32,38.09,24.01,38.9,107309.0,7774.0,18.9,4.01,,,,,,,,,,,,,,,,,,,,,,,,,,,,,,,,,,,,,,,,,,,,,,,,,,,,,,,,,,,,,,
2018,38,경상남도,경상남도,경상남도,O  ,,,,28.6,29.2,14.8,15.7,1095.0,2.1,2527.0,158.0,2689.0,1388.0,1674.0,75.0,2302.0,,5392.0,1338.0,1213.0,279.0,219.0,57.0,110.0,136.0,151.0,483.0,1.0,122.0,25664.0,88.0,1343.0,2.4,17,1242,14876,232.0,10201.0,1010.0,4675.0,3,29.0,15.0,4005.0,,,,,,,,,,,,,3830246.0,5243802639.0,584807.0,2163834685.0,3796570.0,3079967954.0,,,523165,15.51,23.293013586463548,320.11,305979.0,,,9.09,,73.4,44.7,30.3,3.0,274003,14.62,9.79,,2536.8,867.3,,,,,,,1.17,2.33,8.8,121835.0,3.4,,23.7,34.5,8.3,41.3,39.5,3451.0,519.0,20.0,15.0,0.0,128.0,530.0,553.0,681.0,803.0,1383.0,11080.0,379719.0,118315.0,140569.0,118767.0,29.07,31.15,22.74,38.82,112183.0,9498.0,11.4,3.32,,,,,,,,,,,,,,,,,,,,,,,,,,,,,,,,,,,,,,,,,,,,,,,,,,,,,,,,,,,,,,
2018,39,제주특별자치도,제주특별자치도,제주특별자치도,P  ,,,,24.5,24.8,15.2,16.7,607.0,6.3,733.0,35.0,798.0,345.0,532.0,14.0,797.0,,1137.0,273.0,223.0,38.0,26.0,12.0,18.0,49.0,96.0,148.0,0.0,49.0,3627.0,35.0,278.0,2.4,40,203,4940,65.0,3628.0,138.0,1312.0,4,1.0,,7858.0,,,,,,,,,,,,,840171.0,938868985.0,95293.0,284448495.0,834155.0,654420490.0,,,96207,14.42,17.15279822284078,360.61,50811.0,,,6.43,,74.8,42.5,21.7,2.0,62226,16.35,3.31,,2098.1,814.6,,,,,,,1.97,2.43,8.6,23810.0,3.1,,26.1,35.3,7.8,36.2,34.1,5892.0,1800.0,124.0,34.0,8.0,23.0,65.0,100.0,162.0,128.0,282.0,2146.0,73250.0,26737.0,29845.0,16022.0,29.42,33.54,25.35,31.53,23157.0,1956.0,14.7,3.47,,,,,,,,,,,,,,,,,,,,,,,,,,,,,,,,,,,,,,,,,,,,,,,,,,,,,,,,,,,,,,
2019,0,전국,전국,전국,   ,,,,,,,,16071.0,2.0,40645.0,1523.0,44390.0,17232.0,33239.0,769.0,48223.0,11164.0,105628.0,26486.0,21630.0,4095.0,2066.0,498.0,1024.0,,,,,,,,,3.0,3666,24953,315397,19410.0,123698.0,5543.0,191699.0,1208,240.0,119.0,703468.0,,,,,,,,,,,,,49634160.0,94676529456.0,7850886.0,35983232863.0,49411922.0,58693296593.0,,,8026915,15.5,19.86,516.43,4458123.0,,,7.53,,74.2,51.4,35.7,3.8,3955403,15.51,5.8,,3115.6,926.5,,,,,,,1.1,13.6,8.9,2033034.0,3.6,150659.0,22.5,35.3,7.2,,,625344.0,64094.0,10463.0,3192.0,375.0,2094.0,7151.0,8537.0,12403.0,8897.0,21469.0,151024.0,,,,,,,,,1881357.0,,15.2,3.63,2260.0,3280.0,11987.0,2348.0,7.0,423057.0,1130.0,26371.0,1532847.0,34.38,,,,,,,,,,,,,,,,,,,,,,,,,,,,,,,,,,,,,,,,,,,,,,,,,,,,
2019,11,서울특별시,서울특별시,서울특별시,A  ,,,,31.3,31.9,20.2,20.8,1962.0,1.3,5912.0,103.0,6200.0,2191.0,5886.0,49.0,7881.0,1631.0,30359.0,7308.0,5018.0,555.0,165.0,24.0,25.0,,,,,,,,,4.4,881,3504,27951,2990.0,12897.0,514.0,15054.0,384,20.0,17.0,88059.0,,,,,,,,,,,,,14841803.0,23302000580.0,1768621.0,8832831682.0,14774917.0,14469168898.0,,,1478664,15.2,17.05,16074.87,797110.0,,,6.11,,83.7,82.2,42.5,4.4,732342,16.03,1.8,,4818.8,1379.0,,,,,,,1.0,9.1,7.7,400143.0,3.5,29168.0,23.1,37.4,7.4,30.5,29.5,81044.0,3485.0,2530.0,807.0,193.0,475.0,1278.0,2202.0,3632.0,1404.0,3663.0,22689.0,,,,,,,,,317269.0,,8.1,3.26,229.0,539.0,1424.0,233.0,2.0,74036.0,90.0,3626.0,238088.0,29.87,,,,,,,,,,,,,,,,,,,,,,,,,,,,,,,,,,,,,,,,,,,,,,,,,,,,
2019,21,부산광역시,부산광역시,부산광역시,B  ,,,,25.8,26.0,15.7,16.3,895.0,1.4,2325.0,53.0,2469.0,993.0,1894.0,28.0,2614.0,646.0,8008.0,1757.0,1691.0,390.0,42.0,7.0,5.0,,,,,,,,,3.4,288,1462,14064,1348.0,7667.0,114.0,6397.0,108,20.0,7.0,69862.0,,,,,,,,,,,,,4121427.0,7614681208.0,641938.0,3274627322.0,4082580.0,4340053886.0,,,620123,18.2,20.98,4433.14,356728.0,,,9.06,,68.0,56.7,47.9,3.7,245385,17.14,2.8,,3772.2,1003.8,,,,,,,1.0,20.5,10.2,149854.0,3.3,9667.0,21.5,33.6,6.5,36.1,35.0,62952.0,5689.0,856.0,339.0,26.0,173.0,646.0,643.0,860.0,607.0,1669.0,10187.0,,,,,,,,,172439.0,,6.6,5.05,79.0,106.0,439.0,116.0,2.0,29987.0,60.0,1525.0,124735.0,34.97,,,,,,,,,,,,,,,,,,,,,,,,,,,,,,,,,,,,,,,,,,,,,,,,,,,,
2019,22,대구광역시,대구광역시,대구광역시,C  ,,,,26.3,26.6,15.8,16.5,890.0,2.3,2363.0,44.0,2532.0,928.0,2099.0,22.0,3121.0,590.0,5908.0,1330.0,1146.0,213.0,27.0,3.0,14.0,,,,,,,,,3.4,193,1354,16002,1102.0,8015.0,252.0,7987.0,65,9.0,7.0,38132.0,,,,,,,,,,,,,3241589.0,5393903012.0,451264.0,2049836332.0,3220384.0,3344066681.0,,,379277,15.6,20.73,2759.46,218344.0,,,7.85,,68.9,51.6,46.2,3.7,184127,14.99,2.8,,3569.6,926.7,,,,,,,1.2,15.6,10.4,100706.0,3.5,7285.0,21.8,36.4,7.9,32.7,32.0,33901.0,3544.0,542.0,129.0,16.0,87.0,393.0,436.0,647.0,411.0,1019.0,7561.0,,,,,,,,,117594.0,,14.8,4.82,126.0,168.0,579.0,95.0,1.0,20523.0,57.0,1254.0,76077.0,34.84,,,,,,,,,,,,,,,,,,,,,,,,,,,,,,,,,,,,,,,,,,,,,,,,,,,,
2019,23,인천광역시,인천광역시,인천광역시,D  ,,,,28.8,29.2,16.1,16.8,840.0,2.2,1119.0,50.0,1145.0,457.0,1012.0,21.0,1375.0,284.0,5071.0,1298.0,997.0,238.0,54.0,23.0,34.0,,,,,,,,,2.5,175,1529,19852,1131.0,5943.0,398.0,13909.0,50,10.0,,34176.0,,,,,,,,,,,,,3516525.0,4805764609.0,437329.0,1849538363.0,3492915.0,2956226247.0,,,384548,13.0,18.62,2781.1,207487.0,,,6.13,,75.6,64.6,43.8,4.4,226444,15.04,2.6,,3606.1,987.3,,,,,,,1.0,11.6,10.0,109265.0,3.7,7586.0,22.7,36.6,7.2,37.9,37.0,30054.0,3277.0,590.0,242.0,13.0,110.0,413.0,384.0,592.0,413.0,1221.0,7417.0,,,,,,,,,122027.0,,20.3,4.13,133.0,187.0,792.0,154.0,,27316.0,63.0,1593.0,68648.0,33.09,,,,,,,,,,,,,,,,,,,,,,,,,,,,,,,,,,,,,,,,,,,,,,,,,,,,
2019,24,광주광역시,광주광역시,광주광역시,E  ,,,,28.9,29.2,17.0,17.7,571.0,2.9,1195.0,25.0,1296.0,356.0,998.0,5.0,1549.0,199.0,3658.0,1009.0,723.0,177.0,12.0,5.0,5.0,,,,,,,,,3.7,118,870,7694,775.0,4139.0,95.0,3555.0,38,14.0,5.0,40206.0,,,,,,,,,,,,,2084373.0,3422699943.0,405670.0,1597715614.0,2059953.0,1824984329.0,,,195479,13.4,20.53,2906.33,111362.0,,,6.63,,68.9,46.8,47.2,3.7,108995,16.36,4.8,,3596.2,1009.3,,,,,,,0.9,27.6,11.6,73598.0,4.0,5010.0,24.8,30.9,6.4,35.9,34.8,38101.0,1616.0,428.0,58.0,3.0,55.0,217.0,414.0,414.0,417.0,824.0,6080.0,,,,,,,,,76193.0,,10.4,5.23,37.0,105.0,232.0,50.0,,15742.0,23.0,807.0,38907.0,34.94,,,,,,,,,,,,,,,,,,,,,,,,,,,,,,,,,,,,,,,,,,,,,,,,,,,,
2019,25,대전광역시,대전광역시,대전광역시,F  ,,,,39.0,39.6,23.1,24.4,591.0,3.0,1268.0,34.0,1394.0,459.0,1169.0,13.0,1724.0,275.0,3726.0,852.0,741.0,133.0,10.0,0.0,1.0,,,,,,,,,3.6,126,827,10549,699.0,4475.0,128.0,6074.0,56,5.0,1.0,23417.0,,,,,,,,,,,,,2126003.0,3137518297.0,282837.0,1211819561.0,2110034.0,1925698737.0,,,198691,13.5,19.66,2733.13,111182.0,,,6.19,,71.0,48.2,46.8,4.2,106089,16.29,2.8,,3503.3,964.6,,,,,,,1.0,15.9,10.5,66489.0,4.2,4971.0,22.6,33.7,6.9,30.6,30.2,21302.0,1663.0,381.0,66.0,5.0,86.0,324.0,267.0,345.0,239.0,715.0,5111.0,,,,,,,,,59317.0,,12.5,4.02,84.0,137.0,368.0,77.0,,15299.0,44.0,791.0,37723.0,33.93,,,,,,,,,,,,,,,,,,,,,,,,,,,,,,,,,,,,,,,,,,,,,,,,,,,,
2019,26,울산광역시,울산광역시,울산광역시,G  ,,,,31.9,31.5,18.0,18.6,440.0,3.3,623.0,17.0,659.0,268.0,521.0,14.0,741.0,202.0,1754.0,504.0,410.0,82.0,15.0,6.0,10.0,,,,,,,,,2.3,57,327,4349,277.0,2273.0,50.0,2076.0,16,6.0,5.0,15284.0,,,,,,,,,,,,,1314268.0,1842715011.0,186520.0,737129157.0,1304890.0,1105585854.0,,,132565,11.5,19.47,1080.96,75972.0,,,5.66,,74.4,59.7,37.9,4.2,82671,13.97,4.0,,3457.9,984.6,,,,,,,1.4,13.3,7.2,38388.0,3.4,2969.0,23.0,35.1,6.6,33.3,32.9,13852.0,1237.0,159.0,29.0,7.0,46.0,284.0,135.0,191.0,169.0,358.0,2362.0,,,,,,,,,26594.0,,8.4,2.32,27.0,58.0,140.0,30.0,,6367.0,16.0,351.0,24752.0,32.58,,,,,,,,,,,,,,,,,,,,,,,,,,,,,,,,,,,,,,,,,,,,,,,,,,,,
2019,29,세종특별자치시,세종특별자치시,세종특별자치시,Q  ,,,,32.6,32.8,17.7,18.0,,,134.0,8.0,153.0,79.0,113.0,4.0,171.0,51.0,302.0,121.0,103.0,6.0,10.0,3.0,7.0,,,,,,,,,1.5,11,71,1335,58.0,770.0,13.0,565.0,8,1.0,1.0,1440.0,,,,,,,,,,,,,435614.0,247371904.0,13508.0,27752656.0,434378.0,219619248.0,,,31949,9.4,16.85,732.5,15781.0,,,3.94,,76.4,72.7,30.3,2.7,21482,14.26,4.2,,2768.9,743.6,,,,,,,1.3,4.2,8.1,10183.0,4.9,885.0,23.4,46.3,6.7,31.4,32.3,1330.0,108.0,0.0,2.0,0.0,7.0,4.0,16.0,48.0,16.0,80.0,926.0,,,,,,,,,5749.0,,7.6,1.69,8.0,10.0,34.0,7.0,,1254.0,5.0,75.0,5107.0,32.36,,,,,,,,,,,,,,,,,,,,,,,,,,,,,,,,,,,,,,,,,,,,,,,,,,,,
2019,31,경기도,경기도,경기도,H  ,,,,29.7,30.6,17.2,18.5,2445.0,1.5,7923.0,222.0,8694.0,3042.0,6445.0,101.0,9694.0,1909.0,21210.0,5788.0,4512.0,938.0,202.0,37.0,91.0,,,,,,,,,2.4,769,5900,88678,4088.0,28270.0,1812.0,60408.0,8,29.0,26.0,133118.0,,,,,,,,,,,,,15288914.0,18981203835.0,1692896.0,6638005745.0,15203621.0,12343198090.0,,,1651341,12.5,16.97,1298.96,857837.0,,,5.46,,77.3,68.4,37.2,3.8,1009211,16.15,4.0,,5169.7,1367.2,,,,,,,1.0,10.1,8.3,441605.0,3.8,35199.0,22.2,37.1,7.5,35.1,33.4,117616.0,13110.0,1953.0,377.0,62.0,452.0,1510.0,1769.0,2442.0,1727.0,4811.0,28210.0,,,,,,,,,328752.0,,17.6,2.48,596.0,827.0,3505.0,704.0,,103228.0,240.0,6238.0,268019.0,31.24,,,,,,,,,,,,,,,,,,,,,,,,,,,,,,,,,,,,,,,,,,,,,,,,,,,,
2019,32,강원도,강원도,강원도,I  ,,,,27.0,28.2,14.3,15.7,1109.0,3.7,1584.0,77.0,1812.0,707.0,1260.0,41.0,1920.0,458.0,2719.0,669.0,528.0,96.0,154.0,38.0,84.0,,,,,,,,,2.5,101,865,14157,545.0,3951.0,320.0,10206.0,0,15.0,4.0,17372.0,,,,,,,,,,,,,1872743.0,2459868560.0,221560.0,854808792.0,1859981.0,1605059767.0,,,302886,19.6,22.19,91.6,173468.0,,,10.24,,75.9,28.6,27.4,3.6,118041,14.39,7.5,,1210.0,418.1,,,,,,,1.5,11.3,9.7,65284.0,3.2,4728.0,22.5,31.5,6.6,38.0,35.1,14803.0,1947.0,449.0,169.0,4.0,60.0,162.0,228.0,325.0,391.0,586.0,4240.0,,,,,,,,,71493.0,,28.0,4.64,126.0,204.0,523.0,109.0,,13738.0,64.0,1052.0,64894.0,37.41,,,,,,,,,,,,,,,,,,,,,,,,,,,,,,,,,,,,,,,,,,,,,,,,,,,,
2019,33,충청북도,충청북도,충청북도,J  ,,,,28.5,29.5,17.1,17.5,764.0,2.8,1878.0,86.0,2106.0,871.0,1483.0,41.0,2350.0,633.0,2529.0,634.0,639.0,129.0,118.0,27.0,79.0,,,,,,,,,2.4,109,912,15055,617.0,5807.0,295.0,9248.0,1,10.0,5.0,21336.0,,,,,,,,,,,,,1937538.0,2473434396.0,226096.0,815439725.0,1925259.0,1657994671.0,,,273425,17.1,21.7,216.02,155426.0,,,8.8,,72.8,35.9,30.8,3.1,121219,15.78,10.6,,1946.5,717.5,,,,,,,1.4,13.3,8.4,62381.0,3.6,4778.0,22.9,32.2,7.7,37.9,36.1,17765.0,3172.0,294.0,101.0,4.0,67.0,201.0,196.0,314.0,323.0,788.0,6159.0,,,,,,,,,62507.0,,25.7,3.91,115.0,101.0,591.0,89.0,1.0,14198.0,46.0,993.0,57589.0,37.05,,,,,,,,,,,,,,,,,,,,,,,,,,,,,,,,,,,,,,,,,,,,,,,,,,,,
2019,34,충청남도,충청남도,충청남도,K  ,,,,24.9,26.0,14.8,16.8,706.0,1.7,2044.0,149.0,2183.0,1048.0,1445.0,86.0,2042.0,615.0,3198.0,924.0,836.0,166.0,203.0,45.0,124.0,,,,,,,,,2.3,125,1250,16849,940.0,6243.0,310.0,10606.0,2,8.0,4.0,28122.0,,,,,,,,,,,,,2588528.0,3187342831.0,288986.0,1084327138.0,2569428.0,2103015693.0,,,386674,18.2,21.04,257.56,219586.0,,,9.16,,72.1,37.8,28.9,2.9,164543,16.2,10.8,,1795.2,634.1,,,,,,,1.3,13.2,8.6,83707.0,3.7,6525.0,21.0,35.4,8.4,39.6,36.2,24350.0,3361.0,352.0,59.0,0.0,97.0,322.0,274.0,451.0,357.0,919.0,7769.0,,,,,,,,,69022.0,,20.6,3.25,143.0,137.0,672.0,116.0,,21280.0,72.0,1367.0,79162.0,36.05,,,,,,,,,,,,,,,,,,,,,,,,,,,,,,,,,,,,,,,,,,,,,,,,,,,,
2019,35,전라북도,전라북도,전라북도,L  ,,,,25.8,26.4,13.6,15.6,577.0,1.6,2049.0,135.0,2243.0,925.0,1410.0,69.0,2120.0,563.0,3689.0,917.0,934.0,185.0,216.0,48.0,95.0,,,,,,,,,3.0,132,1317,16396,1087.0,8328.0,230.0,8068.0,0,10.0,2.0,39993.0,,,,,,,,,,,,,2073979.0,3691361188.0,344503.0,1521941301.0,2057601.0,2169419887.0,,,370676,20.4,22.91,225.42,214666.0,,,11.22,,69.2,26.5,30.3,2.7,138456,14.16,13.4,,2090.7,632.9,,,,,,,1.1,22.0,12.0,86679.0,4.1,6352.0,24.4,34.4,7.7,41.2,38.6,36879.0,2416.0,374.0,310.0,14.0,85.0,310.0,305.0,429.0,466.0,972.0,9419.0,,,,,,,,,105955.0,,20.2,5.83,116.0,138.0,617.0,110.0,,19479.0,62.0,1438.0,82834.0,38.59,,,,,,,,,,,,,,,,,,,,,,,,,,,,,,,,,,,,,,,,,,,,,,,,,,,,
2019,36,전라남도,전라남도,전라남도,M  ,,,,26.4,27.7,15.7,17.1,855.0,2.0,3056.0,177.0,3618.0,1382.0,2226.0,94.0,3432.0,849.0,3128.0,767.0,830.0,213.0,293.0,95.0,193.0,,,,,,,,,2.5,121,1278,15263,964.0,5743.0,314.0,9520.0,1,33.0,12.0,41844.0,,,,,,,,,,,,,2128233.0,3426233644.0,351035.0,1382074174.0,2110125.0,2044159470.0,,,422548,22.6,24.3,151.37,246433.0,,,13.6,,68.2,25.7,25.8,2.6,152130,12.2,16.0,,1771.3,538.2,,,,,,,1.1,22.4,10.8,83770.0,3.7,5913.0,22.9,29.6,4.6,41.8,38.4,37547.0,3767.0,391.0,127.0,12.0,47.0,157.0,304.0,396.0,539.0,950.0,10880.0,,,,,,,,,87003.0,,23.5,4.66,167.0,132.0,603.0,109.0,,20186.0,59.0,1423.0,100769.0,40.89,,,,,,,,,,,,,,,,,,,,,,,,,,,,,,,,,,,,,,,,,,,,,,,,,,,,
2019,37,경상북도,경상북도,경상북도,N  ,,,,24.1,24.9,13.3,14.4,1647.0,3.0,3630.0,186.0,4045.0,1716.0,2761.0,102.0,3933.0,1185.0,3662.0,957.0,1027.0,250.0,298.0,68.0,133.0,,,,,,,,,2.1,174,1698,23635,1303.0,9659.0,395.0,13976.0,2,22.0,7.0,43726.0,,,,,,,,,,,,,3008943.0,3940694808.0,337730.0,1407101431.0,2985298.0,2533593376.0,,,549415,20.6,23.32,140.06,323312.0,,,11.32,,71.9,31.9,27.1,3.9,211289,15.05,10.6,,1888.0,575.0,,,,,,,1.3,16.4,9.3,107319.0,3.4,7959.0,21.7,32.0,7.8,39.6,37.5,36488.0,6598.0,477.0,163.0,0.0,100.0,370.0,362.0,525.0,550.0,1029.0,8741.0,,,,,,,,,113845.0,,19.6,4.27,185.0,196.0,780.0,162.0,,28403.0,104.0,1872.0,124876.0,38.62,,,,,,,,,,,,,,,,,,,,,,,,,,,,,,,,,,,,,,,,,,,,,,,,,,,,
2019,38,경상남도,경상남도,경상남도,O  ,,,,27.1,27.8,15.1,16.3,1113.0,2.0,2789.0,126.0,3030.0,1514.0,1920.0,61.0,2719.0,888.0,5532.0,1370.0,1257.0,288.0,221.0,58.0,107.0,,,,,,,,,2.4,248,1576,18472,1338.0,8079.0,238.0,10393.0,4,27.0,16.0,62527.0,,,,,,,,,,,,,3809578.0,5733102587.0,581241.0,2388135487.0,3776282.0,3344967100.0,,,548257,16.3,23.3,319.02,320208.0,,,9.37,,71.5,40.5,31.9,3.8,270330,14.24,9.4,,2386.5,770.3,,,,,,,1.3,18.6,9.0,128395.0,3.4,9627.0,21.0,33.5,6.5,38.2,36.4,53073.0,8736.0,537.0,171.0,10.0,125.0,500.0,506.0,612.0,740.0,1577.0,11109.0,,,,,,,,,121275.0,,12.7,3.61,138.0,166.0,599.0,137.0,1.0,29711.0,91.0,1692.0,123835.0,38.67,,,,,,,,,,,,,,,,,,,,,,,,,,,,,,,,,,,,,,,,,,,,,,,,,,,,
2019,39,제주특별자치도,제주특별자치도,제주특별자치도,P  ,,,,27.9,28.3,21.6,23.7,666.0,6.6,753.0,31.0,811.0,296.0,597.0,18.0,837.0,186.0,1175.0,281.0,238.0,36.0,26.0,11.0,17.0,,,,,,,,,2.5,38,213,5096,148.0,1439.0,65.0,3657.0,5,1.0,,4854.0,,,,,,,,,,,,,844318.0,1016633041.0,97629.0,310148382.0,838061.0,706484659.0,,,100397,15.0,17.36,362.65,53221.0,,,6.63,,70.9,36.5,23.5,2.1,62649,16.21,3.2,,1928.1,678.5,,,,,,,1.8,7.2,8.8,25268.0,3.1,2037.0,23.7,33.3,5.3,37.1,34.3,4287.0,368.0,150.0,43.0,6.0,22.0,60.0,96.0,180.0,128.0,288.0,2164.0,,,,,,,,,24323.0,,14.8,3.62,49.0,101.0,156.0,52.0,,3778.0,35.0,298.0,16832.0,31.63,,,,,,,,,,,,,,,,,,,,,,,,,,,,,,,,,,,,,,,,,,,,,,,,,,,,
2020,0,전국,전국,전국,   ,,,,,,,,,,35312.0,1342.0,38147.0,13968.0,,,,,,,,,686.0,303.0,300.0,2312.0,3504.0,13221.0,14.0,,450970.0,1136.0,30268.0,,3794,25384,351333,5763.0,205197.0,19621.0,146136.0,1305,236.0,,716292.0,637098.0,64046.0,10696.0,4051.0,,,,,,,,,48570460.0,95693951342.0,,36948460905.0,48313653.0,58745490437.0,,,8496077,16.4,19.54679789,516.1584954,,,,7.935843714,,73.9,50.4,,4.0,3800104,15.17,5.5,,,,,4.52,,,,,,,,,,,,,,,,,,,,,,,,,,,,6643354.0,2809724.0,2096717.0,,31.38167442,41.46667729,22.45170118,,2344698.0,,,,,,,,,,,,,,23.3,34.8,6.2,16973.0,2.0,31072.0,720.0,44269.0,9654.0,,,107976.0,26978.0,22038.0,4136.0,2558.0,3.0,114.0,401.0,2062.0,6937.0,8656.0,12810.0,8942.0,22545.0,155984.0,13.8,7011589.0,4732364.0,1660711.0,35.09263024,40.9,9.1,2249829.0,2.6,157988.0,2981.9,859.0,1.2,,,,,,,,,,,,,
2020,11,서울특별시,서울특별시,서울특별시,A  ,,,,44.794,45.752,34.076,35.037,,,5056.0,86.0,5279.0,1712.0,,,,,,,,,158.0,25.0,22.0,226.0,551.0,1485.0,2.0,,76564.0,83.0,3908.0,,955,3517,30430,512.0,15465.0,3005.0,14965.0,434,18.0,,89744.0,82419.0,3576.0,2592.0,954.0,,,,,,,,,13983813.0,23654426478.0,,9045565205.0,13914851.0,14608861273.0,,,1561139,16.1,16.63740384,15974.89931,,,,6.52220205,,83.1,81.4,,4.6,703987,15.84,1.7,,,,,3.82,,,,,,,,,,,,,,,,,,,,,,,,,,,,1390701.0,764083.0,352700.0,,34.5659407,51.13300163,21.63580686,,369518.0,,,,,,,,,,,,,,24.5,37.2,6.7,2080.0,1.3,5318.0,44.0,7037.0,1327.0,96.8,96.5,31140.0,7368.0,5073.0,538.0,250.0,4.5,16.0,203.0,464.0,1292.0,2197.0,3802.0,1398.0,3789.0,24018.0,9.3,1624172.0,843043.0,259733.0,30.80898602,45.8,7.6,443245.0,2.6,31268.0,4562.7,1344.0,1.0,,,,,,,,,,,,,
2020,21,부산광역시,부산광역시,부산광역시,B  ,,,,40.585,41.028,26.25,26.724,,,2142.0,48.0,2256.0,912.0,,,,,,,,,28.0,5.0,5.0,74.0,119.0,463.0,2.0,,32231.0,57.0,1791.0,,298,1404,15007,115.0,6545.0,1289.0,8462.0,116,19.0,,70748.0,63793.0,5720.0,869.0,340.0,,,,,,,,,3908779.0,7753742951.0,,3388994268.0,3869602.0,4364748683.0,,,657711,19.4,20.67123706,4404.697027,,,,9.676399981,,66.6,54.8,,4.2,233239,16.94,2.6,,,,,5.79,,,,,,,,,,,,,,,,,,,,,,,,,,,,455207.0,169291.0,145086.0,,32.05139793,42.35621141,23.33592825,,196299.0,,,,,,,,,,,,,,22.9,34.4,6.0,1105.0,1.7,1819.0,25.0,2448.0,586.0,92.9,92.6,8102.0,1783.0,1725.0,387.0,132.0,3.4,8.0,26.0,165.0,546.0,658.0,861.0,592.0,1785.0,10580.0,20.9,582911.0,378591.0,135957.0,35.91131326,53.1,10.8,166675.0,2.5,10130.0,3858.9,959.0,1.2,,,,,,,,,,,,,
2020,22,대구광역시,대구광역시,대구광역시,C  ,,,,41.167,41.682,29.697,30.784,,,2006.0,54.0,2133.0,705.0,,,,,,,,,19.0,3.0,10.0,124.0,172.0,602.0,1.0,,21827.0,59.0,1448.0,,196,1353,17474,260.0,8357.0,1093.0,9117.0,67,10.0,,39361.0,34984.0,3474.0,558.0,329.0,,,,,,,,,3060135.0,5416037334.0,,2121293587.0,3037310.0,3294743747.0,,,400494,16.6,20.83901382,2737.272528,,,,8.465981481,,66.5,50.5,,3.9,173051,14.86,2.7,,,,,5.43,,,,,,,,,,,,,,,,,,,,,,,,,,,,304543.0,115223.0,103104.0,,30.61281213,40.33641981,22.17371388,,131374.0,,,,,,,,,,,,,,21.1,33.9,6.8,850.0,2.1,1952.0,26.0,2884.0,490.0,95.1,94.9,6013.0,1338.0,1172.0,224.0,111.0,3.5,3.0,16.0,93.0,401.0,450.0,681.0,424.0,1026.0,7792.0,16.3,389071.0,232265.0,83459.0,35.93266312,47.5,11.1,112173.0,2.7,7532.0,3401.3,891.0,1.3,,,,,,,,,,,,,
2020,23,인천광역시,인천광역시,인천광역시,D  ,,,,39.664,40.09,26.004,26.452,,,1032.0,30.0,1066.0,366.0,,,,,,,,,18.0,13.0,12.0,144.0,221.0,906.0,0.0,,29511.0,62.0,1815.0,,173,1575,22885,429.0,15565.0,1146.0,7320.0,51,8.0,,35078.0,31007.0,3227.0,578.0,253.0,,,,,,,,,3326141.0,4863580355.0,,1915695519.0,3301429.0,2947884836.0,,,411483,14.0,18.5421998,2762.632715,,,,6.650801953,,72.1,59.8,,4.6,219846,14.78,2.5,,,,,4.85,,,,,,,,,,,,,,,,,,,,,,,,,,,,324841.0,129458.0,116575.0,,28.09719317,35.07405872,21.13416547,,142628.0,,,,,,,,,,,,,,23.7,34.5,5.4,878.0,2.1,963.0,12.0,1283.0,258.0,95.3,95.0,5130.0,1322.0,1034.0,245.0,176.0,2.5,2.0,13.0,98.0,347.0,385.0,602.0,414.0,1271.0,7749.0,11.9,387767.0,223843.0,76298.0,34.08549742,47.4,10.4,125916.0,2.6,8011.0,3541.3,926.0,1.1,,,,,,,,,,,,,
2020,24,광주광역시,광주광역시,광주광역시,E  ,,,,44.85,45.486,32.029,33.135,,,1044.0,19.0,1126.0,278.0,,,,,,,,,11.0,4.0,5.0,36.0,123.0,272.0,1.0,,16888.0,22.0,940.0,,119,863,8995,94.0,3669.0,769.0,5326.0,42,14.0,,39793.0,37672.0,1604.0,410.0,104.0,,,,,,,,,1964088.0,3424237910.0,,1629173274.0,1937107.0,1795064636.0,,,205666,14.2,20.53037449,2893.593824,,,,7.046529054,,66.6,45.3,,3.9,104814,16.04,4.6,,,,,5.85,,,,,,,,,,,,,,,,,,,,,,,,,,,,193948.0,88474.0,60489.0,,31.90613751,42.59639967,22.36870327,,84762.0,,,,,,,,,,,,,,25.5,34.0,5.7,457.0,2.2,1000.0,6.0,1569.0,153.0,97.2,97.0,3676.0,1030.0,718.0,179.0,53.0,3.7,5.0,3.0,53.0,176.0,425.0,425.0,401.0,843.0,6173.0,27.4,357955.0,118166.0,42224.0,35.7327827,52.5,12.2,81697.0,3.1,5220.0,3671.0,948.0,0.9,,,,,,,,,,,,,
2020,25,대전광역시,대전광역시,대전광역시,F  ,,,,37.09,38.473,25.067,27.478,,,1096.0,27.0,1202.0,399.0,,,,,,,,,7.0,0.0,1.0,87.0,138.0,428.0,0.0,,16209.0,47.0,899.0,,130,827,11257,136.0,6380.0,691.0,4877.0,59,5.0,,24003.0,21884.0,1635.0,399.0,66.0,,,,,,,,,2000875.0,3112574247.0,,1212742752.0,1984572.0,1899831495.0,,,210784,14.4,19.7424852,2712.583,,,,6.592755478,,67.7,46.0,,4.4,101236,15.81,2.7,,,,,4.56,,,,,,,,,,,,,,,,,,,,,,,,,,,,228842.0,118198.0,61180.0,,35.01096311,50.36667732,22.67462762,,66775.0,,,,,,,,,,,,,,22.2,35.4,6.0,616.0,2.9,1019.0,13.0,1486.0,271.0,97.3,97.2,3680.0,866.0,756.0,135.0,86.0,3.6,1.0,19.0,82.0,313.0,273.0,369.0,239.0,805.0,5368.0,16.4,244518.0,118758.0,41614.0,35.04100776,51.1,10.6,73513.0,3.1,5078.0,3357.5,934.0,1.0,,,,,,,,,,,,,
2020,26,울산광역시,울산광역시,울산광역시,G  ,,,,39.377,40.446,25.85,26.361,,,550.0,16.0,585.0,224.0,,,,,,,,,9.0,3.0,4.0,33.0,53.0,184.0,0.0,,7121.0,19.0,408.0,,59,327,5065,50.0,2191.0,277.0,2874.0,17,5.0,,15345.0,13887.0,1241.0,179.0,31.0,,,,,,,,,1256530.0,1857080308.0,,761020169.0,1246870.0,1096060139.0,,,143367,12.6,19.10272238,1069.609077,,,,6.167034838,,72.2,56.2,,4.2,78029,13.71,3.7,,,,,2.93,,,,,,,,,,,,,,,,,,,,,,,,,,,,122848.0,47921.0,46929.0,,27.52546235,34.48496711,21.14633322,,33232.0,,,,,,,,,,,,,,21.2,35.7,6.0,448.0,3.1,498.0,11.0,669.0,183.0,92.2,92.0,1762.0,511.0,415.0,85.0,37.0,2.4,6.0,7.0,46.0,284.0,133.0,195.0,169.0,381.0,2452.0,13.5,161527.0,82543.0,27387.0,33.1790703,42.7,7.7,41598.0,2.6,3052.0,3209.1,887.0,1.2,,,,,,,,,,,,,
2020,29,세종특별자치시,세종특별자치시,세종특별자치시,Q  ,,,,42.261,45.042,20.599,20.576,,,111.0,2.0,120.0,59.0,,,,,,,,,0.0,2.0,2.0,11.0,11.0,39.0,0.0,,1569.0,4.0,103.0,,17,82,1461,15.0,586.0,67.0,875.0,9,1.0,,1991.0,1848.0,108.0,26.0,7.0,,,,,,,,,446471.0,289669563.0,,47662689.0,444702.0,242006874.0,,,34881,9.8,16.1692612,765.3722063,,,,4.054462065,,70.8,64.8,,2.8,21501,13.9,9.5,,,,,2.0,,,,,,,,,,,,,,,,,,,,,,,,,,,,43577.0,25909.0,10698.0,,30.37036505,38.43266977,20.20205835,,7107.0,,,,,,,,,,,,,,24.0,35.4,6.2,,,69.0,1.0,101.0,27.0,97.2,97.2,441.0,127.0,119.0,9.0,8.0,1.9,0.0,2.0,11.0,44.0,26.0,70.0,36.0,64.0,1002.0,5.6,19633.0,17388.0,5640.0,32.43616287,38.0,8.3,11601.0,3.3,954.0,2801.8,702.0,1.1,,,,,,,,,,,,,
2020,31,경기도,경기도,경기도,H  ,,,,43.869,44.219,31.329,32.537,,,7047.0,234.0,7602.0,2364.0,,,,,,,,,91.0,25.0,34.0,612.0,899.0,3949.0,0.0,,108587.0,230.0,7127.0,,798,6068,99172,1924.0,66509.0,4144.0,32663.0,264,29.0,,139190.0,123287.0,13200.0,2065.0,576.0,,,,,,,,,14751607.0,19274126558.0,,6934838222.0,14660417.0,12339288336.0,,,1775315,13.2,16.71934276,1316.984817,,,,5.821810671,,75.5,64.8,,4.0,991754,15.81,3.7,,,,,4.4,,,,,,,,,,,,,,,,,,,,,,,,,,,,1406010.0,618828.0,481451.0,,27.40254796,35.09079929,20.0825994,,590237.0,,,,,,,,,,,,,,24.1,37.8,6.6,2592.0,1.5,6257.0,109.0,9147.0,1639.0,95.9,95.8,22173.0,5983.0,4674.0,949.0,777.0,2.4,25.0,62.0,470.0,1549.0,1823.0,2518.0,1831.0,5187.0,29936.0,10.4,1503503.0,927887.0,296821.0,31.98891675,45.3,8.3,486652.0,2.5,37112.0,5099.5,1288.0,1.1,,,,,,,,,,,,,
2020,32,강원도,강원도,강원도,I  ,,,,39.82,40.117,28.44,30.44,,,1397.0,41.0,1596.0,591.0,,,,,,,,,53.0,22.0,21.0,128.0,218.0,548.0,0.0,,14830.0,69.0,1185.0,,97,874,15634,330.0,11089.0,544.0,4545.0,21,15.0,,17216.0,14771.0,1829.0,443.0,169.0,,,,,,,,,1768163.0,2496095878.0,,876195499.0,1755201.0,1619900379.0,,,319691,20.7,21.97246716,91.67377014,,,,10.62630193,,76.1,28.8,,3.9,109896,13.87,7.2,,,,,5.09,,,,,,,,,,,,,,,,,,,,,,,,,,,,231371.0,76894.0,79250.0,,34.24729857,43.25549736,26.99250681,,78554.0,,,,,,,,,,,,,,22.6,31.9,5.7,1597.0,5.0,1322.0,24.0,1963.0,471.0,95.9,95.6,2793.0,695.0,543.0,102.0,114.0,2.6,4.0,4.0,62.0,165.0,232.0,317.0,389.0,610.0,4311.0,11.2,197451.0,184564.0,70244.0,38.05942654,30.6,10.3,72625.0,2.5,4922.0,1185.0,385.0,1.5,,,,,,,,,,,,,
2020,33,충청북도,충청북도,충청북도,J  ,,,,43.403,44.784,27.043,28.627,,,1647.0,80.0,1794.0,739.0,,,,,,,,,26.0,17.0,16.0,120.0,120.0,627.0,1.0,,15462.0,44.0,1192.0,,115,947,16823,304.0,10019.0,643.0,6804.0,29,10.0,,21503.0,17902.0,3165.0,311.0,121.0,,,,,,,,,1838758.0,2456304727.0,,806273524.0,1826501.0,1650031203.0,,,288148,18.0,21.52227328,216.1261994,,,,9.134480839,,73.5,34.8,,3.2,116284,15.34,10.1,,,,,4.33,,,,,,,,,,,,,,,,,,,,,,,,,,,,236208.0,94885.0,74713.0,,34.11496461,44.5488307,25.14285522,,69262.0,,,,,,,,,,,,,,22.3,32.1,7.1,978.0,3.4,1360.0,40.0,2066.0,502.0,96.2,95.9,2541.0,662.0,629.0,128.0,100.0,2.4,5.0,4.0,62.0,201.0,202.0,325.0,337.0,781.0,6190.0,13.4,194984.0,164062.0,62016.0,37.80034377,37.1,8.5,68407.0,2.6,5041.0,1835.8,636.0,1.4,,,,,,,,,,,,,
2020,34,충청남도,충청남도,충청남도,K  ,,,,38.035,38.865,23.686,25.531,,,1869.0,133.0,2002.0,913.0,,,,,,,,,44.0,35.0,28.0,147.0,140.0,772.0,0.0,,23161.0,78.0,1647.0,,127,1290,19056,318.0,11342.0,972.0,7714.0,30,8.0,,28740.0,24885.0,3364.0,346.0,145.0,,,,,,,,,2468993.0,3162787816.0,,1077921773.0,2449849.0,2084866043.0,,,405188,19.1,20.84735974,257.2138889,,,,9.467486791,,73.7,38.3,,3.5,156028,15.86,10.4,,,,,3.57,,,,,,,,,,,,,,,,,,,,,,,,,,,,304973.0,121376.0,93720.0,,33.57538819,42.4250686,25.34192125,,75720.0,,,,,,,,,,,,,,21.3,33.7,7.6,528.0,1.2,1408.0,75.0,1988.0,592.0,97.1,97.0,3244.0,933.0,836.0,175.0,121.0,2.4,4.0,0.0,92.0,280.0,270.0,448.0,357.0,912.0,7738.0,13.6,247915.0,230733.0,84471.0,36.60984775,33.9,8.7,92466.0,2.7,6777.0,1741.4,567.0,1.3,,,,,,,,,,,,,
2020,35,전라북도,전라북도,전라북도,L  ,,,,40.294,41.19,26.734,28.323,,,1624.0,110.0,1792.0,761.0,,,,,,,,,59.0,32.0,34.0,118.0,150.0,683.0,0.0,,20992.0,65.0,1688.0,,132,1347,18706,241.0,8465.0,1106.0,10241.0,49,9.0,,39878.0,36613.0,2485.0,365.0,401.0,,,,,,,,,1987766.0,3753571982.0,,1569674440.0,1967402.0,2183897542.0,,,386203,21.4,22.46305699,223.5614278,,,,11.48171922,,71.8,30.1,,2.5,129695,13.66,12.9,,,,,6.38,,,,,,,,,,,,,,,,,,,,,,,,,,,,255269.0,84994.0,79724.0,,33.28206995,42.09082355,24.43437805,,115182.0,,,,,,,,,,,,,,23.3,30.6,6.4,648.0,1.7,1261.0,57.0,1839.0,438.0,96.7,96.4,3682.0,929.0,941.0,187.0,115.0,3.1,2.0,14.0,82.0,266.0,305.0,427.0,435.0,979.0,9511.0,22.1,309504.0,223359.0,86753.0,38.84016315,35.1,12.0,95486.0,2.9,6655.0,1802.3,575.0,1.2,,,,,,,,,,,,,
2020,36,전라남도,전라남도,전라남도,M  ,,,,39.898,40.925,25.9,28.454,,,2574.0,139.0,2978.0,1024.0,,,,,,,,,54.0,33.0,35.0,166.0,131.0,644.0,6.0,,21675.0,60.0,1638.0,,123,1303,16269,313.0,9621.0,990.0,6648.0,20,33.0,,40851.0,36641.0,3693.0,377.0,128.0,,,,,,,,,2053616.0,3489414581.0,,1425843935.0,2032526.0,2063570646.0,,,435880,23.5,24.11535285,149.9461544,,,,13.80321936,,71.6,28.1,,2.4,143781,11.69,15.5,,,,,5.0,,,,,,,,,,,,,,,,,,,,,,,,,,,,256633.0,66420.0,82452.0,,33.35259311,36.7489211,25.44445713,,92666.0,,,,,,,,,,,,,,22.0,26.4,5.2,835.0,1.9,1950.0,82.0,2961.0,663.0,96.5,96.5,3140.0,782.0,818.0,215.0,115.0,2.6,13.0,12.0,43.0,156.0,309.0,405.0,534.0,1042.0,10885.0,22.1,309735.0,253871.0,105114.0,41.40449283,26.6,10.7,90452.0,2.7,6100.0,1615.7,462.0,1.4,,,,,,,,,,,,,
2020,37,경상북도,경상북도,경상북도,N  ,,,,39.838,40.457,27.037,27.74,,,3016.0,184.0,3296.0,1381.0,,,,,,,,,60.0,40.0,32.0,192.0,202.0,880.0,0.0,,30316.0,106.0,2176.0,,172,1766,26628,414.0,14642.0,1352.0,11986.0,28,22.0,,43676.0,36455.0,6560.0,488.0,173.0,,,,,,,,,2823737.0,3872513966.0,,1393691076.0,2798258.0,2478822890.0,,,573715,21.7,23.02083787,138.6685886,,,,11.66918032,,73.9,32.1,,4.0,199818,14.7,10.3,,,,,4.74,,,,,,,,,,,,,,,,,,,,,,,,,,,,388791.0,126122.0,124751.0,,33.83465024,42.42732099,25.40313795,,125106.0,,,,,,,,,,,,,,23.3,30.2,5.8,1552.0,2.7,2469.0,105.0,3479.0,983.0,91.9,91.4,3655.0,958.0,1050.0,241.0,169.0,2.1,8.0,0.0,98.0,374.0,360.0,545.0,538.0,1071.0,8756.0,16.5,285028.0,337448.0,132074.0,39.13906735,33.4,9.5,116416.0,2.5,8146.0,1724.0,518.0,1.4,,,,,,,,,,,,,
2020,38,경상남도,경상남도,경상남도,O  ,,,,38.8,39.358,26.64,28.348,,,2477.0,112.0,2660.0,1315.0,,,,,,,,,40.0,35.0,31.0,142.0,179.0,674.0,1.0,,32570.0,96.0,2005.0,,244,1629,21167,242.0,10921.0,1387.0,10246.0,52,29.0,,64261.0,54725.0,8797.0,521.0,208.0,,,,,,,,,3653492.0,5788504889.0,,2427033258.0,3619338.0,3361471631.0,,,580258,17.4,22.87310128,316.8919075,,,,9.83020468,,71.4,40.0,,4.0,256191,13.71,8.9,,,,,4.12,,,,,,,,,,,,,,,,,,,,,,,,,,,,417737.0,131283.0,151223.0,,30.75417267,34.89647986,23.92969664,,137605.0,,,,,,,,,,,,,,21.3,31.8,5.2,1218.0,2.1,1859.0,74.0,2581.0,894.0,94.2,93.9,5619.0,1406.0,1291.0,295.0,138.0,2.5,12.0,10.0,119.0,483.0,508.0,639.0,712.0,1693.0,11288.0,19.2,507181.0,339248.0,132723.0,39.12270669,36.4,9.5,142572.0,2.5,9860.0,2240.3,696.0,1.4,,,,,,,,,,,,,
2020,39,제주특별자치도,제주특별자치도,제주특별자치도,P  ,,,,41.33,41.817,33.08,34.97,,,624.0,27.0,660.0,225.0,,,,,,,,,9.0,9.0,8.0,47.0,108.0,162.0,0.0,,3943.0,35.0,318.0,,39,212,5304,66.0,3831.0,146.0,1473.0,17,1.0,,4914.0,4325.0,368.0,169.0,46.0,,,,,,,,,778540.0,1029281798.0,,314841713.0,773510.0,714440085.0,,,106154,15.7,17.12888822,364.6259265,,,,6.911901105,,70.3,40.1,,2.5,60954,15.86,3.1,,,,,4.25,,,,,,,,,,,,,,,,,,,,,,,,,,,,81855.0,30365.0,32672.0,,30.87414661,37.09291246,26.36688644,,28671.0,,,,,,,,,,,,,,23.0,33.7,3.7,591.0,5.6,548.0,16.0,768.0,177.0,92.7,93.2,1185.0,285.0,244.0,42.0,59.0,2.5,0.0,6.0,22.0,60.0,100.0,181.0,136.0,306.0,2235.0,7.3,86590.0,56595.0,18183.0,32.12827988,28.0,8.9,28335.0,2.3,2130.0,2013.8,628.0,2.0,,,,,,,,,,,,,
2021,00000,전국,전국,전국,   ,,,,,,,,,,,,,,,,,,,,,,669.0,297.0,253.0,2349.0,3645.0,14196.0,12.0,,507473.0,1147.0,33736.0,,3904,26547,383150,5988.0,220250.0,20559.0,162900.0,1407,238.0,112.0,722671.0,637471.0,60891.0,11065.0,6042.0,,,,,,,,,49140278.0,105224765341.0,7386732.0,39733705853.0,48883674.0,65491059488.0,,,8851033,17.1,,,,,,8.50613,,70.8,48.7,36.790526524378315,3.7,3742040,14.83,5.3,,,,,,,,,,,,,,,,,,,,,,,,,,2011.0,6783.0,8917.0,13567.0,8862.0,27807.0,160161.0,7165788.0,3057535.0,2229767.0,,33.40933,,,,2353390.0,,,4.56,,,,,,,,,,,,,,,,,,,,,,109937.0,27491.0,22542.0,,2723.0,3.1,,413.0,,,,,,,,,,5015574.0,1824434.0,36.37538,,9.5,2357153.0,2.7,162288.0,2803.9,,,,,,,806.0,4235.0,14.0,43.85729,23.71141,,,,
2021,11000,서울특별시,서울특별시,서울특별시,A  ,,,,,,,,,,,,,,,,,,,,,,149.0,20.0,22.0,224.0,562.0,1524.0,2.0,,87312.0,86.0,4320.0,,1037,3621,31524,511.0,15834.0,3110.0,15690.0,486,19.0,17.0,91765.0,83826.0,3419.0,2660.0,1322.0,,,,,,,,,14331677.0,26103457522.0,1760781.0,9806257507.0,14259266.0,16297200016.0,,,1597447,16.8,,,,,,7.05209,,82.6,80.6,42.83091165660426,4.8,698445,15.67,1.7,,,,,,,,,,,,,,,,,,,,,,,,,,420.0,1140.0,2293.0,4118.0,1363.0,4822.0,25084.0,1489893.0,825856.0,367966.0,,36.81658,,,,402632.0,,,4.23,,,,,,,,,,,,,,,,,,,,,,32045.0,7457.0,5215.0,,252.0,4.7,,215.0,,,,,,,,,,887775.0,285384.0,32.14598,,7.8,450396.0,2.7,31866.0,4418.9,,,29.0,27.5,98.3,98.2,1287.0,554.0,9.6,53.83315,22.80247,,,,
2021,21000,부산광역시,부산광역시,부산광역시,B  ,,,,,,,,,,,,,,,,,,,,,,28.0,4.0,5.0,78.0,122.0,480.0,2.0,,35638.0,56.0,1980.0,,307,1410,16425,119.0,6789.0,1291.0,9636.0,125,19.0,7.0,70710.0,63398.0,5483.0,860.0,554.0,,,,,,,,,3949789.0,8411893053.0,606296.0,3594706265.0,3911088.0,4817186788.0,,,681885,20.4,,,,,,10.35012,,62.2,49.8,47.88927600618035,3.4,223547,16.56,2.6,,,,,,,,,,,,,,,,,,,,,,,,,,169.0,535.0,665.0,927.0,557.0,2255.0,10916.0,487362.0,185921.0,150019.0,,34.04876,,,,217335.0,,,6.49,,,,,,,,,,,,,,,,,,,,,,8219.0,1783.0,1776.0,,134.0,3.5,,26.0,,,,,,,,,,399229.0,148148.0,37.10853,,11.4,176077.0,2.6,10292.0,3545.4,,,34.2,33.5,97.4,97.1,923.0,380.0,21.1,44.76529,24.45804,,,,
2021,22000,대구광역시,대구광역시,대구광역시,C  ,,,,,,,,,,,,,,,,,,,,,,21.0,2.0,6.0,131.0,175.0,639.0,0.0,,24228.0,60.0,1620.0,,196,1382,19156,266.0,9079.0,1116.0,10077.0,71,10.0,3.0,39753.0,34580.0,3292.0,584.0,642.0,,,,,,,,,3133764.0,6134514605.0,419906.0,2394454895.0,3109415.0,3740059710.0,,,417060,17.5,,,,,,9.1272,,64.4,48.9,43.01524177742117,3.7,165495,14.5,2.6,,,,,,,,,,,,,,,,,,,,,,,,,,86.0,390.0,491.0,760.0,450.0,1315.0,8070.0,326866.0,125171.0,108299.0,,32.6562,,,,144092.0,,,6.04,,,,,,,,,,,,,,,,,,,,,,6083.0,1367.0,1211.0,,126.0,3.6,,12.0,,,,,,,,,,245706.0,91357.0,37.18143,,11.8,118579.0,2.7,7663.0,3232.3,,,32.4,31.0,97.2,97.1,857.0,232.0,16.7,43.06189,23.42198,,,,
2021,23000,인천광역시,인천광역시,인천광역시,D  ,,,,,,,,,,,,,,,,,,,,,,17.0,12.0,11.0,153.0,230.0,993.0,0.0,,32672.0,59.0,2034.0,,171,1643,25267,467.0,17453.0,1176.0,7814.0,52,9.0,3.0,36249.0,31672.0,3059.0,610.0,495.0,,,,,,,,,3399528.0,5353527570.0,404926.0,2051113221.0,3373409.0,3302414349.0,,,435431,14.8,,,,,,7.16875,,68.4,56.1,46.30260727448437,4.0,220980,14.56,2.3,,,,,,,,,,,,,,,,,,,,,,,,,,99.0,362.0,395.0,608.0,437.0,1701.0,8043.0,355657.0,144533.0,124234.0,,30.0485,,,,159186.0,,,5.4,,,,,,,,,,,,,,,,,,,,,,5208.0,1327.0,1086.0,,188.0,2.6,,14.0,,,,,,,,,,239827.0,84850.0,35.37967,,11.1,135496.0,2.7,8230.0,3240.0,,,34.3,34.3,97.2,97.0,896.0,262.0,12.3,37.46931,22.35132,,,,
2021,24000,광주광역시,광주광역시,광주광역시,E  ,,,,,,,,,,,,,,,,,,,,,,6.0,4.0,5.0,37.0,140.0,296.0,0.0,,19360.0,23.0,1023.0,,114,843,9653,97.0,3731.0,746.0,5922.0,43,14.0,5.0,39187.0,36914.0,1420.0,408.0,160.0,,,,,,,,,1985924.0,3696526458.0,359555.0,1708367550.0,1960110.0,1988158907.0,,,213291,14.8,,,,,,7.61662,,64.3,44.5,47.27693457887939,3.6,102060,15.59,4.4,,,,,,,,,,,,,,,,,,,,,,,,,,53.0,176.0,421.0,427.0,393.0,926.0,6239.0,212385.0,97048.0,66310.0,,34.49528,,,,91548.0,,,6.35,,,,,,,,,,,,,,,,,,,,,,3659.0,1037.0,686.0,,55.0,3.7,,3.0,,,,,,,,,,125265.0,46895.0,37.43663,,12.9,87414.0,3.1,5316.0,3649.6,,,37.2,36.1,96.2,95.8,919.0,184.0,27.2,45.42574,24.15885,,,,
2021,25000,대전광역시,대전광역시,대전광역시,F  ,,,,,,,,,,,,,,,,,,,,,,5.0,0.0,1.0,89.0,155.0,442.0,0.0,,17056.0,50.0,952.0,,132,840,12220,144.0,6634.0,696.0,5586.0,61,5.0,1.0,23749.0,21280.0,1743.0,433.0,78.0,,,,,,,,,2011528.0,3357545078.0,248422.0,1270995835.0,1995971.0,2086549242.0,,,221207,15.2,,,,,,7.2281,,65.3,45.1,42.87077084449676,3.3,98483,15.31,2.6,,,,,,,,,,,,,,,,,,,,,,,,,,86.0,326.0,278.0,371.0,232.0,919.0,5365.0,240932.0,125036.0,64904.0,,37.64063,,,,72908.0,,,5.02,,,,,,,,,,,,,,,,,,,,,,3722.0,852.0,774.0,,81.0,3.7,,19.0,,,,,,,,,,126781.0,46266.0,36.49285,,10.7,73371.0,3.1,5141.0,3330.9,,,29.4,27.8,98.9,98.8,891.0,142.0,16.4,52.3091,24.0883,,,,
2021,26000,울산광역시,울산광역시,울산광역시,G  ,,,,,,,,,,,,,,,,,,,,,,7.0,4.0,3.0,29.0,48.0,195.0,0.0,,8283.0,19.0,466.0,,57,359,5614,49.0,2130.0,310.0,3484.0,17,5.0,6.0,15469.0,13874.0,1198.0,179.0,37.0,,,,,,,,,1255413.0,2030381150.0,165525.0,818185104.0,1244287.0,1212196047.0,,,152961,13.6,,,,,,6.86172,,70.0,54.4,41.08099460631868,3.6,75631,13.52,3.5,,,,,,,,,,,,,,,,,,,,,,,,,,46.0,284.0,138.0,206.0,172.0,484.0,2574.0,133061.0,52372.0,49304.0,,29.47531,,,,38575.0,,,3.44,,,,,,,,,,,,,,,,,,,,,,1789.0,511.0,414.0,,42.0,2.4,,7.0,,,,,,,,,,89650.0,30976.0,34.55215,,7.9,42954.0,2.7,3106.0,2936.1,,,30.7,30.6,96.3,96.1,816.0,94.0,13.8,37.39949,22.27916,,,,
2021,29000,세종특별자치시,세종특별자치시,세종특별자치시,Q  ,,,,,,,,,,4.0,97.0,49.0,,,,,,,,,,0.0,2.0,2.0,9.0,13.0,51.0,0.0,,1898.0,6.0,119.0,,17,88,1616,15.0,619.0,73.0,997.0,9,1.0,0.0,2082.0,1944.0,103.0,26.0,7.0,,,,,,,,,478454.0,397541950.0,36894.0,93241665.0,474678.0,304300284.0,,,37463,10.1,,,,,,4.38556,,71.0,64.0,27.50493319281386,2.1,21753,13.65,8.8,,,,,,,,,,,,,,,,,,,,,,,,,,14.0,48.0,32.0,76.0,36.0,87.0,1000.0,45706.0,26666.0,11995.0,,31.45738,,,,7880.0,,,2.12,,,,,,,,,,,,,,,,,,,,,,458.0,138.0,125.0,,8.0,1.9,,2.0,,,,,,,,,,18949.0,6372.0,33.6271,,8.6,13119.0,3.3,1016.0,2860.7,,,38.1,34.7,98.9,98.8,676.0,8.0,5.6,38.76097,21.09976,,,,
2021,31000,경기도,경기도,경기도,H  ,,,,,,,,,,,,,,,,,,,,,,95.0,29.0,26.0,600.0,880.0,4334.0,1.0,,122445.0,223.0,7997.0,,830,6471,110221,2042.0,74370.0,4429.0,35851.0,291,30.0,24.0,141282.0,124565.0,12548.0,2209.0,941.0,,,,,,,,,15287995.0,21790780900.0,1623671.0,7640423349.0,15187736.0,14150357552.0,,,1881464,13.9,,,,,,6.24442,,73.7,63.7,38.31107678034406,3.7,1002328,15.47,3.5,,,,,,,,,,,,,,,,,,,,,,,,,,464.0,1544.0,1875.0,2701.0,1812.0,6822.0,31060.0,1543100.0,690164.0,515510.0,,29.16648,,,,422615.0,,,3.12,,,,,,,,,,,,,,,,,,,,,,22813.0,6231.0,4875.0,,848.0,2.5,,62.0,,,,,,,,,,999027.0,330371.0,33.06928,,8.5,510794.0,2.6,38264.0,4958.1,,,31.4,30.1,97.4,97.3,1227.0,977.0,10.4,37.55929,21.07315,,,,
2021,32000,강원도,강원도,강원도,I  ,,,,,,,,,,,,,,,,,,,,,,50.0,22.0,20.0,129.0,222.0,573.0,0.0,,16431.0,68.0,1298.0,,96,915,16172,331.0,11274.0,584.0,4898.0,21,15.0,4.0,17494.0,14827.0,1693.0,438.0,177.0,,,,,,,,,1785885.0,2710102669.0,199784.0,944406977.0,1773643.0,1765695692.0,,,333176,21.7,,,,,,11.40134,,71.4,28.3,29.214844631082006,3.6,105166,13.46,6.9,,,,,,,,,,,,,,,,,,,,,,,,,,62.0,169.0,240.0,324.0,376.0,694.0,4407.0,245012.0,81104.0,84057.0,,36.31271,,,,84114.0,,,5.47,,,,,,,,,,,,,,,,,,,,,,2784.0,723.0,572.0,,123.0,2.7,,4.0,,,,,,,,,,195506.0,76928.0,39.34815,,11.3,80518.0,2.7,5363.0,1053.0,,,38.3,37.1,98.0,97.7,354.0,99.0,11.4,44.94641,28.42597,,,,
2021,33000,충청북도,충청북도,충청북도,J  ,,,,,,,,,,,,,,,,,,,,,,22.0,19.0,14.0,126.0,130.0,684.0,1.0,,17179.0,48.0,1330.0,,110,996,18117,315.0,10603.0,681.0,7514.0,30,9.0,6.0,21658.0,17592.0,3153.0,311.0,208.0,,,,,,,,,1866946.0,2653315035.0,213113.0,858783604.0,1848013.0,1794531430.0,,,301516,18.9,,,,,,9.80088,,67.8,32.9,32.23826190079516,2.5,112277,14.84,9.6,,,,,,,,,,,,,,,,,,,,,,,,,,63.0,203.0,205.0,327.0,340.0,936.0,6336.0,252251.0,100431.0,80709.0,,36.26323,,,,76619.0,,,4.8,,,,,,,,,,,,,,,,,,,,,,2503.0,681.0,664.0,,110.0,2.4,,4.0,,,,,,,,,,174309.0,68176.0,39.11215,,8.8,71568.0,2.7,5221.0,1761.2,,,35.9,34.0,97.7,97.2,586.0,128.0,13.6,46.11284,26.8628,,,,
2021,34000,충청남도,충청남도,충청남도,K  ,,,,,,,,,,,,,,,,,,,,,,42.0,34.0,22.0,156.0,157.0,823.0,1.0,,26385.0,80.0,1809.0,,125,1382,21349,334.0,12243.0,1048.0,9106.0,30,9.0,3.0,29104.0,25199.0,2998.0,349.0,215.0,,,,,,,,,2516640.0,3437763443.0,277831.0,1164394429.0,2483841.0,2273369013.0,,,419979,19.8,,,,,,10.09202,,69.0,36.9,30.09007579295972,2.3,152631,15.4,10.0,,,,,,,,,,,,,,,,,,,,,,,,,,91.0,261.0,283.0,472.0,351.0,1062.0,7785.0,327432.0,129396.0,101881.0,,35.76014,,,,84802.0,,,4.0,,,,,,,,,,,,,,,,,,,,,,3270.0,953.0,834.0,,133.0,2.4,,0.0,,,,,,,,,,242427.0,92406.0,38.11704,,9.0,97917.0,2.7,6984.0,1637.8,,,36.7,34.2,97.3,97.0,517.0,164.0,13.7,44.38666,26.97184,,,,
2021,35000,전라북도,전라북도,전라북도,L  ,,,,,,,,,,,,,,,,,,,,,,61.0,27.0,23.0,120.0,171.0,735.0,0.0,,24115.0,65.0,1848.0,,136,1436,20676,248.0,8847.0,1188.0,11829.0,49,10.0,1.0,39818.0,36253.0,2446.0,377.0,466.0,,,,,,,,,1992064.0,3960942951.0,305782.0,1609114236.0,1970623.0,2351828715.0,,,397619,22.3,,,,,,12.20952,,65.4,27.7,32.14935407236474,2.2,125381,13.27,11.7,,,,,,,,,,,,,,,,,,,,,,,,,,79.0,261.0,301.0,424.0,436.0,1092.0,9546.0,276153.0,92589.0,85631.0,,35.7493,,,,125438.0,,,7.02,,,,,,,,,,,,,,,,,,,,,,3680.0,940.0,940.0,,121.0,3.1,,14.0,,,,,,,,,,232803.0,94315.0,40.51279,,12.3,97263.0,2.9,6783.0,1614.1,,,36.9,34.3,98.6,98.6,537.0,200.0,22.3,44.75774,26.02916,,,,
2021,36000,전라남도,전라남도,전라남도,M  ,,,,,,,,,,,,,,,,,,,,,,47.0,40.0,34.0,171.0,142.0,695.0,6.0,,24085.0,58.0,1828.0,,126,1328,18305,312.0,9928.0,1016.0,8377.0,22,32.0,12.0,41276.0,36600.0,3539.0,397.0,159.0,,,,,,,,,2043873.0,3712370513.0,304584.0,1481153094.0,2022854.0,2231217419.0,,,445198,24.3,,,,,,14.39298,,67.9,27.0,25.391443706092755,2.3,139194,11.27,15.1,,,,,,,,,,,,,,,,,,,,,,,,,,42.0,166.0,305.0,404.0,514.0,1160.0,11039.0,274108.0,71474.0,89213.0,,35.26149,,,,101475.0,,,5.54,,,,,,,,,,,,,,,,,,,,,,3199.0,803.0,814.0,,111.0,2.6,,12.0,,,,,,,,,,262276.0,111885.0,42.65926,,11.0,93974.0,2.7,6358.0,1516.0,,,39.9,36.0,98.2,98.1,412.0,216.0,22.5,38.85702,27.08497,,,,
2021,37000,경상북도,경상북도,경상북도,N  ,,,,,,,,,,,,,,,,,,,,,,61.0,39.0,25.0,199.0,222.0,958.0,0.0,,34414.0,114.0,2501.0,,176,1878,28719,424.0,15463.0,1454.0,13256.0,29,22.0,7.0,43389.0,35931.0,6263.0,495.0,207.0,,,,,,,,,2849063.0,4126836608.0,291906.0,1445565584.0,2823013.0,2681271024.0,,,596312,22.7,,,,,,12.43917,,69.0,29.8,29.50686194766579,3.2,192027,14.2,9.9,,,,,,,,,,,,,,,,,,,,,,,,,,89.0,352.0,364.0,572.0,535.0,1195.0,8761.0,416697.0,134896.0,133929.0,,36.02635,,,,141175.0,,,5.37,,,,,,,,,,,,,,,,,,,,,,3627.0,966.0,1043.0,,181.0,2.1,,0.0,,,,,,,,,,354998.0,143877.0,40.52896,,10.3,127371.0,2.5,8366.0,1563.5,,,37.1,35.3,95.9,95.8,483.0,257.0,16.5,44.60861,27.05226,,,,
2021,38000,경상남도,경상남도,경상남도,O  ,,,,,,,,,,,,,,,,,,,,,,43.0,33.0,30.0,145.0,198.0,713.0,0.0,,37943.0,97.0,2283.0,,238,1729,22580,245.0,11340.0,1484.0,11240.0,54,28.0,13.0,64596.0,54585.0,8166.0,555.0,291.0,,,,,,,,,3688035.0,6248759153.0,506961.0,2517155865.0,3653669.0,3731603288.0,,,608379,18.4,,,,,,10.56366,,68.3,38.9,33.14733468733491,4.1,245830,13.46,8.5,,,,,,,,,,,,,,,,,,,,,,,,,,126.0,506.0,534.0,674.0,726.0,1927.0,11672.0,450490.0,141852.0,161104.0,,32.6683,,,,150550.0,,,4.54,,,,,,,,,,,,,,,,,,,,,,5683.0,1426.0,1262.0,,148.0,2.5,,13.0,,,,,,,,,,360811.0,145671.0,40.37321,,10.0,151573.0,2.6,10159.0,2094.9,,,39.5,38.5,96.6,96.4,633.0,295.0,19.5,37.39511,25.3019,,,,
2021,39000,제주특별자치도,제주특별자치도,제주특별자치도,P  ,,,,,,,,,,,,,,,,,,,,,,15.0,6.0,4.0,50.0,107.0,173.0,0.0,,4358.0,35.0,351.0,,36,226,5536,69.0,3913.0,157.0,1623.0,17,1.0,0.0,5090.0,4431.0,368.0,174.0,83.0,,,,,,,,,819501.0,1098506685.0,91102.0,335386673.0,813291.0,763120012.0,,,110645,16.3,,,,,,7.58108,,68.6,38.7,25.510408422774926,3.1,60812,15.15,3.0,,,,,,,,,,,,,,,,,,,,,,,,,,22.0,60.0,97.0,176.0,132.0,410.0,2264.0,88683.0,33026.0,34702.0,,32.7048,,,,32446.0,,,4.79,,,,,,,,,,,,,,,,,,,,,,1195.0,296.0,251.0,,63.0,2.6,,6.0,,,,,,,,,,60235.0,20557.0,34.128,,8.9,28769.0,2.2,2160.0,1917.2,,,29.3,27.1,97.6,97.4,584.0,43.0,7.5,39.14053,27.52445,,,,
2022,00000,전국,전국,전국,,,,,,,,,,,35914.0,1258.0,39192.0,13616.0,,,,,,,,,,,,2368.0,3881.0,15118.0,16.0,,564243.0,1138.0,37027.0,,4008,27484,413432,6150.0,234444.0,21334.0,178988.0,1513,244.0,114.0,724212.0,638105.0,59267.0,11441.0,5803.0,,,,,,,,,,116232976201.0,,41161018899.0,,75071957302.0,,,9267290,18.0,21.294423720418806,514.0,,,,9.063381475478433,,73.4,49.9,,2.9,3781550,14.41,5.2,,,,,,,,,,,,,,,,,,,,,,,,,,1781.0,6554.0,9089.0,14311.0,8890.0,29033.0,163952.0,7502350.0,3179871.0,2295975.0,,34.45632345767726,,,,2451458.0,,,,,,,,,,,,,,22.2,36.3,5.7,,,34652.0,735.0,49281.0,9746.0,,,112321.0,27987.0,22807.0,,2974.0,3.2,,429.0,,,,,,,,,,5331539.0,1973416.0,37.0140028986002,28.831161779946786,0.09745409894697345,2457512.0,0.027209242367016134,167062.0,2661.4,,1.2,31.3,29.8,,,780.0,4319.0,14.1,45.527389629900284,24.42297955085056,16.3,,,4.77
2022,11000,서울특별시,서울특별시,서울특별시,,,,,,,,,,,5251.0,87.0,5543.0,1697.0,,,,,,,,,183.0,27.0,25.0,218.0,546.0,1566.0,1.0,,99050.0,87.0,4710.0,,1106,3646,32385,502.0,16125.0,3144.0,16260.0,534,19.0,16.0,92577.0,84729.0,3143.0,2697.0,1359.0,,,,,,,,,,28469266813.0,,10056664389.0,,18412602424.0,,,1658207,17.6,18.638927468042287,,,,,7.540515338812311,,83.2,80.9,,3.4,708463,15.33,1.6,,,,,,,,,,,,,,,,,,,,,,,,,,361.0,1049.0,2337.0,4374.0,1341.0,4803.0,25818.0,1564187.0,868694.0,373549.0,,38.161904236782405,,,,412409.0,,,,,,,,,,,,,,23.5,38.0,6.0,,,6011.0,46.0,7968.0,1395.0,,,32704.0,7511.0,5225.0,,284.0,4.8,,214.0,,,,,,,,,,939452.0,309072.0,32.8991795216786,35.41475604845465,0.08116672191146901,470395.0,0.027388402788076523,32319.0,4338.9,,1.2,25.2,24.1,,,1268.0,586.0,9.8,55.94627265929857,23.446062613802052,7.9,,,4.37
2022,21000,부산광역시,부산광역시,부산광역시,,,,,,,,,,,2176.0,55.0,2298.0,907.0,,,,,,,,,37.0,4.0,5.0,81.0,144.0,523.0,2.0,,39234.0,58.0,2193.0,,308,1454,17688,119.0,6821.0,1335.0,10867.0,137,19.0,7.0,69800.0,62812.0,4939.0,861.0,457.0,,,,,,,,,,9124895441.0,,3678251225.0,,5446644216.0,,,712412,21.5,22.54439846605616,,,,,11.093122442284116,,66.3,53.7,,3.0,222943,15.94,2.5,,,,,,,,,,,,,,,,,,,,,,,,,,160.0,513.0,690.0,1057.0,541.0,2353.0,11515.0,511745.0,195611.0,152003.0,,35.34577728661959,,,,227066.0,,,,,,,,,,,,,,20.7,34.5,4.6,,,2106.0,24.0,2872.0,657.0,,,8356.0,1820.0,1806.0,,137.0,3.6,,26.0,,,,,,,,,,421980.0,160609.0,38.0608085691265,36.7686341941603,0.1188610529349107,184789.0,0.026759701921036536,10719.0,3459.7,,1.0,32.4,31.8,,,885.0,381.0,21.0,46.6285586244872,25.222224987762488,6.7,,,6.84
2022,22000,대구광역시,대구광역시,대구광역시,,,,,,,,,,,2034.0,28.0,2204.0,701.0,,,,,,,,,,,,134.0,180.0,674.0,0.0,,26836.0,55.0,1769.0,,197,1419,20288,265.0,9524.0,1154.0,10764.0,74,12.0,2.0,41069.0,36054.0,3255.0,586.0,373.0,,,,,,,,,,6709606776.0,,2503952782.0,,4205653993.0,,,435698,18.4,22.744423889942116,,,,,9.803489000172135,,68.0,51.1,,2.9,164014,14.18,2.5,,,,,,,,,,,,,,,,,,,,,,,,,,81.0,376.0,493.0,804.0,462.0,1438.0,8490.0,341667.0,129546.0,110539.0,,33.80050532530564,,,,148146.0,,,,,,,,,,,,,,22.0,35.4,6.5,,,1980.0,10.0,2783.0,503.0,,,6192.0,1373.0,1245.0,,137.0,3.7,,24.0,,,,,,,,,,261033.0,99097.0,37.96339926369463,36.55018808175929,0.12229713286968208,124130.0,0.02839307650157759,7928.0,3042.1,,1.2,28.8,28.1,,,832.0,236.0,17.4,44.77045577074607,24.14390368561531,15.5,,,6.27
2022,23000,인천광역시,인천광역시,인천광역시,,,,,,,,,,,987.0,33.0,1034.0,317.0,,,,,,,,,,,,159.0,227.0,1072.0,0.0,,36101.0,63.0,2273.0,,170,1722,27124,485.0,18848.0,1237.0,8276.0,55,10.0,3.0,36651.0,32092.0,3045.0,616.0,400.0,,,,,,,,,,5941161692.0,,2088432514.0,,3852729179.0,,,463850,15.6,20.202004958499515,,,,,7.726940269523909,,71.4,57.7,,3.3,229702,14.19,2.2,,,,,,,,,,,,,,,,,,,,,,,,,,97.0,407.0,424.0,699.0,437.0,1871.0,8298.0,376392.0,152489.0,128553.0,,31.036726198967457,,,,166083.0,,,,,,,,,,,,,,20.7,33.7,5.4,,,1059.0,13.0,1409.0,223.0,,,5375.0,1359.0,1123.0,,218.0,2.6,,13.0,,,,,,,,,,259471.0,93707.0,36.11463323454259,35.6684201951983,0.1167586383971243,145972.0,0.027026515689001145,8571.0,3146.7,,1.4,34.1,32.3,,,871.0,279.0,12.4,38.89132597107807,22.982240354120258,20.3,,,5.6
2022,24000,광주광역시,광주광역시,광주광역시,,,,,,,,,,,1122.0,34.0,1220.0,304.0,,,,,,,,,9.0,4.0,5.0,43.0,174.0,305.0,0.0,,21480.0,18.0,1116.0,,115,890,10171,99.0,3766.0,791.0,6405.0,43,14.0,5.0,39257.0,36689.0,1434.0,412.0,165.0,,,,,,,,,,4045602832.0,,1790627230.0,,2254975602.0,,,222970,15.6,22.859577521639682,,,,,8.17807243298056,,67.3,46.0,,2.9,102922,15.37,4.4,,,,,,,,,,,,,,,,,,,,,,,,,,44.0,146.0,419.0,455.0,403.0,981.0,6510.0,221464.0,100058.0,68628.0,,35.53362042961755,,,,94137.0,,,,,,,,,,,,,,24.5,36.6,5.8,,,1089.0,17.0,1622.0,170.0,,,3751.0,1050.0,687.0,,50.0,3.8,,3.0,,,,,,,,,,133274.0,50970.0,38.24451881087084,37.022204842850684,0.1339975801590816,90482.0,0.032002293819560663,5469.0,3289.8,,1.0,35.2,33.4,,,884.0,174.0,27.4,47.0352089503126,24.929618906813616,16.6,,,6.58
2022,25000,대전광역시,대전광역시,대전광역시,,,,,,,,,,,1105.0,20.0,1212.0,346.0,,,,,,,,,,,,87.0,171.0,468.0,0.0,,17904.0,50.0,1053.0,,138,850,13220,147.0,7170.0,703.0,6050.0,64,4.0,2.0,23559.0,21116.0,1728.0,448.0,67.0,,,,,,,,,,3689062539.0,,1322650865.0,,2366411674.0,,,232663,16.1,21.6523469567572,,,,,7.792579438616247,,68.5,46.8,,2.4,98163,14.87,2.5,,,,,,,,,,,,,,,,,,,,,,,,,,76.0,319.0,293.0,375.0,233.0,920.0,5326.0,249006.0,127766.0,66972.0,,38.517558324078,,,,75140.0,,,,,,,,,,,,,,23.1,36.8,6.3,,,1085.0,10.0,1582.0,226.0,,,3773.0,856.0,777.0,,97.0,3.7,,19.0,,,,,,,,,,135216.0,50377.0,37.25668559933736,35.21998877939114,0.10913639173627385,75912.0,0.031798085798960304,5236.0,3301.5,,1.0,28.3,26.7,,,887.0,146.0,16.3,53.546402467645684,24.92844035331296,15.2,,,5.2
2022,26000,울산광역시,울산광역시,울산광역시,,,,,,,,,,,606.0,11.0,648.0,261.0,,,,,,,,,10.0,4.0,2.0,31.0,49.0,219.0,0.0,,9735.0,17.0,539.0,,58,397,6281,55.0,2293.0,342.0,3988.0,17,5.0,6.0,15257.0,13594.0,1140.0,198.0,55.0,,,,,,,,,,2264385053.0,,861323179.0,,1403061873.0,,,163812,14.7,20.734744707347446,,,,,7.481530755642095,,72.6,54.7,,3.2,75609,13.11,3.4,,,,,,,,,,,,,,,,,,,,,,,,,,44.0,280.0,142.0,190.0,179.0,516.0,2629.0,137096.0,52704.0,50098.0,,30.19748985678351,,,,41510.0,,,,,,,,,,,,,,20.3,37.1,4.8,,,573.0,4.0,833.0,198.0,,,1808.0,509.0,420.0,,47.0,2.5,,7.0,,,,,,,,,,97035.0,33966.0,35.00386458494358,30.273340220470452,0.0813994669392822,44589.0,0.02726628895184136,3157.0,2783.6,,1.3,31.4,31.7,,,794.0,90.0,13.7,38.551114752179764,22.786007650218547,9.6,,,3.74
2022,29000,세종특별자치시,세종특별자치시,세종특별자치시,,,,,,,,,,,137.0,9.0,135.0,49.0,,,,,,,,,,,,10.0,16.0,55.0,0.0,,2075.0,6.0,132.0,,19,85,1742,19.0,739.0,66.0,1003.0,11,1.0,0.0,2069.0,1930.0,93.0,37.0,7.0,,,,,,,,,,496882490.0,,106232644.0,,390649846.0,,,40219,10.5,17.700589273726347,818.0,,,,4.622157006603081,,72.4,65.8,,2.0,22273,13.22,8.4,,,,,,,,,,,,,,,,,,,,,,,,,,14.0,48.0,38.0,81.0,37.0,99.0,1030.0,50561.0,29986.0,12643.0,,32.82776800264902,,,,8165.0,,,,,,,,,,,,,,23.7,41.1,5.8,,,119.0,4.0,170.0,34.0,,,496.0,145.0,129.0,,11.0,2.0,,2.0,,,,,,,,,,20779.0,7119.0,34.26055151835988,25.10942932614073,0.08863992716605129,14020.0,0.03322650864675293,1099.0,2627.3,,0.9,30.5,30.5,,,656.0,10.0,5.4,41.60965794768612,20.954322460885706,8.1,,,2.13
2022,31000,경기도,경기도,경기도,,,,,,,,,,,7924.0,186.0,8726.0,2610.0,,,,,,,,,162.0,55.0,76.0,589.0,958.0,4733.0,4.0,,136514.0,214.0,8842.0,,859,6743,120617,2136.0,81568.0,4607.0,39049.0,313,36.0,23.0,143126.0,126391.0,12023.0,2379.0,938.0,,,,,,,,,,24705122008.0,,7906984556.0,,16798137453.0,,,1992807,14.7,18.283757533970928,,,,,6.738718204655737,,75.4,66.3,,2.7,1034544,14.98,3.4,,,,,,,,,,,,,,,,,,,,,,,,,,406.0,1537.0,1934.0,2914.0,1890.0,7164.0,32318.0,1634147.0,725664.0,535295.0,,30.223010588383904,,,,443985.0,,,,,,,,,,,,,,21.8,38.2,5.8,,,7938.0,113.0,11740.0,1803.0,,,23893.0,6457.0,5051.0,,956.0,2.6,,68.0,,,,,,,,,,1079453.0,364360.0,33.75413288026435,32.53205951164322,0.08781178045072326,535934.0,0.02611239571444885,39559.0,4495.3,,1.2,29.6,28.5,,,1187.0,987.0,10.5,39.29028171073078,21.66336364397935,19.0,,,3.27
2022,32000,강원도,강원도,강원도,,,,,,,,,,,1432.0,64.0,1685.0,529.0,,,,,,,,,49.0,25.0,21.0,134.0,236.0,584.0,0.0,,17820.0,73.0,1383.0,,90,933,16955,327.0,11687.0,606.0,5268.0,22,15.0,4.0,17017.0,14433.0,1632.0,428.0,196.0,,,,,,,,,,2967425946.0,,977689650.0,,1989736296.0,,,349874,22.8,23.822576127405867,91.0,,,,12.169602639820702,,74.5,27.6,,3.2,104617,13.14,6.8,,,,,,,,,,,,,,,,,,,,,,,,,,63.0,182.0,237.0,321.0,371.0,702.0,4353.0,254441.0,83035.0,86425.0,,37.15036611451391,,,,85681.0,,,,,,,,,,,,,,20.6,32.1,5.7,,,1303.0,47.0,2052.0,438.0,,,2778.0,725.0,574.0,,131.0,2.7,,4.0,,,,,,,,,,208143.0,83349.0,40.04410429368271,23.503674217293778,0.11307979993320111,82272.0,0.027132145052243394,5518.0,1056.7,,1.4,32.9,31.7,,,344.0,109.0,11.1,46.0658075038973,29.322652661007403,28.8,,,5.58
2022,33000,충청북도,충청북도,충청북도,,,,,,,,,,,1490.0,67.0,1666.0,617.0,,,,,,,,,21.0,22.0,16.0,121.0,127.0,736.0,1.0,,18990.0,41.0,1436.0,,111,1051,19594,325.0,11216.0,726.0,8378.0,32,9.0,6.0,21383.0,17160.0,3214.0,322.0,246.0,,,,,,,,,,2950318977.0,,905715461.0,,2044603515.0,,,316939,19.9,23.151142648900894,219.0,,,,10.409809551913561,,72.0,34.7,,2.5,110268,14.39,9.3,,,,,,,,,,,,,,,,,,,,,,,,,,49.0,157.0,208.0,321.0,344.0,1013.0,6306.0,260948.0,102018.0,83608.0,,37.021042357107184,,,,78709.0,,,,,,,,,,,,,,21.3,32.9,5.7,,,1397.0,35.0,2084.0,465.0,,,2542.0,700.0,642.0,,116.0,2.4,,4.0,,,,,,,,,,185516.0,73375.0,39.55184458483365,23.14219710339541,0.09016598697860771,75615.0,0.0273131194270585,5385.0,1698.7,,1.5,32.5,30.6,,,561.0,127.0,13.4,47.18315396106689,27.77010150395919,26.5,,,4.93
2022,34000,충청남도,충청남도,충청남도,,,,,,,,,,,1772.0,121.0,1976.0,864.0,,,,,,,,,52.0,34.0,26.0,151.0,152.0,879.0,1.0,,29017.0,81.0,1992.0,,125,1424,23429,359.0,13426.0,1065.0,10003.0,31,9.0,4.0,28596.0,24723.0,2852.0,359.0,250.0,,,,,,,,,,3801013431.0,,1218193982.0,,2582819448.0,,,436895,20.6,22.705226656290414,265.0,,,,10.650761781032243,,71.1,37.0,,2.3,154577,14.92,9.7,,,,,,,,,,,,,,,,,,,,,,,,,,76.0,244.0,278.0,473.0,348.0,1103.0,7689.0,340741.0,132023.0,106111.0,,36.5849232850532,,,,88800.0,,,,,,,,,,,,,,23.5,36.4,8.4,,,1507.0,74.0,2176.0,572.0,,,3242.0,974.0,836.0,,142.0,2.4,,0.0,,,,,,,,,,255691.0,99198.0,38.796046790853026,23.260522310931105,0.09314813679009949,101754.0,0.02723040622409285,7259.0,1623.1,,1.3,37.0,34.4,,,498.0,175.0,13.5,45.51246031280918,27.77694883131638,23.0,,,4.18
2022,35000,전라북도,전라북도,전라북도,,,,,,,,,,,1577.0,121.0,1681.0,663.0,,,,,,,,,,,,123.0,194.0,753.0,0.0,,26923.0,62.0,2003.0,,135,1450,22521,252.0,9435.0,1198.0,13086.0,50,10.0,1.0,39581.0,35873.0,2387.0,445.0,577.0,,,,,,,,,,4360506359.0,,1710758407.0,,2649747952.0,,,410619,23.2,24.31475406642167,220.0,,,,12.838313959469192,,69.8,28.1,,2.4,124005,12.87,12.2,,,,,,,,,,,,,,,,,,,,,,,,,,66.0,206.0,303.0,432.0,436.0,1099.0,9639.0,284613.0,93301.0,88889.0,,36.59770085382162,,,,128522.0,,,,,,,,,,,,,,24.4,34.7,6.0,,,1376.0,73.0,1879.0,442.0,,,3694.0,946.0,934.0,,127.0,3.1,,14.0,,,,,,,,,,243368.0,99841.0,41.02470332993656,23.659000996138648,0.12498223880353036,99395.0,0.030039321859085928,6990.0,1493.3,,1.3,37.3,33.1,,,512.0,191.0,22.4,46.04682610970181,27.02442227768978,20.7,,,7.26
2022,36000,전라남도,전라남도,전라남도,,,,,,,,,,,2212.0,111.0,2502.0,926.0,,,,,,,,,,,,168.0,142.0,718.0,6.0,,27130.0,57.0,1963.0,,123,1366,19888,313.0,10334.0,1053.0,9554.0,24,31.0,13.0,41485.0,36627.0,3569.0,394.0,159.0,,,,,,,,,,4029376545.0,,1547185659.0,,2482190886.0,,,457481,25.2,25.64718534758821,144.0,,,,14.953386563350305,,71.6,28.3,,2.2,136391,10.94,14.8,,,,,,,,,,,,,,,,,,,,,,,,,,34.0,168.0,309.0,410.0,512.0,1172.0,11025.0,283429.0,72241.0,92615.0,,36.121940495383264,,,,104064.0,,,,,,,,,,,,,,22.7,30.2,4.1,,,1903.0,71.0,2802.0,623.0,,,3172.0,809.0,820.0,,121.0,2.6,,12.0,,,,,,,,,,272157.0,117331.0,43.11151284001514,19.042398861152783,0.11180984209555903,96420.0,0.027796337801835328,6573.0,1327.8,,1.3,36.3,33.1,,,403.0,219.0,22.8,39.883949472196456,28.076467182227987,24.0,,,5.73
2022,37000,경상북도,경상북도,경상북도,,,,,,,,,,,2903.0,151.0,3224.0,1317.0,,,,,,,,,,,,193.0,234.0,1013.0,0.0,,38112.0,118.0,2726.0,,175,1938,31077,426.0,15850.0,1512.0,15227.0,30,22.0,7.0,43561.0,35350.0,6431.0,501.0,154.0,,,,,,,,,,4510898147.0,,1479564024.0,,3031334123.0,,,618275,23.8,24.691278152925477,138.0,,,,13.089189286516575,,73.5,30.0,,2.5,187965,13.74,9.6,,,,,,,,,,,,,,,,,,,,,,,,,,70.0,330.0,364.0,570.0,524.0,1283.0,8919.0,430969.0,136662.0,138283.0,,36.95162333041243,,,,147353.0,,,,,,,,,,,,,,20.5,33.6,6.5,,,2560.0,109.0,3607.0,999.0,,,3615.0,978.0,1031.0,,183.0,2.2,,0.0,,,,,,,,,,372379.0,152660.0,40.99586711388129,20.620567329830923,0.10364554586818756,130136.0,0.025783434750777132,8593.0,1469.2,,1.4,36.4,34.0,,,468.0,262.0,16.8,45.97188442946383,28.043089864512716,22.2,,,5.67
2022,38000,경상남도,경상남도,경상남도,,,,,,,,,,,2468.0,138.0,2663.0,1237.0,,,,,,,,,43.0,46.0,28.0,160.0,249.0,789.0,1.0,,43239.0,98.0,2558.0,,243,1875,24682,251.0,11669.0,1624.0,13013.0,57,27.0,15.0,64050.0,54045.0,8003.0,579.0,313.0,,,,,,,,,,6959125902.0,,2664249250.0,,4294876652.0,,,638801,19.5,24.45534681379647,312.0,,,,11.217873227785564,,69.8,37.5,,3.3,242560,13.02,8.2,,,,,,,,,,,,,,,,,,,,,,,,,,120.0,526.0,529.0,664.0,696.0,2073.0,11756.0,468772.0,144447.0,165885.0,,33.66144672441922,,,,168197.0,,,,,,,,,,,,,,22.9,36.7,4.4,,,1985.0,68.0,2726.0,803.0,,,5716.0,1459.0,1257.0,,159.0,2.6,,13.0,,,,,,,,,,382666.0,156221.0,40.824374258491744,25.196213555768605,0.10232285698596036,156520.0,0.026218320890925045,10427.0,1993.0,,1.3,32.9,31.6,,,596.0,299.0,19.5,38.82086399380788,26.107423110699816,13.4,,,5.13
2022,39000,제주특별자치도,제주특별자치도,제주특별자치도,,,,,,,,,,,718.0,22.0,775.0,271.0,,,,,,,,,8.0,8.0,7.0,58.0,115.0,174.0,0.0,,4602.0,40.0,385.0,,36,241,5770,70.0,3973.0,171.0,1797.0,19,1.0,0.0,5174.0,4487.0,379.0,179.0,87.0,,,,,,,,,,1208325250.0,,342543081.0,,865782169.0,,,115768,17.1,19.14518692557529,365.0,,,,8.023893565028509,,70.5,37.1,,2.1,62534,12.53,3.0,,,,,,,,,,,,,,,,,,,,,,,,,,20.0,66.0,91.0,171.0,136.0,443.0,2331.0,92172.0,33626.0,35879.0,,33.36844963345099,,,,33491.0,,,,,,,,,,,,,,22.2,33.3,5.3,,,661.0,17.0,976.0,195.0,,,1214.0,316.0,250.0,,61.0,2.6,,6.0,,,,,,,,,,63926.0,22164.0,34.671338735412824,23.32626788116882,0.09105889475967405,29177.0,0.02346004525920236,2260.0,1863.1,,2.1,32.8,30.3,,,552.0,48.0,7.6,39.96719518862766,28.12230565440266,16.5,,,4.94
2023,00000,전국,전국,전국,,,,,,,,,,,38960.0,1240.0,43005.0,14684.0,,,,,,,,,559.0,355.0,280.0,2400.0,4385.0,15967.0,7.0,,610069.0,1229.0,39499.0,,4113,28366,437936,6269.0,246477.0,22097.0,191459.0,1592,232.0,137.0,710552.0,626514.0,54427.0,11552.0,6238.0,,,,,,,,,,121827666899.0,,43571115078.0,,78256551821.0,,,9730411,19.0,21.973450042346617,515.0,,,,9.686457189315638,,74.1,50.1,,2.7,3769862,14.14,5.1,,,,,,,,,,,,,,,,,,,,,,,,,,1751.0,6414.0,8988.0,14570.0,8902.0,29987.0,165805.0,7829035.0,3272176.0,2370266.0,,35.4685768117095,,,,2554627.0,,,,,,,,,,,,,,21.8,37.8,5.5,,,39614.0,745.0,56067.0,11144.0,,,114699.0,28392.0,23106.0,,3264.0,3.2,,457.0,,,,,,,,,,5655260.0,2138107.0,37.807404080449,30.885328529728778,10.1,2567968.0,2.7,167755.0,2567.0,,1.2,30.1,28.7,,,777.0,4391.0,,47.02640796060227,25.19404143816535,,,,4.98
2023,11000,서울특별시,서울특별시,서울특별시,,,,,,,,,,,5731.0,71.0,6117.0,1816.0,,,,,,,,,150.0,25.0,23.0,206.0,610.0,1577.0,1.0,,105764.0,91.0,4927.0,,1161,3711,33225,488.0,16318.0,3223.0,16907.0,560,18.0,24.0,90338.0,82322.0,2954.0,2786.0,1325.0,,,,,,,,,,30000181604.0,,10647405409.0,,19352776196.0,,,1733580,18.5,19.28656306602522,15533.0,,,,8.072803676014853,,83.0,81.2,,2.7,702623,14.96,1.7,,,,,,,,,,,,,,,,,,,,,,,,,,351.0,1044.0,2306.0,4511.0,1319.0,4903.0,26127.0,1627480.0,901962.0,378662.0,,39.29536449041314,,,,427880.0,,,,,,,,,,,,,,22.8,38.6,5.9,,,6864.0,42.0,9129.0,1569.0,,,33868.0,7484.0,5272.0,,300.0,5.0,,238.0,,,,,,,,,,991970.0,334348.0,33.705454802060544,37.089932807602075,8.4,486955.0,2.7,32286.0,4230.0,,1.1,24.3,23.2,,,1263.0,610.0,,57.69023388554978,24.068897219880984,,,,4.56
2023,21000,부산광역시,부산광역시,부산광역시,,,,,,,,,,,2259.0,50.0,2416.0,916.0,,,,,,,,,28.0,4.0,5.0,91.0,176.0,549.0,1.0,,41788.0,63.0,2386.0,,314,1495,19513,122.0,6932.0,1373.0,12581.0,139,19.0,8.0,69827.0,63245.0,4564.0,908.0,341.0,,,,,,,,,,9512971062.0,,3848989110.0,,5663981952.0,,,745199,22.6,23.421931591427256,4258.0,,,,11.935142409347895,,65.7,53.2,,3.1,218970,15.54,2.5,,,,,,,,,,,,,,,,,,,,,,,,,,160.0,513.0,725.0,1108.0,563.0,2520.0,11779.0,532509.0,200903.0,153680.0,,36.41326199873633,,,,234657.0,,,,,,,,,,,,,,18.2,34.2,4.6,,,2356.0,27.0,3166.0,719.0,,,8460.0,1844.0,1816.0,,153.0,3.7,,26.0,,,,,,,,,,447333.0,174540.0,39.017912830039364,39.08788729106586,12.3,190746.0,2.7,10799.0,3213.0,,1.0,31.2,30.5,,,879.0,395.0,,48.19875150543878,25.841731167300324,,,,7.13
2023,22000,대구광역시,대구광역시,대구광역시,,,,,,,,,,,2146.0,40.0,2353.0,741.0,,,,,,,,,20.0,4.0,6.0,129.0,187.0,712.0,0.0,,29547.0,66.0,1933.0,,208,1482,21602,266.0,9880.0,1216.0,11722.0,78,13.0,4.0,40594.0,35531.0,3041.0,599.0,346.0,,,,,,,,,,6987124913.0,,2620667152.0,,4366457761.0,,,466338,19.6,23.37746441422316,2666.0,,,,10.551102456549218,,69.6,52.3,,3.1,163675,13.96,2.8,,,,,,,,,,,,,,,,,,,,,,,,,,81.0,376.0,489.0,822.0,468.0,1508.0,8917.0,359048.0,133669.0,113874.0,,34.74978659321473,,,,154802.0,,,,,,,,,,,,,,21.4,38.0,6.1,,,2227.0,23.0,3070.0,539.0,,,6335.0,1401.0,1270.0,,145.0,3.8,,24.0,,,,,,,,,,281669.0,109018.0,38.70429475732154,39.503719179485394,12.8,132104.0,2.9,8135.0,2814.0,,1.2,28.6,27.6,,,797.0,235.0,,46.07385245364833,24.817585061589558,,,,6.52
2023,23000,인천광역시,인천광역시,인천광역시,,,,,,,,,,,1182.0,31.0,1234.0,410.0,,,,,,,,,15.0,9.0,9.0,162.0,238.0,1156.0,0.0,,38885.0,71.0,2409.0,,185,1785,29011,500.0,20193.0,1285.0,8818.0,60,10.0,9.0,35717.0,30893.0,3154.0,622.0,406.0,,,,,,,,,,6382692981.0,,2290553621.0,,4092139360.0,,,497057,16.6,20.62338926923874,2820.0,,,,8.252506907278242,,72.2,59.6,,3.2,233817,14.26,2.1,,,,,,,,,,,,,,,,,,,,,,,,,,95.0,392.0,423.0,718.0,450.0,1936.0,8398.0,395278.0,158792.0,132529.0,,31.821621551996188,,,,174116.0,,,,,,,,,,,,,,22.6,35.3,4.5,,,1221.0,14.0,1616.0,312.0,,,5661.0,1377.0,1149.0,,241.0,2.7,,17.0,,,,,,,,,,280621.0,102510.0,36.52969663710129,38.19957917413921,12.0,150562.0,2.7,8626.0,3025.0,,1.4,30.8,29.8,,,880.0,290.0,,40.024197207239,23.531260431388983,,,,5.81
2023,24000,광주광역시,광주광역시,광주광역시,,,,,,,,,,,1162.0,18.0,1284.0,269.0,,,,,,,,,8.0,4.0,5.0,43.0,219.0,325.0,0.0,,22647.0,17.0,1201.0,,116,921,10651,101.0,3927.0,820.0,6724.0,46,15.0,4.0,39172.0,36604.0,1285.0,405.0,219.0,,,,,,,,,,4244428895.0,,1899036649.0,,2345392246.0,,,233878,16.5,23.965058705820983,2921.0,,,,8.930659876800902,,68.9,46.2,,2.5,100863,14.81,4.2,,,,,,,,,,,,,,,,,,,,,,,,,,43.0,132.0,350.0,437.0,403.0,987.0,6619.0,228970.0,100376.0,70914.0,,36.483312672681095,,,,96473.0,,,,,,,,,,,,,,23.1,37.2,5.2,,,1303.0,9.0,1917.0,178.0,,,3783.0,1067.0,702.0,,55.0,3.9,,3.0,,,,,,,,,,141854.0,56049.0,39.51175151916759,38.144504198106304,13.8,93458.0,3.2,5496.0,3308.0,,1.0,33.6,31.8,,,877.0,170.0,,48.15582421800038,25.737212872598725,,,,6.8
2023,25000,대전광역시,대전광역시,대전광역시,,,,,,,,,,,1241.0,33.0,1360.0,391.0,,,,,,,,,6.0,0.0,1.0,94.0,174.0,501.0,0.0,,19233.0,57.0,1117.0,,139,888,14101,156.0,7873.0,732.0,6228.0,67,3.0,4.0,22650.0,20739.0,1209.0,425.0,69.0,,,,,,,,,,3850849810.0,,1419829557.0,,2431020253.0,,,244756,17.0,22.107731781856216,2731.0,,,,8.26347835781121,,68.7,46.4,,2.8,98380,14.72,2.4,,,,,,,,,,,,,,,,,,,,,,,,,,68.0,249.0,299.0,377.0,225.0,896.0,5415.0,257934.0,132254.0,67511.0,,39.390723096353284,,,,77554.0,,,,,,,,,,,,,,23.3,39.5,5.2,,,1374.0,14.0,1913.0,301.0,,,3793.0,859.0,767.0,,98.0,3.8,,19.0,,,,,,,,,,143809.0,54110.0,37.62629598981983,39.801270571403876,11.1,78629.0,3.1,5219.0,3331.0,,1.0,28.9,27.6,,,885.0,150.0,,55.18792537232466,25.265430920597144,,,,5.38
2023,26000,울산광역시,울산광역시,울산광역시,,,,,,,,,,,727.0,15.0,795.0,287.0,,,,,,,,,8.0,4.0,4.0,37.0,59.0,220.0,0.0,,9974.0,19.0,562.0,,63,423,6587,65.0,2533.0,358.0,4054.0,20,2.0,4.0,15776.0,14126.0,1094.0,225.0,63.0,,,,,,,,,,2362621635.0,,909061805.0,,1453559829.0,,,175709,15.9,21.050145410878212,1041.0,,,,8.073490217820744,,74.8,56.6,,3.4,74298,13.12,3.2,,,,,,,,,,,,,,,,,,,,,,,,,,44.0,280.0,146.0,210.0,197.0,549.0,2699.0,141595.0,53271.0,50995.0,,30.90723355212178,,,,43817.0,,,,,,,,,,,,,,19.5,37.7,4.7,,,670.0,9.0,976.0,247.0,,,1838.0,525.0,427.0,,54.0,2.5,,7.0,,,,,,,,,,104826.0,36987.0,35.28418522122374,28.83769609252187,8.5,46809.0,2.7,3170.0,2561.0,,1.1,29.6,30.0,,,789.0,88.0,,39.72986881260115,23.30443604590053,,,,3.97
2023,29000,세종특별자치시,세종특별자치시,세종특별자치시,,,,,,,,,,,191.0,7.0,211.0,74.0,,,,,,,,,0.0,2.0,2.0,9.0,17.0,53.0,0.0,,2226.0,7.0,140.0,,22,94,1873,21.0,834.0,73.0,1039.0,13,1.0,1.0,2145.0,2008.0,93.0,39.0,3.0,,,,,,,,,,542138150.0,,114045678.0,,428092472.0,,,42560,11.0,18.070958646616543,833.0,,,,4.9161361253867195,,76.1,69.7,,2.0,22363,13.03,8.2,,,,,,,,,,,,,,,,,,,,,,,,,,14.0,48.0,43.0,83.0,39.0,99.0,1075.0,51655.0,30224.0,12987.0,,33.01820459717215,,,,8607.0,,,,,,,,,,,,,,22.9,39.1,4.1,,,174.0,1.0,247.0,55.0,,,524.0,145.0,142.0,,11.0,2.1,,2.0,,,,,,,,,,22216.0,7691.0,34.619193374144764,29.911221483797668,8.3,13658.0,3.3,1128.0,2666.0,,0.8,34.2,33.3,,,661.0,10.0,,42.559423228568214,20.800499711704788,,,,2.23
2023,31000,경기도,경기도,경기도,,,,,,,,,,,8693.0,204.0,9757.0,2876.0,,,,,,,,,77.0,36.0,38.0,596.0,1055.0,5112.0,1.0,,149340.0,235.0,9539.0,,875,6917,128504,2188.0,87705.0,4729.0,40799.0,333,31.0,34.0,140056.0,124101.0,10880.0,2406.0,1059.0,,,,,,,,,,26244251303.0,,8536117386.0,,17708133918.0,,,2122718,15.6,19.1397067344791,1351.0,,,,7.38691322074231,,74.3,65.7,,2.6,1051999,14.87,3.3,,,,,,,,,,,,,,,,,,,,,,,,,,400.0,1526.0,1943.0,2983.0,1879.0,7327.0,32981.0,1714629.0,739068.0,562938.0,,31.174936691185344,,,,474086.0,,,,,,,,,,,,,,22.4,41.5,5.8,,,9170.0,124.0,13499.0,2226.0,,,24515.0,6632.0,5162.0,,1088.0,2.7,,68.0,,,,,,,,,,1165829.0,406282.0,34.84919314925259,35.06360256193158,9.1,561631.0,2.5,39791.0,4229.0,,1.1,28.0,27.1,,,1186.0,985.0,,40.42176974181124,22.52860407320402,,,,3.48
2023,32000,강원도,강원도,강원도,,,,,,,,,,,1472.0,72.0,1687.0,601.0,,,,,,,,,35.0,25.0,19.0,137.0,258.0,597.0,0.0,,18956.0,75.0,1431.0,,87,973,17287,332.0,11890.0,641.0,5397.0,22,15.0,4.0,16534.0,13935.0,1583.0,423.0,205.0,,,,,,,,,,3058769372.0,,1008856863.0,,2049912509.0,,,366555,24.0,24.989701409065486,91.0,,,,13.115648401368823,,76.8,29.4,,2.8,102607,12.71,6.6,,,,,,,,,,,,,,,,,,,,,,,,,,63.0,182.0,233.0,317.0,371.0,715.0,4378.0,271097.0,87596.0,90375.0,,38.816311335748345,,,,86667.0,,,,,,,,,,,,,,19.8,33.8,4.9,,,1420.0,43.0,2171.0,445.0,,,2776.0,749.0,573.0,,133.0,2.7,,4.0,,,,,,,,,,221439.0,91601.0,41.36624533167147,23.876216180334076,12.0,88508.0,2.7,5646.0,1047.0,,1.5,33.0,31.5,,,342.0,110.0,,48.316298670137954,30.73864583297904,,,,5.67
2023,33000,충청북도,충청북도,충청북도,,,,,,,,,,,1740.0,70.0,1945.0,749.0,,,,,,,,,17.0,26.0,17.0,121.0,144.0,764.0,1.0,,20543.0,44.0,1509.0,,114,1075,20308,315.0,11488.0,760.0,8820.0,35,8.0,6.0,20904.0,16984.0,2883.0,311.0,278.0,,,,,,,,,,3076103645.0,,949108363.0,,2126995282.0,,,332237,20.8,23.818840165303683,220.0,,,,10.987447082949776,,72.8,36.2,,2.3,111265,14.05,9.1,,,,,,,,,,,,,,,,,,,,,,,,,,49.0,157.0,203.0,319.0,364.0,1015.0,6357.0,277373.0,109193.0,87020.0,,38.51167194969391,,,,81577.0,,,,,,,,,,,,,,20.9,33.5,5.3,,,1611.0,44.0,2337.0,511.0,,,2525.0,721.0,650.0,,131.0,2.4,,4.0,,,,,,,,,,196338.0,79135.0,40.30549358758875,25.403641071805833,9.4,79469.0,2.7,5411.0,1543.0,,1.5,33.4,31.3,,,560.0,128.0,,49.61311105961679,28.845707618157352,,,,5.12
2023,34000,충청남도,충청남도,충청남도,,,,,,,,,,,1834.0,114.0,2013.0,869.0,,,,,,,,,24.0,38.0,23.0,148.0,213.0,934.0,1.0,,31530.0,81.0,2104.0,,124,1481,24917,368.0,14031.0,1113.0,10886.0,33,8.0,7.0,27955.0,24229.0,2431.0,365.0,321.0,,,,,,,,,,3926179778.0,,1252081980.0,,2674097798.0,,,454534,21.3,23.226865317005988,267.0,,,,11.12909023635112,,72.6,37.9,,2.6,156668,14.42,9.5,,,,,,,,,,,,,,,,,,,,,,,,,,74.0,241.0,246.0,457.0,353.0,1143.0,7752.0,354747.0,136243.0,110139.0,,37.39567861476169,,,,92992.0,,,,,,,,,,,,,,18.6,38.5,5.8,,,1657.0,72.0,2282.0,598.0,,,3274.0,1011.0,847.0,,158.0,2.4,,0.0,,,,,,,,,,267533.0,105574.0,39.46204767262356,24.717034751445798,9.7,106912.0,2.6,7229.0,1613.0,,1.3,33.9,31.2,,,499.0,198.0,,46.871086708224965,28.42524176127639,,,,4.37
2023,35000,전라북도,전라북도,전라북도,,,,,,,,,,,1645.0,102.0,1802.0,697.0,,,,,,,,,44.0,35.0,29.0,131.0,239.0,767.0,0.0,,28741.0,68.0,2094.0,,131,1514,24235,251.0,9599.0,1263.0,14636.0,51,10.0,8.0,38576.0,34657.0,2278.0,398.0,738.0,,,,,,,,,,4505549503.0,,1788422389.0,,2717127114.0,,,423128,24.1,25.06924618555142,219.0,,,,13.482253503225191,,71.1,27.9,,2.5,119936,12.31,12.0,,,,,,,,,,,,,,,,,,,,,,,,,,65.0,203.0,310.0,460.0,437.0,1143.0,9716.0,296799.0,96066.0,92336.0,,37.72349146833593,,,,131557.0,,,,,,,,,,,,,,22.9,36.6,5.7,,,1465.0,62.0,2090.0,488.0,,,3700.0,965.0,934.0,,136.0,3.2,,14.0,,,,,,,,,,253198.0,106075.0,41.89409079060656,25.840659155850453,12.8,102573.0,2.9,7041.0,1376.0,,1.2,36.6,34.0,,,508.0,203.0,,47.7676507003595,27.981877964149888,,,,7.5
2023,36000,전라남도,전라남도,전라남도,,,,,,,,,,,2376.0,128.0,2802.0,934.0,,,,,,,,,38.0,43.0,34.0,170.0,167.0,750.0,0.0,,28771.0,62.0,2092.0,,118,1403,21004,325.0,10756.0,1078.0,10248.0,26,30.0,3.0,40464.0,35996.0,3066.0,392.0,198.0,,,,,,,,,,4105595651.0,,1585155315.0,,2520440336.0,,,470874,26.1,26.18598605996509,143.0,,,,15.544047329400982,,72.5,28.7,,2.2,131332,10.59,14.5,,,,,,,,,,,,,,,,,,,,,,,,,,34.0,168.0,306.0,413.0,490.0,1217.0,10885.0,294583.0,73466.0,96800.0,,37.136258602279995,,,,107240.0,,,,,,,,,,,,,,21.6,30.5,5.1,,,2159.0,82.0,3286.0,684.0,,,3137.0,803.0,810.0,,131.0,2.6,,12.0,,,,,,,,,,282070.0,123303.0,43.71361718722303,20.94434815928302,11.7,103727.0,2.7,6657.0,1257.0,,1.4,34.6,30.9,,,400.0,215.0,,41.04245810055866,29.249219668287257,,,,5.94
2023,37000,경상북도,경상북도,경상북도,,,,,,,,,,,3019.0,133.0,3334.0,1349.0,,,,,,,,,46.0,42.0,30.0,202.0,276.0,1040.0,0.0,,40422.0,127.0,2889.0,,173,1961,32108,431.0,16126.0,1530.0,15982.0,30,22.0,6.0,42495.0,34114.0,6043.0,490.0,247.0,,,,,,,,,,4625506118.0,,1550058764.0,,3075447354.0,,,630486,24.7,25.205000586848875,137.0,,,,13.622048459018304,,75.0,29.7,,2.6,181877,13.63,9.3,,,,,,,,,,,,,,,,,,,,,,,,,,71.0,330.0,353.0,554.0,523.0,1317.0,8792.0,444108.0,141027.0,140891.0,,38.06877114060247,,,,151253.0,,,,,,,,,,,,,,22.1,34.8,5.8,,,2754.0,90.0,3893.0,1030.0,,,3590.0,997.0,1051.0,,194.0,2.2,,0.0,,,,,,,,,,382178.0,158914.0,41.58114805143153,22.903982681567843,10.7,134791.0,2.5,8441.0,1539.0,,1.4,35.2,32.6,,,465.0,263.0,,47.950589747338576,28.9401953433915,,,,5.92
2023,38000,경상남도,경상남도,경상남도,,,,,,,,,,,2760.0,126.0,3034.0,1410.0,,,,,,,,,34.0,48.0,28.0,166.0,298.0,850.0,2.0,,47023.0,108.0,2784.0,,242,1985,27059,271.0,12470.0,1714.0,14589.0,57,26.0,7.0,62215.0,52495.0,7560.0,587.0,337.0,,,,,,,,,,7150709702.0,,2797034624.0,,4353675078.0,,,669646,20.6,25.142388665055865,310.0,,,,11.987744895605195,,72.2,38.8,,2.5,238017,12.75,8.0,,,,,,,,,,,,,,,,,,,,,,,,,,118.0,507.0,522.0,647.0,687.0,2261.0,11563.0,487491.0,144816.0,172207.0,,34.709813482038854,,,,176280.0,,,,,,,,,,,,,,21.1,35.9,4.8,,,2473.0,76.0,3407.0,1019.0,,,5691.0,1493.0,1281.0,,176.0,2.6,,13.0,,,,,,,,,,404914.0,168365.0,41.580434363840226,26.89521030786225,10.7,165589.0,2.6,10380.0,1914.0,,1.3,32.4,31.2,,,591.0,295.0,,40.1295753884352,27.060701821101773,,,,5.42
2023,39000,제주특별자치도,제주특별자치도,제주특별자치도,,,,,,,,,,,782.0,26.0,861.0,295.0,,,,,,,,,9.0,10.0,7.0,54.0,107.0,183.0,0.0,,5006.0,38.0,411.0,,41,258,5951,69.0,3922.0,189.0,2029.0,22,1.0,4.0,5134.0,4535.0,309.0,171.0,83.0,,,,,,,,,,1251992777.0,,354690412.0,,897302365.0,,,121156,17.9,19.48314569645746,366.0,,,,8.481396978244076,,73.7,36.9,,1.9,61172,14.05,2.9,,,,,,,,,,,,,,,,,,,,,,,,,,21.0,66.0,91.0,154.0,134.0,451.0,2352.0,93739.0,33250.0,36408.0,,33.68090113720065,,,,35069.0,,,,,,,,,,,,,,21.5,34.9,4.9,,,716.0,13.0,1068.0,223.0,,,1229.0,319.0,253.0,,62.0,2.7,,6.0,,,,,,,,,,67463.0,23605.0,34.98954982731275,25.34656326286005,9.7,31847.0,2.3,2300.0,1805.0,,2.1,30.7,28.9,,,549.0,46.0,,40.39949941071407,28.445083363282652,,,,5.19
2024,00000,전국,전국,전국,,,,,,,,,,,40208.0,1299.0,44564.0,14859.0,,,,,,,,,535.0,319.0,247.0,2471.0,4989.0,16546.0,7.0,,636900.0,1275.0,41635.0,,4252,29058,460248,,,,,1688,233.0,114.0,,,,,,,,,,,,,,,128075117581.0,,45763401928.0,,82311715653.0,,,10256782,20.0,58.433619823449504,515.7,,,,26.883001526077,,70.9,48.6,,2.8,3715425,13.92,4.9,,,,,,,,,,,,,,,,,,,,,,,,,,1739.0,6377.0,9142.0,14866.0,8950.0,31007.0,167418.0,8044948.0,3300346.0,2408730.0,,36.08503096671862,,,,2673485.0,,,,,,,,,,,,,,20.1,37.0,5.1,,,42369.0,761.0,59776.0,11583.0,,,109274.0,28836.0,23642.0,,,3.2,,,,,,,,,,,,5993409.0,2288807.0,38.18873365725583,,10.6,2726259.0,2.7,170120.0,2588.0,,1.3,28.1,26.6,,,775.0,4492.0,13.8,48.09086880743798,25.657131596746964,,,,4.99
2024,11000,서울특별시,서울특별시,서울특별시,,,,,,,,,,,5926.0,107.0,6309.0,1808.0,,,,,,,,,141.0,27.0,21.0,209.0,673.0,1596.0,1.0,,107444.0,90.0,5086.0,,1231,3742,34208,,,,,607,18.0,22.0,,,,,,,,,,,,,,,30708509435.0,,10392412276.0,,20316097159.0,,,1813648,19.4,57.49930526761533,15425.0,,,,25.071150344440273,,81.2,79.8,,3.0,692618,14.98,1.6,,,,,,,,,,,,,,,,,,,,,,,,,,333.0,1036.0,2369.0,4691.0,1334.0,4958.0,26778.0,1660813.0,913855.0,379178.0,,39.928169285650064,,,,443952.0,,,,,,,,,,,,,,20.9,37.3,5.2,,,7275.0,66.0,9662.0,1655.0,,,30689.0,7484.0,5374.0,,,4.7,,,,,,,,,,,,1042835.0,356186.0,34.15554713832965,,8.8,508898.0,2.8,32815.0,4246.0,,1.1,22.8,21.7,,,1255.0,618.0,9.5,58.869513122125305,24.42732256630612,,,,4.590000000000001
2024,21000,부산광역시,부산광역시,부산광역시,,,,,,,,,,,2482.0,58.0,2660.0,992.0,,,,,,,,,29.0,4.0,4.0,89.0,188.0,576.0,1.0,,44011.0,63.0,2509.0,,320,1495,20095,,,,,145,20.0,9.0,,,,,,,,,,,,,,,10022551805.0,,4082728660.0,,5939823145.0,,,780576,23.9,60.44869429754438,4222.9,,,,32.0862364184577,,63.2,51.4,,3.0,212532,15.32,2.4,,,,,,,,,,,,,,,,,,,,,,,,,,155.0,452.0,744.0,1104.0,579.0,2590.0,11903.0,547517.0,201837.0,154768.0,,37.23182021567265,,,,243110.0,,,,,,,,,,,,,,19.4,32.2,3.4,,,2687.0,24.0,3609.0,800.0,,,8096.0,1872.0,1844.0,,,3.6,,,,,,,,,,,,471848.0,187176.0,39.668706871704444,,13.0,203967.0,2.7,10884.0,3196.0,,1.3,28.6,27.2,,,872.0,401.0,21.5,49.449854838116934,26.381073972621422,,,,7.180000000000001
2024,22000,대구광역시,대구광역시,대구광역시,,,,,,,,,,,2261.0,48.0,2441.0,784.0,,,,,,,,,23.0,2.0,6.0,131.0,205.0,732.0,1.0,,31462.0,77.0,2079.0,,215,1554,22773,,,,,82,13.0,2.0,,,,,,,,,,,,,,,7271614603.0,,2658876538.0,,4612738066.0,,,493256,20.9,60.622070486724944,1580.1,,,,28.649390790138053,,66.0,47.6,,3.4,157526,13.86,2.7,,,,,,,,,,,,,,,,,,,,,,,,,,82.0,386.0,495.0,842.0,451.0,1633.0,9188.0,370935.0,135461.0,115650.0,,35.53939767889941,,,,161699.0,,,,,,,,,,,,,,18.7,38.1,6.2,,,2242.0,25.0,3112.0,552.0,,,5844.0,1439.0,1321.0,,,3.6,,,,,,,,,,,,299022.0,117487.0,39.29042010286869,,13.3,135545.0,2.9,8326.0,2807.0,,1.1,26.5,25.4,,,793.0,254.0,17.4,47.11375596047566,25.431891349858383,,,,6.550000000000001
2024,23000,인천광역시,인천광역시,인천광역시,,,,,,,,,,,1288.0,49.0,1374.0,420.0,,,,,,,,,16.0,13.0,14.0,163.0,244.0,1227.0,0.0,,39973.0,70.0,2585.0,,189,1873,31208,,,,,63,10.0,5.0,,,,,,,,,,,,,,,6959920573.0,,2571832690.0,,4388087883.0,,,533369,17.7,56.89607007531371,2859.3,,,,23.930139819719226,,66.4,54.9,,3.3,233521,14.26,2.1,,,,,,,,,,,,,,,,,,,,,,,,,,94.0,412.0,442.0,731.0,452.0,1957.0,8613.0,411532.0,161622.0,136376.0,,32.451801191199976,,,,184260.0,,,,,,,,,,,,,,20.4,35.9,5.0,,,1438.0,21.0,1923.0,287.0,,,5634.0,1444.0,1197.0,,,2.7,,,,,,,,,,,,303466.0,112189.0,36.96921566172158,,12.4,158215.0,2.7,8825.0,3131.0,,1.3,30.0,28.9,,,887.0,291.0,11.9,40.764533629945745,24.06480996218478,,,,5.76
2024,24000,광주광역시,광주광역시,광주광역시,,,,,,,,,,,1195.0,15.0,1355.0,314.0,,,,,,,,,8.0,4.0,5.0,43.0,269.0,350.0,0.0,,23550.0,18.0,1269.0,,118,926,11154,,,,,47,15.0,5.0,,,,,,,,,,,,,,,4402029228.0,,1970093442.0,,2431935786.0,,,246980,17.5,61.015871730504486,2882.8,,,,23.975301924585278,,62.7,42.7,,3.0,99099,14.63,4.1,,,,,,,,,,,,,,,,,,,,,,,,,,43.0,132.0,356.0,446.0,412.0,1061.0,6692.0,232210.0,99133.0,71498.0,,36.94370067027178,,,,100201.0,,,,,,,,,,,,,,20.3,34.3,4.5,,,1432.0,10.0,2065.0,212.0,,,3599.0,1091.0,700.0,,,3.8,,,,,,,,,,,,150697.0,59993.0,39.81034791668049,,15.3,102915.0,3.2,5584.0,3337.0,,1.1,30.6,28.1,,,871.0,173.0,27.4,49.12924967786698,26.06134611529279,,,,6.8500000000000005
2024,25000,대전광역시,대전광역시,대전광역시,,,,,,,,,,,1310.0,18.0,1471.0,387.0,,,,,,,,,4.0,0.0,1.0,103.0,200.0,510.0,0.0,,19681.0,59.0,1159.0,,140,921,14370,,,,,70,3.0,2.0,,,,,,,,,,,,,,,4043767412.0,,1509608702.0,,2534158710.0,,,259245,18.0,59.044533163609714,2718.1,,,,23.233575833559744,,64.1,45.3,,3.0,96722,14.6,2.4,,,,,,,,,,,,,,,,,,,,,,,,,,68.0,249.0,308.0,381.0,225.0,937.0,5441.0,262156.0,132001.0,68214.0,,39.79108451180956,,,,80729.0,,,,,,,,,,,,,,18.7,41.5,5.1,,,1568.0,13.0,2225.0,314.0,,,3484.0,865.0,790.0,,,3.6,,,,,,,,,,,,153070.0,58287.0,38.078656823675445,,11.7,82808.0,3.0,5239.0,3616.0,,1.0,24.6,23.2,,,883.0,153.0,15.4,55.87793304011751,25.66375343774807,,,,5.390000000000001
2024,26000,울산광역시,울산광역시,울산광역시,,,,,,,,,,,742.0,25.0,803.0,300.0,,,,,,,,,9.0,3.0,3.0,35.0,80.0,225.0,0.0,,10330.0,19.0,602.0,,65,448,6952,,,,,20,2.0,5.0,,,,,,,,,,,,,,,2519449554.0,,993952603.0,,1525496951.0,,,188702,17.2,60.0730251931617,1041.4,,,,24.518430079897566,,72.7,51.7,,3.7,71767,13.02,3.1,,,,,,,,,,,,,,,,,,,,,,,,,,37.0,245.0,148.0,206.0,193.0,579.0,2751.0,146293.0,53617.0,51923.0,,31.641728417491816,,,,46345.0,,,,,,,,,,,,,,19.7,36.2,5.1,,,699.0,14.0,1001.0,246.0,,,1819.0,521.0,430.0,,,2.5,,,,,,,,,,,,113359.0,40443.0,35.67692022688979,,8.8,49748.0,2.7,3164.0,2691.0,,1.1,30.0,30.0,,,785.0,86.0,13.9,40.92588352034196,23.861014861722563,,,,3.9899999999999998
2024,29000,세종특별자치시,세종특별자치시,세종특별자치시,,,,,,,,,,,159.0,3.0,170.0,48.0,,,,,,,,,0.0,2.0,2.0,9.0,18.0,56.0,0.0,,2289.0,6.0,155.0,,23,100,1858,,,,,15,1.0,0.0,,,,,,,,,,,,,,,602611199.0,,135659009.0,,466952191.0,,,45301,11.6,52.93702125780888,839.0,,,,15.091786709964067,,72.0,63.8,,1.9,22449,13.19,7.9,,,,,,,,,,,,,,,,,,,,,,,,,,14.0,48.0,44.0,82.0,40.0,99.0,1018.0,52339.0,30084.0,13238.0,,32.938118702840136,,,,9369.0,,,,,,,,,,,,,,20.5,40.4,6.2,,,196.0,3.0,264.0,35.0,,,556.0,146.0,147.0,,,2.2,,,,,,,,,,,,23981.0,8326.0,34.7191526625245,,9.0,15433.0,3.2,1160.0,2713.0,,0.9,30.1,28.4,,,668.0,10.0,5.4,43.44448134937254,20.380263259179433,,,,2.1999999999999997
2024,31000,경기도,경기도,경기도,,,,,,,,,,,9039.0,192.0,10144.0,2836.0,,,,,,,,,66.0,35.0,35.0,616.0,1250.0,5344.0,1.0,,156370.0,235.0,10109.0,,903,7155,135881,,,,,351,31.0,23.0,,,,,,,,,,,,,,,28321518546.0,,9422684474.0,,18898834072.0,,,2269603,16.6,55.44828765206955,1364.0,,,,22.504288213742598,,70.8,62.7,,2.6,1054609,14.41,3.2,,,,,,,,,,,,,,,,,,,,,,,,,,403.0,1543.0,1955.0,3026.0,1895.0,7537.0,33717.0,1775259.0,747947.0,577683.0,,31.745996832658808,,,,506929.0,,,,,,,,,,,,,,20.3,39.5,5.4,,,9761.0,99.0,14196.0,2201.0,,,24355.0,6788.0,5355.0,,,2.7,,,,,,,,,,,,1258456.0,443569.0,35.24708054949875,,9.4,589446.0,2.5,40215.0,4377.0,,1.3,27.3,26.1,,,1191.0,1012.0,10.2,41.36078896318629,22.937427065213377,,,,3.46
2024,32000,강원도,강원도,강원도,,,,,,,,,,,1544.0,70.0,1835.0,609.0,,,,,,,,,35.0,22.0,15.0,150.0,275.0,624.0,0.0,,19949.0,78.0,1507.0,,87,988,18124,,,,,24,15.0,3.0,,,,,,,,,,,,,,,3188117472.0,,1056130356.0,,2131987116.0,,,384970,25.4,60.620048315453154,90.5,,,,33.21491653181099,,73.7,28.9,,2.8,100392,12.5,6.5,,,,,,,,,,,,,,,,,,,,,,,,,,66.0,187.0,234.0,323.0,389.0,738.0,4422.0,277109.0,87408.0,90795.0,,39.4403382849205,,,,89150.0,,,,,,,,,,,,,,22.2,37.7,5.3,,,1548.0,37.0,2397.0,518.0,,,2562.0,773.0,582.0,,,2.6,,,,,,,,,,,,233369.0,97404.0,41.738191447878684,,13.1,98613.0,2.7,5760.0,1058.0,,1.4,29.3,28.1,,,340.0,119.0,10.8,49.16417306004905,31.327417139939133,,,,5.71
2024,33000,충청북도,충청북도,충청북도,,,,,,,,,,,1773.0,61.0,2026.0,678.0,,,,,,,,,17.0,23.0,14.0,124.0,159.0,797.0,0.0,,21638.0,44.0,1593.0,,118,1109,21290,,,,,36,8.0,6.0,,,,,,,,,,,,,,,3228479102.0,,1011450079.0,,2217029024.0,,,349187,21.9,59.35845263426187,222.3,,,,28.511062080804635,,67.6,34.3,,2.2,108952,13.95,8.8,,,,,,,,,,,,,,,,,,,,,,,,,,49.0,157.0,218.0,330.0,372.0,1105.0,6268.0,284190.0,108876.0,88923.0,,39.091429294568826,,,,84716.0,,,,,,,,,,,,,,19.1,32.5,4.8,,,1858.0,36.0,2788.0,531.0,,,2496.0,717.0,659.0,,,2.4,,,,,,,,,,,,207272.0,84379.0,40.70930950634914,,10.3,89074.0,2.6,5471.0,1670.0,,1.5,29.1,27.2,,,559.0,127.0,13.1,50.35752939326383,29.5046883398698,,,,5.13
2024,34000,충청남도,충청남도,충청남도,,,,,,,,,,,2059.0,120.0,2334.0,976.0,,,,,,,,,26.0,31.0,19.0,153.0,245.0,976.0,1.0,,32649.0,86.0,2198.0,,123,1487,26122,,,,,37,9.0,3.0,,,,,,,,,,,,,,,4141862865.0,,1338933798.0,,2802929067.0,,,475648,22.3,59.075618945102256,271.4,,,,29.132289241066704,,70.6,37.6,,2.9,155327,14.12,9.2,,,,,,,,,,,,,,,,,,,,,,,,,,75.0,253.0,261.0,460.0,343.0,1207.0,7806.0,368123.0,139101.0,113940.0,,38.16573323186852,,,,97896.0,,,,,,,,,,,,,,19.5,35.7,6.1,,,1919.0,80.0,2753.0,720.0,,,3224.0,1039.0,872.0,,,2.4,,,,,,,,,,,,280992.0,112239.0,39.943841817560646,,10.3,115839.0,2.6,7351.0,1600.0,,1.5,30.8,28.4,,,501.0,195.0,13.0,48.16833517440552,29.085172535265198,,,,4.35
2024,35000,전라북도,전라북도,전라북도,,,,,,,,,,,1672.0,100.0,1871.0,721.0,,,,,,,,,41.0,35.0,25.0,132.0,286.0,789.0,0.0,,29480.0,69.0,2196.0,,141,1517,25662,,,,,53,9.0,1.0,,,,,,,,,,,,,,,4677456172.0,,1869927152.0,,2807529020.0,,,439263,25.3,59.94700213767151,217.8,,,,33.39056403519562,,67.5,27.3,,2.5,117500,12.08,11.8,,,,,,,,,,,,,,,,,,,,,,,,,,65.0,203.0,304.0,454.0,446.0,1269.0,9634.0,300985.0,94678.0,93076.0,,38.16598847862281,,,,135324.0,,,,,,,,,,,,,,19.8,35.7,5.5,,,1588.0,66.0,2286.0,524.0,,,3473.0,997.0,936.0,,,3.1,,,,,,,,,,,,263325.0,111025.0,42.16272666856546,,13.4,109268.0,2.9,7227.0,1328.0,,1.2,33.0,29.9,,,503.0,212.0,21.6,48.49214316445064,28.40592802382929,,,,7.57
2024,36000,전라남도,전라남도,전라남도,,,,,,,,,,,2386.0,131.0,2823.0,972.0,,,,,,,,,39.0,40.0,30.0,182.0,201.0,753.0,0.0,,30404.0,67.0,2161.0,,124,1446,22018,,,,,27,33.0,7.0,,,,,,,,,,,,,,,4274008746.0,,1675895455.0,,2598113291.0,,,486492,27.2,60.165223683020486,143.8,,,,36.63261628110717,,68.6,26.9,,2.7,127644,10.24,14.3,,,,,,,,,,,,,,,,,,,,,,,,,,40.0,188.0,307.0,412.0,486.0,1187.0,10739.0,301494.0,74037.0,98090.0,,37.733350688099804,,,,110861.0,,,,,,,,,,,,,,18.8,32.0,4.1,,,2197.0,83.0,3296.0,678.0,,,3098.0,812.0,797.0,,,2.6,,,,,,,,,,,,292699.0,128425.0,43.876132135743546,,12.1,108728.0,2.7,6735.0,1218.0,,1.4,34.3,31.0,,,396.0,219.0,22.8,42.16662300235787,29.760134950637436,,,,6.0
2024,37000,경상북도,경상북도,경상북도,,,,,,,,,,,2939.0,151.0,3244.0,1375.0,,,,,,,,,42.0,35.0,23.0,206.0,314.0,1062.0,0.0,,42141.0,138.0,3030.0,,176,1963,33378,,,,,30,21.0,7.0,,,,,,,,,,,,,,,4933535314.0,,1742960608.0,,3190574706.0,,,659227,26.0,60.6446641293515,139.9,,,,34.03601405418199,,71.5,29.8,,2.5,174034,13.44,9.1,,,,,,,,,,,,,,,,,,,,,,,,,,74.0,337.0,354.0,577.0,506.0,1407.0,8795.0,457153.0,142576.0,143352.0,,38.9199870253372,,,,157471.0,,,,,,,,,,,,,,19.2,34.4,5.9,,,2752.0,98.0,3792.0,1051.0,,,3640.0,997.0,1074.0,,,2.3,,,,,,,,,,,,399786.0,167622.0,41.92793144332217,,11.5,147257.0,2.5,8625.0,1501.0,,1.4,33.1,31.3,,,461.0,272.0,16.5,49.44220772690546,29.700533296868592,,,,5.9799999999999995
2024,38000,경상남도,경상남도,경상남도,,,,,,,,,,,2658.0,125.0,2867.0,1339.0,,,,,,,,,30.0,36.0,23.0,169.0,327.0,890.0,2.0,,49341.0,116.0,2981.0,,238,2071,29067,,,,,59,24.0,14.0,,,,,,,,,,,,,,,7465707359.0,,2948644467.0,,4517062892.0,,,704330,21.8,60.7540499481777,309.6,,,,30.224258006187405,,71.3,39.2,,2.3,231174,12.52,7.7,,,,,,,,,,,,,,,,,,,,,,,,,,121.0,492.0,516.0,634.0,693.0,2264.0,11383.0,501860.0,145388.0,175327.0,,35.44759779061719,,,,184319.0,,,,,,,,,,,,,,20.2,37.1,4.3,,,2445.0,78.0,3316.0,1061.0,,,5474.0,1529.0,1304.0,,,2.6,,,,,,,,,,,,427909.0,178888.0,41.80515016043131,,11.2,175146.0,2.6,10415.0,1893.0,,1.4,29.0,27.7,,,588.0,300.0,19.1,41.50859361617085,27.604117465535595,,,,5.46
2024,39000,제주특별자치도,제주특별자치도,제주특별자치도,,,,,,,,,,,775.0,26.0,837.0,300.0,,,,,,,,,9.0,7.0,7.0,56.0,117.0,182.0,0.0,,5342.0,40.0,436.0,,41,263,6088,,,,,22,1.0,0.0,,,,,,,,,,,,,,,1313978194.0,,381611621.0,,932366573.0,,,126985,18.9,56.16647635547506,364.7,,,,25.503742084052966,,71.4,38.4,,2.3,59559,13.46,2.8,,,,,,,,,,,,,,,,,,,,,,,,,,20.0,57.0,87.0,167.0,134.0,479.0,2270.0,94980.0,32725.0,36699.0,,33.9630332872054,,,,37154.0,,,,,,,,,,,,,,20.7,35.9,4.8,,,764.0,8.0,1091.0,198.0,,,1231.0,322.0,260.0,,,2.7,,,,,,,,,,,,71323.0,25169.0,35.28875678252457,,10.7,35359.0,2.3,2324.0,1817.0,,2.1,23.8,21.4,,,545.0,50.0,7.4,41.2247108916379,28.5555330770787,,,,5.2299999999999995
