Topic,Count,Name,Representation,Representative_Docs,manual_label
-1,2913,-1_party_president_trump_law,"['party', 'president', 'trump', 'law', 'country', 'south', 'election', 'government', 'political', 'work']","['korea needs to shut down all of the false information that got us in this mess to begin with following the constitutional court s decision on april 4 to remove former president yoon suk yeol from office far right online communities began promoting claims that yoon could run for president again however legal experts say these assertions are not supported by current law on platforms such as dc inside s u s politics gallery and the ruling people power party s gallery users posted messages suggesting that yoon could make a political comeback some posts gained hundreds of upvotes with comments including if he s acquitted in criminal court he can run again and there s no legal barrier to joining an early election these claims are based on the idea that there is no explicit law prohibiting a removed president from running again one user wrote impeachment just removed him from office it s not like he s in prison he didn t commit murder or corruption so as long as he s not sentenced to prison there s no reason he couldn t run again but experts say this interpretation is flawed under article 54 of the constitutional court act anyone removed from office through impeachment is banned from holding any public office for five years following the court s decision this alone rules out yoon s participation in the early election to be held within 60 days of his removal even after five years the situation remains uncertain according to the constitution the president serves a single five year term and may not be re elected while some argue that this ban on re election could allow for a second run if a president is removed mid term others interpret the ban as applying regardless of circumstances including impeachment adding further complexity if yoon is convicted in his upcoming criminal trial which begins april 14 on charges including insurrection he could lose his eligibility to run for office under the public official election act a person sentenced to imprisonment or higher cannot run in an election until the sentence is completed or its effect is nullified which could extend far beyond the five year mark far right communities push baseless claims after impeachment of former president url', 'as i understand they taeguki movement etc believe the following commies took over rok s center left party and were determined to block yoon s agenda therefore yoon s declaration of martial law was justified their belief that this is okay also is tied to nostalgia for park chunghee s muscular anticommunist and economic development leadership basically right wing dictator good and it was also related to their feeling that park s daughter surely must have been unjustly imprisoned by the same commies who were selling out the country to the north so in this deluded fan fic feverdream fantasy trump surely has the power to mobilize us troops to finish what yoon couldn t when he tried but failed to declare martial law with trump using us muscle the commies could be cleared out for sure what really weirds me out is how evangelical christian nationalist extremists sj church i m not writing out their full name because why i give them a shout out on any platform and pastor kh jun support yoon and park given how both of them were into the foo foo geomancy cult non christian stuff that most evangelicals are rather hostile too the folks who knock over cairns rock piles on mountain trails bc they are idolatrous and whatnot right wing extremists don t have to be logically or ideologically consistent to be disturbing and even potentially a real threat to public order the nazis and italian fascists very effectively combined ancient and pagan iconography with christian nationalism and violent hostility to socialists and communists and japanese imperialists did the same with their militarism shintoism and leader worship here in korea i wish these folks were a smaller fringe than they are polls show support between 4 and 10 percent but young men and the elderly do have a lot of hostility to the left and center left and anything perceived as socially liberal so soft support for some of what we might consider extreme right wing positions may go as high as 20 25 percent yesterday on a hike some of the guys i was with were white usa citizens and although a handful of ppl chatted with us the most enthusiastic was an elderly man in camo who immediately said okay america first he was also the most visibly nutty but this time of guy is fired up and i think a lot of these folks have a digital dementia media diet that sends them more and more energetically down the particular rabbit hole that led them to the beliefs that they are in now they ve got a very exciting and dramatic story and they get to feel like important characters in it part of a important restoration project with a national and spiritual duty i can think that these folks are nuts well also understanding the psychological drives that lead them to these views the same super majority is indeed is leading our lives and have other stories and things that we care about and live in a different media environment for sure but because a smaller coalition partners can get themselves into a position of being a power broker in careers national assembly and have a large enough base of support to get a few of the reserved seats for smaller parties it would be unwise to dismiss them completely i m just playing that the current center left leadership is competent enough and that there are no shocks are crises that would make a large number of people be attracted to the toxic swill these folks are drinking personally i m a lot more optimistic about korea than some other democracies because our democracy is young here in korea and the populace is well educated i think most people are smart enough that the decades of rapid economic development certainly overlapped with right wing dictator rule but did not occur because of those oppressive conditions we can be free and thrive as a democracy here in korea in fact and it shouldn t have to be sent out loud but here i am saying it we can of course only thrive in korea if we remain democratic right wing extremists might believe the constitutional was subverted but courts and the rule of law and properly administered elections are free freedoms that a lot of people i know are willing to die to protect i know people ranging from teenage to 70s who rushed to the protest when they heard about the martial law declaration and they would do it again if the extremists looked like there were gonna try something like that again', 'kwon young guk leader of the justice party was elected on april 30 as the presidential candidate of the social transformation solidarity council abbreviated as the council a coalition formed by three progressive minor parties outside the national assembly and various labor and social movement groups the council announced the results of its 21st presidential election primary vote that evening revealing that kwon secured 70 5 of the votes 4 565 votes defeating han sang gyun the former chairman of the korean confederation of trade unions who received 29 5 1 913 votes the final voter turnout was 85 7 in his acceptance speech kwon said this moment is filled with both concern and hope over whether progressive politics which stands boldly against inequality and discrimination in korean society can be restored like a plum blossom that never sells its fragrance even through a lifetime of cold i will steadfastly take the lead in turning a new page so that disillusioned progressive politics can once again be trusted as a real alternative he added beyond just a regime change i will lay the foundation for a complete social transformation and the birth of a new republic the council was launched on april 13 in preparation for the upcoming presidential election it was created through a coalition of the three non parliamentary progressive parties justice party labor party and green party alongside multiple labor and social movement groups after both kwon and han declared their candidacies on april 16 the council opened voter registration and held online voting from april 27 through the evening of april 30 to finalize the candidate known as a lawyer of the streets kwon has spent the past 23 years tackling major social disasters and labor issues including the yongsan tragedy the sewol ferry disaster and the ssangyong motor mass layoffs when declaring his candidacy kwon laid out six key policy goals preventing future martial law through constitutional reform bridging labor market disparities expanding care and welfare services addressing wealth inequality via taxation and debt relief prohibiting hate and discrimination protecting jobs amid multiple crises like climate change and ai disruption on may 1 labor day kwon plans to officially launch his campaign with a press conference in gwanghwamun seoul despite the justice party lacking parliamentary seats kwon is eligible to participate in the national election commission s official presidential tv debates because the party received over 3 of the national vote in the previous election meeting the threshold for inclusion however one pending issue remains a vote among party members on changing the party name a prerequisite agreed upon when forming the council since this election involves joint participation from diverse progressive forces there s a push to adopt a new unified party name on april 27 the justice party initiated a vote on democratic labor party a proposed campaign name and the final decision will be made on may 5']",outlier
0,516,0_china_south_north_nuclear,"['china', 'south', 'north', 'nuclear', 'military', 'war', 'sk', 'russia', 'chinese', 'nk']","['i m not korean so take this with a mug of salt but the tripwire logic still holds regardless of whatever trump says especially since there s more countries than just the us tho obviously the us is a formal ally and the biggest player by far the reality of the un tripwire force s is that they don t wait for a phone call from their respective capitals if they re being shelled if they are attacked they have to return fire or they die to be very direct the un force is drawn into the war by design trump might influence any continuation but he can t stop the immediate response of soldiers defending their own lives and he can t account for the choices of other countries having said that i also think it s not gonna happen if nk had wanted to attack they had a perfect excuse back in 2023 but they didn t bite even with a good reason to do so i d argue it shows they know an invasion would reveal internal cracks and lead to immediate regime instability besides the north also saw the mess russia made in ukraine with massive corruption and non operational equipment i find it highly unlikely nks gear is in better shape than that of russia which until a decade ago was still mostly integrated into global markets more importantly china would never greenlight it if nk were to invade with any form of chinese support both sk and dutch and other chips and chip making machines and their support would immediately cease between the possibility of losing taiwan s supply definitely losing significant tech capability inside china and then also losing south korean chips the chinese economy would be destroyed in a way only nuclear bombs could match beijing isn t going to let the north s aggression trigger an industrial dark age for china', 'if anything both the us and korea benefit from each other for us whether korea wants it or not use korea and japan as a strategic military frontiers in northeast asia having the us military force in korea get china north korea and russia think twice about coming down south for invasion because they don t want to fight the us when the us military by power is like what stronger than 2nd to 10th strongest military powers of other nations in the world combined lol don t get me wrong without the help of the us and un forces the korean war could ve ended much worse and there may have been only one korea under communist party by now or could have been absorbed into china like a lot of other central and west asian countries trump pulling shit like asking for ridiculous amount of money so korea can be protected is bit of stretch and bullshit as south korea can develop nuclear weapons to defend itself from their ugly neighbors on its own south korea gave up the nuclear weapons development program because supposedly the us was gonna protect s korea for giving up the nuclear weapons development and the us did pressure s korea to stop the nuclear weapons development program', 'i disagree with this on so many levels the presence of us ground troops in korea is a major strategic asset for rok national security and that really isn t something that can be called into question you mention the us ground troops but the us presence in korea is not a hugely significant land based force in fact the only us combat unit stationed in korea is the 2nd id which has a single stryker bct that is replaced every 9 months as its only infantry formation it s not insignificant but it s not the whole point of the us presence in korea in other words most of those troops are non combat roles and instead serve an administrative support role in commands and such the greatest value the us gives rok in terms of national security is in a its capacity to leverage its high concentration of naval and air based assets under indopacom to keep the geopolitical situation under control and b the provision of american high technology assets that rok would not have access to otherwise as well as a visual guarantee of the us s commitment to its nuclear umbrella over seoul one thing people seem to easily forget is that the threat of nk artillery and missiles pointed south is not the only national security threat faced by korea even if nk magically vanished tomorrow korea is still left in a potentially precarious situation where it needs to do whatever it can to prevent major conflicts across the south southeast asian trade route that it is desparately reliant on that means among other things keeping china s expansionism in check and this is something rok absolutely cannot do on its own it is in korea s best interest to allow the us to deploy its military assets in korea as it is doing across various other allied regions in the indo pacific and to cooperate with them to best manage this threat not only that the presence of us troops and assets in korea gives rok access to american military capabilities that it otherwise would not be able to match or at the very least have to spend decades of r d to replicate things like thaad missiles advanced surveillance drones and sattelite terminals are strictly proprietary to the us and would likely not be availiable by export or otherwise if us forces are not directly controlling them while rok has been and is currently actively working to reduce the technology gap between the domestic defense industry and the us defense industry with things like the kamd and such it s simply a good idea to let us forces be on korean soil and operate those advanced systems to our benefit until our technology reaches parity with theirs which is unlikely to happen within the next few dacades but even barring all that the actual presence of us troops on korean soil is the singular best guarantee of the us nuclear umbrella that is so critical to providing a credible deterrance against soverignty incursions by china or nk and the loss of such a guarantee would dramatically weaken the already fragile credibility of the washington s nuclear defense pact with seoul allowing adversaries to potentially be more brazen in their attempts to take advantage of korea']",international_security_north_china_russia
1,330,1_yoon_law_president_prosecutors,"['yoon', 'law', 'president', 'prosecutors', 'yeol', 'martial', 'martial law', 'suk yeol', 'yoon suk', 'suk']","['tallying up the cost of yoon s behavior yoon s trial on insurrection charges and the investigation into the various allegations surrounding myung tae kyun will give us a chance to continue assessing yoon s presidential legacy both for good and for ill his martial law declaration on dec 3 caused immense damage and left severe fissures in korean politics and foreign policy as well as its economy and society korea s economic downturn is continuing and main street has lost momentum us president donald trump s imposition of a 25 reciprocal tariff is an alarming development for the korean economy as a whole but korea s caretaker president is helpless to act on dec 6 a forbes writer described yoon suk yeol s martial law declaration as a gdp killer and predicted that the high price for yoon s selfish martial law debacle will be paid over time in installments by south korea s 51 million people a prediction that is starting to come true most seriously yoon s actions have empowered far right forces who used to be easily disregarded protesters giving them an influential political platform and a megaphone to broadcast their opinions returning korean democracy to normal will entail enormous effort and huge expense', 'can t wait for his name to go from yoon suk yeol to yoon suk yeol', 'do you not know who yoon is']",yoon_martial_law_legal_investigation
2,323,2_thank_thanks_yeah_downvoted,"['thank', 'thanks', 'yeah', 'downvoted', 'oh', 'lmao', 'lol', 'context', 'question', 've']","['i ll be using this thank you', 'very good answer thank you', 'thank you so much for the context']",general_reaction_jokes
3,258,3_israel_holocaust_hamas_gaza,"['israel', 'holocaust', 'hamas', 'gaza', 'israeli', 'palestinians', 'genocide', 'idf', 'world', 'jews']","['israel condemns the world', 'this is about israel', 'israel can get their refrigerators from somewhere else']",middle_east_conflict_gaza
4,218,4_lee_jae_son_lee jae,"['lee', 'jae', 'son', 'lee jae', 'myung', 'jae myung', 'seok', 'party', 'lee jun', 'jun seok']","['people who think lee jae myung will make us communist', 'time is running out for people power party candidate kim moon soo s goal of merging with new reform party candidate lee jun seok with observers saying that the plan would have to materialize by sunday to be effective on sunday the national election commission is set to print the ballots for the june 3 presidential election candidates who wish to withdraw can notify the state election watchdog by sunday to have their decision reflected in the printed ballots before the two day early voting window may 29 30 while kim has repeatedly called for lee jun seok to unify with him in a bid to counter front runner and democratic party of korea candidate lee jae myung the new reform party candidate continued to refuse any such overtures as of thursday afternoon there will be no merger lee jun seok told reporters at inha university in incheon around thursday at noon after eating lunch with students as part of campaign activities lee further drew the line by adding that the reporters don t have to ask questions about the merger anymore because it s meaningless lee highlighted his latest support polling at 10 percent in a survey by four polling agencies embrain public kstat research korea research and hankook research released thursday lee jun seok was in third behind lee jae myung s 46 percent and kim moon soo at 32 percent the survey involved 1 002 respondents aged 18 or older and was conducted from monday to wednesday early in the day lee wrote on facebook that he has programmed his cellphone to block all incoming calls due to too many people talking about unnecessary topics such as the merger which is politically manipulative he said it would be difficult to reach him by phone until election day from now on lee s remarks came a day after the co chair of the people power party s election campaign committee rep ahn cheol soo visited lee jun seok to convince the new reform party candidate to endorse kim ahn joined lee on the campaign trail as he sat down and had lunch with lee alongside students at gachon university in gyeonggi province despite the efforts from kim and the people power party lee told reporters after the lunch that both he and his campaign staff were not considering or reviewing a merger with the ex labor minister he took it a step further adding he has no plans to meet kim for the time being kim following a campaign event in goyang gyeonggi province on wednesday told reporters he is open to all possibilities regarding the merger with candidate lee jun seok he pledged consideration of conditions the new reform party candidate would present some say chances for a candidacy merger which would effectively mean lee leaving the race to endorse the no 2 candidate between kim and lee look to be slim with only 12 days left until the election however others point out that just three years ago center right minor people party candidate ahn cheol soo dropped his candidacy in support of the people power party s yoon suk yeol less than a week before the 2022 presidential election on march 9 that year finalized just a day before early voting kicked off on march 4 ahn s withdrawal ultimately propelled the since ousted yoon to the presidency', 'lee jae myung the former leader of the democratic party of korea declared his presidential bid thursday stating his wish to become a great tool the best tool for the people of korea this is the third time he has vied for the nation s top job having lost the last presidential election to former president yoon suk yeol by an incredibly narrow margin 0 73 percentage points lee appears likely to cater to centrists with his policies on practical economic growth and national interest driven diplomacy during the mere 54 day countdown to the election on june 3 lee published a campaign ad in the style of a short documentary wednesday morning declaring his intention to run in the upcoming presidential election and registering himself as a preliminary candidate with the national election commission the video titled the real korea begins now and running for 11 minutes and 37 seconds is very much a trailer for what we ll see from lee on the campaign trail starting with the audio of the reading of the pronouncement s holding that upheld yoon s impeachment the video attempts to underscore how lee is the man to carry on the legacy of the revolution of light that brought down yoon in this snap election that is taking place in the wake of the ex president s ouster the magnificence of south korean democracy lies not within our constitution which is merely a system but within the resilient people who are capable of overcoming all obstacles lee says in the video i wish to make a real republic of korea that goes beyond a name a country that is small but mighty and works for ordinary people a key aspect of lee s presidential campaign is his economic growth policy epitomized by his coinages of livelihood ism which ensures the livelihoods of the public and enrichment ism which declares that everyone should be able to flourish by contending that the root of social conflict and partisanship lies within economic polarization lee suggests that through economic growth he will be able to tackle cost of living and other day to day livelihood issues and in doing so pave the way for everyone to live well strong economic growth was a key agenda for lee when he ran for president three years ago but how he frames and conveys that message has changed greatly in the video lee says our economy currently faces challenges from all sides our prowess in scientific technology has become such that individual companies are incapable of harnessing it we will be able to resuscitate that field through expanding human resources through government training programs and investments in developing technology in place of the coarser rhetoric he used in 2022 when he propounded a politics that punched up by standing up against the rich and embracing the poor lee is placing emphasis on the role of government in a far more restrained tone touting a post ideological standpoint by declaring that it was the duty of the democratic party to support moderate conservatives following yoon s impeachment lee repeatedly emphasized pragmatism politics is something that happens on the ground it s something that directly impacts the lives of the people whether a solution came from someone on one side of the aisle or the other isn t meaningful our decisions should be made based on whether something is more useful and urgent such pragmatism can be seen in lee s diplomatic platform as well our alliance with the us and cooperation between south korea the us and japan is also incredibly important however our consistent stance of putting our country s interests first will not change lee is opting for a pragmatic results oriented approach instead of touting specific slogans on either the economy or diplomacy as the competition to win over centrists is projected to be the decisive factor in victory or defeat in this election that comes when tensions are at an all time high between the country s various political factions the strategy of catering to centrists also stems from the need to overcome lee s achilles heel of unlikability in an effort to clean up his image in the press the presidential hopeful has reportedly been doing multiple rounds of rehearsals in preparation for important events such as press conferences the video released thursday features lee in a light cream sweater and speaking in a calm tone a high ranking figure within the democratic party commented we have seen numbers related to lee s unlikability such as the concerns regarding his legal battles and negativity with conservatives fall however the nominations of candidates during the last general election gave the impression that lee only focuses on his inner circle as a result he is attempting to broaden his appeal lee is expected to personally announce who will help run his campaign on friday with many noting his efforts to woo lawmaker yun ho jung who is without strong factional affiliations to serve as his campaign manager']",lee_jae_myung_electoral_politics
5,214,5_japanese_japan_wing_anti,"['japanese', 'japan', 'wing', 'anti', 'pro', 'political', 'colonial', 'conservative', 'nationalism', 'war']","['the notion that south korea s left wing has its roots in the independence movement while the right wing consists of pro japanese forces is nothing more than left wing propaganda in reality pro japanese forces maintain relationships with both the left and the right leveraging the capital they have accumulated the reason it appears that south korea s left wing is anti japanese and the right wing is pro japanese is simply because japan is an ally of the united states if japan were an ally of china the situation would be the opposite to put it very simply south korea s right wing can be seen as rooted in pro american capitalists led by syngman rhee lee seungman while the left wing is rooted in pro soviet communists led by kim il sung since south korea s left wing believes that north korea holds the true legitimacy of korea and views north and south korea as one nation their primary target of criticism is south korean politics rather than south korea itself in my opinion if korea were unified north korea ceased to exist and a unified korea adopted an american style capitalist system the leftists would have become self critical leftists in conclusion due to the unique circumstances of division the korean left appears to have very different tendencies and this is packaged as nationalism because they must venerate north korea and rationalize that perspective', 'historian based in japan writing in japanese here who wrote his thesis and published several articles on this very subject dm me for details as others summed up korean progressives roots lie in the democratization movement against the anti communist elite during the cold war whereas conservatives the former ruling elite originate in a mixture of former us educated independence activists christians missionaries and former colonial buraucracy police army judiciary entrepeneurs strictly spoken the left wing as in class based politics socialism or communism has lost its influence following a brutal crackdown in 1946 53 and has never recovered from this the current political system was created by the political elite of the authoritarian era ruling party and opposition and basically kept true progressive nationalist minjung and left wing politics irrelevant cf erik mobrand on this the sole reason we even speak of democratic party presidents like kim dae jung or moon jae in as left wing is due to former ruling elite discourse branding any aims to settle the authoritarian past as precisely that left wing in south korea the 1948 national security law modelled on the japanese peace preservation law is still in effect branding left wing and communism as anti state elements thus by calling progressives left wing they aim to rob them of legitimacy and try to declare them illegal to progressives reclaiming ethno nationalism the minjok minzokushugi has been a means to rectify this state of affairs in japan on the other hand the socialist party did exist in the 1955 system as does the communist party today although they lost their influence since the 1990s and the mid 2000s ldp dpj landscape resembled that of korea two de facto right wing parties today s japanese party landscape is even more dominated by the right wing still the voice of cpj activists tends to be visible in urban centers and japanese society is more progressive than election results make it seem to be with the major problem here probably a strong disinterest in political affairs but that s another subject for another day', 'as a korean right wing that is not true at that time most nationalists were right wing among the left wing independence activists a significant number did not necessarily hold communist ideology rather they adopted a communist line because against the backdrop of a western colonial empire that shared interests with the japanese empire regarding china and its colonies which had been shattered by warlords the soviet union was the only foreign power supporting the independence movement however since the soviet union also did not want to provoke japan with nazi germany on its doorstep during the interwar period a large number of these left wing activists based in the maritime province met their end by being forcibly relocated to central asia kim gu famous in korea for his independence movement was also a right wing nationalist who committed white terror against leftists who supported trusteeship during the military administration period following world war ii anti japanese sentiment is a historical sentiment commonly held by koreans regardless of political affiliation until the 2010s however recently anti japanese sentiment among the right wing has disappeared or somewhat diluted to be frank there are two reasons for this first japan is no longer strong enough to pose a threat to korea relatively compared to the past and second since china poses a much more serious threat than japan they believe it is better to cooperate with japan among the right wing the group that accepts the history of colonial rule positively consists of some extreme right wingers including the the group adhered to juche ideology during the military dictatorship but they switched to right wing after misery of north korea revealed to public']",japan_nationalism_historical_politics
6,194,6_ljm_ljs_ppp_yoon,"['ljm', 'ljs', 'ppp', 'yoon', 'election', 'dpk', 'support', 'party', 'lny', 'kms']","['this sub actually used to be very anti ljm you can see the posts from 1 2 years ago about ljm and people hate him and eviscerates him in the comments', 'will ljm be impeached in 2027', 'so ljm is all we got right now']",party_competition_domestic_politics
7,190,7_karina_rose_red_government,"['karina', 'rose', 'red', 'government', 'wearing', 'number', 'air force', 'aid', 'political', 'gaza']","['her father was an air force general and is said to be a senior figure in the early days of the korean air force korean air force generals are traditionally very pro american and tend to look down on their country s capabilities in particular his family was the family that most adapted to the system of compliance with japan that the united states established during the cold war as a former judge and member of the national assembly she was invited to attend japanese tenno s birthday party held in japanese embassy in seoul every year during the military dictatorship era when the brutal police who were torturing pro democracy figures ran out of detention facilities his father who ran hotel business at the time offered rooms in his hotel as a detention camp she is almost despised in korea however she is a powerful figure in the opposition party many koreans hate her', 'her father was an air force general and is said to be a senior figure in the early days of the korean air force korean air force generals are traditionally very pro american and tend to look down on their country s capabilities in particular his family was the family that most adapted to the system of compliance with japan that the united states established during the cold war as a former judge and member of the national assembly she was invited to attend nippon cheonhang s birthday party held in seoul every year during the military dictatorship when the police who were torturing pro democracy figures ran out of detention facilities his father who was in the hotel business at the time offered rooms in his hotel as a detention camp he is a member of the national assembly who is almost despised in korea however he is a powerful figure in the opposition party many koreans hate her', 'so from seeing the common ground we agree on it looks like we agree 1 she is not personnel crucial to the actual delivery of aid itself but is present anyway by her own choice 2 i don t care that you consider her to be a victim or that this is victim blaming input in output out you voluntarily travel thousands of km do this the israeli government does that to you you walk out into a highway in protest of illegal seizure of land by the government to build thebhighway and get hit by a car yes the driver is at fault yes the government is at fault but you are also the bigger idiot because you killed yourself accomplishing nothing and not getting your message out where we disagree is that you consider her a hero 3 you say that you don t care how the korean public responds despite being explained why this is so counterproductive and that is the core problem and it reinforces my point that all she is doing is getting pats on the back from people who agree with her while no aid gets delivered and more of the public support that palestine needs to convince the domestic government here turns into derision because of her so she is not materially contributing and she is not raising awareness for me that is accomplishing nothing for you that is accomplishing something this is why we cannot agree and no none of this is devil s advocate this is reality']",mixed_celebrity_symbolic_politics
8,149,8_vote_election_party_candidates,"['vote', 'election', 'party', 'candidates', 'votes', 'parties', 'candidate', 'voting', 'voted', 'democratic']","['yeah such reforms tend to happen when 1 there s somewhat crisis for the ruling class party taking imbalance 2016 election was a good example when a third party people s party took sizable portion of the seats making the big two unable to pass any bills without their support leading to a election reform in 2018 mixed member proportional 2 mass pressure from the people people rallying in streets demanding for change pressuring politicians for reform tbh the 2 presidential impeachments were possible because of this e g keep in mind dp leadership were very hesitant to impeach president park for initial few weeks until the protests got bigger back in 2016 2017 i remember moon saying stuff like we need to keep retreat route open for the president implying they let her resign instead of impeaching her until the protest really got bigger and they finally changed their minds could electoral reforms be made due to it it did work back in 1987 when people en masse protest to directly elect presidents who knows but there are no direct movement for it least what i know of', 'with the current political system your vote doesn t go anywhere if your presidential candidate is not popular don t waste your vote outside the two major parties choose what you believe to be the lesser of two evils because whether you like it or not in practice only those two can win i prefer political systems where your vote can go to other parties if your choice is not popular so it is never wasted', 'i really wish the progressive party ies hadn t shoot themselves in the foot the past few years sexual minorities isn t even on the agenda for anyone other than him this time around legislation on abortion still hasn t happened even after being instructed by the court to do so because both the main parties are too scared to even bring it up the last time impeachment happened was a golden era for progressive parties and i recall the justice party almost reaching approval parity with the ppp which had hit a record low of 11 approval and then fractures happened sexual harrassment happened the feminism movement became conservative and now they re not even in parliament anymore there have since been a dozen third party movements which have largely either evaporated or been consolidated into one of the three major parties etc for the anything but bipartisan people i suspect that their votes will go to lee junsuk this time around since in all likelihood the results of the election are pretty much decided already so they have a lot more freedom and him and kwon are the only other candidates who will even be at the debate it honestly saddens me that probably the best chance at a multi party system fell apart at the hands of the two major parties and along with it any less viable political issues such as this']",election_voting_candidates
9,143,9_maga_protest_cult_christian,"['maga', 'protest', 'cult', 'christian', 'rally', 'trump', 'american', 'protests', 'hats', 'freedom']","['a lot of christian group support maga but not all maga rallies are from christian groups', 'another reason korean maga should f themselves', 'whenever i see trump jr associated with korea i m reminded of his ties to mina kim the founder of the maga aligned build up korea as well as this disturbing article hitting the streets with the maga youth of south korea url two major youth oriented groups are promoting hardline conservatism in south korea with a maga flair build up korea and freedom university build up korea is explicitly modeled after the conservative youth organization turning point usa and has direct ties to the maga orbit including donald trump jr and the late charlie kirk it s a straightforward injection of u s maga politics into south korea and it s had success among a small but vocal and growing group of supporters the group has gained a following of 24 000 users on youtube and its founder mina kim is now a familiar face on the maga media circuit then there is freedom university an organization that seems more distinctly korean in its sensibility and aims but still embodies the culture of maga the appeal to youth grievances an openness to conspiracy theories and a distrust of the system if build up korea represents an export of trumpian american politics freedom university shows what maga looks like once that culture is translated localized and embedded in a country s political dna mina kim s ties to the broader trump orbit inform build up korea s ambitions and its maga aligned messaging until january of this year kim was the korea president of anti abortion diaper company everylife which is sold on publicsquare an online anti woke marketplace backed by don jr she s also spoken on conservative and far right podcasts and shows from bannon s war room to kevin freeman s pirate money to praise the u s south korea alliance lament conservatives plight in her country and plead for support from the united states korea just elected a left leaning socialist president and they just impeached a conservative president who would defend our relationship with america and right now korea is actually leaning towards more favorable policies for china she said alongside bannon last year at a war room event and that s why i m trying to erect a movement called build up korea for a grassroots freedom movement to bring charlie kirk and steve bannon to korea and be a big daddy for our korean people we need america and your help people for freedom for korea she added before the crowd began chanting u s a in the moment she looked more like a cpac conservative political action conference regular than a korean activist']",maga_christian_right_protest
10,143,10_prison_turtle_cell_colour,"['prison', 'turtle', 'cell', 'colour', 'hell', 'photos', 'dude', 'window', 'sure', 'nah']","['it would be hilarious if his cell is right next to johnny somali s and start making prison hooch', 'no send him to the grave but death is too merciful maybe a prison cell', 'prison first then hell']",prison_punishment_mixed
11,142,11_court_supreme_supreme court_trial,"['court', 'supreme', 'supreme court', 'trial', 'judges', 'verdict', 'law', 'case', 'ruling', 'constitutional court']","['i m enlightend by constituional court', 'the constitutional court not supreme court those are separate in korea', 'the legislative initiatives currently being advanced by the democratic party appear motivated less by considerations of public interest and more by the aim of shielding mr lee jae myung personally and securing partisan advantages through legislative means the chief justice of the supreme court and the president of the constitutional court constitute the dual apexes of the judiciary both the supreme court and the constitutional court function as the nation s highest judicial bodies although nominally the chief justice of the supreme court is considered the head of the judiciary placing the constitutional court president in a technically subordinate position following the supreme court s remand decision overturning the lower court s judgment in mr lee s case the democratic party is now effectively threatening retaliation by proposing to subordinate the supreme court making it an inferior tribunal to the constitutional court immediately after the supreme court issued this remand decision the democratic party introduced legislation to significantly increase the number of supreme court justices a practice often termed court packing reminiscent of tactics employed by figures like chavez in venezuela concurrently they have issued threats to impeach chief justice cho hee dae threatened impeachment proceedings against judges of the seoul high court and summoned the minister of the national court administration to a parliamentary hearing subjecting him to intense pressure the democratic party has gone so far as to label the judiciary an internal rebellion force allegedly colluding with the people power party ppp it seems the democratic party has either forgotten chosen to ignore or perhaps simply wishes to neutralize the fact that the supreme court was the very first institution to identify and publicly state the unconstitutionality of president yoon suk yeol s recent martial law decree moreover regarding the ongoing proceedings although the seoul high court issued a summons for mr lee to appear for the remand trial scheduled for may 15th at the 7th criminal division lee is reportedly evading service by court officers citing alleged death threats a tactic purportedly employed on previous occasions this pattern mirrors the dilatory strategies allegedly employed during his first instance trial which was procedurally expected to conclude within approximately six months but was ultimately extended to 799 days these tactics included inter alia repeated intentional non acceptance of summonses filing numerous motions for judicial recusal and submitting petition for unconstitutionality review of the applicable statutes similar obstructive maneuvers were reportedly utilized during the appellate stage second instance']",courts_trials_judiciary
12,141,12_women_men_gender_ministry,"['women', 'men', 'gender', 'ministry', 'young men', 'equality', 'young', 'conscription', 'gender equality', 'woman']","['first of all i m not sure if you speak korean but by ministry of women and family i transliterated the exact korean meaning yes they call themselves the ministry of gender equality and family but their actual korean name contains women also their name was simply ministry of women to begin with they made problematic policies of course they did who were the ones that rigged the statistics to frame millions of korean males into sexual assaulters which ministry teaches students that male are potential sex assaulters just search the news it s all their do they really care about sexual crime for all about a year ago a man was wrongly accused of having broken into the female lavatory and was forced to accept his crime by the police what did the ministry do back then nothing so you do admit women don t go to the military now what s your stance on female quota the ministry of gender equality was the front line in abolishing men s additional points during a job interview if they served in the military so the women basically get a 2 years head start there re also female quotas in most public offices you may talk about income difference but just look at the statistics men does more overworking and they work in more dangerous jobs if you re in a same and get payed different amounts that s a crime if maybe that s your situation and the reason why you think like this go report to the labor ministry don t even get started on the lack of maternity support all that is the story of the past besides this country s birth rate is closer to 0 5 than 1 0 so the maternity leave logic doesn t really work for young people does it besides please have some manners and refrain from using swear words', 'i ll mention a couple of sensitive topics anyways abolishing the ministry of gender equality and family korean feminists often claim that young men want the ministry abolished to take away women s rights but from what i ve seen especially in videos and discussions aimed towards young korean men the story looks quite different the issue starts with the name of the ministry itself which is the ministry of women and family in korean but translated as gender equality in english many feel that this is misleading and the ministry doesn t actually promote gender equality its policies have been criticized as promoting reverse discrimination for example producing educational materials stating that all men should be treated as potential sex criminals unless proven otherwise besides that the ministry has been behind many ridiculous policies such as the shutdown law cinderella law which prohibited minors from playing games at night infamously resulting in minecraft being rated 18 in korea conservative stances on issues like prostitution and pornography oversight of the disastrously organized and highly corrupt mess that was the 2023 jamboree etc from the viewpoint of young korean men the ministry looked like a bloated symbol of the nanny state wasting billions of taxpayer money on ineffective initiatives they believe that money would be better spent on vulnerable groups like elderly korean war veterans still living in poverty and the duties of the ministry reallocated to other ministries mandatory military service with rising discussions around feminism and gender equality there s also been a growing voice among young men for the duty of conscription to be shared by both genders one of the reasons young men feel feminism in korea doesn t truly stand for equality is the lack of support or even outright resistance from feminist circles when it comes to female conscription the common arguments are that conscription is a man made issue and therefore not of concern to women others point out that the system is not ready for women but the counterargument is that if physical ability or lack of infrastructure for women is an issue then non combat alternative duty should still be viable in female dominated spaces such as community sites and twitter feminists disparaged soldiers and even celebrated the deaths of conscripts during training which was something that obviously sparked deep resentment among young men women s universities recently there was a major student protest riot when a women s university considered becoming co ed in the future to many young men the continued existence of women only universities feels like a double standard there are no men only universities in korea and the argument that women s universities provide a safe space comes across as promoting segregation even well after graduation they believe that the feminist movements leading these protests thrive on instilling fear amongst women regarding crime and safety and is responsible for making women feel unsafe to the point of paranoia despite korea statistically being one of the safest countries in the world gender discrimination a lot of young korean men in their teens and 20s feel like they re being punished for the patriarchal norms of the past norms they had no part in creating or partaking in more women than men are entering and completing higher education in the present day it also seems that women are getting a head start in their careers while men have to serve in the military yet despite this young men are still blamed as being privileged or inherently better off young men don t believe that a wage gap exists for the same occupation and unlike just 10 20 years ago the playing field is actually tilted against them meanwhile old patriarchal expectations such as being the main breadwinner or covering the majority of wedding expenses etc remains for men while traditional expectations placed on women have nearly completely disappeared in comparison', 'i ll probably be downvoted here for posting a male perspective but i ll mention a couple of sensitive topics anyways abolishing the ministry of gender equality and family korean feminists often claim that young men want the ministry abolished to take away women s rights but from what i ve seen especially in videos and discussions aimed at young korean men the story looks quite different the issue begins with the ministry s name in korean it s literally called the ministry of women and family but in english it s translated as the ministry of gender equality many feel that this is misleading and the ministry doesn t actually promote gender equality its policies have been criticized as promoting reverse discrimination for example producing educational materials stating that all men should be treated as potential sex offenders until proven otherwise besides that the ministry has been behind many ridiculous policies such as the shutdown law cinderella law which prohibited minors from playing games at night infamously resulting in minecraft being rated 18 in korea conservative stances on issues like prostitution and pornography oversight of the disastrously organized and highly corrupt mess that was the 2023 jamboree from the viewpoint of young korean men the ministry looked like a bloated symbol of the nanny state wasting billions of taxpayer money on ineffective initiatives they believe that money would be better spent on vulnerable groups like elderly korean war veterans still living in poverty and the duties of the ministry reallocated to other ministries mandatory military service with rising discussions around feminism and gender equality there s also been a growing voice among young men for the duty of conscription to be shared by both genders one of the reasons young men feel feminism in korea doesn t truly stand for equality is the lack of support or even outright resistance from feminist circles when it comes to female conscription the common arguments are that conscription is a man made issue and therefore not of concern to women others point out that the system is not ready for women but the counterargument is that if physical ability or lack of infrastructure for women is an issue then non combat alternative duty should still be viable in places like women community sites and twitter accounts feminists mocked and even celebrated the deaths of conscripts during training which was something that obviously sparked deep resentment among young men women s universities recently there was a major student protest riot when a women s university considered becoming co ed in the future to many young men the continued existence of women only universities feels like a double standard there are no men only universities in korea and the argument that women s universities provide a safe space comes across as promoting segregation even well after graduation they believe that the feminist movements leading these protests thrive on instilling fear amongst women regarding crime and safety and is responsible for making women feel unsafe 24 7 despite korea statistically being one of the safest countries in the world gender discrimination a lot of young korean men in their teens and 20s feel like they re being punished for the patriarchal norms of the past norms they had no part in creating more women than men are entering and completing higher education in the present day it also seems that women are getting a head start in their careers while men have to serve in the military yet despite this young men are still blamed as being privileged or inherently better off young men don t believe that a wage gap exists for the same occupation and unlike just 10 20 years ago the playing field is actually tilted against them meanwhile it feels like old patriarchal expectations such as being the main breadwinner or covering the majority of wedding expenses etc remains for men while traditional expectations placed on women have nearly disappeared in comparison']",gender_military_service
13,134,13_ppp_party_dp_dpk,"['ppp', 'party', 'dp', 'dpk', 'election', 'local', 'vote', 'party ppp', 'local rep', 'parties']","['ppp is fucked and they know it', '2016 general local rep people party dude pro very engineer background con can t remember 2016 general proportional justice party specifically because i wanted 6 on their list to be elected 2020 general local rep justice party dude but he dropped out voted invalid particularly because both 1 and 2 were strategic nominees i never vote for those 2020 general proportional justice party mainly because i was absolutely livid at the fake parties the dp and pp and created to game the system and also for 2024 general local rep voted in valid similar reasons 2024 general proportional reform party all other major parties were fake 2018 local local rep voted ljm pro at the time outsider in the party con no expertise in anything but acts like he knows 2022 local local rep voted kdy pro highest level of technocrat con party was already ready to hate him not gonna share the more local ones because i don t want to out where i ve lived', 'ppp imploded on itself lol']",party_local_elections
14,132,14_hanja_words_chinese_language,"['hanja', 'words', 'chinese', 'language', 'hangul', 'latin', 'characters', 'writing', 'literacy', 'english']","['it s far more useful than latin first latin is a language hanja is a writing system the comparison never made sense secondly hanja allows you to understand words better and parse through text easier and faster latin words are either latin words or they re not the common argument of you don t need the actual character itself you just need to learn the roots falls flat when you look at the sheer number of homonyms that korean has in english elec whole pre and war are all spelled differently but in korean and are all spelled and that s only a few characters the article cited several examples where there would be no confusion if the words were written in hanja instead', 'two conclusions can be drawn 1 currently hanja is rarely used in korea and it is impossible to teach hanja through a few hours of school instruction language is influenced more strongly by acquisition in daily life than formal education but korea is not an environment where people can learn hanja 2 there is no problem with learning sino korean words even without learning hanja and humans have the ability to analyze morphemes within words even without being specifically taught especially if they are native speakers they can do it even better in fact students who lack literacy do not know native korean words well either', 'i can start with two examples the first example is the frontpage of korean wikipedia url and the second example is the frontpage of the most popular blogging platform url in korea called tistory you can see just exactly how much hanja as writing system is being used in daily lives near zero i specifically said hanja as writing system and not hanja because knowledge of hanja is different from knowledge of hanja as a writing system are two different concepts you can know hanja as in you can look at the sound hak and realize that this hak sound is of hanja etymology and it means learning or studying it is not directly related to the knowledge of hanja as writing system or one may have no idea how to write it yet know when they hear hak sound that it means something about learning or studying better yet one may be recognize the writing of but when they are given the chance to write it down they may not be able to now going back to answering your question does complex legal documents contain much hanja nowadays not usually you can look at the constitution of korea url and the full text of the recent constitutional court verdict url there is exactly zero hanja in usage in fact hanja is almost obsolete in daily lives except very few isolated cases 1 in some but not all newspaper titles to reduce the number of letters on the limited space 2 for design purposes such as the shin ramyun products 3 to mark small medium large men women on menus or public restrooms 4 on road signs on popular tourist districts 5 in very specific academic fields of history chinese studies east asian studies linguistics etc other than these you would be hard pressed to fine much hanja as writing system in daily usage having said that knowledge of hanja is somewhat ubiquitous but the real question is exact what constitutes the knowledge of hanja 100 characters 500 1000 3000 there is a fairly well known certifications program hanja knowledge there are 8 levels to the certification level 1 requires you to read 3500 characters and write about 2000 characters level 3 requires one to read 1800 characters and write 1000 level 8 the lowest level requires you to read 50 characters level 3 is the recommended hanja knowledge for high school graduates notice this is recommended not something that is required by school curriculum hanja used to be a required course up until about 20 years go then it became an elective afterwards a 2007 newspaper article said that the average college graduates scored less than 30 on the level 4 exam that means an average college graduate in korea scored less than 30 on the exam that requires you to read 1000 characters and write 500 of those i think it s a good gauge of just how much koreans really know about hanja i d say an average adult can read a few hundred and write less than half of those characters keep in mind the newspaper is 18 years old when most college graduates took hanja as a required high school courses meaning it could be even less than that nowadays']",language_identity_politics
15,115,15_samsung_google_amazon_companies,"['samsung', 'google', 'amazon', 'companies', 'data', 'twitch', 'pay', 'sk', 'network', 'memory']","['but why other non korean companies does not leave korea due to high network fees i mean other than google microsoft or amazon which other foreign companies provide their service in korea the network fee is the reason why they left korea korean isps charge foreign companies substantially more than domestic ones', 'when you only charge foreign companies yes it is bad why would a company come into korea to do business if they re going to be charged 10x what domestic ones are all this does is restrict competition korean domestic companies are still charged just like foreign companies not only foreign ones even streamers outside of korea used 3rd party services other than standard bits yes foreign streamers use 3rd party services but the quota is exceptionally higher in korea btw more than a year has passed since twitch announced eos in korea due to network fee since then no foreign companies has never announced any kind of eos at this point twitch itself or twitch korea is to blame i think', 'network fee is the main reason but there are other reasons than the fee amazon shopping mall itself was not open in sk twitch s revenue in america comes from subscription with other amazon services amazon games amazon luna prime video but in sk they are anavailable and one more thing comparing to other countries revenue from twitch bits was way lower in sk 3rd party support systems like twip or toonation was much more popular because bits doesn t have features e g pop quiz donation video donation more tts style choices etc that 3rd party systems more charging toward companies are not always bad thing though with that trade off network fee for non company home network is way cheaper internet price hasn t changed for 20 years considering the inflation the price has become cheaper and in america the internet price with same speed is more expensive than that in sk']",technology_companies_data
16,115,16_translation_names_english_seo,"['translation', 'names', 'english', 'seo', 'translated', 'jae', 'news', 'ai', 'sounding', 'la']","['basic surnames kim lee park basic male given names min jun min joon seo jun seo joon basic female given names min seo seo yun seo yoon seo yeon seo hyeon seo hyun basic unisex given names ji u ji woo ji min ji won', 'in my head i call myself my name in the korean order when i speak korean i say it in the korean order i would introduce myself in the western order for english speakers though i do see some public figures use last name first sometimes like artists authors politicians yoon suk yeol is an example i hear his name in that order in english media a lot of second gen people i know have hybrid names where the korean name is the middle name korean names are used at home english names outside not always the case though sometimes if the name is easily pronounced they might have only one name like mina park or jia kim', 'i see there s nothing inherently masculine or feminine about either jae or hwan it s what attaches to it that decides whether the name sounds more masculine or feminine and no jae or hwan are not names they are parts of name for instance jae hwan jae gyoon jae min are masculine name jae won jae yoon are more feminine jae gyung jae hee are more unisexual again jae itself isn t necessarily masculine or feminine it s what attaches to it that decides whether it s masculine or feminine name jae is not a name in that sense jae is a single syllable of a name there is no one in korea that s named jae for instance hwanjae is such a rare name i e less than 5 people in entire korea are registered with that name according the source and all of them are male since it s such a rare name it can pass as unisex name that s a tad bit more male sounding but can pass for a female name ah in is again a fairly unisex name although it s much more common for a girl name but a boy can pass with ah in as the name and not have it considered too feminine mishil is not a modern korean name it sounds very very archaic as in it sounds like a name out of history textbook this one the baby can actually be made fun of for the name because it sounds so historically archaic namgil is a very masculine name it s also a very 70 90s sounding name myung and ja are not names again they are parts of name their masculinity and femininity depends on what characters are combined however myungja is a feminine name it s a very early 1900s sounding name as in people with that names in this day and age are either very old grandmas or made fun of for an old sounding name ja myung is more masculine than feminine and it doesn t sound as old but it doesn t sound too young either']",translation_english_ai
17,101,17_stupid_politics_dumb_political,"['stupid', 'politics', 'dumb', 'political', 'tired', 'world', 'brainwashed', 'quality', 'delete', 'sense']","['we all know trump supporters are generally very stupid people some are profoundly stupid in all ways some are mostly functional but delusional in some more specific way amazingly yoon againers are even stupider than trumpers they are stupid to the bone unfixably stupid the type who couldn t figure out how to pour water out of a boot with the instructions written on the sole', 'nothing they re too stupid to understand what is going on', 'i think they re just really stupid']",political_fatigue_criticism
18,95,18_birth_women_rights_rate,"['birth', 'women', 'rights', 'rate', 'marriage', 'fertility', 'rates', 'civilization', 'children', 'birth rate']","['why do people say dumb stuff like this as if pandering to women will improve the birth rate the entire woman s right movement has been about men pandering to women s politic and financial desires and birth rates are plummeting how will more of the same help the pro natalist movement fundamentally cannot be about taking women at their word or letting women decide for themselves women are more confused than anyone about what they desire anyone advocating for more women s rights as fertility goes into absolute apocalypse mode is downright retarded', 'your reply to my comment was deleted so i ll respond to you here there is also no human right for gay men to get married which is an institution of procreation marriage historically and legally serves many purposes beyond procreation such as mutual support property rights caregiving emotional companionship and legal protections many heterosexual couples who cannot or choose not to have children are still allowed to marry if marriage were strictly for procreation they would also be disallowed but they aren t human rights must orient towards civilization formation aka family formation otherwise civilization ceases the most anti human rights agenda is civilization ceasing which is the end result of radical feminism and radical homosexual rights uh human rights are about protecting individual dignity freedom and equality not about forcing societal outcomes like reproduction rates linking human rights purely to birthrates is a political or ideological claim not one rooted in international human rights law not to mention same sex couples can form families through adoption surrogacy or other means do you realize reducing family formation only to biological procreation excludes a lot of existing heterosexual families around the world lower birthrates have many causes and countries without strong lgbtq rights or strong feminism like iran or russia are also facing population declines societies facing a shrinking population can adapt through innovation technology immigration social restructuring and better resource management there is no evidence of a society that no longer exists because they expanded lgbtq and women s rights this is just fear mongering far right propaganda you sound very unhinged like you live in a fantasy world and you come across as very selfish seek help', '1 the purpose of society is survival and continuity at the most basic level a civilization exists to survive across generations if a civilization becomes infertile does not produce enough children it will eventually be replaced or conquered by civilizations that do reproduce 2 women s rights and gay rights movements prioritize individual autonomy over collective survival modern rights like women s independence from family structures marriage children and legitimizing non reproductive sexual behavior gay marriage etc emphasize personal freedom and self expression rather than the duty to reproduce and sustain the community 3 not all rights are natural or legitimate just because they are demanded historically rights were tied to natural law the idea that rights must be rooted in human nature and serve higher goods like survival virtue stability in this view rights that undermine the basic function of civilization reproduction family cohesion are not legitimate because they are self defeating 4 women s liberation correlates with low fertility as women gain independence fertility rates plummet education careers and delayed marriage all dramatically lower birth rates every advanced society that has prioritized women s individual autonomy over marriage and childbearing has seen population decline 5 gay rights encourage sexual behavior that is sterile by nature gay relationships do not produce children biologically elevating them as socially equal to heterosexual marriage dilutes the social focus on reproductive unions which historically were honored because they produced the next generation 6 therefore in a context of civilizational collapse women s rights and gay rights must be questioned not because individuals are evil or malicious but because the prioritization of autonomy and sterile lifestyles is incompatible with the survival needs of a civilization in short the argument is that rights must serve the survival of the community if rights destroy the very community that grants them they are not legitimate in a deep natural law sense especially under civilizational collapse conditions']",birthrate_women_rights
19,95,19_conservative_wing_liberal_far,"['conservative', 'wing', 'liberal', 'far', 'values', 'centrist', 'conservatives', 'leaning', 'extremism', 'incel']","['absolutely false conservatives such as in the 1970s and in the 2010 actually wanted to revive education but was met with severe opposition from the education community which is generally liberal proponents for using only isn t coming from anti chinese conservatives but from liberal camps who value a lot more on self identity for example out of the leading korean newspapers it s the liberal leaning that forbids use of characters while conservative leaning and still uses some', 'i was talking about conservative behavioral mechanisms the primal instinct to protect what s yours inherently lacks consideration for others acts of consideration toward the elderly for example can signify a willingness to coexist and cooperate but that s not the natural thing it is human reason towards coexistence however many conservative groups refuse to extend that same consideration to minorities women or other marginalized groups this is because they exclude these groups from their perceived boundary of what s ours while still including the elderly and traditional values within that boundary it s just a slightly broader form of conservative mindset but this mindset is too similar to humanity s basic survival instinct if we follow that path it will only lead to a narrower boundary a regression to primal tribalism and i put the last page on the top by mistake that was weird to read but i have no idea how to fix it sorry about that', 'did i miss a page somewhere as far as i know conservatism isn t about relying on instincts and alienating those unlike us it s about keeping old values whatever that may be sure fascists are known for being conservative but the values of respecting others such as the elderly abiding laws and acting by basic human values are all conservative values methinks meanwhile progressives call into question old values in the face of a changing world and seek to reform outdated codes and social structure into what is needed sometimes for the older generations sometimes for the younger ones people who solely act against feminism discriminate against the common folk and spread hatred instead of decency and compassion is not conservatism nor is it progression that s called being a dick conservatism unchecked to put things likely is stubbornness the other end is imprudence both are recklessness']",conservative_liberal_extremism
20,91,20_videos_video_content_youtube,"['videos', 'video', 'content', 'youtube', 'asia', 'channels', 'media', 'kurzgesagt', 'country', 'social media']","['many western media outlets with institutional credibility construct dystopian style narratives this has long been part of the west s attitude toward east asia as they witness east asia s rapid economic achievements there is often an underlying impulse to preserve the conclusion that western society is still better as a result problems in korea are frequently exaggerated distorted or framed in an unusually moralizing and condescending tone the region that reacts to this most passionately producing and consuming the largest amount of malicious content is southeast asia because for the west the tendency is mainly to keep viewing east asian societies as fundamentally problematic to some degree and historically the primary dystopian image within east asia was japan not korea but among certain individuals in southeast asia the reaction can feel far more emotional and obsessive almost as if there is a thousand years of inherited resentment it often gives the impression that logic or consistency matters less than the desire for korea to be seen as villainous or morally corrupt and many seem to engage with it almost like a form of entertainment or sport', 'many western media outlets with institutional credibility construct dystopian style narratives this has long been part of the west s attitude toward east asia as they witness east asia s rapid economic achievements there is often an underlying impulse to preserve the conclusion that western society is still better as a result problems in korea are frequently exaggerated distorted or framed in an unusually moralizing and condescending tone the region that reacts to this most passionately producing and consuming the largest amount of malicious content is southeast asia because for the west the tendency is mainly to keep viewing east asian societies as fundamentally problematic to some degree and historically the primary dystopian image within east asia was japan not korea but among certain individuals in southeast asia the reaction can feel far more emotional and obsessive almost as if there is a thousand years of inherited resentment it often gives the impression that logic or consistency matters less than the desire for korea to be seen as villainous or morally corrupt and many seem to engage with it almost like a form of entertainment or sport', 'i only got recommended kurzgesagt s video because i ve already watched their videos a lot they re not clicking doomer shit but they do use clicking thumbnails and titles for some pieces like their video smoking is awesome definitely not a psa to start smoking lol besides that one video i never see any content like this my youtube feed is just video game content mixed with recipes science y fun fact stuff and content from specific channels i already follow i m pretty sure they do let certain videos show up in feeds regardless of your algorithm but you seeing content like this constantly is 100 entirely of your making you re either consuming lots of videos about korea already or even worse clicking on these videos and not interacting with them negatively dislikes telling the algorithm not to recommend videos like this muting hiding the channel etc']",youtube_media_content
21,91,21_sejong_city_seoul_rail,"['sejong', 'city', 'seoul', 'rail', 'moving', 'built', 'blue house', 'daejeon', 'london', 'cities']","['yah everyone is all in favor of moving things to sejong but nobody actually wants to move to sejong themselves lol', 'currently none from 2025 new sejong express railway station seems cancelled but instead sejong local govt is trying ctx chungcheong train express and daejeon sejong chungbuk metropolitan railway dscmr instead dscmr connects between banseok station daejeon metro line 1 s northwestern end and cheongju airport said line goes through sejong administrative town govt complex jochiwon osong stn currently local govts and residents counts banseok sejong area as extension of daejeon line 1 ctx connects between seoul and daejeon govt complex goes through cheonan jochiwon sejong connecting to jochiwon and osong is main thing because those two stations are existing one and lots of sejong residents use that station for railway', 'it s waaaaaay better than sejong']",sejong_capital_city_planning
22,89,22_housing_wealth_inflation_tax,"['housing', 'wealth', 'inflation', 'tax', 'prices', 'supply', 'construction', 'money', 'estate', 'real estate']","['the fact that interest rates are at a 10 year high isn t that much of a statement considering we were also at the lowest levels in decades just a few years ago the vast majority of the world are more or less on the same boat having followed the american federal reserve why we all know why because too much liquidity was released into circulation during covid mind you interest rates were way higher in the past each and every time in response to some kind of financial bubble that was due to easy monetary policy this benefits only rich asset owners and eliminates the middle class trying to save up through honest labor it absolutely destroys the working class i am absolutely supportive of easing zoning restrictions and satisfying labor shortages but the biggest reason why construction costs have risen so rapidly is because of commodity inflation our firm and all of our partners are struggling to make affordable buildings because of making the minimum cost of construction much higher than before the status quo as you said is basically quite restrictive and is relying on the government to intervene and prop up the market somehow i am also agreed on the matter that this is not ideal merely a lesser evil i didn t just say no new supply and say new construction i said i think it would very healthy for the economy at large if we first endured a period of properly fighting inflation and deflating asset bubbles which would also bring down the price of housing even more than now by maintaing the current interest rates it was way higher back then but our system is cracking at a mere range of 3 or so this is clearly a sign that our economy is overleveraged surely you agree on this majority sentiment afterwards we can then slowly start bringing rates down to levels that would stimulate the introduction of new supply i m just speaking for the long term interest of the people as a whole especially the young who are facing record levels of housing inaffordability if i m understanding you correctly your take on things would only benefit people in the immediate short term but continue the same problem as inflation persists and demand catches up in seoul as it always has historically people will never stop trying to come to seoul and buy a house because they want their house to appreciate in value against inflation i am proposing to challenge fundamental market behavior by eliminating the incentive for people to want to invest in a house as though it s a financial asset to begin with', 'deficit spending reduces inflation do you mean to say if the government issues more debt to pay for things they don t have money for this somehow reduces inflation or are we misunderstanding each other i don t think keeping rates high is artificially restricting housing supply in reverse we could make the argument that keeping rates too low is artificially inflating housing supply and price making them speculative assets if rates are restrictive for longer there will be less liquidity and less supply housing prices will fall as the bubble deflates without the need for an arbitrary increase in supply besides it s not like the supply we currently have is completely filled out the key to helping the common people and the economy from the bottom up is to make housing affordable again not making more houses that will inflate in price anyways', 'of course supply and demand applies all i m saying is that the proposition is 2 dimensional say we build more houses today we massively increase supply of course none of them will be cheaper since inflation is keeping the cost of construction elevated but simply because of there being higher supply vs demand there will be less of a premium put on existing housing yes that s a fact over time however the persistence of inflation would inevitably push all of that up and we ll be back to where we started only later in the future population decline will have made people poorer with higher tax burdens so any increases in housing inaffordability will be rendered moot by continued decline in the population curve i would benefit today but nothing will have changed for my children s generation not really simply take what happened since 2020 after massive liquidity was injected into circulation housing inaffordability went up drastically for all houses then rent went up significantly as existing mortgages had to raise interest rates because of inflation the minimum cost of houses remain elevated and newer constructions aren t cheaper meanwhile wages have barely kept up with inflation at all and this hurts the working class the most i m arguing that it might be better in the long run for higher rates to be maintained so all costs related to determining the cost of housing decrease even if supply remains stagnant the costs of construction would decrease the financial world would deleverage and stabilize the disparity between wage growth and inflation of all consumer goods both essential and discretionary would normalize and speculative investing would be reduced there would be more incentive to park or save money again rather than just spend it aggressively or invest it into asset bubbles whilst no new supply of houses would be introduced a lot of the premiums on existing housing would decrease then new houses can be built at much more affordable levels compared to now giving the working class and young people just entering the economy a better starting position if i m wrong then yeah our government should intervene with deficit spending whoever s going to pay back that debt i don t know maybe the taxes of my children and yours and we re going to reduce interest rates so more houses can be built and so continues the status quo which has destroyed the middle class for decades']",housing_economy_policy
23,86,23_democracy_south_saved_president,"['democracy', 'south', 'saved', 'president', 'dictatorship', 'country', 'moment', 'political', 'strong', 'remember']","['40 years ago south korea was under indefinite martial law ruled by an unchecked president chun doo hwan who rose to power in a military coup and readily used the military to kill protestors and his government was recognized and supported by the us japan etc still protests continued and political opposition built until they were forced to write a new constitution with checks and balances and call democratic elections in 1987 those memories are fresh in a lot of people s minds the constitutional court that ruled on the impeachment was founded as part of that 1987 constitutional reform the impeachment ruling specifically cites that dark era of korea s history korea still has a sizable far right movement who wants to bring things back to those times but the system is well designed to protect democracy', 'i m glad you had a good time but i think what we all just want you to realize is that you went to a very large theme park you were allowed to see a part of the country that was developed for tourism and the better off we just choose not to visit because we don t want to give our money to a country we don t want to support we are getting to a point in history where the older generations that remember atrocities are passing away but many of us have lost family through the korean war and later through the hard struggle for democracy during military rule it was only recently that south korea got to experience true democracy so please be sensitive in the way that you present your good time i m also a world traveler respect the good time that you had and am not broken up about it however i choose not to do it myself because north korea is a reason and a symbol for much personal family tragedy and horrors i don t want to feed into any kind of prosperity you have posted in a sub where our entire country was overtaken and slaughtered except for one city the only thing we want you to realize here is that you were exposed to the good side and hope you are aware of and acknowledge the bad', 'korea s history has been written in the blood of countless individuals a legacy forged by the sacrifices of our teachers and the moment when all citizens took to the streets in unison it was a time when political pressure became so unbearable that no other choice remained it is also true that we had several dictators and there were brave heroes like kim jae gyu who by taking down those tyrants altered the course of history this outcome was the result of both chance and inevitability and as a consequence we are forever in debt to our past i cannot speak to how turkey managed to achieve something similar since i am not well versed in turkish history but at least in korea i believe that the lives of those who fell first have made it possible for us to live today i participated in this protest with a single purpose to address the compulsory military service that my children face i believe that they should not be defending a king but rather protecting the nation in which they will live i want my children to reside in a democratic republic cherishing their own dignity instead of serving a monarchy of course i assume that turkish citizens feel similarly yet this is no easy task surprisingly there are far more royalists in this world than one might expect the lyrics of the songs we sing during protests remembering the spirit of gwangju are our way of ensuring that this legacy is never forgotten march for the beloved without sparing love honor or even our names we vowed with burning resolve to advance all our lives though our comrades have vanished and only our banner flutters let us remain unshaken until the dawn of a new day though time may flow on the land itself remembers and a passionate shout rises to awaken us for i must lead for i shall be the first to fall o living ones follow for i must lead for i shall be the first to fall o living ones follow']",democracy_dictatorship_discourse
24,82,24_jail_treason_prison_penalty,"['jail', 'treason', 'prison', 'penalty', 'death penalty', 'innocent', 'death', 'treasonous', 'presidents', 'president']","['it was only the conservative presidents that went to jail for corruption progressive presidents only went to jail because they were protesting the dictatorship before they became president', 'this should lead to either prison with no chance of pardon or death penalty 30 years for trying to plunge the country into a hot war just to stay in power doesn t get more treasonous', 'fate of the last five presidents have been suicide jail jail probably jail and probably jail yet they keep lining up to be the next power is intoxicating']",treason_prison_death_penalty
25,76,25_diaspora_culture_country_overseas,"['diaspora', 'culture', 'country', 'overseas', 'abroad', 'mainland', 'feel', 'society', 'consider', 'history']","['this has started to be felt in contrast to some overseas koreans and some diaspora who do not care korean culture where are the discussions from korean nationals delving into possible reasons why koreans abroad might reject korean culture the current reality in korea is that people do not empathize when an overseas korean says i have korean blood so i am korean in what context though are we talking about returning koreans being obnoxiously claiming a piece of themselves as a piece of advice they need to know korean history at least to the level of a korean middle school textbook in fact communication among many koreans is fundamentally based on knowledge of history and empathy regarding major historical events if you mean that people abroad need to learn korean history in order to connect with people in korea that is fair but it cuts both ways i see many korean americans thump for korea while reaping the benefits from opportunities america has provided that korea could have not provided for them when they left', 'there is not such place koreans have zero awareness about that so there is no discussion about that the korean media does not report on it at all that is unfortunate but i also understand life is hard and hardship leaves one with little capacity for empathy a significant number of foreigners are learning the korean language and embracing korean culture while koreans do not yet view the two groups in contrast it is simply a matter of when they will develop resentment toward overseas koreans who do not follow korean culture or international school students within korea i think it really depends how returning koreans behave though and not everyone is the same is there anything to help returning koreans assimilate or do korean nationals just expect them to figure it out on their own if not what s wrong with some guidance i don t know what your intention is if you consider them koreans we don t consider someone who went with the intention of emigrating to be korean it is conditional if someone has affection for korean culture like chef ahn sung jae we consider them korean but in cases where that isn t the case we conduct various invisible tests what is deemed an appropriate level of affection though to me i see a pattern of korean nationals claiming korean diaspora when they deem it useful and advantageous i like to point to hines ward as an example we conduct various invisible tests i appreciate the honesty', 'where are the discussions from korean nationals delving into possible reasons why koreans abroad might reject korean culture there is not such place koreans have absolutely no awareness of it so there is no discussion about it the korean media does not report on it at all in what context though a significant number of foreigners are learning the korean language and embracing korean culture while koreans do not yet view the two groups in contrast it is simply a matter of when they will develop resentment toward overseas koreans who do not follow korean culture or international school students within korea i see many korean americans thump for korea while reaping the benefits from opportunities america has provided that korea could have not provided for them when they left i don t know what your intention is if you consider them koreans we don t consider someone who went with the intention of immigrating to be korean it is conditional if someone has affection for korean culture like chef ahn sung jae we consider them korean but in cases where that isn t the case we conduct various invisible tests']",diaspora_overseas_korean_identity
26,76,26_young_base_thinks_misogynistic,"['young', 'base', 'thinks', 'misogynistic', 'arms', 'policies', 'capable', 'competent', 'race', 'responsibility']","['first whether he is a gentleman or not he is essentially a warmonger a war maniac he advocates only for an arms race i am against the arms race single option direction second do you think the u s shares the technology for the top tier jet engine project including pratt whitney he is not only naive but also extremely ignorant having spent most of his time in guerrilla units he lacks the perspective and knowledge necessary to discuss such strategic weapons he has taken on far more influence than he is capable of he should retire permanetly', 'first whether he is a gentleman or not he is essentially a warmonger a war maniac he advocates only for an arms race i am against the arms race as a single option second do you think the u s shares the technology for the top tier jet engines included in the project with pratt whitney he is not only naive but also extremely ignorant having spent most of his time in guerrilla units he lacks the perspective and knowledge necessary to discuss such strategic weapons he has taken on far more influence than he is capable of', 'same he is highly intelligent and he s trained in the ways of debate thanks to his western education that the old guard can t even keep up he also has some good ideas about government efficiency not a euphemism for cutting social welfare and he has a tendency to see things from a perspective that the current politicians are unable to see which could serve as new solutions to old problems but he s an opportunistic wank stain who thinks that because he s intelligent about analyzing policy that he s somehow also a genius at manipulating public sentiment and yes he also has those bigoted platforms that he knows can rally up a hard core base of supporters i would say he would be great as the opposition leader against governments he can pick holes in things and natter on about possible solutions he would have implemented which a competent government should consider adopting i don t see him being a competent leader material']",youth_gender_policy
27,75,27_ppp_yoon_party_rhee park,"['ppp', 'yoon', 'party', 'rhee park', 'school', 'dpk', 'yoon ppp', 'park', 'myeong', 'rhee']","['it s a good thing that yoon and his wife don t have any offspring they are both narcissists and psychopaths yoon and other people power party members are only publicly sorry in an attempt to win another presidential election within 60 days at the ppp meeting after the decision yoon told his like minded crooks there isn t much time left so i hope the party takes the lead and prepares thoroughly to ensure victory yoon is hoping to avoid any type of punishment i hope the ppp is ousted by a landslide and a moderate liberal or democrat takes over', 'as well as myeong tae gyun there are another public opinion manipulating groups that might be affiliated with peoples power party as always ppp goes with bothsideism tactics mentioning dddlist and druking incident that is related to dpk but these things have no or little confirmed connection or monetary assist between dpk itself or government but on the other hand this rhee park school thing has some alleged connection or monetary assist with ppp or other minor right wing parties and yoon regime ppp candidate kim moon soo once appeared in rhee park school promotional video currently deleted on rhee park school youtube channel but newstapa url got some of videos before it gets deleted man that far right group have tried to take over the daycare injecting greatly biased history or brainwashing childrens another reason to dissolve ppp has added to the list', 'as well as myeong tae gyun there are another public opinion manipulating groups that might be affiliated with peoples power party as always ppp goes with bothsideism tactics mentioning dddlist and druking incident that is related to dpk but these things have no or little confirmed connection or monetary assist between dpk itself or government but on the other hand this rhee park school thing has some alleged connection or monetary assist with ppp or other minor right wing parties and yoon regime ppp candidate kim moon soo once appeared in rhee park school promotional video currently deleted on rhee park school youtube channel but newstapa url got some of videos before it gets deleted man that far right group have tried to take over the daycare injecting greatly biased history or brainwashing childrens another reason to dissolve ppp has added to the list']",party_history_education_mixed
28,75,28_starbucks_shinsegae_coffee_tank,"['starbucks', 'shinsegae', 'coffee', 'tank', 'ceo', 'company', 'tumblers', 'gwangju', 'drink', 'drinks']","['starbucks korea is owned 67 5 by e mart and 32 5 by singapore s gic starbucks corp the us one has a licensing deal with them and earns royalty fees for allowing them to use the starbucks logo coffees etc given what happened i wouldn t be surprised if starbucks corp would like to amend the deal given they are tarnishing their brand', 'starbucks has always been garbage', 'but it s korean starbucks']",starbucks_corporate_consumption
29,74,29_park_chun_chung hee_park chung,"['park', 'chun', 'chung hee', 'park chung', 'hee', 'chung', 'doo hwan', 'doo', 'hwan', 'chun doo']","['park chung hee controversial he was a ruthless dictator but people acknowledge that he was an insightful leader chun doo hwan not only was he not a capable leader but he is treated like hitler of modern germany', 'i m going to assume that you re not korean based on this question and just give you a very very general description that is oversimplified park chung hee has what can be best described as a mixed reputation many left leaning people are at least willing to call him a figure with both good and bad his human rights abuses and erosion of democracy along with his past in both collaborating with japan and being a member of the communist party are universally shunned except by certain far right groups who either justify or deny them he is seen as a very polarizing but important figure and while people may disagree on the role he played or how he should be regarded today there is something absolutely no one in academia can deny his presidency was the one that saw unprecedented economic booms and a drastic increase in living standards literacy income levels etc many would also argue he was a bit of a necessary evil as there is a common belief here that democracy was not achievable at the time when we were so poor and unstable more importantly park chung hee never did anything as drastic as massacre civilians like his successor chun did which saves his reputation a lot chun doo hwan is almost universally despised within korea except for the far right even many right wingers have to at least pretend to distance themselves from his ideology his regime was actually objectively speaking economically not too bad but unlike park chung hee whose role in the economic growth is seen as something he was crucial to many also question if chun s presence was necessary at all especially when the factors to continue economic growth were present anyway the one positive thing i say say about chun was that he wasn t like a third world dictator who ruined everything being a bit pragmatic and skill making sure his appointments were mostly skilled bureaucrats that kept the system running however chun s regime was without a doubt the most illegitimate in history he committed a massacre on civilians something park never did he suppressed democracy illegally and also lied to the people about gwangju park still respected democracy to a degree early in his presidency as a source of legitimacy winning elections by popular vote even though he came to power with a coup chun never held a single democratic election for this reason he was later convicted of treason and his reign arguably never had a shred of legitimacy based on our constitution tldr park chung hee will be described with a bittersweet reception but even within the left completely denouncing him without admitting anything positive is pretty rare and objective analysis tends to rate many of his policies positively chun doo hwan is probably the most hated president here in history', 'both park chung hee and chun doo hwan were dictators but public perception of them is very different for example the bu ma democratic protests during park chung hee s rule were a suppression of democracy and protests and many people were injured or arrested but the number of deaths was relatively low of course according to the testimony of kim jae gyu cha ji cheol supposedly told park that they should crush the protests with tanks like in cambodia and that it would not matter even if millions died but setting aside the credibility of that statement in the end it never happened because park was assassinated chun doo hwan s suppression of the gwangju uprising was the blockade of an entire city and the massacre of hundreds of people he sent soldiers to massacre his own citizens even the people power party the party that produced the president who declared martial law and attempted insurrection does not officially recognize chun doo hwan as one of its former presidents there are of course many ppp politicians who mock gwangju or glorify the massacre but that is a separate issue photos of fellow dictators syngman rhee and park chung hee hang in the ppp headquarters but there is no photo of chun doo hwan that reflects how south korean society views chun doo hwan']",other
30,72,30_israel_palestine_south_palestinians,"['israel', 'palestine', 'south', 'palestinians', 'israeli', 'nation', 'nations', 'speaks', 'genocide', 'president']","['i do not think that korea will likely be among the nations most actively intervening in human rights issues in the future however i believe that when the lower limit is broken we will become a nation that speaks out more bravely and directly than anyone else the behavior israel has been demonstrating is precisely that kind of conduct that is why we koreans are enraged if somewhere on earth one race were to display unacceptable cruelty against another race on a race to race basis korea would show a surprising response we will play the role of preserving the sense that humanity is one and we koreans too have a deep attachment to southern manchuria and the liaodong peninsula they are our ancient lands and a desire to reclaim them a bond so strong it feels like tears are welling up however if we were to do so many people would suffer and that is why we do not we have the right to advise israel in many ways', 'i do not think that korea will likely be among the nations most actively intervening in human rights issues in the future however i believe that when the lower limit is broken we will become a nation that speaks out more bravely and directly than anyone else the behavior israel has been demonstrating is precisely that kind of conduct that is why we koreans are enraged if somewhere on earth one nation were to display unacceptable cruelty against another nation on a nation to nation basis south korea would show a surprising response we will play the role of preserving the sense that humankind is one and we koreans too have a deep attachment to southern manchuria and the liaodong peninsula they are our ancient lands and a desire to reclaim them a bond so strong it feels like tears are welling up however if we were to do so many people would suffer and that is why we do not we have the right to advise israel in many ways', 'i totally agree but i also feel that focusing on the japanese colonial period alone misses even more historical reasons why korea would empathize with palestine sorry to hijack your comment but i wanted to add some more history for one the division of the korean peninsula by non japan imperial powers ussr and usa mirrors the artificial borders imposed on palestine gaza and west bank are recent creations y all and after the korean war similarly produced a category of koreans displaced from their hometowns in north korea and unable to return they re called and any korean with relatives in the north or defector refugees family members could understandably rue these old hometowns physically and metaphorically lost in much the same way as palestinian author ghassan kanafani does in returning to haifa or any palestinian might in seeking right of return for a quick digression into connections between the entire korean peninsula with palestine not just south i would delicately argue that while north korea s support for palestine is motivated by the wrong reasons a big f u to the west it s still revelatory of broader dynamics on the peninsula specifically that yet another reason for korea to identify with palestine is that korea as a whole has experienced a fragmentation of national identity much like palestine wherein south korea has adopted a western outpost role feeding into historic identification with israel to both its own benefit and detriment while north korea s more third world anti west foreign policy has led to an unjust association between innocent north koreans and terrorists much like is the case among palestinians to return to south korea proper the authoritarian repression it dealt with under syngman rhee park chung hee and chun doo hwan was often justified similarly to israeli hegemony over palestine westernization national security reasonable precautions we sadly can t expect k pop fans to know this but south korean democracy wasn t a thing until 1987 the road to democracy before that was paved by many unsuccessful periods of protest in 1960 and 1980 mostly interspersed with several massacres of innocent civilians notably jeju 1948 and gwangju 1980 when many koreans with leftist and pro sovereignty sensibilities were killed by pro american regimes with tacit cia backing it s no wonder then that when korean novelist han kang won the nobel prize in literature back in 2024 for her book human acts about the gwangju massacre many critics were saying her win amounted to a cry for palestine or a tacit nod by the committee to human rights abuses in gaza']",other
31,70,31_ai_data_tech_internet,"['ai', 'data', 'tech', 'internet', 'money', 'jae myung', 'lee', 'lee jae', 'tool', 'myung']","['what about ai costs that much', 'this ai policy is one of the most visionary future proof national strategies i ve seen anywhere in the world while many countries are reacting to the ai revolution lee jae myung is leading it this isn t just about building a korean chatgpt it s about creating a full ecosystem ai education pipelines gpu sovereignty international cooperation and real investment 100 trillion to elevate korea as one of the top 3 global ai powers what stands out is how comprehensive this plan is it tackles infrastructure like npu development and data clusters talent new ai colleges stem education military service exemptions and global ethics through international ai funds and open cooperation and instead of fearing ai it embraces it as a tool for social equity with ai for all initiatives that promise public access to cutting edge tools and safer more productive lives in a world where tech giants dominate ai this is how a nation reclaims sovereignty and ensures its people don t get left behind korea could very well become the democratic world s answer to big tech hegemony and that s huge', 'yes ai data centers are doing the heavy lifting but you re losing the long term perspective if you think data centers are the only things that will power the memory chip needs ai data centers are just the first phase memory demand will likely spread everywhere as the global economy changes this is not just a temporary boom causing a massive bubble this is a structural paradigm change here s why after the data center boom the next phase of ai will move to on device ai ai will increasingly run on phones laptops tvs robots smart appliances cars industrial equipment etc etc that means far more memory per device with much bigger storage sizes this will spark another enormous memory chip demand long after the data center rally dies down after that phase is over the next phase will be that ai will be embedded into daily life so you will need chips for ai home assistants ai healthcare tools ai factory automation ai robots in warehouses ai robot caregivers ai smart city systems ai personalized education systems and not to mention ai in the defense industry which is another whole level of topic in itself the implications of ai aren t just about data centers that s just the first phase this is why i say this is a paradigm change for the korean economy and this is why i say all those doomers who predict korea will collapse into a venezuela like state are so laughably wrong sure korea s demographics will grow old and shrink but its wealth will rise much faster than the population can shrink south koreans are not dumb and they have cornered a lot of special industries not just chips that the world depends on']",other
32,68,32_search_questions_rules_community,"['search', 'questions', 'rules', 'community', 'specific', 'compose', 'google search', 'explore', 'having trouble', 'common questions']","['welcome to r korea here are a few quick links to help you get the most out of the community please review our rules url to keep discussions respectful and on topic check out the faq url many common questions are answered there explore related subreddits url for more korea focused communities looking for something specific try google search url to search past r korea posts having trouble finding the subreddit or community you need see r findareddit the signpost of reddit if you see something that may break the rules report the specific post or comment url that s the fastest way to bring it to the mods attention i am a bot and this action was performed automatically please contact the moderators of this subreddit message compose to r korea if you have any questions or concerns', 'welcome to r korea here are a few quick links to help you get the most out of the community please review our rules url to keep discussions respectful and on topic check out the faq url many common questions are answered there explore related subreddits url for more korea focused communities looking for something specific try google search url to search past r korea posts having trouble finding the subreddit or community you need see r findareddit the signpost of reddit if you see something that may break the rules report the specific post or comment url that s the fastest way to bring it to the mods attention i am a bot and this action was performed automatically please contact the moderators of this subreddit message compose to r korea if you have any questions or concerns', 'welcome to r korea here are a few quick links to help you get the most out of the community please review our rules url to keep discussions respectful and on topic check out the faq url many common questions are answered there explore related subreddits url for more korea focused communities looking for something specific try google search url to search past r korea posts having trouble finding the subreddit or community you need see r findareddit the signpost of reddit if you see something that may break the rules report the specific post or comment url that s the fastest way to bring it to the mods attention i am a bot and this action was performed automatically please contact the moderators of this subreddit message compose to r korea if you have any questions or concerns']",other
33,67,33_america_country_americans_american,"['america', 'country', 'americans', 'american', 'wish', 'movies', 'come', 'trips', 'extremes', 'adventure']","['of course there are things that i come across that surprise me when i travel i can t predict every part of every country and culture the context stumbling across a rally for the president of america in a country that is not america seems unusual to me as an outsider', 'we would laugh about it moreover as we re peruvians and that would be on point with pinochet s stance on foreigner scum like us you can also makes jokes about sendero and fujimori no problem most of us i can t speak for the whole country of course have a very very very thick skin todo nos resbala todo nos llega al pincho we don t get affected by such nuisances and don t get me wrong we still have an ideological spectrum with very disgusting extremes and there s a lot of people who opposed such extremes we just don t censor humor and tongue in cheek jodas and marketing gimmicks as crass and politically incorrect they could be something that is reflected in our high level of autoperceived happiness and low suicide levels to be honest', 'imagine trying to overthrow your country s version of the empire and all these fucking americans are like yeah yeah zurrch buzz crackle crackle i wish lightsabers were real then 25 years later some more movies come out and those fucking americans are like this is so cool you go see the new movies and they are just garbage you look at the fandom and wonder if americans are stupid or just crazy a bunch more movies and tv shows later americans vote for trump twice and the situation explains itself']",other
34,60,34_democracy_dictatorship_decisive_wars,"['democracy', 'dictatorship', 'decisive', 'wars', 'dictator', 'usa', 'countries', 'americans', 'manifest', 'purpose making']","['gentlemen this is democracy manifest', 'there s no neutral between democracy and dictatorship', 'gentlemen this is democracy manifiest']",other
35,57,35_iran_iranian_ship_strait,"['iran', 'iranian', 'ship', 'strait', 'iranians', 'hormuz', 'regime', 'attack', 'israel', 'ships']","['yeah iran isn t a naval power either but us is losing to them let s be clear us started this war of aggression against iran on behalf of israel and is now asking south korea to help them us has targeted south korea in the past and this could be a false flag attack from them since they lost control of the strait to the iranians the orange buffoon went on social media and singled out south korea to help him as a sign of desperation the hormuz strait was open before us and israel launched a joint strike against iran none of this would be happening if us wasn t being dragged along like a dog by the israelis', 'url on 4 may iran announced new maritime control zone in the strait of hormuz that extends from south of the line between mount mubarak in iran and south of fujairah in the uae and from the west the line between the tip of qeshm island in iran and umm al quwain in uae it is third attack on a commercial vessel in the region in just over a 24 hour period a tanker was hit by suspected drones 78 nm north of fujairah at 19 40 hrs utc on 3 may and a bulker attacked by multiple small vessels 11 nm west of sirik in iran while northbound towards the strait of hormuz at 11 30 hrs utc on 3 may it s quite possible the attack was from iran damaging the ship as a warning and to enforce their power projection but little enough to keep negotiation on the table it could also be a false flag from the us not destroying a korean ship but damaging it to convince korea to assist the us operations at any rate not enough information to make claims either way', 'iran s 10 point peace proposal accepted by taco trump trump declares two week ceasefire with iran and claims strait of hormuz will re open as tehran submits 10 point peace plan to end the war url iran s 10 point peace plan 1 commitment to non aggression 2 iran s control over the strait of hormuz 3 acceptance of iran s uranium enrichment 4 lifting of all primary sanctions 5 lifting of all secondary sanctions 6 termination of all un security council resolutions 7 termination of all board of governors resolutions 8 paying compensation to iran 9 withdrawal of us combat forces from the region 10 cessation of war on all fronts including in lebanon numbers 2 and 8 seem to suggest iran will continue to charge 2 million per ship that goes through this strait if this is true this is a humiliating defeat for the united states in my opinion']",other
36,54,36_election_president_vote_candidate,"['election', 'president', 'vote', 'candidate', '00', 'unpopular', 'trump', 'bet', 'presidential', 'elections']","['just to mention certificate of tax payment for the past 5 years this document can be obtained online through url national tax office s website but the system goes under maintenance every 00 00 till 06 00 whoever signs up as a new candidate must have been very well prepared as if he knew exactly when this was going to happen', 'it s all rigged we wont know the outcome till the election day and i don t know if this sub has caught on with his latest politic acts or debates but he is quite unpopular in sk a candidate from a party which had 2 previous presidents impeached in a row or a unpopular candidate from the opposite party this is the real fight', 'trump is very unpopular but conversely his falling popularity has not translated into increased support for the democrats i think it s useful to note that the right wing politicians in his sphere tend to perform badly when trump isn t on the ballot trump tapped into a potential voting block that doesn t usually vote but they only show up for him we ve also seen pretty substantial swings to the left in recent elections swing voters do play a role sure but i would say a just as important voting block if not more is energizing the existing support to show up or discouraging the existing support to feel it s worth it']",other
37,54,37_queer_gay_homosexuality_lgbt,"['queer', 'gay', 'homosexuality', 'lgbt', 'education', 'rights', 'festival', 'human rights', 'discrimination', 'human']","['on what supposed basis does he claim that there is queer gay education', 'the commission plans to operate a booth at the queer festival and organize a human rights monitoring team to respond to hate speech and prevent physical clashes related to both events said ahn people should refrain from making baseless accusations or spreading false information that could incite hatred or humiliation toward others during the seoul queer culture festival and the holy breakwater of unified christian rally these are just empty words from ahn chang ho the chair of the national human rights commission and a devout protestant in reality he is against the enactment of a comprehensive anti discrimination bill and the recognition of legal rights for queer people what a tool', 'we will work to promote mutual respect advance human rights and foster national unity by attending the seoul queer culture festival and the holy breakwater of unified christian rally said ahn chang ho chair of the national human rights commission during a meeting to vote on a motion to attend the queer festival held on friday the commission plans to operate a booth at the queer festival and organize a human rights monitoring team to respond to hate speech and prevent physical clashes related to both events said ahn people should refrain from making baseless accusations or spreading false information that could incite hatred or humiliation toward others during the seoul queer culture festival and the holy breakwater of unified christian rally do they honestly expect to see hate speech coming from both sides and do they really want to make sure sqcf participants respect the anti lgbtq christians']",other
38,54,38_moon_kim_dogs_kim moon,"['moon', 'kim', 'dogs', 'kim moon', 'moon soo', 'soo', 'moonsoo', 'yoon administration', 'housing', 'statistics']","['the ppp seems to have set their mind on minister kim moon soo', 'who do you think will win the ppp candidacy kim moon soo', 'the previous moon jae in government fabricated key official data on housing prices income distribution and employment for nearly four years to make the public believe that its real estate and economic policies are effective the state audit agency said thursday moon s presidential office cheong wa dae and the land ministry instructed the korea real estate board reb a public agency affiliated with the land ministry to make downward adjustments of weekly and monthly housing price fluctuation rates or manipulate statistics to make it appear as if real estate policies were effective on a total of 102 occasions from january 2018 to october 2021 according to the board of audit and inspection bai the manipulation of official data was also widespread in the fields of income distribution and employment to conceal the negative consequences from widening income inequality and a surge in non regular workers the bai said the audit agency made the revelations while finalizing its investigation report on the suspicions of data fabrication during the moon presidency last thursday the bai disclosed the interim results of the investigation in september 2023 asking the prosecution to investigate 22 former government officials including all four former presidential chiefs of staff for policy jang ha sung kim su hyun kim sang jo and lee ho seung as well as former land minister kim hyun mi the bai said cheong wa dae and the land ministry violated the statistics act by ordering the reb to provide housing price statistics in advance and snubbed the reb s requests to stop the provision 12 times sharing statistical data before the report is made public is against the statistics law in particular the bai pointed out that cheong wa dae and the land ministry not only received the statistics in advance but also exerted their influence to adjust the statistical figures the agency said curbing surging housing prices was one of moon s policy agendas leading the land ministry to implement a series of drastic yet contentious real estate measures including imposing high taxes on those owning more than one home despite the government s efforts to combat what it labeled as real estate speculation housing prices skyrocketed']",other
39,52,39_south_politics_corruption_nkorea,"['south', 'politics', 'corruption', 'nkorea', 'tested', 'history', 'president', 'factory', 'society', 'incels']","['he s nickname is k maduro this individual is a fraudulent president who was elected through a rigged election his supporters consist of the honam region left wing groups the democratic party and those who are pro china pro north korea pro communist and biased members of the judiciary and trash legacymedia like myself 65 of koreans loathe him i would like to offer a sincere apology to the people of israel for the pain he has caused we are truly sorry i hope he faces judgment as soon as possible south korea will stand with israel', 'yeah he is not a left wing candidate that s why s he s made these conservative policy choices he himself came out saying he s not a left wing candidate unfortunately korean history so deeply entrenched in colonialism and its outcomes that dpk is acting as the left wing of the politics as ridiculous as it is despite his faults he s the best choice simply by far and i still do believe in terms of this ai promise he will deliver what he s promised if you want to discuss his other wrong doings go ahead and explain what justice he needs to face', 'you re assuming that only you understand korean society and institutions i know frankly more than i wish to about and its inadequacy in its current form to the task of checking political and prosecutorial corruption based on the entities you list as duplicative with it s clear we have a more fundamental disagreement about the existence and extent of prosecutorial corruption not to mention the means of fighting it let me leave it at this this may be an english language board but not everyone here is a foreigner i am personally looking forward to taking myself with all of my faults and deficient understanding of the society i was born and grew up in to the polls and voting for not ljs']",other
40,51,40_students_university_international students_international,"['students', 'university', 'international students', 'international', 'harvard', 'education', 'immigration status', 'immigration', 'student', 'universities']","['i want to take this opportunity to hopefully bust some myths about the country as a i do study 10am 10pm most days i do go to a private hagwon six seven days a week but the commentary about how suneung and private education make it so that you must invest more money in order to go to good college uni is just incorrect first of all most korean students will not even attempt to go into in seoul unis and will rather go to a very decent state funded regional gyeonggi one that gains student numbers by eclipsing traditional high class universities in job searching landing opportunities it is not at all hard to get into these unis at all just pay attention and write down keep track of what hints teachers give you from what i ve gathered from talking to a lot of other teenagers on reddit south korea s education system actually seems easier than many western ones it s just like what i said write down and keep track of what your teacher said a lot of school projects don t even require any creativity it s pretty boring because of that but you can definitely go to a very decent university without having to worry about depending on suneung to get into a prestigious university secondly about private education most of south korea s private education sector is a hype machine it s an illusion of sorts what do these high paying hagwons even do to your child they don t tell you some magic tricks to ace number 15 22 and 30 math questions on d day sure they have great teachers and have very up to date exams databases but the fundamental capability suneung wants to find in students is effort no high class hagwon will get you into a prestigeous university because you tried just like anyone else you do need to put in work yourself about the quality of education hagwons can offer the materials you study with are basically the exact same no matter how high of a budget your family has ebsi etoos megastudy etc has a ton of quality online material for pretty cheap and the first will offer all for free because it is government funded ebs also has the most accurate and realistic textbooks that one can go through in case of korean because it s connected with all offline private education offers is just real time questions answering and an offline version of online lectures the myth that you need to start educating children during kindergarten is also just wrong on so many levels i have family members that have sent my cousins to those english kintergartens and you know what they do jack shit what you need to do for english proficiency is learning english as a language not textbook material you can get english books and materials from your local library and let them go through the material by themselves that was how i was raised and my mom still doesn t speak a word of english after my initial vocabulary was raised to a certain level my english was able to start growing af i consumed more english material children can learn english without sinking massive amounts of money in their early life the lie that you should is created from competitive parenting and fomo you don t have to try and inject kids with any real studying stuff until late middle school 2 3 let kids read books and play with friends for the whole duration of elementary school also that s how most children s elementary school days are little actually keep on the grind during this time you don t learn anything that you can t keep up with without going to hagwon it s really really easy and your exam scores don t matter unless you want to pickpoint which high school you want to go through but in korea all high schools at least in gyeonggi which is definitely the majority have any noticeable difference between high schools maybe it s just because i m in dongtan but i don t hear about any schools falling substantially falling behind or anything like that schools are generally well funded here', 'lol right because all the harvard students will want to go to a korean university', 'a university of houston professor told students sunday that his math classes would be taken over by another educator through the end of the semester so he could return to south korea to resolve his immigration status the news comes in the wake of hundreds of texas international students losing their immigration status at least 252 international students at texas universities have had their visas revoked or immigration status terminated in the student and exchange visitor information system sevis database the professor was later identified as hyeongseon jeon due to the unexpected termination of my visa an issue that has recently impacted many international scholars i must return to korea immediately to resolve my immigration status jeon wrote to his students at this time we are not aware of any other faculty affected by visa terminations luhn said rice university political science professor robert stein a baker fellow whose work has been supported by the city of houston s office of public safety and homeland security said rice a private university isn t releasing any specific information about how many students have had their immigration status revoked or whether it s extended to professors but what he s heard is terrifying what i am concerned about and i think everybody is is that this is going to have a chilling effect on international students coming to the u s he said it sends the wrong signal that foreign born people aren t welcome american educational institutions are a major source of revenue he added charles foster a houston based immigration attorney noted that dozens of heads of state have been educated at american universities arbitrarily revoking the immigration status of students and now a professor tarnishes the reputation of the american government foster said the vast majority of the cases i m aware of had nothing to do with a political demonstration or association with any group that was perceived hostile to the policies of the administration they simply had their status revoked because of some very casual contact with law enforcement even though that activity in no way legally affected their student status nevertheless that was the common denominator in my opinion that resulted in the revocation of their status foster said i hope the administration rather than digging in their heels will look at these cases on an individual basis and if there s no infraction reinstate them he added luhn the uh spokesman issued the following statement in response to questions about student immigration status since march 25 a small number of our international students have been impacted by sevis terminations and or visa revocations our practice is to notify these students directly of these changes the university of houston s international student and scholar services office is committed to supporting our international students and scholars by providing comprehensive services and programs to meet their needs and we have proactively communicated the importance of maintaining compliance with immigration laws and continue to offer guidance we are encouraging our international students to remain in close contact with issso and to reach out with any concerns']",other
