dataset,exposure,exposure_label,outcome,outcome_label,APP_REGION,Caregiving_MentalHealth2,weighted_n,raw_n,row_pct,row_raw_n,MedConditions_Depression,FreqUseInternet,Internet_Cell2,Internet_HighSpeed2,Electronic2_HealthInfo,TestSource_HCPCounselor,RiskTest_Counselor,SharedRes4_Counselor,UndGenTest3_Counselor,UseInternet,Internet_DialUp,Internet_HighSpeed,Internet_Cell
HINTS7_2024,APP_REGION,Appalachian Subregion,Caregiving_MentalHealth2,F5. (For the individual to whom you provide the most care) Please mark all condi,A,-1.0,56557.0,318,0.8176285202104898,402,,,,,,,,,,,,,
HINTS7_2024,APP_REGION,Appalachian Subregion,Caregiving_MentalHealth2,F5. (For the individual to whom you provide the most care) Please mark all condi,A,2.0,6962.0,40,0.10064766090325565,402,,,,,,,,,,,,,
HINTS7_2024,APP_REGION,Appalachian Subregion,Caregiving_MentalHealth2,F5. (For the individual to whom you provide the most care) Please mark all condi,A,1.0,4470.0,23,0.06462152315965998,402,,,,,,,,,,,,,
HINTS7_2024,APP_REGION,Appalachian Subregion,Caregiving_MentalHealth2,F5. (For the individual to whom you provide the most care) Please mark all condi,A,-6.0,1005.0,7,0.0145290001734806,402,,,,,,,,,,,,,
HINTS7_2024,APP_REGION,Appalachian Subregion,Caregiving_MentalHealth2,F5. (For the individual to whom you provide the most care) Please mark all condi,A,-9.0,262.0,2,0.0037876597467183253,402,,,,,,,,,,,,,
HINTS7_2024,APP_REGION,Appalachian Subregion,Caregiving_MentalHealth2,F5. (For the individual to whom you provide the most care) Please mark all condi,A,-7.0,-84.0,12,-0.0012143641936043486,402,,,,,,,,,,,,,
HINTS7_2024,APP_REGION,Appalachian Subregion,MedConditions_Depression,I5e. Has a doctor or other health professional ever told you that you had depres,A,,48218.0,272,0.6970739605620772,402,2.0,,,,,,,,,,,,
HINTS7_2024,APP_REGION,Appalachian Subregion,MedConditions_Depression,I5e. Has a doctor or other health professional ever told you that you had depres,A,,20285.0,106,0.29325449603885967,402,1.0,,,,,,,,,,,,
HINTS7_2024,APP_REGION,Appalachian Subregion,MedConditions_Depression,I5e. Has a doctor or other health professional ever told you that you had depres,A,,795.0,6,0.011493089689469728,402,-9.0,,,,,,,,,,,,
HINTS7_2024,APP_REGION,Appalachian Subregion,MedConditions_Depression,I5e. Has a doctor or other health professional ever told you that you had depres,A,,-126.0,18,-0.0018215462904065229,402,-7.0,,,,,,,,,,,,
HINTS7_2024,FreqUseInternet,"B1. About how often do you use the Internet, either on a computer, laptop, smart",Caregiving_MentalHealth2,F5. (For the individual to whom you provide the most care) Please mark all condi,,-1.0,814554.0,4572,0.826074434057364,5755,,1.0,,,,,,,,,,,
HINTS7_2024,FreqUseInternet,"B1. About how often do you use the Internet, either on a computer, laptop, smart",Caregiving_MentalHealth2,F5. (For the individual to whom you provide the most care) Please mark all condi,,2.0,117711.0,668,0.11937581511763047,5755,,1.0,,,,,,,,,,,
HINTS7_2024,FreqUseInternet,"B1. About how often do you use the Internet, either on a computer, laptop, smart",Caregiving_MentalHealth2,F5. (For the individual to whom you provide the most care) Please mark all condi,,1.0,48243.0,262,0.04892531240682559,5755,,1.0,,,,,,,,,,,
HINTS7_2024,FreqUseInternet,"B1. About how often do you use the Internet, either on a computer, laptop, smart",Caregiving_MentalHealth2,F5. (For the individual to whom you provide the most care) Please mark all condi,,-6.0,5012.0,38,0.005082885927139893,5755,,1.0,,,,,,,,,,,
HINTS7_2024,FreqUseInternet,"B1. About how often do you use the Internet, either on a computer, laptop, smart",Caregiving_MentalHealth2,F5. (For the individual to whom you provide the most care) Please mark all condi,,-9.0,1014.0,10,0.0010283412470310956,5755,,1.0,,,,,,,,,,,
HINTS7_2024,FreqUseInternet,"B1. About how often do you use the Internet, either on a computer, laptop, smart",Caregiving_MentalHealth2,F5. (For the individual to whom you provide the most care) Please mark all condi,,-2.0,920.0,5,0.0009330117823161814,5755,,1.0,,,,,,,,,,,
HINTS7_2024,FreqUseInternet,"B1. About how often do you use the Internet, either on a computer, laptop, smart",Caregiving_MentalHealth2,F5. (For the individual to whom you provide the most care) Please mark all condi,,-7.0,-1400.0,200,-0.0014198005383072327,5755,,1.0,,,,,,,,,,,
HINTS7_2024,FreqUseInternet,"B1. About how often do you use the Internet, either on a computer, laptop, smart",Caregiving_MentalHealth2,F5. (For the individual to whom you provide the most care) Please mark all condi,,-1.0,66681.0,381,0.8326174362560248,481,,2.0,,,,,,,,,,,
HINTS7_2024,FreqUseInternet,"B1. About how often do you use the Internet, either on a computer, laptop, smart",Caregiving_MentalHealth2,F5. (For the individual to whom you provide the most care) Please mark all condi,,2.0,9634.0,58,0.12029568214169767,481,,2.0,,,,,,,,,,,
HINTS7_2024,FreqUseInternet,"B1. About how often do you use the Internet, either on a computer, laptop, smart",Caregiving_MentalHealth2,F5. (For the individual to whom you provide the most care) Please mark all condi,,1.0,3356.0,21,0.04190495217641036,481,,2.0,,,,,,,,,,,
HINTS7_2024,FreqUseInternet,"B1. About how often do you use the Internet, either on a computer, laptop, smart",Caregiving_MentalHealth2,F5. (For the individual to whom you provide the most care) Please mark all condi,,-2.0,230.0,1,0.002871912693854107,481,,2.0,,,,,,,,,,,
HINTS7_2024,FreqUseInternet,"B1. About how often do you use the Internet, either on a computer, laptop, smart",Caregiving_MentalHealth2,F5. (For the individual to whom you provide the most care) Please mark all condi,,-9.0,175.0,1,0.002185150962715081,481,,2.0,,,,,,,,,,,
HINTS7_2024,FreqUseInternet,"B1. About how often do you use the Internet, either on a computer, laptop, smart",Caregiving_MentalHealth2,F5. (For the individual to whom you provide the most care) Please mark all condi,,-6.0,122.0,3,0.0015233623854356566,481,,2.0,,,,,,,,,,,
HINTS7_2024,FreqUseInternet,"B1. About how often do you use the Internet, either on a computer, laptop, smart",Caregiving_MentalHealth2,F5. (For the individual to whom you provide the most care) Please mark all condi,,-7.0,-112.0,16,-0.0013984966161376521,481,,2.0,,,,,,,,,,,
HINTS7_2024,FreqUseInternet,"B1. About how often do you use the Internet, either on a computer, laptop, smart",Caregiving_MentalHealth2,F5. (For the individual to whom you provide the most care) Please mark all condi,,-1.0,57795.0,334,0.8349947988904299,416,,3.0,,,,,,,,,,,
HINTS7_2024,FreqUseInternet,"B1. About how often do you use the Internet, either on a computer, laptop, smart",Caregiving_MentalHealth2,F5. (For the individual to whom you provide the most care) Please mark all condi,,2.0,7988.0,47,0.11540684234858992,416,,3.0,,,,,,,,,,,
HINTS7_2024,FreqUseInternet,"B1. About how often do you use the Internet, either on a computer, laptop, smart",Caregiving_MentalHealth2,F5. (For the individual to whom you provide the most care) Please mark all condi,,1.0,2332.0,13,0.03369163199260287,416,,3.0,,,,,,,,,,,
HINTS7_2024,FreqUseInternet,"B1. About how often do you use the Internet, either on a computer, laptop, smart",Caregiving_MentalHealth2,F5. (For the individual to whom you provide the most care) Please mark all condi,,-6.0,867.0,7,0.012526005547850208,416,,3.0,,,,,,,,,,,
HINTS7_2024,FreqUseInternet,"B1. About how often do you use the Internet, either on a computer, laptop, smart",Caregiving_MentalHealth2,F5. (For the individual to whom you provide the most care) Please mark all condi,,-9.0,313.0,4,0.00452207582061951,416,,3.0,,,,,,,,,,,
HINTS7_2024,FreqUseInternet,"B1. About how often do you use the Internet, either on a computer, laptop, smart",Caregiving_MentalHealth2,F5. (For the individual to whom you provide the most care) Please mark all condi,,-2.0,-9.0,1,-0.00013002773925104022,416,,3.0,,,,,,,,,,,
HINTS7_2024,FreqUseInternet,"B1. About how often do you use the Internet, either on a computer, laptop, smart",Caregiving_MentalHealth2,F5. (For the individual to whom you provide the most care) Please mark all condi,,-7.0,-70.0,10,-0.0010113268608414239,416,,3.0,,,,,,,,,,,
HINTS7_2024,FreqUseInternet,"B1. About how often do you use the Internet, either on a computer, laptop, smart",Caregiving_MentalHealth2,F5. (For the individual to whom you provide the most care) Please mark all condi,,-1.0,13056.0,83,0.7257768636388904,115,,4.0,,,,,,,,,,,
HINTS7_2024,FreqUseInternet,"B1. About how often do you use the Internet, either on a computer, laptop, smart",Caregiving_MentalHealth2,F5. (For the individual to whom you provide the most care) Please mark all condi,,2.0,3233.0,22,0.1797209405747957,115,,4.0,,,,,,,,,,,
HINTS7_2024,FreqUseInternet,"B1. About how often do you use the Internet, either on a computer, laptop, smart",Caregiving_MentalHealth2,F5. (For the individual to whom you provide the most care) Please mark all condi,,1.0,1409.0,7,0.07832564344877425,115,,4.0,,,,,,,,,,,
HINTS7_2024,FreqUseInternet,"B1. About how often do you use the Internet, either on a computer, laptop, smart",Caregiving_MentalHealth2,F5. (For the individual to whom you provide the most care) Please mark all condi,,-6.0,298.0,2,0.01656567902607149,115,,4.0,,,,,,,,,,,
HINTS7_2024,FreqUseInternet,"B1. About how often do you use the Internet, either on a computer, laptop, smart",Caregiving_MentalHealth2,F5. (For the individual to whom you provide the most care) Please mark all condi,,-7.0,-7.0,1,-0.0003891266885318806,115,,4.0,,,,,,,,,,,
HINTS7_2024,FreqUseInternet,"B1. About how often do you use the Internet, either on a computer, laptop, smart",Caregiving_MentalHealth2,F5. (For the individual to whom you provide the most care) Please mark all condi,,-1.0,21379.0,124,0.8046595656592269,162,,5.0,,,,,,,,,,,
HINTS7_2024,FreqUseInternet,"B1. About how often do you use the Internet, either on a computer, laptop, smart",Caregiving_MentalHealth2,F5. (For the individual to whom you provide the most care) Please mark all condi,,2.0,3525.0,22,0.13267341638751928,162,,5.0,,,,,,,,,,,
HINTS7_2024,FreqUseInternet,"B1. About how often do you use the Internet, either on a computer, laptop, smart",Caregiving_MentalHealth2,F5. (For the individual to whom you provide the most care) Please mark all condi,,-6.0,863.0,9,0.03248146335955437,162,,5.0,,,,,,,,,,,
HINTS7_2024,FreqUseInternet,"B1. About how often do you use the Internet, either on a computer, laptop, smart",Caregiving_MentalHealth2,F5. (For the individual to whom you provide the most care) Please mark all condi,,1.0,498.0,3,0.01874364861304528,162,,5.0,,,,,,,,,,,
HINTS7_2024,FreqUseInternet,"B1. About how often do you use the Internet, either on a computer, laptop, smart",Caregiving_MentalHealth2,F5. (For the individual to whom you provide the most care) Please mark all condi,,-2.0,325.0,1,0.012232300801686176,162,,5.0,,,,,,,,,,,
HINTS7_2024,FreqUseInternet,"B1. About how often do you use the Internet, either on a computer, laptop, smart",Caregiving_MentalHealth2,F5. (For the individual to whom you provide the most care) Please mark all condi,,-7.0,-21.0,3,-0.0007903948210320298,162,,5.0,,,,,,,,,,,
HINTS7_2024,FreqUseInternet,"B1. About how often do you use the Internet, either on a computer, laptop, smart",Caregiving_MentalHealth2,F5. (For the individual to whom you provide the most care) Please mark all condi,,-1.0,42214.0,262,0.8398456151519974,320,,6.0,,,,,,,,,,,
HINTS7_2024,FreqUseInternet,"B1. About how often do you use the Internet, either on a computer, laptop, smart",Caregiving_MentalHealth2,F5. (For the individual to whom you provide the most care) Please mark all condi,,2.0,5648.0,36,0.11236670380391532,320,,6.0,,,,,,,,,,,
HINTS7_2024,FreqUseInternet,"B1. About how often do you use the Internet, either on a computer, laptop, smart",Caregiving_MentalHealth2,F5. (For the individual to whom you provide the most care) Please mark all condi,,-6.0,1193.0,14,0.023734680884927584,320,,6.0,,,,,,,,,,,
HINTS7_2024,FreqUseInternet,"B1. About how often do you use the Internet, either on a computer, laptop, smart",Caregiving_MentalHealth2,F5. (For the individual to whom you provide the most care) Please mark all condi,,1.0,760.0,4,0.0151201655260226,320,,6.0,,,,,,,,,,,
HINTS7_2024,FreqUseInternet,"B1. About how often do you use the Internet, either on a computer, laptop, smart",Caregiving_MentalHealth2,F5. (For the individual to whom you provide the most care) Please mark all condi,,-9.0,245.0,1,0.004874263886678339,320,,6.0,,,,,,,,,,,
HINTS7_2024,FreqUseInternet,"B1. About how often do you use the Internet, either on a computer, laptop, smart",Caregiving_MentalHealth2,F5. (For the individual to whom you provide the most care) Please mark all condi,,-2.0,211.0,2,0.004197835428935222,320,,6.0,,,,,,,,,,,
HINTS7_2024,FreqUseInternet,"B1. About how often do you use the Internet, either on a computer, laptop, smart",Caregiving_MentalHealth2,F5. (For the individual to whom you provide the most care) Please mark all condi,,-7.0,-7.0,1,-0.00013926468247652394,320,,6.0,,,,,,,,,,,
HINTS7_2024,FreqUseInternet,"B1. About how often do you use the Internet, either on a computer, laptop, smart",MedConditions_Depression,I5e. Has a doctor or other health professional ever told you that you had depres,,,698645.0,3924,0.7085261050611833,5755,2.0,1.0,,,,,,,,,,,
HINTS7_2024,FreqUseInternet,"B1. About how often do you use the Internet, either on a computer, laptop, smart",MedConditions_Depression,I5e. Has a doctor or other health professional ever told you that you had depres,,,282349.0,1537,0.28634233013607774,5755,1.0,1.0,,,,,,,,,,,
HINTS7_2024,FreqUseInternet,"B1. About how often do you use the Internet, either on a computer, laptop, smart",MedConditions_Depression,I5e. Has a doctor or other health professional ever told you that you had depres,,,6733.0,55,0.006828226446016141,5755,-9.0,1.0,,,,,,,,,,,
HINTS7_2024,FreqUseInternet,"B1. About how often do you use the Internet, either on a computer, laptop, smart",MedConditions_Depression,I5e. Has a doctor or other health professional ever told you that you had depres,,,-1673.0,239,-0.001696661643277143,5755,-7.0,1.0,,,,,,,,,,,
HINTS7_2024,FreqUseInternet,"B1. About how often do you use the Internet, either on a computer, laptop, smart",MedConditions_Depression,I5e. Has a doctor or other health professional ever told you that you had depres,,,61097.0,350,0.762892390680019,481,2.0,2.0,,,,,,,,,,,
HINTS7_2024,FreqUseInternet,"B1. About how often do you use the Internet, either on a computer, laptop, smart",MedConditions_Depression,I5e. Has a doctor or other health professional ever told you that you had depres,,,17740.0,97,0.22151187473466025,481,1.0,2.0,,,,,,,,,,,
HINTS7_2024,FreqUseInternet,"B1. About how often do you use the Internet, either on a computer, laptop, smart",MedConditions_Depression,I5e. Has a doctor or other health professional ever told you that you had depres,,,1382.0,15,0.01725644931698424,481,-9.0,2.0,,,,,,,,,,,
HINTS7_2024,FreqUseInternet,"B1. About how often do you use the Internet, either on a computer, laptop, smart",MedConditions_Depression,I5e. Has a doctor or other health professional ever told you that you had depres,,,-133.0,19,-0.0016607147316634618,481,-7.0,2.0,,,,,,,,,,,
HINTS7_2024,FreqUseInternet,"B1. About how often do you use the Internet, either on a computer, laptop, smart",MedConditions_Depression,I5e. Has a doctor or other health professional ever told you that you had depres,,,51652.0,299,0.7462436430883033,416,2.0,3.0,,,,,,,,,,,
HINTS7_2024,FreqUseInternet,"B1. About how often do you use the Internet, either on a computer, laptop, smart",MedConditions_Depression,I5e. Has a doctor or other health professional ever told you that you had depres,,,16807.0,89,0.2428195792880259,416,1.0,3.0,,,,,,,,,,,
HINTS7_2024,FreqUseInternet,"B1. About how often do you use the Internet, either on a computer, laptop, smart",MedConditions_Depression,I5e. Has a doctor or other health professional ever told you that you had depres,,,904.0,7,0.013060564031437818,416,-9.0,3.0,,,,,,,,,,,
HINTS7_2024,FreqUseInternet,"B1. About how often do you use the Internet, either on a computer, laptop, smart",MedConditions_Depression,I5e. Has a doctor or other health professional ever told you that you had depres,,,-147.0,21,-0.00212378640776699,416,-7.0,3.0,,,,,,,,,,,
HINTS7_2024,FreqUseInternet,"B1. About how often do you use the Internet, either on a computer, laptop, smart",MedConditions_Depression,I5e. Has a doctor or other health professional ever told you that you had depres,,,12599.0,76,0.700372449830452,115,2.0,4.0,,,,,,,,,,,
HINTS7_2024,FreqUseInternet,"B1. About how often do you use the Internet, either on a computer, laptop, smart",MedConditions_Depression,I5e. Has a doctor or other health professional ever told you that you had depres,,,5434.0,33,0.3020734893546056,115,1.0,4.0,,,,,,,,,,,
HINTS7_2024,FreqUseInternet,"B1. About how often do you use the Internet, either on a computer, laptop, smart",MedConditions_Depression,I5e. Has a doctor or other health professional ever told you that you had depres,,,-9.0,1,-0.0005003057423981322,115,-9.0,4.0,,,,,,,,,,,
HINTS7_2024,FreqUseInternet,"B1. About how often do you use the Internet, either on a computer, laptop, smart",MedConditions_Depression,I5e. Has a doctor or other health professional ever told you that you had depres,,,-35.0,5,-0.001945633442659403,115,-7.0,4.0,,,,,,,,,,,
HINTS7_2024,FreqUseInternet,"B1. About how often do you use the Internet, either on a computer, laptop, smart",MedConditions_Depression,I5e. Has a doctor or other health professional ever told you that you had depres,,,19756.0,119,0.7435733373480372,162,2.0,5.0,,,,,,,,,,,
HINTS7_2024,FreqUseInternet,"B1. About how often do you use the Internet, either on a computer, laptop, smart",MedConditions_Depression,I5e. Has a doctor or other health professional ever told you that you had depres,,,6654.0,37,0.25044224472129173,162,1.0,5.0,,,,,,,,,,,
HINTS7_2024,FreqUseInternet,"B1. About how often do you use the Internet, either on a computer, laptop, smart",MedConditions_Depression,I5e. Has a doctor or other health professional ever told you that you had depres,,,180.0,3,0.006774812751703113,162,-9.0,5.0,,,,,,,,,,,
HINTS7_2024,FreqUseInternet,"B1. About how often do you use the Internet, either on a computer, laptop, smart",MedConditions_Depression,I5e. Has a doctor or other health professional ever told you that you had depres,,,-21.0,3,-0.0007903948210320298,162,-7.0,5.0,,,,,,,,,,,
HINTS7_2024,FreqUseInternet,"B1. About how often do you use the Internet, either on a computer, laptop, smart",MedConditions_Depression,I5e. Has a doctor or other health professional ever told you that you had depres,,,38005.0,239,0.7561077510743276,320,2.0,6.0,,,,,,,,,,,
HINTS7_2024,FreqUseInternet,"B1. About how often do you use the Internet, either on a computer, laptop, smart",MedConditions_Depression,I5e. Has a doctor or other health professional ever told you that you had depres,,,11579.0,70,0.23036367977081013,320,1.0,6.0,,,,,,,,,,,
HINTS7_2024,FreqUseInternet,"B1. About how often do you use the Internet, either on a computer, laptop, smart",MedConditions_Depression,I5e. Has a doctor or other health professional ever told you that you had depres,,,687.0,10,0.01366783383733885,320,-9.0,6.0,,,,,,,,,,,
HINTS7_2024,FreqUseInternet,"B1. About how often do you use the Internet, either on a computer, laptop, smart",MedConditions_Depression,I5e. Has a doctor or other health professional ever told you that you had depres,,,-7.0,1,-0.00013926468247652394,320,-7.0,6.0,,,,,,,,,,,
HINTS7_2024,Internet_Cell2,"B2a. When you use the Internet, do you connect to it through a cellular network ",Caregiving_MentalHealth2,F5. (For the individual to whom you provide the most care) Please mark all condi,,-1.0,36455.0,228,0.8567768925239136,273,,,-1.0,,,,,,,,,,
HINTS7_2024,Internet_Cell2,"B2a. When you use the Internet, do you connect to it through a cellular network ",Caregiving_MentalHealth2,F5. (For the individual to whom you provide the most care) Please mark all condi,,2.0,4382.0,28,0.10298714423370701,273,,,-1.0,,,,,,,,,,
HINTS7_2024,Internet_Cell2,"B2a. When you use the Internet, do you connect to it through a cellular network ",Caregiving_MentalHealth2,F5. (For the individual to whom you provide the most care) Please mark all condi,,-6.0,763.0,10,0.01793226632823333,273,,,-1.0,,,,,,,,,,
HINTS7_2024,Internet_Cell2,"B2a. When you use the Internet, do you connect to it through a cellular network ",Caregiving_MentalHealth2,F5. (For the individual to whom you provide the most care) Please mark all condi,,1.0,500.0,3,0.011751157489012667,273,,,-1.0,,,,,,,,,,
HINTS7_2024,Internet_Cell2,"B2a. When you use the Internet, do you connect to it through a cellular network ",Caregiving_MentalHealth2,F5. (For the individual to whom you provide the most care) Please mark all condi,,-9.0,245.0,1,0.005758067169616207,273,,,-1.0,,,,,,,,,,
HINTS7_2024,Internet_Cell2,"B2a. When you use the Internet, do you connect to it through a cellular network ",Caregiving_MentalHealth2,F5. (For the individual to whom you provide the most care) Please mark all condi,,-2.0,211.0,2,0.004958988460363346,273,,,-1.0,,,,,,,,,,
HINTS7_2024,Internet_Cell2,"B2a. When you use the Internet, do you connect to it through a cellular network ",Caregiving_MentalHealth2,F5. (For the individual to whom you provide the most care) Please mark all condi,,-7.0,-7.0,1,-0.00016451620484617734,273,,,-1.0,,,,,,,,,,
HINTS7_2024,Internet_Cell2,"B2a. When you use the Internet, do you connect to it through a cellular network ",Caregiving_MentalHealth2,F5. (For the individual to whom you provide the most care) Please mark all condi,,-1.0,5759.0,34,0.7464679196370706,47,,,-2.0,,,,,,,,,,
HINTS7_2024,Internet_Cell2,"B2a. When you use the Internet, do you connect to it through a cellular network ",Caregiving_MentalHealth2,F5. (For the individual to whom you provide the most care) Please mark all condi,,2.0,1266.0,8,0.16409591704471807,47,,,-2.0,,,,,,,,,,
HINTS7_2024,Internet_Cell2,"B2a. When you use the Internet, do you connect to it through a cellular network ",Caregiving_MentalHealth2,F5. (For the individual to whom you provide the most care) Please mark all condi,,-6.0,430.0,4,0.05573558003888529,47,,,-2.0,,,,,,,,,,
HINTS7_2024,Internet_Cell2,"B2a. When you use the Internet, do you connect to it through a cellular network ",Caregiving_MentalHealth2,F5. (For the individual to whom you provide the most care) Please mark all condi,,1.0,260.0,1,0.033700583279325985,47,,,-2.0,,,,,,,,,,
HINTS7_2024,Internet_Cell2,"B2a. When you use the Internet, do you connect to it through a cellular network ",Caregiving_MentalHealth2,F5. (For the individual to whom you provide the most care) Please mark all condi,,-1.0,6767.0,40,0.8367750711017683,47,,,-9.0,,,,,,,,,,
HINTS7_2024,Internet_Cell2,"B2a. When you use the Internet, do you connect to it through a cellular network ",Caregiving_MentalHealth2,F5. (For the individual to whom you provide the most care) Please mark all condi,,2.0,760.0,4,0.09397798936564856,47,,,-9.0,,,,,,,,,,
HINTS7_2024,Internet_Cell2,"B2a. When you use the Internet, do you connect to it through a cellular network ",Caregiving_MentalHealth2,F5. (For the individual to whom you provide the most care) Please mark all condi,,1.0,230.0,1,0.028440707308025226,47,,,-9.0,,,,,,,,,,
HINTS7_2024,Internet_Cell2,"B2a. When you use the Internet, do you connect to it through a cellular network ",Caregiving_MentalHealth2,F5. (For the individual to whom you provide the most care) Please mark all condi,,-6.0,200.0,1,0.024731049833065413,47,,,-9.0,,,,,,,,,,
HINTS7_2024,Internet_Cell2,"B2a. When you use the Internet, do you connect to it through a cellular network ",Caregiving_MentalHealth2,F5. (For the individual to whom you provide the most care) Please mark all condi,,-9.0,130.0,1,0.01607518239149252,47,,,-9.0,,,,,,,,,,
HINTS7_2024,Internet_Cell2,"B2a. When you use the Internet, do you connect to it through a cellular network ",Caregiving_MentalHealth2,F5. (For the individual to whom you provide the most care) Please mark all condi,,-1.0,789426.0,4435,0.8220935306265055,5640,,,1.0,,,,,,,,,,
HINTS7_2024,Internet_Cell2,"B2a. When you use the Internet, do you connect to it through a cellular network ",Caregiving_MentalHealth2,F5. (For the individual to whom you provide the most care) Please mark all condi,,2.0,116258.0,664,0.12106891549502584,5640,,,1.0,,,,,,,,,,
HINTS7_2024,Internet_Cell2,"B2a. When you use the Internet, do you connect to it through a cellular network ",Caregiving_MentalHealth2,F5. (For the individual to whom you provide the most care) Please mark all condi,,1.0,49438.0,269,0.05148381224726976,5640,,,1.0,,,,,,,,,,
HINTS7_2024,Internet_Cell2,"B2a. When you use the Internet, do you connect to it through a cellular network ",Caregiving_MentalHealth2,F5. (For the individual to whom you provide the most care) Please mark all condi,,-6.0,4581.0,39,0.004770568063124373,5640,,,1.0,,,,,,,,,,
HINTS7_2024,Internet_Cell2,"B2a. When you use the Internet, do you connect to it through a cellular network ",Caregiving_MentalHealth2,F5. (For the individual to whom you provide the most care) Please mark all condi,,-2.0,1141.0,7,0.0011882161449519558,5640,,,1.0,,,,,,,,,,
HINTS7_2024,Internet_Cell2,"B2a. When you use the Internet, do you connect to it through a cellular network ",Caregiving_MentalHealth2,F5. (For the individual to whom you provide the most care) Please mark all condi,,-9.0,924.0,11,0.0009622363873230563,5640,,,1.0,,,,,,,,,,
HINTS7_2024,Internet_Cell2,"B2a. When you use the Internet, do you connect to it through a cellular network ",Caregiving_MentalHealth2,F5. (For the individual to whom you provide the most care) Please mark all condi,,-7.0,-1505.0,215,-0.0015672789642004327,5640,,,1.0,,,,,,,,,,
HINTS7_2024,Internet_Cell2,"B2a. When you use the Internet, do you connect to it through a cellular network ",Caregiving_MentalHealth2,F5. (For the individual to whom you provide the most care) Please mark all condi,,-1.0,180376.0,1039,0.8352558195533287,1271,,,2.0,,,,,,,,,,
HINTS7_2024,Internet_Cell2,"B2a. When you use the Internet, do you connect to it through a cellular network ",Caregiving_MentalHealth2,F5. (For the individual to whom you provide the most care) Please mark all condi,,2.0,25762.0,153,0.11929447611285789,1271,,,2.0,,,,,,,,,,
HINTS7_2024,Internet_Cell2,"B2a. When you use the Internet, do you connect to it through a cellular network ",Caregiving_MentalHealth2,F5. (For the individual to whom you provide the most care) Please mark all condi,,1.0,6440.0,37,0.029821303709603477,1271,,,2.0,,,,,,,,,,
HINTS7_2024,Internet_Cell2,"B2a. When you use the Internet, do you connect to it through a cellular network ",Caregiving_MentalHealth2,F5. (For the individual to whom you provide the most care) Please mark all condi,,-6.0,2716.0,22,0.012576810694919728,1271,,,2.0,,,,,,,,,,
HINTS7_2024,Internet_Cell2,"B2a. When you use the Internet, do you connect to it through a cellular network ",Caregiving_MentalHealth2,F5. (For the individual to whom you provide the most care) Please mark all condi,,-9.0,439.0,4,0.002032849740452784,1271,,,2.0,,,,,,,,,,
HINTS7_2024,Internet_Cell2,"B2a. When you use the Internet, do you connect to it through a cellular network ",Caregiving_MentalHealth2,F5. (For the individual to whom you provide the most care) Please mark all condi,,-2.0,325.0,1,0.0015049570971461383,1271,,,2.0,,,,,,,,,,
HINTS7_2024,Internet_Cell2,"B2a. When you use the Internet, do you connect to it through a cellular network ",Caregiving_MentalHealth2,F5. (For the individual to whom you provide the most care) Please mark all condi,,-7.0,-105.0,15,-0.00048621690830875236,1271,,,2.0,,,,,,,,,,
HINTS7_2024,Internet_Cell2,"B2a. When you use the Internet, do you connect to it through a cellular network ",MedConditions_Depression,I5e. Has a doctor or other health professional ever told you that you had depres,,,32702.0,206,0.7685727044113845,273,2.0,,-1.0,,,,,,,,,,
HINTS7_2024,Internet_Cell2,"B2a. When you use the Internet, do you connect to it through a cellular network ",MedConditions_Depression,I5e. Has a doctor or other health professional ever told you that you had depres,,,9323.0,58,0.2191120825401302,273,1.0,,-1.0,,,,,,,,,,
HINTS7_2024,Internet_Cell2,"B2a. When you use the Internet, do you connect to it through a cellular network ",MedConditions_Depression,I5e. Has a doctor or other health professional ever told you that you had depres,,,531.0,8,0.012479729253331453,273,-9.0,,-1.0,,,,,,,,,,
HINTS7_2024,Internet_Cell2,"B2a. When you use the Internet, do you connect to it through a cellular network ",MedConditions_Depression,I5e. Has a doctor or other health professional ever told you that you had depres,,,-7.0,1,-0.00016451620484617734,273,-7.0,,-1.0,,,,,,,,,,
HINTS7_2024,Internet_Cell2,"B2a. When you use the Internet, do you connect to it through a cellular network ",MedConditions_Depression,I5e. Has a doctor or other health professional ever told you that you had depres,,,5303.0,33,0.6873622812702528,47,2.0,,-2.0,,,,,,,,,,
HINTS7_2024,Internet_Cell2,"B2a. When you use the Internet, do you connect to it through a cellular network ",MedConditions_Depression,I5e. Has a doctor or other health professional ever told you that you had depres,,,2256.0,12,0.29241736876215163,47,1.0,,-2.0,,,,,,,,,,
HINTS7_2024,Internet_Cell2,"B2a. When you use the Internet, do you connect to it through a cellular network ",MedConditions_Depression,I5e. Has a doctor or other health professional ever told you that you had depres,,,156.0,2,0.020220349967595592,47,-9.0,,-2.0,,,,,,,,,,
HINTS7_2024,Internet_Cell2,"B2a. When you use the Internet, do you connect to it through a cellular network ",MedConditions_Depression,I5e. Has a doctor or other health professional ever told you that you had depres,,,7144.0,41,0.8833931000370966,47,2.0,,-9.0,,,,,,,,,,
HINTS7_2024,Internet_Cell2,"B2a. When you use the Internet, do you connect to it through a cellular network ",MedConditions_Depression,I5e. Has a doctor or other health professional ever told you that you had depres,,,943.0,6,0.11660689996290342,47,1.0,,-9.0,,,,,,,,,,
HINTS7_2024,Internet_Cell2,"B2a. When you use the Internet, do you connect to it through a cellular network ",MedConditions_Depression,I5e. Has a doctor or other health professional ever told you that you had depres,,,675404.0,3799,0.7033531438782917,5640,2.0,,1.0,,,,,,,,,,
HINTS7_2024,Internet_Cell2,"B2a. When you use the Internet, do you connect to it through a cellular network ",MedConditions_Depression,I5e. Has a doctor or other health professional ever told you that you had depres,,,280245.0,1517,0.2918419224733224,5640,1.0,,1.0,,,,,,,,,,
HINTS7_2024,Internet_Cell2,"B2a. When you use the Internet, do you connect to it through a cellular network ",MedConditions_Depression,I5e. Has a doctor or other health professional ever told you that you had depres,,,6469.0,59,0.0067366960926329555,5640,-9.0,,1.0,,,,,,,,,,
HINTS7_2024,Internet_Cell2,"B2a. When you use the Internet, do you connect to it through a cellular network ",MedConditions_Depression,I5e. Has a doctor or other health professional ever told you that you had depres,,,-1855.0,265,-0.0019317624442470448,5640,-7.0,,1.0,,,,,,,,,,
HINTS7_2024,Internet_Cell2,"B2a. When you use the Internet, do you connect to it through a cellular network ",MedConditions_Depression,I5e. Has a doctor or other health professional ever told you that you had depres,,,164978.0,952,0.7639532676091557,1271,2.0,,2.0,,,,,,,,,,
HINTS7_2024,Internet_Cell2,"B2a. When you use the Internet, do you connect to it through a cellular network ",MedConditions_Depression,I5e. Has a doctor or other health professional ever told you that you had depres,,,48426.0,273,0.2242432381119966,1271,1.0,,2.0,,,,,,,,,,
HINTS7_2024,Internet_Cell2,"B2a. When you use the Internet, do you connect to it through a cellular network ",MedConditions_Depression,I5e. Has a doctor or other health professional ever told you that you had depres,,,2703.0,24,0.012516612411033882,1271,-9.0,,2.0,,,,,,,,,,
HINTS7_2024,Internet_Cell2,"B2a. When you use the Internet, do you connect to it through a cellular network ",MedConditions_Depression,I5e. Has a doctor or other health professional ever told you that you had depres,,,-154.0,22,-0.0007131181321861701,1271,-7.0,,2.0,,,,,,,,,,
HINTS7_2024,Internet_HighSpeed2,"B2b. When you use the Internet, do you connect to it through a service such as D",Caregiving_MentalHealth2,F5. (For the individual to whom you provide the most care) Please mark all condi,,-1.0,36478.0,228,0.8557286290700947,273,,,,-1.0,,,,,,,,,
HINTS7_2024,Internet_HighSpeed2,"B2b. When you use the Internet, do you connect to it through a service such as D",Caregiving_MentalHealth2,F5. (For the individual to whom you provide the most care) Please mark all condi,,2.0,4599.0,30,0.10788683494416815,273,,,,-1.0,,,,,,,,,
HINTS7_2024,Internet_HighSpeed2,"B2b. When you use the Internet, do you connect to it through a service such as D",Caregiving_MentalHealth2,F5. (For the individual to whom you provide the most care) Please mark all condi,,-6.0,593.0,9,0.013911044383972976,273,,,,-1.0,,,,,,,,,
HINTS7_2024,Internet_HighSpeed2,"B2b. When you use the Internet, do you connect to it through a service such as D",Caregiving_MentalHealth2,F5. (For the individual to whom you provide the most care) Please mark all condi,,1.0,500.0,3,0.011729379750398799,273,,,,-1.0,,,,,,,,,
HINTS7_2024,Internet_HighSpeed2,"B2b. When you use the Internet, do you connect to it through a service such as D",Caregiving_MentalHealth2,F5. (For the individual to whom you provide the most care) Please mark all condi,,-9.0,245.0,1,0.005747396077695412,273,,,,-1.0,,,,,,,,,
HINTS7_2024,Internet_HighSpeed2,"B2b. When you use the Internet, do you connect to it through a service such as D",Caregiving_MentalHealth2,F5. (For the individual to whom you provide the most care) Please mark all condi,,-2.0,220.0,1,0.005160927090175471,273,,,,-1.0,,,,,,,,,
HINTS7_2024,Internet_HighSpeed2,"B2b. When you use the Internet, do you connect to it through a service such as D",Caregiving_MentalHealth2,F5. (For the individual to whom you provide the most care) Please mark all condi,,-7.0,-7.0,1,-0.00016421131650558318,273,,,,-1.0,,,,,,,,,
HINTS7_2024,Internet_HighSpeed2,"B2b. When you use the Internet, do you connect to it through a service such as D",Caregiving_MentalHealth2,F5. (For the individual to whom you provide the most care) Please mark all condi,,-1.0,5736.0,34,0.751178627553693,47,,,,-2.0,,,,,,,,,
HINTS7_2024,Internet_HighSpeed2,"B2b. When you use the Internet, do you connect to it through a service such as D",Caregiving_MentalHealth2,F5. (For the individual to whom you provide the most care) Please mark all condi,,2.0,1049.0,6,0.13737558931377686,47,,,,-2.0,,,,,,,,,
HINTS7_2024,Internet_HighSpeed2,"B2b. When you use the Internet, do you connect to it through a service such as D",Caregiving_MentalHealth2,F5. (For the individual to whom you provide the most care) Please mark all condi,,-6.0,600.0,5,0.0785751702462022,47,,,,-2.0,,,,,,,,,
HINTS7_2024,Internet_HighSpeed2,"B2b. When you use the Internet, do you connect to it through a service such as D",Caregiving_MentalHealth2,F5. (For the individual to whom you provide the most care) Please mark all condi,,1.0,260.0,1,0.03404924044002095,47,,,,-2.0,,,,,,,,,
HINTS7_2024,Internet_HighSpeed2,"B2b. When you use the Internet, do you connect to it through a service such as D",Caregiving_MentalHealth2,F5. (For the individual to whom you provide the most care) Please mark all condi,,-2.0,-9.0,1,-0.001178627553693033,47,,,,-2.0,,,,,,,,,
HINTS7_2024,Internet_HighSpeed2,"B2b. When you use the Internet, do you connect to it through a service such as D",Caregiving_MentalHealth2,F5. (For the individual to whom you provide the most care) Please mark all condi,,-1.0,7248.0,43,0.8737793851717902,50,,,,-9.0,,,,,,,,,
HINTS7_2024,Internet_HighSpeed2,"B2b. When you use the Internet, do you connect to it through a service such as D",Caregiving_MentalHealth2,F5. (For the individual to whom you provide the most care) Please mark all condi,,2.0,487.0,4,0.058710066305003014,50,,,,-9.0,,,,,,,,,
HINTS7_2024,Internet_HighSpeed2,"B2b. When you use the Internet, do you connect to it through a service such as D",Caregiving_MentalHealth2,F5. (For the individual to whom you provide the most care) Please mark all condi,,1.0,230.0,1,0.027727546714888487,50,,,,-9.0,,,,,,,,,
HINTS7_2024,Internet_HighSpeed2,"B2b. When you use the Internet, do you connect to it through a service such as D",Caregiving_MentalHealth2,F5. (For the individual to whom you provide the most care) Please mark all condi,,-6.0,200.0,1,0.024110910186859555,50,,,,-9.0,,,,,,,,,
HINTS7_2024,Internet_HighSpeed2,"B2b. When you use the Internet, do you connect to it through a service such as D",Caregiving_MentalHealth2,F5. (For the individual to whom you provide the most care) Please mark all condi,,-9.0,130.0,1,0.01567209162145871,50,,,,-9.0,,,,,,,,,
HINTS7_2024,Internet_HighSpeed2,"B2b. When you use the Internet, do you connect to it through a service such as D",Caregiving_MentalHealth2,F5. (For the individual to whom you provide the most care) Please mark all condi,,-1.0,855958.0,4804,0.8244539650861289,6063,,,,1.0,,,,,,,,,
HINTS7_2024,Internet_HighSpeed2,"B2b. When you use the Internet, do you connect to it through a service such as D",Caregiving_MentalHealth2,F5. (For the individual to whom you provide the most care) Please mark all condi,,2.0,125617.0,719,0.12099359283075133,6063,,,,1.0,,,,,,,,,
HINTS7_2024,Internet_HighSpeed2,"B2b. When you use the Internet, do you connect to it through a service such as D",Caregiving_MentalHealth2,F5. (For the individual to whom you provide the most care) Please mark all condi,,1.0,51378.0,280,0.04948700265456381,6063,,,,1.0,,,,,,,,,
HINTS7_2024,Internet_HighSpeed2,"B2b. When you use the Internet, do you connect to it through a service such as D",Caregiving_MentalHealth2,F5. (For the individual to whom you provide the most care) Please mark all condi,,-6.0,5207.0,42,0.005015353318975315,6063,,,,1.0,,,,,,,,,
HINTS7_2024,Internet_HighSpeed2,"B2b. When you use the Internet, do you connect to it through a service such as D",Caregiving_MentalHealth2,F5. (For the individual to whom you provide the most care) Please mark all condi,,-9.0,1064.0,11,0.0010248388575743682,6063,,,,1.0,,,,,,,,,
HINTS7_2024,Internet_HighSpeed2,"B2b. When you use the Internet, do you connect to it through a service such as D",Caregiving_MentalHealth2,F5. (For the individual to whom you provide the most care) Please mark all condi,,-2.0,416.0,3,0.00040068887664561765,6063,,,,1.0,,,,,,,,,
HINTS7_2024,Internet_HighSpeed2,"B2b. When you use the Internet, do you connect to it through a service such as D",Caregiving_MentalHealth2,F5. (For the individual to whom you provide the most care) Please mark all condi,,-7.0,-1428.0,204,-0.0013754416246392837,6063,,,,1.0,,,,,,,,,
HINTS7_2024,Internet_HighSpeed2,"B2b. When you use the Internet, do you connect to it through a service such as D",Caregiving_MentalHealth2,F5. (For the individual to whom you provide the most care) Please mark all condi,,-1.0,113363.0,667,0.822687160730355,845,,,,2.0,,,,,,,,,
HINTS7_2024,Internet_HighSpeed2,"B2b. When you use the Internet, do you connect to it through a service such as D",Caregiving_MentalHealth2,F5. (For the individual to whom you provide the most care) Please mark all condi,,2.0,16676.0,98,0.12101947806902957,845,,,,2.0,,,,,,,,,
HINTS7_2024,Internet_HighSpeed2,"B2b. When you use the Internet, do you connect to it through a service such as D",Caregiving_MentalHealth2,F5. (For the individual to whom you provide the most care) Please mark all condi,,1.0,4500.0,26,0.03265697117478011,845,,,,2.0,,,,,,,,,
HINTS7_2024,Internet_HighSpeed2,"B2b. When you use the Internet, do you connect to it through a service such as D",Caregiving_MentalHealth2,F5. (For the individual to whom you provide the most care) Please mark all condi,,-6.0,2090.0,19,0.015167348834508985,845,,,,2.0,,,,,,,,,
HINTS7_2024,Internet_HighSpeed2,"B2b. When you use the Internet, do you connect to it through a service such as D",Caregiving_MentalHealth2,F5. (For the individual to whom you provide the most care) Please mark all condi,,-2.0,1050.0,5,0.007619959940782026,845,,,,2.0,,,,,,,,,
HINTS7_2024,Internet_HighSpeed2,"B2b. When you use the Internet, do you connect to it through a service such as D",Caregiving_MentalHealth2,F5. (For the individual to whom you provide the most care) Please mark all condi,,-9.0,299.0,4,0.002169874306946501,845,,,,2.0,,,,,,,,,
HINTS7_2024,Internet_HighSpeed2,"B2b. When you use the Internet, do you connect to it through a service such as D",Caregiving_MentalHealth2,F5. (For the individual to whom you provide the most care) Please mark all condi,,-7.0,-182.0,26,-0.0013207930564022178,845,,,,2.0,,,,,,,,,
HINTS7_2024,Internet_HighSpeed2,"B2b. When you use the Internet, do you connect to it through a service such as D",MedConditions_Depression,I5e. Has a doctor or other health professional ever told you that you had depres,,,32906.0,208,0.7719339401332458,273,2.0,,,-1.0,,,,,,,,,
HINTS7_2024,Internet_HighSpeed2,"B2b. When you use the Internet, do you connect to it through a service such as D",MedConditions_Depression,I5e. Has a doctor or other health professional ever told you that you had depres,,,9198.0,56,0.2157736698883363,273,1.0,,,-1.0,,,,,,,,,
HINTS7_2024,Internet_HighSpeed2,"B2b. When you use the Internet, do you connect to it through a service such as D",MedConditions_Depression,I5e. Has a doctor or other health professional ever told you that you had depres,,,531.0,8,0.012456601294923524,273,-9.0,,,-1.0,,,,,,,,,
HINTS7_2024,Internet_HighSpeed2,"B2b. When you use the Internet, do you connect to it through a service such as D",MedConditions_Depression,I5e. Has a doctor or other health professional ever told you that you had depres,,,-7.0,1,-0.00016421131650558318,273,-7.0,,,-1.0,,,,,,,,,
HINTS7_2024,Internet_HighSpeed2,"B2b. When you use the Internet, do you connect to it through a service such as D",MedConditions_Depression,I5e. Has a doctor or other health professional ever told you that you had depres,,,5099.0,31,0.6677579884756417,47,2.0,,,-2.0,,,,,,,,,
HINTS7_2024,Internet_HighSpeed2,"B2b. When you use the Internet, do you connect to it through a service such as D",MedConditions_Depression,I5e. Has a doctor or other health professional ever told you that you had depres,,,2381.0,14,0.3118124672603457,47,1.0,,,-2.0,,,,,,,,,
HINTS7_2024,Internet_HighSpeed2,"B2b. When you use the Internet, do you connect to it through a service such as D",MedConditions_Depression,I5e. Has a doctor or other health professional ever told you that you had depres,,,156.0,2,0.020429544264012573,47,-9.0,,,-2.0,,,,,,,,,
HINTS7_2024,Internet_HighSpeed2,"B2b. When you use the Internet, do you connect to it through a service such as D",MedConditions_Depression,I5e. Has a doctor or other health professional ever told you that you had depres,,,7000.0,42,0.8438818565400844,50,2.0,,,-9.0,,,,,,,,,
HINTS7_2024,Internet_HighSpeed2,"B2b. When you use the Internet, do you connect to it through a service such as D",MedConditions_Depression,I5e. Has a doctor or other health professional ever told you that you had depres,,,1295.0,8,0.15611814345991562,50,1.0,,,-9.0,,,,,,,,,
HINTS7_2024,Internet_HighSpeed2,"B2b. When you use the Internet, do you connect to it through a service such as D",MedConditions_Depression,I5e. Has a doctor or other health professional ever told you that you had depres,,,742668.0,4171,0.715333669809249,6063,2.0,,,1.0,,,,,,,,,
HINTS7_2024,Internet_HighSpeed2,"B2b. When you use the Internet, do you connect to it through a service such as D",MedConditions_Depression,I5e. Has a doctor or other health professional ever told you that you had depres,,,290332.0,1579,0.2796461608997006,6063,1.0,,,1.0,,,,,,,,,
HINTS7_2024,Internet_HighSpeed2,"B2b. When you use the Internet, do you connect to it through a service such as D",MedConditions_Depression,I5e. Has a doctor or other health professional ever told you that you had depres,,,6941.0,66,0.006685532434608731,6063,-9.0,,,1.0,,,,,,,,,
HINTS7_2024,Internet_HighSpeed2,"B2b. When you use the Internet, do you connect to it through a service such as D",MedConditions_Depression,I5e. Has a doctor or other health professional ever told you that you had depres,,,-1729.0,247,-0.0016653631435583484,6063,-7.0,,,1.0,,,,,,,,,
HINTS7_2024,Internet_HighSpeed2,"B2b. When you use the Internet, do you connect to it through a service such as D",MedConditions_Depression,I5e. Has a doctor or other health professional ever told you that you had depres,,,97858.0,579,0.7101657522714738,845,2.0,,,2.0,,,,,,,,,
HINTS7_2024,Internet_HighSpeed2,"B2b. When you use the Internet, do you connect to it through a service such as D",MedConditions_Depression,I5e. Has a doctor or other health professional ever told you that you had depres,,,37987.0,209,0.2756756364480827,845,1.0,,,2.0,,,,,,,,,
HINTS7_2024,Internet_HighSpeed2,"B2b. When you use the Internet, do you connect to it through a service such as D",MedConditions_Depression,I5e. Has a doctor or other health professional ever told you that you had depres,,,2231.0,17,0.016190600597985428,845,-9.0,,,2.0,,,,,,,,,
HINTS7_2024,Internet_HighSpeed2,"B2b. When you use the Internet, do you connect to it through a service such as D",MedConditions_Depression,I5e. Has a doctor or other health professional ever told you that you had depres,,,-280.0,40,-0.0020319893175418735,845,-7.0,,,2.0,,,,,,,,,
HINTS7_2024,Electronic2_HealthInfo,B3a. In the past 12 months have you used the Internet to look for health or medi,Caregiving_MentalHealth2,F5. (For the individual to whom you provide the most care) Please mark all condi,,-1.0,35043.0,220,0.8552079265911753,263,,,,,-1.0,,,,,,,,
HINTS7_2024,Electronic2_HealthInfo,B3a. In the past 12 months have you used the Internet to look for health or medi,Caregiving_MentalHealth2,F5. (For the individual to whom you provide the most care) Please mark all condi,,2.0,4382.0,28,0.106940648184303,263,,,,,-1.0,,,,,,,,
HINTS7_2024,Electronic2_HealthInfo,B3a. In the past 12 months have you used the Internet to look for health or medi,Caregiving_MentalHealth2,F5. (For the individual to whom you provide the most care) Please mark all condi,,-6.0,593.0,9,0.014471885982038267,263,,,,,-1.0,,,,,,,,
HINTS7_2024,Electronic2_HealthInfo,B3a. In the past 12 months have you used the Internet to look for health or medi,Caregiving_MentalHealth2,F5. (For the individual to whom you provide the most care) Please mark all condi,,1.0,500.0,3,0.012202264740335806,263,,,,,-1.0,,,,,,,,
HINTS7_2024,Electronic2_HealthInfo,B3a. In the past 12 months have you used the Internet to look for health or medi,Caregiving_MentalHealth2,F5. (For the individual to whom you provide the most care) Please mark all condi,,-9.0,245.0,1,0.005979109722764545,263,,,,,-1.0,,,,,,,,
HINTS7_2024,Electronic2_HealthInfo,B3a. In the past 12 months have you used the Internet to look for health or medi,Caregiving_MentalHealth2,F5. (For the individual to whom you provide the most care) Please mark all condi,,-2.0,220.0,1,0.0053689964857477545,263,,,,,-1.0,,,,,,,,
HINTS7_2024,Electronic2_HealthInfo,B3a. In the past 12 months have you used the Internet to look for health or medi,Caregiving_MentalHealth2,F5. (For the individual to whom you provide the most care) Please mark all condi,,-7.0,-7.0,1,-0.0001708317063647013,263,,,,,-1.0,,,,,,,,
HINTS7_2024,Electronic2_HealthInfo,B3a. In the past 12 months have you used the Internet to look for health or medi,Caregiving_MentalHealth2,F5. (For the individual to whom you provide the most care) Please mark all condi,,-1.0,7171.0,42,0.772071490094746,57,,,,,-2.0,,,,,,,,
HINTS7_2024,Electronic2_HealthInfo,B3a. In the past 12 months have you used the Internet to look for health or medi,Caregiving_MentalHealth2,F5. (For the individual to whom you provide the most care) Please mark all condi,,2.0,1266.0,8,0.13630490956072353,57,,,,,-2.0,,,,,,,,
HINTS7_2024,Electronic2_HealthInfo,B3a. In the past 12 months have you used the Internet to look for health or medi,Caregiving_MentalHealth2,F5. (For the individual to whom you provide the most care) Please mark all condi,,-6.0,600.0,5,0.06459948320413436,57,,,,,-2.0,,,,,,,,
HINTS7_2024,Electronic2_HealthInfo,B3a. In the past 12 months have you used the Internet to look for health or medi,Caregiving_MentalHealth2,F5. (For the individual to whom you provide the most care) Please mark all condi,,1.0,260.0,1,0.027993109388458226,57,,,,,-2.0,,,,,,,,
HINTS7_2024,Electronic2_HealthInfo,B3a. In the past 12 months have you used the Internet to look for health or medi,Caregiving_MentalHealth2,F5. (For the individual to whom you provide the most care) Please mark all condi,,-2.0,-9.0,1,-0.0009689922480620155,57,,,,,-2.0,,,,,,,,
HINTS7_2024,Electronic2_HealthInfo,B3a. In the past 12 months have you used the Internet to look for health or medi,Caregiving_MentalHealth2,F5. (For the individual to whom you provide the most care) Please mark all condi,,-1.0,812557.0,4588,0.820570693391663,5806,,,,,1.0,,,,,,,,
HINTS7_2024,Electronic2_HealthInfo,B3a. In the past 12 months have you used the Internet to look for health or medi,Caregiving_MentalHealth2,F5. (For the individual to whom you provide the most care) Please mark all condi,,2.0,122516.0,701,0.12372429143010642,5806,,,,,1.0,,,,,,,,
HINTS7_2024,Electronic2_HealthInfo,B3a. In the past 12 months have you used the Internet to look for health or medi,Caregiving_MentalHealth2,F5. (For the individual to whom you provide the most care) Please mark all condi,,1.0,49430.0,270,0.04991749424883411,5806,,,,,1.0,,,,,,,,
HINTS7_2024,Electronic2_HealthInfo,B3a. In the past 12 months have you used the Internet to look for health or medi,Caregiving_MentalHealth2,F5. (For the individual to whom you provide the most care) Please mark all condi,,-6.0,5012.0,36,0.005061429924644074,5806,,,,,1.0,,,,,,,,
HINTS7_2024,Electronic2_HealthInfo,B3a. In the past 12 months have you used the Internet to look for health or medi,Caregiving_MentalHealth2,F5. (For the individual to whom you provide the most care) Please mark all condi,,-9.0,1364.0,13,0.001377452198167302,5806,,,,,1.0,,,,,,,,
HINTS7_2024,Electronic2_HealthInfo,B3a. In the past 12 months have you used the Internet to look for health or medi,Caregiving_MentalHealth2,F5. (For the individual to whom you provide the most care) Please mark all condi,,-2.0,706.0,5,0.0007129627946525771,5806,,,,,1.0,,,,,,,,
HINTS7_2024,Electronic2_HealthInfo,B3a. In the past 12 months have you used the Internet to look for health or medi,Caregiving_MentalHealth2,F5. (For the individual to whom you provide the most care) Please mark all condi,,-7.0,-1351.0,193,-0.0013643239880674668,5806,,,,,1.0,,,,,,,,
HINTS7_2024,Electronic2_HealthInfo,B3a. In the past 12 months have you used the Internet to look for health or medi,Caregiving_MentalHealth2,F5. (For the individual to whom you provide the most care) Please mark all condi,,-1.0,160396.0,903,0.8450923881831641,1123,,,,,2.0,,,,,,,,
HINTS7_2024,Electronic2_HealthInfo,B3a. In the past 12 months have you used the Internet to look for health or medi,Caregiving_MentalHealth2,F5. (For the individual to whom you provide the most care) Please mark all condi,,2.0,20131.0,119,0.10606595467789269,1123,,,,,2.0,,,,,,,,
HINTS7_2024,Electronic2_HealthInfo,B3a. In the past 12 months have you used the Internet to look for health or medi,Caregiving_MentalHealth2,F5. (For the individual to whom you provide the most care) Please mark all condi,,1.0,6323.0,35,0.03331454132573223,1123,,,,,2.0,,,,,,,,
HINTS7_2024,Electronic2_HealthInfo,B3a. In the past 12 months have you used the Internet to look for health or medi,Caregiving_MentalHealth2,F5. (For the individual to whom you provide the most care) Please mark all condi,,-6.0,2310.0,24,0.0121708983809017,1123,,,,,2.0,,,,,,,,
HINTS7_2024,Electronic2_HealthInfo,B3a. In the past 12 months have you used the Internet to look for health or medi,Caregiving_MentalHealth2,F5. (For the individual to whom you provide the most care) Please mark all condi,,-2.0,760.0,3,0.004004278255188438,1123,,,,,2.0,,,,,,,,
HINTS7_2024,Electronic2_HealthInfo,B3a. In the past 12 months have you used the Internet to look for health or medi,Caregiving_MentalHealth2,F5. (For the individual to whom you provide the most care) Please mark all condi,,-9.0,129.0,3,0.0006796735459464586,1123,,,,,2.0,,,,,,,,
HINTS7_2024,Electronic2_HealthInfo,B3a. In the past 12 months have you used the Internet to look for health or medi,Caregiving_MentalHealth2,F5. (For the individual to whom you provide the most care) Please mark all condi,,-7.0,-252.0,36,-0.00132773436882564,1123,,,,,2.0,,,,,,,,
HINTS7_2024,Electronic2_HealthInfo,B3a. In the past 12 months have you used the Internet to look for health or medi,MedConditions_Depression,I5e. Has a doctor or other health professional ever told you that you had depres,,,31280.0,198,0.763373682155408,263,2.0,,,,-1.0,,,,,,,,
HINTS7_2024,Electronic2_HealthInfo,B3a. In the past 12 months have you used the Internet to look for health or medi,MedConditions_Depression,I5e. Has a doctor or other health professional ever told you that you had depres,,,9172.0,56,0.22383834439672004,263,1.0,,,,-1.0,,,,,,,,
HINTS7_2024,Electronic2_HealthInfo,B3a. In the past 12 months have you used the Internet to look for health or medi,MedConditions_Depression,I5e. Has a doctor or other health professional ever told you that you had depres,,,531.0,8,0.012958805154236626,263,-9.0,,,,-1.0,,,,,,,,
HINTS7_2024,Electronic2_HealthInfo,B3a. In the past 12 months have you used the Internet to look for health or medi,MedConditions_Depression,I5e. Has a doctor or other health professional ever told you that you had depres,,,-7.0,1,-0.0001708317063647013,263,-7.0,,,,-1.0,,,,,,,,
HINTS7_2024,Electronic2_HealthInfo,B3a. In the past 12 months have you used the Internet to look for health or medi,MedConditions_Depression,I5e. Has a doctor or other health professional ever told you that you had depres,,,6725.0,41,0.7240525409130061,57,2.0,,,,-2.0,,,,,,,,
HINTS7_2024,Electronic2_HealthInfo,B3a. In the past 12 months have you used the Internet to look for health or medi,MedConditions_Depression,I5e. Has a doctor or other health professional ever told you that you had depres,,,2407.0,14,0.259151593453919,57,1.0,,,,-2.0,,,,,,,,
HINTS7_2024,Electronic2_HealthInfo,B3a. In the past 12 months have you used the Internet to look for health or medi,MedConditions_Depression,I5e. Has a doctor or other health professional ever told you that you had depres,,,156.0,2,0.016795865633074936,57,-9.0,,,,-2.0,,,,,,,,
HINTS7_2024,Electronic2_HealthInfo,B3a. In the past 12 months have you used the Internet to look for health or medi,MedConditions_Depression,I5e. Has a doctor or other health professional ever told you that you had depres,,,695058.0,3924,0.7019128811977775,5806,2.0,,,,1.0,,,,,,,,
HINTS7_2024,Electronic2_HealthInfo,B3a. In the past 12 months have you used the Internet to look for health or medi,MedConditions_Depression,I5e. Has a doctor or other health professional ever told you that you had depres,,,290309.0,1586,0.29317211891330736,5806,1.0,,,,1.0,,,,,,,,
HINTS7_2024,Electronic2_HealthInfo,B3a. In the past 12 months have you used the Internet to look for health or medi,MedConditions_Depression,I5e. Has a doctor or other health professional ever told you that you had depres,,,6533.0,58,0.006597430506324767,5806,-9.0,,,,1.0,,,,,,,,
HINTS7_2024,Electronic2_HealthInfo,B3a. In the past 12 months have you used the Internet to look for health or medi,MedConditions_Depression,I5e. Has a doctor or other health professional ever told you that you had depres,,,-1666.0,238,-0.0016824306174096223,5806,-7.0,,,,1.0,,,,,,,,
HINTS7_2024,Electronic2_HealthInfo,B3a. In the past 12 months have you used the Internet to look for health or medi,MedConditions_Depression,I5e. Has a doctor or other health professional ever told you that you had depres,,,149188.0,847,0.7860398214934904,1123,2.0,,,,2.0,,,,,,,,
HINTS7_2024,Electronic2_HealthInfo,B3a. In the past 12 months have you used the Internet to look for health or medi,MedConditions_Depression,I5e. Has a doctor or other health professional ever told you that you had depres,,,38297.0,204,0.20177874255125214,1123,1.0,,,,2.0,,,,,,,,
HINTS7_2024,Electronic2_HealthInfo,B3a. In the past 12 months have you used the Internet to look for health or medi,MedConditions_Depression,I5e. Has a doctor or other health professional ever told you that you had depres,,,2648.0,24,0.01395174844702498,1123,-9.0,,,,2.0,,,,,,,,
HINTS7_2024,Electronic2_HealthInfo,B3a. In the past 12 months have you used the Internet to look for health or medi,MedConditions_Depression,I5e. Has a doctor or other health professional ever told you that you had depres,,,-336.0,48,-0.00177031249176752,1123,-7.0,,,,2.0,,,,,,,,
HINTS6_2022,APP_REGION,Appalachian Subregion,Caregiving_MentalHealth2,F3. (For the individual to whom you provide the most care) For which conditions ,-9.0,-1.0,847753.0,4818,0.8337313068808774,5932,,,,,,,,,,,,,
HINTS6_2022,APP_REGION,Appalachian Subregion,Caregiving_MentalHealth2,F3. (For the individual to whom you provide the most care) For which conditions ,-9.0,2.0,115887.0,654,0.11397024836303055,5932,,,,,,,,,,,,,
HINTS6_2022,APP_REGION,Appalachian Subregion,Caregiving_MentalHealth2,F3. (For the individual to whom you provide the most care) For which conditions ,-9.0,1.0,39255.0,216,0.0386057288521643,5932,,,,,,,,,,,,,
HINTS6_2022,APP_REGION,Appalachian Subregion,Caregiving_MentalHealth2,F3. (For the individual to whom you provide the most care) For which conditions ,-9.0,-6.0,8668.0,63,0.008524632726800666,5932,,,,,,,,,,,,,
HINTS6_2022,APP_REGION,Appalachian Subregion,Caregiving_MentalHealth2,F3. (For the individual to whom you provide the most care) For which conditions ,-9.0,-9.0,4674.0,29,0.0045966928201507055,5932,,,,,,,,,,,,,
HINTS6_2022,APP_REGION,Appalachian Subregion,Caregiving_MentalHealth2,F3. (For the individual to whom you provide the most care) For which conditions ,-9.0,-2.0,1589.0,8,0.0015627182052245338,5932,,,,,,,,,,,,,
HINTS6_2022,APP_REGION,Appalachian Subregion,Caregiving_MentalHealth2,F3. (For the individual to whom you provide the most care) For which conditions ,-9.0,-7.0,-1008.0,144,-0.0009913278482481624,5932,,,,,,,,,,,,,
HINTS6_2022,APP_REGION,Appalachian Subregion,Caregiving_MentalHealth2,F3. (For the individual to whom you provide the most care) For which conditions ,1.0,-1.0,48156.0,262,0.8314944314944315,320,,,,,,,,,,,,,
HINTS6_2022,APP_REGION,Appalachian Subregion,Caregiving_MentalHealth2,F3. (For the individual to whom you provide the most care) For which conditions ,1.0,2.0,7102.0,38,0.12262798929465596,320,,,,,,,,,,,,,
HINTS6_2022,APP_REGION,Appalachian Subregion,Caregiving_MentalHealth2,F3. (For the individual to whom you provide the most care) For which conditions ,1.0,1.0,1829.0,8,0.031580764914098246,320,,,,,,,,,,,,,
HINTS6_2022,APP_REGION,Appalachian Subregion,Caregiving_MentalHealth2,F3. (For the individual to whom you provide the most care) For which conditions ,1.0,-9.0,375.0,2,0.006475006475006475,320,,,,,,,,,,,,,
HINTS6_2022,APP_REGION,Appalachian Subregion,Caregiving_MentalHealth2,F3. (For the individual to whom you provide the most care) For which conditions ,1.0,-6.0,345.0,3,0.005957005957005957,320,,,,,,,,,,,,,
HINTS6_2022,APP_REGION,Appalachian Subregion,Caregiving_MentalHealth2,F3. (For the individual to whom you provide the most care) For which conditions ,1.0,-2.0,150.0,1,0.00259000259000259,320,,,,,,,,,,,,,
HINTS6_2022,APP_REGION,Appalachian Subregion,Caregiving_MentalHealth2,F3. (For the individual to whom you provide the most care) For which conditions ,1.0,-7.0,-42.0,6,-0.0007252007252007252,320,,,,,,,,,,,,,
HINTS6_2022,APP_REGION,Appalachian Subregion,TestSource_HCPCounselor,G2. From which of the following sources did you read or hear anything about gene,-9.0,,536217.0,3023,0.5273480603215128,5932,,,,,,2.0,,,,,,,
HINTS6_2022,APP_REGION,Appalachian Subregion,TestSource_HCPCounselor,G2. From which of the following sources did you read or hear anything about gene,-9.0,,253181.0,1446,0.2489934285191647,5932,,,,,,1.0,,,,,,,
HINTS6_2022,APP_REGION,Appalachian Subregion,TestSource_HCPCounselor,G2. From which of the following sources did you read or hear anything about gene,-9.0,,206082.0,1166,0.20267343811773592,5932,,,,,,-1.0,,,,,,,
HINTS6_2022,APP_REGION,Appalachian Subregion,TestSource_HCPCounselor,G2. From which of the following sources did you read or hear anything about gene,-9.0,,13240.0,95,0.01302101260992626,5932,,,,,,-6.0,,,,,,,
HINTS6_2022,APP_REGION,Appalachian Subregion,TestSource_HCPCounselor,G2. From which of the following sources did you read or hear anything about gene,-9.0,,7322.0,44,0.007200895342135957,5932,,,,,,-9.0,,,,,,,
HINTS6_2022,APP_REGION,Appalachian Subregion,TestSource_HCPCounselor,G2. From which of the following sources did you read or hear anything about gene,-9.0,,1819.0,9,0.0017889140436144915,5932,,,,,,-2.0,,,,,,,
HINTS6_2022,APP_REGION,Appalachian Subregion,TestSource_HCPCounselor,G2. From which of the following sources did you read or hear anything about gene,-9.0,,-1043.0,149,-0.0010257489540901124,5932,,,,,,-7.0,,,,,,,
HINTS6_2022,APP_REGION,Appalachian Subregion,TestSource_HCPCounselor,G2. From which of the following sources did you read or hear anything about gene,1.0,,30930.0,168,0.5340585340585341,320,,,,,,2.0,,,,,,,
HINTS6_2022,APP_REGION,Appalachian Subregion,TestSource_HCPCounselor,G2. From which of the following sources did you read or hear anything about gene,1.0,,13720.0,71,0.23689890356557022,320,,,,,,-1.0,,,,,,,
HINTS6_2022,APP_REGION,Appalachian Subregion,TestSource_HCPCounselor,G2. From which of the following sources did you read or hear anything about gene,1.0,,12177.0,68,0.21025641025641026,320,,,,,,1.0,,,,,,,
HINTS6_2022,APP_REGION,Appalachian Subregion,TestSource_HCPCounselor,G2. From which of the following sources did you read or hear anything about gene,1.0,,666.0,4,0.0114996114996115,320,,,,,,-6.0,,,,,,,
HINTS6_2022,APP_REGION,Appalachian Subregion,TestSource_HCPCounselor,G2. From which of the following sources did you read or hear anything about gene,1.0,,464.0,3,0.008011741345074678,320,,,,,,-9.0,,,,,,,
HINTS6_2022,APP_REGION,Appalachian Subregion,TestSource_HCPCounselor,G2. From which of the following sources did you read or hear anything about gene,1.0,,-42.0,6,-0.0007252007252007252,320,,,,,,-7.0,,,,,,,
HINTS6_2022,APP_REGION,Appalachian Subregion,RiskTest_Counselor,G4. If you had a genetic test for disease risk (including prenatal carrier testi,-9.0,,697354.0,3936,0.6858198812373503,5932,,,,,,,-1.0,,,,,,
HINTS6_2022,APP_REGION,Appalachian Subregion,RiskTest_Counselor,G4. If you had a genetic test for disease risk (including prenatal carrier testi,-9.0,,260024.0,1475,0.25572324644134936,5932,,,,,,,2.0,,,,,,
HINTS6_2022,APP_REGION,Appalachian Subregion,RiskTest_Counselor,G4. If you had a genetic test for disease risk (including prenatal carrier testi,-9.0,,26173.0,151,0.02574010294861027,5932,,,,,,,1.0,,,,,,
HINTS6_2022,APP_REGION,Appalachian Subregion,RiskTest_Counselor,G4. If you had a genetic test for disease risk (including prenatal carrier testi,-9.0,,18272.0,127,0.01796978416983177,5932,,,,,,,-6.0,,,,,,
HINTS6_2022,APP_REGION,Appalachian Subregion,RiskTest_Counselor,G4. If you had a genetic test for disease risk (including prenatal carrier testi,-9.0,,15464.0,87,0.01520822802114046,5932,,,,,,,-9.0,,,,,,
HINTS6_2022,APP_REGION,Appalachian Subregion,RiskTest_Counselor,G4. If you had a genetic test for disease risk (including prenatal carrier testi,-9.0,,595.0,4,0.0005851587993131514,5932,,,,,,,-2.0,,,,,,
HINTS6_2022,APP_REGION,Appalachian Subregion,RiskTest_Counselor,G4. If you had a genetic test for disease risk (including prenatal carrier testi,-9.0,,-1064.0,152,-0.0010464016175952826,5932,,,,,,,-7.0,,,,,,
HINTS6_2022,APP_REGION,Appalachian Subregion,RiskTest_Counselor,G4. If you had a genetic test for disease risk (including prenatal carrier testi,1.0,,43975.0,235,0.7593024259690926,320,,,,,,,-1.0,,,,,,
HINTS6_2022,APP_REGION,Appalachian Subregion,RiskTest_Counselor,G4. If you had a genetic test for disease risk (including prenatal carrier testi,1.0,,12503.0,70,0.21588534921868255,320,,,,,,,2.0,,,,,,
HINTS6_2022,APP_REGION,Appalachian Subregion,RiskTest_Counselor,G4. If you had a genetic test for disease risk (including prenatal carrier testi,1.0,,938.0,6,0.016196149529482864,320,,,,,,,-6.0,,,,,,
HINTS6_2022,APP_REGION,Appalachian Subregion,RiskTest_Counselor,G4. If you had a genetic test for disease risk (including prenatal carrier testi,1.0,,376.0,2,0.0064922731589398255,320,,,,,,,-9.0,,,,,,
HINTS6_2022,APP_REGION,Appalachian Subregion,RiskTest_Counselor,G4. If you had a genetic test for disease risk (including prenatal carrier testi,1.0,,165.0,1,0.002849002849002849,320,,,,,,,1.0,,,,,,
HINTS6_2022,APP_REGION,Appalachian Subregion,RiskTest_Counselor,G4. If you had a genetic test for disease risk (including prenatal carrier testi,1.0,,-42.0,6,-0.0007252007252007252,320,,,,,,,-7.0,,,,,,
HINTS6_2022,APP_REGION,Appalachian Subregion,SharedRes4_Counselor,"G7. If you had any genetic test, who did you share the results with? Genetic cou",-9.0,,697236.0,3935,0.6857038329376546,5932,,,,,,,,-1.0,,,,,
HINTS6_2022,APP_REGION,Appalachian Subregion,SharedRes4_Counselor,"G7. If you had any genetic test, who did you share the results with? Genetic cou",-9.0,,246073.0,1396,0.24200299365274808,5932,,,,,,,,2.0,,,,,
HINTS6_2022,APP_REGION,Appalachian Subregion,SharedRes4_Counselor,"G7. If you had any genetic test, who did you share the results with? Genetic cou",-9.0,,29259.0,166,0.028775061023703356,5932,,,,,,,,-9.0,,,,,
HINTS6_2022,APP_REGION,Appalachian Subregion,SharedRes4_Counselor,"G7. If you had any genetic test, who did you share the results with? Genetic cou",-9.0,,25414.0,143,0.024993656681923413,5932,,,,,,,,1.0,,,,,
HINTS6_2022,APP_REGION,Appalachian Subregion,SharedRes4_Counselor,"G7. If you had any genetic test, who did you share the results with? Genetic cou",-9.0,,19201.0,133,0.018883418664893816,5932,,,,,,,,-6.0,,,,,
HINTS6_2022,APP_REGION,Appalachian Subregion,SharedRes4_Counselor,"G7. If you had any genetic test, who did you share the results with? Genetic cou",-9.0,,713.0,5,0.0007012070990088688,5932,,,,,,,,-2.0,,,,,
HINTS6_2022,APP_REGION,Appalachian Subregion,SharedRes4_Counselor,"G7. If you had any genetic test, who did you share the results with? Genetic cou",-9.0,,-1078.0,154,-0.0010601700599320626,5932,,,,,,,,-7.0,,,,,
HINTS6_2022,APP_REGION,Appalachian Subregion,SharedRes4_Counselor,"G7. If you had any genetic test, who did you share the results with? Genetic cou",1.0,,43850.0,234,0.7571440904774238,320,,,,,,,,-1.0,,,,,
HINTS6_2022,APP_REGION,Appalachian Subregion,SharedRes4_Counselor,"G7. If you had any genetic test, who did you share the results with? Genetic cou",1.0,,10721.0,60,0.18511611844945178,320,,,,,,,,2.0,,,,,
HINTS6_2022,APP_REGION,Appalachian Subregion,SharedRes4_Counselor,"G7. If you had any genetic test, who did you share the results with? Genetic cou",1.0,,1653.0,9,0.028541828541828542,320,,,,,,,,-9.0,,,,,
HINTS6_2022,APP_REGION,Appalachian Subregion,SharedRes4_Counselor,"G7. If you had any genetic test, who did you share the results with? Genetic cou",1.0,,938.0,6,0.016196149529482864,320,,,,,,,,-6.0,,,,,
HINTS6_2022,APP_REGION,Appalachian Subregion,SharedRes4_Counselor,"G7. If you had any genetic test, who did you share the results with? Genetic cou",1.0,,670.0,4,0.011568678235344902,320,,,,,,,,1.0,,,,,
HINTS6_2022,APP_REGION,Appalachian Subregion,SharedRes4_Counselor,"G7. If you had any genetic test, who did you share the results with? Genetic cou",1.0,,125.0,1,0.002158335491668825,320,,,,,,,,-2.0,,,,,
HINTS6_2022,APP_REGION,Appalachian Subregion,SharedRes4_Counselor,"G7. If you had any genetic test, who did you share the results with? Genetic cou",1.0,,-42.0,6,-0.0007252007252007252,320,,,,,,,,-7.0,,,,,
HINTS6_2022,APP_REGION,Appalachian Subregion,UndGenTest3_Counselor,"G10. If you had any genetic test, who helped you understand the results? Genetic",-9.0,,695748.0,3927,0.6842404442092882,5932,,,,,,,,,-1.0,,,,
HINTS6_2022,APP_REGION,Appalachian Subregion,UndGenTest3_Counselor,"G10. If you had any genetic test, who helped you understand the results? Genetic",-9.0,,232358.0,1310,0.2285148374635382,5932,,,,,,,,,2.0,,,,
HINTS6_2022,APP_REGION,Appalachian Subregion,UndGenTest3_Counselor,"G10. If you had any genetic test, who helped you understand the results? Genetic",-9.0,,37614.0,215,0.0369918707182603,5932,,,,,,,,,1.0,,,,
HINTS6_2022,APP_REGION,Appalachian Subregion,UndGenTest3_Counselor,"G10. If you had any genetic test, who helped you understand the results? Genetic",-9.0,,30800.0,177,0.030290573140916075,5932,,,,,,,,,-9.0,,,,
HINTS6_2022,APP_REGION,Appalachian Subregion,UndGenTest3_Counselor,"G10. If you had any genetic test, who helped you understand the results? Genetic",-9.0,,19196.0,133,0.01887850136405925,5932,,,,,,,,,-6.0,,,,
HINTS6_2022,APP_REGION,Appalachian Subregion,UndGenTest3_Counselor,"G10. If you had any genetic test, who helped you understand the results? Genetic",-9.0,,2201.0,13,0.002164595827375204,5932,,,,,,,,,-2.0,,,,
HINTS6_2022,APP_REGION,Appalachian Subregion,UndGenTest3_Counselor,"G10. If you had any genetic test, who helped you understand the results? Genetic",-9.0,,-1099.0,157,-0.0010808227234372326,5932,,,,,,,,,-7.0,,,,
HINTS6_2022,APP_REGION,Appalachian Subregion,UndGenTest3_Counselor,"G10. If you had any genetic test, who helped you understand the results? Genetic",1.0,,43850.0,234,0.7571440904774238,320,,,,,,,,,-1.0,,,,
HINTS6_2022,APP_REGION,Appalachian Subregion,UndGenTest3_Counselor,"G10. If you had any genetic test, who helped you understand the results? Genetic",1.0,,11202.0,63,0.19342139342139342,320,,,,,,,,,2.0,,,,
HINTS6_2022,APP_REGION,Appalachian Subregion,UndGenTest3_Counselor,"G10. If you had any genetic test, who helped you understand the results? Genetic",1.0,,1272.0,6,0.021963221963221962,320,,,,,,,,,-9.0,,,,
HINTS6_2022,APP_REGION,Appalachian Subregion,UndGenTest3_Counselor,"G10. If you had any genetic test, who helped you understand the results? Genetic",1.0,,938.0,6,0.016196149529482864,320,,,,,,,,,-6.0,,,,
HINTS6_2022,APP_REGION,Appalachian Subregion,UndGenTest3_Counselor,"G10. If you had any genetic test, who helped you understand the results? Genetic",1.0,,570.0,4,0.009842009842009843,320,,,,,,,,,1.0,,,,
HINTS6_2022,APP_REGION,Appalachian Subregion,UndGenTest3_Counselor,"G10. If you had any genetic test, who helped you understand the results? Genetic",1.0,,125.0,1,0.002158335491668825,320,,,,,,,,,-2.0,,,,
HINTS6_2022,APP_REGION,Appalachian Subregion,UndGenTest3_Counselor,"G10. If you had any genetic test, who helped you understand the results? Genetic",1.0,,-42.0,6,-0.0007252007252007252,320,,,,,,,,,-7.0,,,,
HINTS6_2022,APP_REGION,Appalachian Subregion,MedConditions_Depression,H6e. Has a doctor or other health professional ever told you that you had depres,-9.0,,735661.0,4208,0.7234932898512811,5932,2.0,,,,,,,,,,,,
HINTS6_2022,APP_REGION,Appalachian Subregion,MedConditions_Depression,H6e. Has a doctor or other health professional ever told you that you had depres,-9.0,,275745.0,1490,0.2711842237253865,5932,1.0,,,,,,,,,,,,
HINTS6_2022,APP_REGION,Appalachian Subregion,MedConditions_Depression,H6e. Has a doctor or other health professional ever told you that you had depres,-9.0,,6574.0,68,0.006465267137285138,5932,-9.0,,,,,,,,,,,,
HINTS6_2022,APP_REGION,Appalachian Subregion,MedConditions_Depression,H6e. Has a doctor or other health professional ever told you that you had depres,-9.0,,-1162.0,166,-0.0011427807139527428,5932,-7.0,,,,,,,,,,,,
HINTS6_2022,APP_REGION,Appalachian Subregion,MedConditions_Depression,H6e. Has a doctor or other health professional ever told you that you had depres,1.0,,41385.0,225,0.7145817145817146,320,2.0,,,,,,,,,,,,
HINTS6_2022,APP_REGION,Appalachian Subregion,MedConditions_Depression,H6e. Has a doctor or other health professional ever told you that you had depres,1.0,,16581.0,88,0.2862988862988863,320,1.0,,,,,,,,,,,,
HINTS6_2022,APP_REGION,Appalachian Subregion,MedConditions_Depression,H6e. Has a doctor or other health professional ever told you that you had depres,1.0,,-9.0,1,-0.0001554001554001554,320,-9.0,,,,,,,,,,,,
HINTS6_2022,APP_REGION,Appalachian Subregion,MedConditions_Depression,H6e. Has a doctor or other health professional ever told you that you had depres,1.0,,-42.0,6,-0.0007252007252007252,320,-7.0,,,,,,,,,,,,
HINTS6_2022,UseInternet,"B1. Do you ever go on-line to access the Internet or World Wide Web, or to send ",Caregiving_MentalHealth2,F3. (For the individual to whom you provide the most care) For which conditions ,,-1.0,747840.0,4205,0.8361499801539606,5166,,,,,,,,,,1.0,,,
HINTS6_2022,UseInternet,"B1. Do you ever go on-line to access the Internet or World Wide Web, or to send ",Caregiving_MentalHealth2,F3. (For the individual to whom you provide the most care) For which conditions ,,2.0,103565.0,581,0.11579465219117047,5166,,,,,,,,,,1.0,,,
HINTS6_2022,UseInternet,"B1. Do you ever go on-line to access the Internet or World Wide Web, or to send ",Caregiving_MentalHealth2,F3. (For the individual to whom you provide the most care) For which conditions ,,1.0,36153.0,197,0.040422189549243336,5166,,,,,,,,,,1.0,,,
HINTS6_2022,UseInternet,"B1. Do you ever go on-line to access the Internet or World Wide Web, or to send ",Caregiving_MentalHealth2,F3. (For the individual to whom you provide the most care) For which conditions ,,-6.0,4726.0,31,0.005284077885921611,5166,,,,,,,,,,1.0,,,
HINTS6_2022,UseInternet,"B1. Do you ever go on-line to access the Internet or World Wide Web, or to send ",Caregiving_MentalHealth2,F3. (For the individual to whom you provide the most care) For which conditions ,,-9.0,2117.0,12,0.002366989607383845,5166,,,,,,,,,,1.0,,,
HINTS6_2022,UseInternet,"B1. Do you ever go on-line to access the Internet or World Wide Web, or to send ",Caregiving_MentalHealth2,F3. (For the individual to whom you provide the most care) For which conditions ,,-2.0,929.0,5,0.0010387025721585222,5166,,,,,,,,,,1.0,,,
HINTS6_2022,UseInternet,"B1. Do you ever go on-line to access the Internet or World Wide Web, or to send ",Caregiving_MentalHealth2,F3. (For the individual to whom you provide the most care) For which conditions ,,-7.0,-945.0,135,-0.0010565919598383247,5166,,,,,,,,,,1.0,,,
HINTS6_2022,UseInternet,"B1. Do you ever go on-line to access the Internet or World Wide Web, or to send ",Caregiving_MentalHealth2,F3. (For the individual to whom you provide the most care) For which conditions ,,-1.0,147954.0,874,0.8215193949960578,1084,,,,,,,,,,2.0,,,
HINTS6_2022,UseInternet,"B1. Do you ever go on-line to access the Internet or World Wide Web, or to send ",Caregiving_MentalHealth2,F3. (For the individual to whom you provide the most care) For which conditions ,,2.0,19289.0,110,0.10710279958689158,1084,,,,,,,,,,2.0,,,
HINTS6_2022,UseInternet,"B1. Do you ever go on-line to access the Internet or World Wide Web, or to send ",Caregiving_MentalHealth2,F3. (For the individual to whom you provide the most care) For which conditions ,,1.0,4931.0,27,0.027379537807193863,1084,,,,,,,,,,2.0,,,
HINTS6_2022,UseInternet,"B1. Do you ever go on-line to access the Internet or World Wide Web, or to send ",Caregiving_MentalHealth2,F3. (For the individual to whom you provide the most care) For which conditions ,,-6.0,4287.0,35,0.02380370687070373,1084,,,,,,,,,,2.0,,,
HINTS6_2022,UseInternet,"B1. Do you ever go on-line to access the Internet or World Wide Web, or to send ",Caregiving_MentalHealth2,F3. (For the individual to whom you provide the most care) For which conditions ,,-9.0,2932.0,19,0.016280025319548246,1084,,,,,,,,,,2.0,,,
HINTS6_2022,UseInternet,"B1. Do you ever go on-line to access the Internet or World Wide Web, or to send ",Caregiving_MentalHealth2,F3. (For the individual to whom you provide the most care) For which conditions ,,-2.0,810.0,4,0.004497551333163056,1084,,,,,,,,,,2.0,,,
HINTS6_2022,UseInternet,"B1. Do you ever go on-line to access the Internet or World Wide Web, or to send ",Caregiving_MentalHealth2,F3. (For the individual to whom you provide the most care) For which conditions ,,-7.0,-105.0,15,-0.0005830159135581739,1084,,,,,,,,,,2.0,,,
HINTS6_2022,UseInternet,"B1. Do you ever go on-line to access the Internet or World Wide Web, or to send ",TestSource_HCPCounselor,G2. From which of the following sources did you read or hear anything about gene,,,504767.0,2823,0.5643732844356737,5166,,,,,,2.0,,,,1.0,,,
HINTS6_2022,UseInternet,"B1. Do you ever go on-line to access the Internet or World Wide Web, or to send ",TestSource_HCPCounselor,G2. From which of the following sources did you read or hear anything about gene,,,242199.0,1378,0.27079948791627767,5166,,,,,,1.0,,,,1.0,,,
HINTS6_2022,UseInternet,"B1. Do you ever go on-line to access the Internet or World Wide Web, or to send ",TestSource_HCPCounselor,G2. From which of the following sources did you read or hear anything about gene,,,134927.0,742,0.150860088217043,5166,,,,,,-1.0,,,,1.0,,,
HINTS6_2022,UseInternet,"B1. Do you ever go on-line to access the Internet or World Wide Web, or to send ",TestSource_HCPCounselor,G2. From which of the following sources did you read or hear anything about gene,,,8327.0,53,0.009310308200607121,5166,,,,,,-6.0,,,,1.0,,,
HINTS6_2022,UseInternet,"B1. Do you ever go on-line to access the Internet or World Wide Web, or to send ",TestSource_HCPCounselor,G2. From which of the following sources did you read or hear anything about gene,,,4119.0,26,0.00460539924081911,5166,,,,,,-9.0,,,,1.0,,,
HINTS6_2022,UseInternet,"B1. Do you ever go on-line to access the Internet or World Wide Web, or to send ",TestSource_HCPCounselor,G2. From which of the following sources did you read or hear anything about gene,,,1019.0,5,0.0011393303778574103,5166,,,,,,-2.0,,,,1.0,,,
HINTS6_2022,UseInternet,"B1. Do you ever go on-line to access the Internet or World Wide Web, or to send ",TestSource_HCPCounselor,G2. From which of the following sources did you read or hear anything about gene,,,-973.0,139,-0.0010878983882779787,5166,,,,,,-7.0,,,,1.0,,,
HINTS6_2022,UseInternet,"B1. Do you ever go on-line to access the Internet or World Wide Web, or to send ",TestSource_HCPCounselor,G2. From which of the following sources did you read or hear anything about gene,,,84740.0,494,0.4705216049039967,1084,,,,,,-1.0,,,,2.0,,,
HINTS6_2022,UseInternet,"B1. Do you ever go on-line to access the Internet or World Wide Web, or to send ",TestSource_HCPCounselor,G2. From which of the following sources did you read or hear anything about gene,,,62380.0,368,0.34636697797865607,1084,,,,,,2.0,,,,2.0,,,
HINTS6_2022,UseInternet,"B1. Do you ever go on-line to access the Internet or World Wide Web, or to send ",TestSource_HCPCounselor,G2. From which of the following sources did you read or hear anything about gene,,,23044.0,135,0.1279525591622339,1084,,,,,,1.0,,,,2.0,,,
HINTS6_2022,UseInternet,"B1. Do you ever go on-line to access the Internet or World Wide Web, or to send ",TestSource_HCPCounselor,G2. From which of the following sources did you read or hear anything about gene,,,5579.0,46,0.030977578873724307,1084,,,,,,-6.0,,,,2.0,,,
HINTS6_2022,UseInternet,"B1. Do you ever go on-line to access the Internet or World Wide Web, or to send ",TestSource_HCPCounselor,G2. From which of the following sources did you read or hear anything about gene,,,3667.0,21,0.020361136714455462,1084,,,,,,-9.0,,,,2.0,,,
HINTS6_2022,UseInternet,"B1. Do you ever go on-line to access the Internet or World Wide Web, or to send ",TestSource_HCPCounselor,G2. From which of the following sources did you read or hear anything about gene,,,800.0,4,0.004442026008062277,1084,,,,,,-2.0,,,,2.0,,,
HINTS6_2022,UseInternet,"B1. Do you ever go on-line to access the Internet or World Wide Web, or to send ",TestSource_HCPCounselor,G2. From which of the following sources did you read or hear anything about gene,,,-112.0,16,-0.0006218836411287188,1084,,,,,,-7.0,,,,2.0,,,
HINTS6_2022,UseInternet,"B1. Do you ever go on-line to access the Internet or World Wide Web, or to send ",RiskTest_Counselor,G4. If you had a genetic test for disease risk (including prenatal carrier testi,,,596241.0,3324,0.6666491499745635,5166,,,,,,,-1.0,,,1.0,,,
HINTS6_2022,UseInternet,"B1. Do you ever go on-line to access the Internet or World Wide Web, or to send ",RiskTest_Counselor,G4. If you had a genetic test for disease risk (including prenatal carrier testi,,,250363.0,1411,0.2799275479798968,5166,,,,,,,2.0,,,1.0,,,
HINTS6_2022,UseInternet,"B1. Do you ever go on-line to access the Internet or World Wide Web, or to send ",RiskTest_Counselor,G4. If you had a genetic test for disease risk (including prenatal carrier testi,,,23828.0,139,0.02664177060214561,5166,,,,,,,1.0,,,1.0,,,
HINTS6_2022,UseInternet,"B1. Do you ever go on-line to access the Internet or World Wide Web, or to send ",RiskTest_Counselor,G4. If you had a genetic test for disease risk (including prenatal carrier testi,,,13312.0,74,0.014883970549595532,5166,,,,,,,-9.0,,,1.0,,,
HINTS6_2022,UseInternet,"B1. Do you ever go on-line to access the Internet or World Wide Web, or to send ",RiskTest_Counselor,G4. If you had a genetic test for disease risk (including prenatal carrier testi,,,11479.0,75,0.012834517573528178,5166,,,,,,,-6.0,,,1.0,,,
HINTS6_2022,UseInternet,"B1. Do you ever go on-line to access the Internet or World Wide Web, or to send ",RiskTest_Counselor,G4. If you had a genetic test for disease risk (including prenatal carrier testi,,,156.0,1,0.00017442152987807264,5166,,,,,,,-2.0,,,1.0,,,
HINTS6_2022,UseInternet,"B1. Do you ever go on-line to access the Internet or World Wide Web, or to send ",RiskTest_Counselor,G4. If you had a genetic test for disease risk (including prenatal carrier testi,,,-994.0,142,-0.0011113782096077193,5166,,,,,,,-7.0,,,1.0,,,
HINTS6_2022,UseInternet,"B1. Do you ever go on-line to access the Internet or World Wide Web, or to send ",RiskTest_Counselor,G4. If you had a genetic test for disease risk (including prenatal carrier testi,,,144838.0,845,0.8042177036946552,1084,,,,,,,-1.0,,,2.0,,,
HINTS6_2022,UseInternet,"B1. Do you ever go on-line to access the Internet or World Wide Web, or to send ",RiskTest_Counselor,G4. If you had a genetic test for disease risk (including prenatal carrier testi,,,22164.0,134,0.1230663305533654,1084,,,,,,,2.0,,,2.0,,,
HINTS6_2022,UseInternet,"B1. Do you ever go on-line to access the Internet or World Wide Web, or to send ",RiskTest_Counselor,G4. If you had a genetic test for disease risk (including prenatal carrier testi,,,7731.0,58,0.04292662883541183,1084,,,,,,,-6.0,,,2.0,,,
HINTS6_2022,UseInternet,"B1. Do you ever go on-line to access the Internet or World Wide Web, or to send ",RiskTest_Counselor,G4. If you had a genetic test for disease risk (including prenatal carrier testi,,,2528.0,15,0.014036802185476796,1084,,,,,,,-9.0,,,2.0,,,
HINTS6_2022,UseInternet,"B1. Do you ever go on-line to access the Internet or World Wide Web, or to send ",RiskTest_Counselor,G4. If you had a genetic test for disease risk (including prenatal carrier testi,,,2510.0,13,0.013936856600295394,1084,,,,,,,1.0,,,2.0,,,
HINTS6_2022,UseInternet,"B1. Do you ever go on-line to access the Internet or World Wide Web, or to send ",RiskTest_Counselor,G4. If you had a genetic test for disease risk (including prenatal carrier testi,,,439.0,3,0.0024375617719241747,1084,,,,,,,-2.0,,,2.0,,,
HINTS6_2022,UseInternet,"B1. Do you ever go on-line to access the Internet or World Wide Web, or to send ",RiskTest_Counselor,G4. If you had a genetic test for disease risk (including prenatal carrier testi,,,-112.0,16,-0.0006218836411287188,1084,,,,,,,-7.0,,,2.0,,,
HINTS6_2022,UseInternet,"B1. Do you ever go on-line to access the Internet or World Wide Web, or to send ",SharedRes4_Counselor,"G7. If you had any genetic test, who did you share the results with? Genetic cou",,,596003.0,3322,0.6663830453328264,5166,,,,,,,,-1.0,,1.0,,,
HINTS6_2022,UseInternet,"B1. Do you ever go on-line to access the Internet or World Wide Web, or to send ",SharedRes4_Counselor,"G7. If you had any genetic test, who did you share the results with? Genetic cou",,,234409.0,1322,0.26208959228967393,5166,,,,,,,,2.0,,1.0,,,
HINTS6_2022,UseInternet,"B1. Do you ever go on-line to access the Internet or World Wide Web, or to send ",SharedRes4_Counselor,"G7. If you had any genetic test, who did you share the results with? Genetic cou",,,28431.0,159,0.03178832382027874,5166,,,,,,,,-9.0,,1.0,,,
HINTS6_2022,UseInternet,"B1. Do you ever go on-line to access the Internet or World Wide Web, or to send ",SharedRes4_Counselor,"G7. If you had any genetic test, who did you share the results with? Genetic cou",,,24148.0,138,0.026999558355741655,5166,,,,,,,,1.0,,1.0,,,
HINTS6_2022,UseInternet,"B1. Do you ever go on-line to access the Internet or World Wide Web, or to send ",SharedRes4_Counselor,"G7. If you had any genetic test, who did you share the results with? Genetic cou",,,12008.0,78,0.013425985453691643,5166,,,,,,,,-6.0,,1.0,,,
HINTS6_2022,UseInternet,"B1. Do you ever go on-line to access the Internet or World Wide Web, or to send ",SharedRes4_Counselor,"G7. If you had any genetic test, who did you share the results with? Genetic cou",,,394.0,3,0.0004405261716151322,5166,,,,,,,,-2.0,,1.0,,,
HINTS6_2022,UseInternet,"B1. Do you ever go on-line to access the Internet or World Wide Web, or to send ",SharedRes4_Counselor,"G7. If you had any genetic test, who did you share the results with? Genetic cou",,,-1008.0,144,-0.0011270314238275463,5166,,,,,,,,-7.0,,1.0,,,
HINTS6_2022,UseInternet,"B1. Do you ever go on-line to access the Internet or World Wide Web, or to send ",SharedRes4_Counselor,"G7. If you had any genetic test, who did you share the results with? Genetic cou",,,144833.0,845,0.8041899410321047,1084,,,,,,,,-1.0,,2.0,,,
HINTS6_2022,UseInternet,"B1. Do you ever go on-line to access the Internet or World Wide Web, or to send ",SharedRes4_Counselor,"G7. If you had any genetic test, who did you share the results with? Genetic cou",,,22385.0,134,0.12429344023809259,1084,,,,,,,,2.0,,2.0,,,
HINTS6_2022,UseInternet,"B1. Do you ever go on-line to access the Internet or World Wide Web, or to send ",SharedRes4_Counselor,"G7. If you had any genetic test, who did you share the results with? Genetic cou",,,8131.0,61,0.04514764183944297,1084,,,,,,,,-6.0,,2.0,,,
HINTS6_2022,UseInternet,"B1. Do you ever go on-line to access the Internet or World Wide Web, or to send ",SharedRes4_Counselor,"G7. If you had any genetic test, who did you share the results with? Genetic cou",,,2481.0,16,0.013775833157503137,1084,,,,,,,,-9.0,,2.0,,,
HINTS6_2022,UseInternet,"B1. Do you ever go on-line to access the Internet or World Wide Web, or to send ",SharedRes4_Counselor,"G7. If you had any genetic test, who did you share the results with? Genetic cou",,,1936.0,9,0.01074970293951071,1084,,,,,,,,1.0,,2.0,,,
HINTS6_2022,UseInternet,"B1. Do you ever go on-line to access the Internet or World Wide Web, or to send ",SharedRes4_Counselor,"G7. If you had any genetic test, who did you share the results with? Genetic cou",,,444.0,3,0.002465324434474564,1084,,,,,,,,-2.0,,2.0,,,
HINTS6_2022,UseInternet,"B1. Do you ever go on-line to access the Internet or World Wide Web, or to send ",SharedRes4_Counselor,"G7. If you had any genetic test, who did you share the results with? Genetic cou",,,-112.0,16,-0.0006218836411287188,1084,,,,,,,,-7.0,,2.0,,,
HINTS6_2022,UseInternet,"B1. Do you ever go on-line to access the Internet or World Wide Web, or to send ",UndGenTest3_Counselor,"G10. If you had any genetic test, who helped you understand the results? Genetic",,,595117.0,3317,0.6653924204900574,5166,,,,,,,,,-1.0,1.0,,,
HINTS6_2022,UseInternet,"B1. Do you ever go on-line to access the Internet or World Wide Web, or to send ",UndGenTest3_Counselor,"G10. If you had any genetic test, who helped you understand the results? Genetic",,,224263.0,1258,0.25074548432721927,5166,,,,,,,,,2.0,1.0,,,
HINTS6_2022,UseInternet,"B1. Do you ever go on-line to access the Internet or World Wide Web, or to send ",UndGenTest3_Counselor,"G10. If you had any genetic test, who helped you understand the results? Genetic",,,34509.0,199,0.038584054965143645,5166,,,,,,,,,1.0,1.0,,,
HINTS6_2022,UseInternet,"B1. Do you ever go on-line to access the Internet or World Wide Web, or to send ",UndGenTest3_Counselor,"G10. If you had any genetic test, who helped you understand the results? Genetic",,,28621.0,161,0.03200076029897639,5166,,,,,,,,,-9.0,1.0,,,
HINTS6_2022,UseInternet,"B1. Do you ever go on-line to access the Internet or World Wide Web, or to send ",UndGenTest3_Counselor,"G10. If you had any genetic test, who helped you understand the results? Genetic",,,11624.0,76,0.012996640149376387,5166,,,,,,,,,-6.0,1.0,,,
HINTS6_2022,UseInternet,"B1. Do you ever go on-line to access the Internet or World Wide Web, or to send ",UndGenTest3_Counselor,"G10. If you had any genetic test, who helped you understand the results? Genetic",,,1280.0,8,0.0014311510143841858,5166,,,,,,,,,-2.0,1.0,,,
HINTS6_2022,UseInternet,"B1. Do you ever go on-line to access the Internet or World Wide Web, or to send ",UndGenTest3_Counselor,"G10. If you had any genetic test, who helped you understand the results? Genetic",,,-1029.0,147,-0.001150511245157287,5166,,,,,,,,,-7.0,1.0,,,
HINTS6_2022,UseInternet,"B1. Do you ever go on-line to access the Internet or World Wide Web, or to send ",UndGenTest3_Counselor,"G10. If you had any genetic test, who helped you understand the results? Genetic",,,144231.0,842,0.8008473164610379,1084,,,,,,,,,-1.0,2.0,,,
HINTS6_2022,UseInternet,"B1. Do you ever go on-line to access the Internet or World Wide Web, or to send ",UndGenTest3_Counselor,"G10. If you had any genetic test, who helped you understand the results? Genetic",,,19297.0,115,0.1071472198469722,1084,,,,,,,,,2.0,2.0,,,
HINTS6_2022,UseInternet,"B1. Do you ever go on-line to access the Internet or World Wide Web, or to send ",UndGenTest3_Counselor,"G10. If you had any genetic test, who helped you understand the results? Genetic",,,8510.0,63,0.047252051660762476,1084,,,,,,,,,-6.0,2.0,,,
HINTS6_2022,UseInternet,"B1. Do you ever go on-line to access the Internet or World Wide Web, or to send ",UndGenTest3_Counselor,"G10. If you had any genetic test, who helped you understand the results? Genetic",,,3675.0,20,0.020405556974536086,1084,,,,,,,,,1.0,2.0,,,
HINTS6_2022,UseInternet,"B1. Do you ever go on-line to access the Internet or World Wide Web, or to send ",UndGenTest3_Counselor,"G10. If you had any genetic test, who helped you understand the results? Genetic",,,3451.0,22,0.01916178969227865,1084,,,,,,,,,-9.0,2.0,,,
HINTS6_2022,UseInternet,"B1. Do you ever go on-line to access the Internet or World Wide Web, or to send ",UndGenTest3_Counselor,"G10. If you had any genetic test, who helped you understand the results? Genetic",,,1046.0,6,0.005807949005541427,1084,,,,,,,,,-2.0,2.0,,,
HINTS6_2022,UseInternet,"B1. Do you ever go on-line to access the Internet or World Wide Web, or to send ",UndGenTest3_Counselor,"G10. If you had any genetic test, who helped you understand the results? Genetic",,,-112.0,16,-0.0006218836411287188,1084,,,,,,,,,-7.0,2.0,,,
HINTS6_2022,UseInternet,"B1. Do you ever go on-line to access the Internet or World Wide Web, or to send ",MedConditions_Depression,H6e. Has a doctor or other health professional ever told you that you had depres,,,639099.0,3609,0.714568111048374,5166,2.0,,,,,,,,,1.0,,,
HINTS6_2022,UseInternet,"B1. Do you ever go on-line to access the Internet or World Wide Web, or to send ",MedConditions_Depression,H6e. Has a doctor or other health professional ever told you that you had depres,,,252301.0,1362,0.2820944000626129,5166,1.0,,,,,,,,,1.0,,,
HINTS6_2022,UseInternet,"B1. Do you ever go on-line to access the Internet or World Wide Web, or to send ",MedConditions_Depression,H6e. Has a doctor or other health professional ever told you that you had depres,,,4070.0,40,0.004550612991049716,5166,-9.0,,,,,,,,,1.0,,,
HINTS6_2022,UseInternet,"B1. Do you ever go on-line to access the Internet or World Wide Web, or to send ",MedConditions_Depression,H6e. Has a doctor or other health professional ever told you that you had depres,,,-1085.0,155,-0.001213124102036595,5166,-7.0,,,,,,,,,1.0,,,
HINTS6_2022,UseInternet,"B1. Do you ever go on-line to access the Internet or World Wide Web, or to send ",MedConditions_Depression,H6e. Has a doctor or other health professional ever told you that you had depres,,,137697.0,822,0.7645670690401892,1084,2.0,,,,,,,,,2.0,,,
HINTS6_2022,UseInternet,"B1. Do you ever go on-line to access the Internet or World Wide Web, or to send ",MedConditions_Depression,H6e. Has a doctor or other health professional ever told you that you had depres,,,40025.0,216,0.2222401137158658,1084,1.0,,,,,,,,,2.0,,,
HINTS6_2022,UseInternet,"B1. Do you ever go on-line to access the Internet or World Wide Web, or to send ",MedConditions_Depression,H6e. Has a doctor or other health professional ever told you that you had depres,,,2495.0,29,0.013853568612644227,1084,-9.0,,,,,,,,,2.0,,,
HINTS6_2022,UseInternet,"B1. Do you ever go on-line to access the Internet or World Wide Web, or to send ",MedConditions_Depression,H6e. Has a doctor or other health professional ever told you that you had depres,,,-119.0,17,-0.0006607513686992637,1084,-7.0,,,,,,,,,2.0,,,
HINTS6_2022,Internet_DialUp,"B2a. When you use the Internet, do you access it through a regular dial-up telep",Caregiving_MentalHealth2,F3. (For the individual to whom you provide the most care) For which conditions ,,-1.0,133686.0,793,0.8243825733049671,977,,,,,,,,,,,-1.0,,
HINTS6_2022,Internet_DialUp,"B2a. When you use the Internet, do you access it through a regular dial-up telep",Caregiving_MentalHealth2,F3. (For the individual to whom you provide the most care) For which conditions ,,2.0,17066.0,95,0.10523849165972929,977,,,,,,,,,,,-1.0,,
HINTS6_2022,Internet_DialUp,"B2a. When you use the Internet, do you access it through a regular dial-up telep",Caregiving_MentalHealth2,F3. (For the individual to whom you provide the most care) For which conditions ,,1.0,4940.0,26,0.03046280023432923,977,,,,,,,,,,,-1.0,,
HINTS6_2022,Internet_DialUp,"B2a. When you use the Internet, do you access it through a regular dial-up telep",Caregiving_MentalHealth2,F3. (For the individual to whom you provide the most care) For which conditions ,,-6.0,3475.0,29,0.021428791662812568,977,,,,,,,,,,,-1.0,,
HINTS6_2022,Internet_DialUp,"B2a. When you use the Internet, do you access it through a regular dial-up telep",Caregiving_MentalHealth2,F3. (For the individual to whom you provide the most care) For which conditions ,,-9.0,2493.0,16,0.015373230968458051,977,,,,,,,,,,,-1.0,,
HINTS6_2022,Internet_DialUp,"B2a. When you use the Internet, do you access it through a regular dial-up telep",Caregiving_MentalHealth2,F3. (For the individual to whom you provide the most care) For which conditions ,,-2.0,610.0,3,0.0037616008386519902,977,,,,,,,,,,,-1.0,,
HINTS6_2022,Internet_DialUp,"B2a. When you use the Internet, do you access it through a regular dial-up telep",Caregiving_MentalHealth2,F3. (For the individual to whom you provide the most care) For which conditions ,,-7.0,-105.0,15,-0.0006474886689482935,977,,,,,,,,,,,-1.0,,
HINTS6_2022,Internet_DialUp,"B2a. When you use the Internet, do you access it through a regular dial-up telep",Caregiving_MentalHealth2,F3. (For the individual to whom you provide the most care) For which conditions ,,-1.0,14268.0,81,0.7956281715273518,107,,,,,,,,,,,-2.0,,
HINTS6_2022,Internet_DialUp,"B2a. When you use the Internet, do you access it through a regular dial-up telep",Caregiving_MentalHealth2,F3. (For the individual to whom you provide the most care) For which conditions ,,2.0,2223.0,15,0.1239614119221547,107,,,,,,,,,,,-2.0,,
HINTS6_2022,Internet_DialUp,"B2a. When you use the Internet, do you access it through a regular dial-up telep",Caregiving_MentalHealth2,F3. (For the individual to whom you provide the most care) For which conditions ,,-6.0,812.0,6,0.04527965203814197,107,,,,,,,,,,,-2.0,,
HINTS6_2022,Internet_DialUp,"B2a. When you use the Internet, do you access it through a regular dial-up telep",Caregiving_MentalHealth2,F3. (For the individual to whom you provide the most care) For which conditions ,,-9.0,439.0,3,0.024480008922098923,107,,,,,,,,,,,-2.0,,
HINTS6_2022,Internet_DialUp,"B2a. When you use the Internet, do you access it through a regular dial-up telep",Caregiving_MentalHealth2,F3. (For the individual to whom you provide the most care) For which conditions ,,-2.0,200.0,1,0.011152623654714772,107,,,,,,,,,,,-2.0,,
HINTS6_2022,Internet_DialUp,"B2a. When you use the Internet, do you access it through a regular dial-up telep",Caregiving_MentalHealth2,F3. (For the individual to whom you provide the most care) For which conditions ,,1.0,-9.0,1,-0.0005018680644621647,107,,,,,,,,,,,-2.0,,
HINTS6_2022,Internet_DialUp,"B2a. When you use the Internet, do you access it through a regular dial-up telep",Caregiving_MentalHealth2,F3. (For the individual to whom you provide the most care) For which conditions ,,-1.0,7270.0,47,0.7828146871971573,60,,,,,,,,,,,-9.0,,
HINTS6_2022,Internet_DialUp,"B2a. When you use the Internet, do you access it through a regular dial-up telep",Caregiving_MentalHealth2,F3. (For the individual to whom you provide the most care) For which conditions ,,2.0,871.0,5,0.09378701410573921,60,,,,,,,,,,,-9.0,,
HINTS6_2022,Internet_DialUp,"B2a. When you use the Internet, do you access it through a regular dial-up telep",Caregiving_MentalHealth2,F3. (For the individual to whom you provide the most care) For which conditions ,,1.0,625.0,4,0.06729837407128243,60,,,,,,,,,,,-9.0,,
HINTS6_2022,Internet_DialUp,"B2a. When you use the Internet, do you access it through a regular dial-up telep",Caregiving_MentalHealth2,F3. (For the individual to whom you provide the most care) For which conditions ,,-6.0,331.0,3,0.03564121890815118,60,,,,,,,,,,,-9.0,,
HINTS6_2022,Internet_DialUp,"B2a. When you use the Internet, do you access it through a regular dial-up telep",Caregiving_MentalHealth2,F3. (For the individual to whom you provide the most care) For which conditions ,,-9.0,190.0,1,0.02045870571766986,60,,,,,,,,,,,-9.0,,
HINTS6_2022,Internet_DialUp,"B2a. When you use the Internet, do you access it through a regular dial-up telep",Caregiving_MentalHealth2,F3. (For the individual to whom you provide the most care) For which conditions ,,-1.0,24570.0,139,0.782210053802808,186,,,,,,,,,,,1.0,,
HINTS6_2022,Internet_DialUp,"B2a. When you use the Internet, do you access it through a regular dial-up telep",Caregiving_MentalHealth2,F3. (For the individual to whom you provide the most care) For which conditions ,,2.0,4791.0,27,0.1525261850943937,186,,,,,,,,,,,1.0,,
HINTS6_2022,Internet_DialUp,"B2a. When you use the Internet, do you access it through a regular dial-up telep",Caregiving_MentalHealth2,F3. (For the individual to whom you provide the most care) For which conditions ,,1.0,1107.0,7,0.03524243099551113,186,,,,,,,,,,,1.0,,
HINTS6_2022,Internet_DialUp,"B2a. When you use the Internet, do you access it through a regular dial-up telep",Caregiving_MentalHealth2,F3. (For the individual to whom you provide the most care) For which conditions ,,-6.0,839.0,4,0.026710388080608705,186,,,,,,,,,,,1.0,,
HINTS6_2022,Internet_DialUp,"B2a. When you use the Internet, do you access it through a regular dial-up telep",Caregiving_MentalHealth2,F3. (For the individual to whom you provide the most care) For which conditions ,,-9.0,160.0,1,0.00509375696412085,186,,,,,,,,,,,1.0,,
HINTS6_2022,Internet_DialUp,"B2a. When you use the Internet, do you access it through a regular dial-up telep",Caregiving_MentalHealth2,F3. (For the individual to whom you provide the most care) For which conditions ,,-7.0,-56.0,8,-0.0017828149374422974,186,,,,,,,,,,,1.0,,
HINTS6_2022,Internet_DialUp,"B2a. When you use the Internet, do you access it through a regular dial-up telep",Caregiving_MentalHealth2,F3. (For the individual to whom you provide the most care) For which conditions ,,-1.0,716000.0,4019,0.8387148919920299,4920,,,,,,,,,,,2.0,,
HINTS6_2022,Internet_DialUp,"B2a. When you use the Internet, do you access it through a regular dial-up telep",Caregiving_MentalHealth2,F3. (For the individual to whom you provide the most care) For which conditions ,,2.0,97903.0,549,0.11468254758477053,4920,,,,,,,,,,,2.0,,
HINTS6_2022,Internet_DialUp,"B2a. When you use the Internet, do you access it through a regular dial-up telep",Caregiving_MentalHealth2,F3. (For the individual to whom you provide the most care) For which conditions ,,1.0,34421.0,186,0.04032039845985707,4920,,,,,,,,,,,2.0,,
HINTS6_2022,Internet_DialUp,"B2a. When you use the Internet, do you access it through a regular dial-up telep",Caregiving_MentalHealth2,F3. (For the individual to whom you provide the most care) For which conditions ,,-6.0,3556.0,24,0.004165461111625221,4920,,,,,,,,,,,2.0,,
HINTS6_2022,Internet_DialUp,"B2a. When you use the Internet, do you access it through a regular dial-up telep",Caregiving_MentalHealth2,F3. (For the individual to whom you provide the most care) For which conditions ,,-9.0,1767.0,10,0.0020698452711591015,4920,,,,,,,,,,,2.0,,
HINTS6_2022,Internet_DialUp,"B2a. When you use the Internet, do you access it through a regular dial-up telep",Caregiving_MentalHealth2,F3. (For the individual to whom you provide the most care) For which conditions ,,-2.0,929.0,5,0.0010882208584645193,4920,,,,,,,,,,,2.0,,
HINTS6_2022,Internet_DialUp,"B2a. When you use the Internet, do you access it through a regular dial-up telep",Caregiving_MentalHealth2,F3. (For the individual to whom you provide the most care) For which conditions ,,-7.0,-889.0,127,-0.0010413652779063052,4920,,,,,,,,,,,2.0,,
HINTS6_2022,Internet_DialUp,"B2a. When you use the Internet, do you access it through a regular dial-up telep",TestSource_HCPCounselor,G2. From which of the following sources did you read or hear anything about gene,,,75723.0,445,0.46695032836925354,977,,,,,,-1.0,,,,,-1.0,,
HINTS6_2022,Internet_DialUp,"B2a. When you use the Internet, do you access it through a regular dial-up telep",TestSource_HCPCounselor,G2. From which of the following sources did you read or hear anything about gene,,,58405.0,343,0.36015786390404836,977,,,,,,2.0,,,,,-1.0,,
HINTS6_2022,Internet_DialUp,"B2a. When you use the Internet, do you access it through a regular dial-up telep",TestSource_HCPCounselor,G2. From which of the following sources did you read or hear anything about gene,,,20416.0,119,0.1258964634785558,977,,,,,,1.0,,,,,-1.0,,
HINTS6_2022,Internet_DialUp,"B2a. When you use the Internet, do you access it through a regular dial-up telep",TestSource_HCPCounselor,G2. From which of the following sources did you read or hear anything about gene,,,4778.0,38,0.029463817716523295,977,,,,,,-6.0,,,,,-1.0,,
HINTS6_2022,Internet_DialUp,"B2a. When you use the Internet, do you access it through a regular dial-up telep",TestSource_HCPCounselor,G2. From which of the following sources did you read or hear anything about gene,,,2492.0,14,0.015367064409706163,977,,,,,,-9.0,,,,,-1.0,,
HINTS6_2022,Internet_DialUp,"B2a. When you use the Internet, do you access it through a regular dial-up telep",TestSource_HCPCounselor,G2. From which of the following sources did you read or hear anything about gene,,,463.0,2,0.0028551167021243795,977,,,,,,-2.0,,,,,-1.0,,
HINTS6_2022,Internet_DialUp,"B2a. When you use the Internet, do you access it through a regular dial-up telep",TestSource_HCPCounselor,G2. From which of the following sources did you read or hear anything about gene,,,-112.0,16,-0.0006906545802115129,977,,,,,,-7.0,,,,,-1.0,,
HINTS6_2022,Internet_DialUp,"B2a. When you use the Internet, do you access it through a regular dial-up telep",TestSource_HCPCounselor,G2. From which of the following sources did you read or hear anything about gene,,,9017.0,49,0.5028160374728154,107,,,,,,-1.0,,,,,-2.0,,
HINTS6_2022,Internet_DialUp,"B2a. When you use the Internet, do you access it through a regular dial-up telep",TestSource_HCPCounselor,G2. From which of the following sources did you read or hear anything about gene,,,3975.0,25,0.22165839513745608,107,,,,,,2.0,,,,,-2.0,,
HINTS6_2022,Internet_DialUp,"B2a. When you use the Internet, do you access it through a regular dial-up telep",TestSource_HCPCounselor,G2. From which of the following sources did you read or hear anything about gene,,,2628.0,16,0.1465454748229521,107,,,,,,1.0,,,,,-2.0,,
HINTS6_2022,Internet_DialUp,"B2a. When you use the Internet, do you access it through a regular dial-up telep",TestSource_HCPCounselor,G2. From which of the following sources did you read or hear anything about gene,,,1175.0,7,0.06552166397144929,107,,,,,,-9.0,,,,,-2.0,,
HINTS6_2022,Internet_DialUp,"B2a. When you use the Internet, do you access it through a regular dial-up telep",TestSource_HCPCounselor,G2. From which of the following sources did you read or hear anything about gene,,,801.0,8,0.04466625773713266,107,,,,,,-6.0,,,,,-2.0,,
HINTS6_2022,Internet_DialUp,"B2a. When you use the Internet, do you access it through a regular dial-up telep",TestSource_HCPCounselor,G2. From which of the following sources did you read or hear anything about gene,,,337.0,2,0.01879217085819439,107,,,,,,-2.0,,,,,-2.0,,
HINTS6_2022,Internet_DialUp,"B2a. When you use the Internet, do you access it through a regular dial-up telep",TestSource_HCPCounselor,G2. From which of the following sources did you read or hear anything about gene,,,4303.0,29,0.4633358458059653,60,,,,,,2.0,,,,,-9.0,,
HINTS6_2022,Internet_DialUp,"B2a. When you use the Internet, do you access it through a regular dial-up telep",TestSource_HCPCounselor,G2. From which of the following sources did you read or hear anything about gene,,,2707.0,16,0.2914827177775385,60,,,,,,-1.0,,,,,-9.0,,
HINTS6_2022,Internet_DialUp,"B2a. When you use the Internet, do you access it through a regular dial-up telep",TestSource_HCPCounselor,G2. From which of the following sources did you read or hear anything about gene,,,2150.0,12,0.2315064068052116,60,,,,,,1.0,,,,,-9.0,,
HINTS6_2022,Internet_DialUp,"B2a. When you use the Internet, do you access it through a regular dial-up telep",TestSource_HCPCounselor,G2. From which of the following sources did you read or hear anything about gene,,,136.0,2,0.014644126197911058,60,,,,,,-6.0,,,,,-9.0,,
HINTS6_2022,Internet_DialUp,"B2a. When you use the Internet, do you access it through a regular dial-up telep",TestSource_HCPCounselor,G2. From which of the following sources did you read or hear anything about gene,,,-9.0,1,-0.0009690965866264671,60,,,,,,-9.0,,,,,-9.0,,
HINTS6_2022,Internet_DialUp,"B2a. When you use the Internet, do you access it through a regular dial-up telep",TestSource_HCPCounselor,G2. From which of the following sources did you read or hear anything about gene,,,12393.0,71,0.3945433128521855,186,,,,,,2.0,,,,,1.0,,
HINTS6_2022,Internet_DialUp,"B2a. When you use the Internet, do you access it through a regular dial-up telep",TestSource_HCPCounselor,G2. From which of the following sources did you read or hear anything about gene,,,12197.0,65,0.3883034605711375,186,,,,,,-1.0,,,,,1.0,,
HINTS6_2022,Internet_DialUp,"B2a. When you use the Internet, do you access it through a regular dial-up telep",TestSource_HCPCounselor,G2. From which of the following sources did you read or hear anything about gene,,,5623.0,34,0.1790137213078221,186,,,,,,1.0,,,,,1.0,,
HINTS6_2022,Internet_DialUp,"B2a. When you use the Internet, do you access it through a regular dial-up telep",TestSource_HCPCounselor,G2. From which of the following sources did you read or hear anything about gene,,,658.0,5,0.020948075514946995,186,,,,,,-9.0,,,,,1.0,,
HINTS6_2022,Internet_DialUp,"B2a. When you use the Internet, do you access it through a regular dial-up telep",TestSource_HCPCounselor,G2. From which of the following sources did you read or hear anything about gene,,,420.0,2,0.01337111203081723,186,,,,,,-6.0,,,,,1.0,,
HINTS6_2022,Internet_DialUp,"B2a. When you use the Internet, do you access it through a regular dial-up telep",TestSource_HCPCounselor,G2. From which of the following sources did you read or hear anything about gene,,,176.0,1,0.005603132660532934,186,,,,,,-2.0,,,,,1.0,,
HINTS6_2022,Internet_DialUp,"B2a. When you use the Internet, do you access it through a regular dial-up telep",TestSource_HCPCounselor,G2. From which of the following sources did you read or hear anything about gene,,,-56.0,8,-0.0017828149374422974,186,,,,,,-7.0,,,,,1.0,,
HINTS6_2022,Internet_DialUp,"B2a. When you use the Internet, do you access it through a regular dial-up telep",TestSource_HCPCounselor,G2. From which of the following sources did you read or hear anything about gene,,,488071.0,2723,0.5717212514657011,4920,,,,,,2.0,,,,,2.0,,
HINTS6_2022,Internet_DialUp,"B2a. When you use the Internet, do you access it through a regular dial-up telep",TestSource_HCPCounselor,G2. From which of the following sources did you read or hear anything about gene,,,234426.0,1332,0.27460415819849665,4920,,,,,,1.0,,,,,2.0,,
HINTS6_2022,Internet_DialUp,"B2a. When you use the Internet, do you access it through a regular dial-up telep",TestSource_HCPCounselor,G2. From which of the following sources did you read or hear anything about gene,,,120023.0,661,0.14059368363346286,4920,,,,,,-1.0,,,,,2.0,,
HINTS6_2022,Internet_DialUp,"B2a. When you use the Internet, do you access it through a regular dial-up telep",TestSource_HCPCounselor,G2. From which of the following sources did you read or hear anything about gene,,,7771.0,49,0.009102867912947017,4920,,,,,,-6.0,,,,,2.0,,
HINTS6_2022,Internet_DialUp,"B2a. When you use the Internet, do you access it through a regular dial-up telep",TestSource_HCPCounselor,G2. From which of the following sources did you read or hear anything about gene,,,3470.0,20,0.004064721613425061,4920,,,,,,-9.0,,,,,2.0,,
HINTS6_2022,Internet_DialUp,"B2a. When you use the Internet, do you access it through a regular dial-up telep",TestSource_HCPCounselor,G2. From which of the following sources did you read or hear anything about gene,,,843.0,4,0.0009874813602643593,4920,,,,,,-2.0,,,,,2.0,,
HINTS6_2022,Internet_DialUp,"B2a. When you use the Internet, do you access it through a regular dial-up telep",TestSource_HCPCounselor,G2. From which of the following sources did you read or hear anything about gene,,,-917.0,131,-0.0010741641842970551,4920,,,,,,-7.0,,,,,2.0,,
HINTS6_2022,Internet_DialUp,"B2a. When you use the Internet, do you access it through a regular dial-up telep",RiskTest_Counselor,G4. If you had a genetic test for disease risk (including prenatal carrier testi,,,131472.0,769,0.810729812228286,977,,,,,,,-1.0,,,,-1.0,,
HINTS6_2022,Internet_DialUp,"B2a. When you use the Internet, do you access it through a regular dial-up telep",RiskTest_Counselor,G4. If you had a genetic test for disease risk (including prenatal carrier testi,,,19441.0,117,0.1198840686954645,977,,,,,,,2.0,,,,-1.0,,
HINTS6_2022,Internet_DialUp,"B2a. When you use the Internet, do you access it through a regular dial-up telep",RiskTest_Counselor,G4. If you had a genetic test for disease risk (including prenatal carrier testi,,,6621.0,48,0.040828785496253815,977,,,,,,,-6.0,,,,-1.0,,
HINTS6_2022,Internet_DialUp,"B2a. When you use the Internet, do you access it through a regular dial-up telep",RiskTest_Counselor,G4. If you had a genetic test for disease risk (including prenatal carrier testi,,,2510.0,13,0.015478062467240157,977,,,,,,,1.0,,,,-1.0,,
HINTS6_2022,Internet_DialUp,"B2a. When you use the Internet, do you access it through a regular dial-up telep",RiskTest_Counselor,G4. If you had a genetic test for disease risk (including prenatal carrier testi,,,2071.0,13,0.0127709431751611,977,,,,,,,-9.0,,,,-1.0,,
HINTS6_2022,Internet_DialUp,"B2a. When you use the Internet, do you access it through a regular dial-up telep",RiskTest_Counselor,G4. If you had a genetic test for disease risk (including prenatal carrier testi,,,162.0,1,0.0009989825178059384,977,,,,,,,-2.0,,,,-1.0,,
HINTS6_2022,Internet_DialUp,"B2a. When you use the Internet, do you access it through a regular dial-up telep",RiskTest_Counselor,G4. If you had a genetic test for disease risk (including prenatal carrier testi,,,-112.0,16,-0.0006906545802115129,977,,,,,,,-7.0,,,,-1.0,,
HINTS6_2022,Internet_DialUp,"B2a. When you use the Internet, do you access it through a regular dial-up telep",RiskTest_Counselor,G4. If you had a genetic test for disease risk (including prenatal carrier testi,,,13366.0,76,0.7453298388445881,107,,,,,,,-1.0,,,,-2.0,,
HINTS6_2022,Internet_DialUp,"B2a. When you use the Internet, do you access it through a regular dial-up telep",RiskTest_Counselor,G4. If you had a genetic test for disease risk (including prenatal carrier testi,,,2723.0,17,0.15184297105894162,107,,,,,,,2.0,,,,-2.0,,
HINTS6_2022,Internet_DialUp,"B2a. When you use the Internet, do you access it through a regular dial-up telep",RiskTest_Counselor,G4. If you had a genetic test for disease risk (including prenatal carrier testi,,,1110.0,10,0.06189706128366698,107,,,,,,,-6.0,,,,-2.0,,
HINTS6_2022,Internet_DialUp,"B2a. When you use the Internet, do you access it through a regular dial-up telep",RiskTest_Counselor,G4. If you had a genetic test for disease risk (including prenatal carrier testi,,,457.0,2,0.025483745051023254,107,,,,,,,-9.0,,,,-2.0,,
HINTS6_2022,Internet_DialUp,"B2a. When you use the Internet, do you access it through a regular dial-up telep",RiskTest_Counselor,G4. If you had a genetic test for disease risk (including prenatal carrier testi,,,277.0,2,0.01544638376177996,107,,,,,,,-2.0,,,,-2.0,,
HINTS6_2022,Internet_DialUp,"B2a. When you use the Internet, do you access it through a regular dial-up telep",RiskTest_Counselor,G4. If you had a genetic test for disease risk (including prenatal carrier testi,,,5930.0,39,0.6385269731883277,60,,,,,,,-1.0,,,,-9.0,,
HINTS6_2022,Internet_DialUp,"B2a. When you use the Internet, do you access it through a regular dial-up telep",RiskTest_Counselor,G4. If you had a genetic test for disease risk (including prenatal carrier testi,,,2698.0,16,0.290513621190912,60,,,,,,,2.0,,,,-9.0,,
HINTS6_2022,Internet_DialUp,"B2a. When you use the Internet, do you access it through a regular dial-up telep",RiskTest_Counselor,G4. If you had a genetic test for disease risk (including prenatal carrier testi,,,510.0,2,0.05491547324216647,60,,,,,,,-9.0,,,,-9.0,,
HINTS6_2022,Internet_DialUp,"B2a. When you use the Internet, do you access it through a regular dial-up telep",RiskTest_Counselor,G4. If you had a genetic test for disease risk (including prenatal carrier testi,,,167.0,1,0.017982125551846667,60,,,,,,,1.0,,,,-9.0,,
HINTS6_2022,Internet_DialUp,"B2a. When you use the Internet, do you access it through a regular dial-up telep",RiskTest_Counselor,G4. If you had a genetic test for disease risk (including prenatal carrier testi,,,-18.0,2,-0.0019381931732529343,60,,,,,,,-6.0,,,,-9.0,,
HINTS6_2022,Internet_DialUp,"B2a. When you use the Internet, do you access it through a regular dial-up telep",RiskTest_Counselor,G4. If you had a genetic test for disease risk (including prenatal carrier testi,,,25233.0,140,0.8033173092228837,186,,,,,,,-1.0,,,,1.0,,
HINTS6_2022,Internet_DialUp,"B2a. When you use the Internet, do you access it through a regular dial-up telep",RiskTest_Counselor,G4. If you had a genetic test for disease risk (including prenatal carrier testi,,,3819.0,22,0.12158161153735952,186,,,,,,,2.0,,,,1.0,,
HINTS6_2022,Internet_DialUp,"B2a. When you use the Internet, do you access it through a regular dial-up telep",RiskTest_Counselor,G4. If you had a genetic test for disease risk (including prenatal carrier testi,,,1200.0,8,0.03820317723090637,186,,,,,,,1.0,,,,1.0,,
HINTS6_2022,Internet_DialUp,"B2a. When you use the Internet, do you access it through a regular dial-up telep",RiskTest_Counselor,G4. If you had a genetic test for disease risk (including prenatal carrier testi,,,630.0,3,0.020056668046225846,186,,,,,,,-6.0,,,,1.0,,
HINTS6_2022,Internet_DialUp,"B2a. When you use the Internet, do you access it through a regular dial-up telep",RiskTest_Counselor,G4. If you had a genetic test for disease risk (including prenatal carrier testi,,,599.0,3,0.01906975263442743,186,,,,,,,-9.0,,,,1.0,,
HINTS6_2022,Internet_DialUp,"B2a. When you use the Internet, do you access it through a regular dial-up telep",RiskTest_Counselor,G4. If you had a genetic test for disease risk (including prenatal carrier testi,,,-70.0,10,-0.0022285186718028717,186,,,,,,,-7.0,,,,1.0,,
HINTS6_2022,Internet_DialUp,"B2a. When you use the Internet, do you access it through a regular dial-up telep",RiskTest_Counselor,G4. If you had a genetic test for disease risk (including prenatal carrier testi,,,565078.0,3145,0.6619264437668607,4920,,,,,,,-1.0,,,,2.0,,
HINTS6_2022,Internet_DialUp,"B2a. When you use the Internet, do you access it through a regular dial-up telep",RiskTest_Counselor,G4. If you had a genetic test for disease risk (including prenatal carrier testi,,,243846.0,1373,0.28563864741995604,4920,,,,,,,2.0,,,,2.0,,
HINTS6_2022,Internet_DialUp,"B2a. When you use the Internet, do you access it through a regular dial-up telep",RiskTest_Counselor,G4. If you had a genetic test for disease risk (including prenatal carrier testi,,,22461.0,130,0.026310579872951094,4920,,,,,,,1.0,,,,2.0,,
HINTS6_2022,Internet_DialUp,"B2a. When you use the Internet, do you access it through a regular dial-up telep",RiskTest_Counselor,G4. If you had a genetic test for disease risk (including prenatal carrier testi,,,12203.0,69,0.014294466238797123,4920,,,,,,,-9.0,,,,2.0,,
HINTS6_2022,Internet_DialUp,"B2a. When you use the Internet, do you access it through a regular dial-up telep",RiskTest_Counselor,G4. If you had a genetic test for disease risk (including prenatal carrier testi,,,10867.0,70,0.012729489848152777,4920,,,,,,,-6.0,,,,2.0,,
HINTS6_2022,Internet_DialUp,"B2a. When you use the Internet, do you access it through a regular dial-up telep",RiskTest_Counselor,G4. If you had a genetic test for disease risk (including prenatal carrier testi,,,156.0,1,0.00018273676417703444,4920,,,,,,,-2.0,,,,2.0,,
HINTS6_2022,Internet_DialUp,"B2a. When you use the Internet, do you access it through a regular dial-up telep",RiskTest_Counselor,G4. If you had a genetic test for disease risk (including prenatal carrier testi,,,-924.0,132,-0.0010823639108947425,4920,,,,,,,-7.0,,,,2.0,,
HINTS6_2022,Internet_DialUp,"B2a. When you use the Internet, do you access it through a regular dial-up telep",SharedRes4_Counselor,"G7. If you had any genetic test, who did you share the results with? Genetic cou",,,131312.0,768,0.8097431628279839,977,,,,,,,,-1.0,,,-1.0,,
HINTS6_2022,Internet_DialUp,"B2a. When you use the Internet, do you access it through a regular dial-up telep",SharedRes4_Counselor,"G7. If you had any genetic test, who did you share the results with? Genetic cou",,,19491.0,117,0.12019239663305892,977,,,,,,,,2.0,,,-1.0,,
HINTS6_2022,Internet_DialUp,"B2a. When you use the Internet, do you access it through a regular dial-up telep",SharedRes4_Counselor,"G7. If you had any genetic test, who did you share the results with? Genetic cou",,,7021.0,51,0.04329540899700922,977,,,,,,,,-6.0,,,-1.0,,
HINTS6_2022,Internet_DialUp,"B2a. When you use the Internet, do you access it through a regular dial-up telep",SharedRes4_Counselor,"G7. If you had any genetic test, who did you share the results with? Genetic cou",,,2195.0,14,0.013535596460395276,977,,,,,,,,-9.0,,,-1.0,,
HINTS6_2022,Internet_DialUp,"B2a. When you use the Internet, do you access it through a regular dial-up telep",SharedRes4_Counselor,"G7. If you had any genetic test, who did you share the results with? Genetic cou",,,1936.0,9,0.011938457743656152,977,,,,,,,,1.0,,,-1.0,,
HINTS6_2022,Internet_DialUp,"B2a. When you use the Internet, do you access it through a regular dial-up telep",SharedRes4_Counselor,"G7. If you had any genetic test, who did you share the results with? Genetic cou",,,322.0,2,0.0019856319181081,977,,,,,,,,-2.0,,,-1.0,,
HINTS6_2022,Internet_DialUp,"B2a. When you use the Internet, do you access it through a regular dial-up telep",SharedRes4_Counselor,"G7. If you had any genetic test, who did you share the results with? Genetic cou",,,-112.0,16,-0.0006906545802115129,977,,,,,,,,-7.0,,,-1.0,,
HINTS6_2022,Internet_DialUp,"B2a. When you use the Internet, do you access it through a regular dial-up telep",SharedRes4_Counselor,"G7. If you had any genetic test, who did you share the results with? Genetic cou",,,13521.0,77,0.7539731221769921,107,,,,,,,,-1.0,,,-2.0,,
HINTS6_2022,Internet_DialUp,"B2a. When you use the Internet, do you access it through a regular dial-up telep",SharedRes4_Counselor,"G7. If you had any genetic test, who did you share the results with? Genetic cou",,,2894.0,17,0.16137846428372274,107,,,,,,,,2.0,,,-2.0,,
HINTS6_2022,Internet_DialUp,"B2a. When you use the Internet, do you access it through a regular dial-up telep",SharedRes4_Counselor,"G7. If you had any genetic test, who did you share the results with? Genetic cou",,,1110.0,10,0.06189706128366698,107,,,,,,,,-6.0,,,-2.0,,
HINTS6_2022,Internet_DialUp,"B2a. When you use the Internet, do you access it through a regular dial-up telep",SharedRes4_Counselor,"G7. If you had any genetic test, who did you share the results with? Genetic cou",,,286.0,2,0.015948251826242123,107,,,,,,,,-9.0,,,-2.0,,
HINTS6_2022,Internet_DialUp,"B2a. When you use the Internet, do you access it through a regular dial-up telep",SharedRes4_Counselor,"G7. If you had any genetic test, who did you share the results with? Genetic cou",,,122.0,1,0.006803100429376011,107,,,,,,,,-2.0,,,-2.0,,
HINTS6_2022,Internet_DialUp,"B2a. When you use the Internet, do you access it through a regular dial-up telep",SharedRes4_Counselor,"G7. If you had any genetic test, who did you share the results with? Genetic cou",,,5930.0,39,0.6385269731883277,60,,,,,,,,-1.0,,,-9.0,,
HINTS6_2022,Internet_DialUp,"B2a. When you use the Internet, do you access it through a regular dial-up telep",SharedRes4_Counselor,"G7. If you had any genetic test, who did you share the results with? Genetic cou",,,2648.0,15,0.28512975126520945,60,,,,,,,,2.0,,,-9.0,,
HINTS6_2022,Internet_DialUp,"B2a. When you use the Internet, do you access it through a regular dial-up telep",SharedRes4_Counselor,"G7. If you had any genetic test, who did you share the results with? Genetic cou",,,727.0,4,0.07828146871971574,60,,,,,,,,-9.0,,,-9.0,,
HINTS6_2022,Internet_DialUp,"B2a. When you use the Internet, do you access it through a regular dial-up telep",SharedRes4_Counselor,"G7. If you had any genetic test, who did you share the results with? Genetic cou",,,-18.0,2,-0.0019381931732529343,60,,,,,,,,-6.0,,,-9.0,,
HINTS6_2022,Internet_DialUp,"B2a. When you use the Internet, do you access it through a regular dial-up telep",SharedRes4_Counselor,"G7. If you had any genetic test, who did you share the results with? Genetic cou",,,25233.0,140,0.8033173092228837,186,,,,,,,,-1.0,,,1.0,,
HINTS6_2022,Internet_DialUp,"B2a. When you use the Internet, do you access it through a regular dial-up telep",SharedRes4_Counselor,"G7. If you had any genetic test, who did you share the results with? Genetic cou",,,3992.0,24,0.1270892362548152,186,,,,,,,,2.0,,,1.0,,
HINTS6_2022,Internet_DialUp,"B2a. When you use the Internet, do you access it through a regular dial-up telep",SharedRes4_Counselor,"G7. If you had any genetic test, who did you share the results with? Genetic cou",,,960.0,5,0.030562541784725096,186,,,,,,,,-9.0,,,1.0,,
HINTS6_2022,Internet_DialUp,"B2a. When you use the Internet, do you access it through a regular dial-up telep",SharedRes4_Counselor,"G7. If you had any genetic test, who did you share the results with? Genetic cou",,,666.0,4,0.021202763363153035,186,,,,,,,,1.0,,,1.0,,
HINTS6_2022,Internet_DialUp,"B2a. When you use the Internet, do you access it through a regular dial-up telep",SharedRes4_Counselor,"G7. If you had any genetic test, who did you share the results with? Genetic cou",,,630.0,3,0.020056668046225846,186,,,,,,,,-6.0,,,1.0,,
HINTS6_2022,Internet_DialUp,"B2a. When you use the Internet, do you access it through a regular dial-up telep",SharedRes4_Counselor,"G7. If you had any genetic test, who did you share the results with? Genetic cou",,,-70.0,10,-0.0022285186718028717,186,,,,,,,,-7.0,,,1.0,,
HINTS6_2022,Internet_DialUp,"B2a. When you use the Internet, do you access it through a regular dial-up telep",SharedRes4_Counselor,"G7. If you had any genetic test, who did you share the results with? Genetic cou",,,564840.0,3143,0.6616476530625394,4920,,,,,,,,-1.0,,,2.0,,
HINTS6_2022,Internet_DialUp,"B2a. When you use the Internet, do you access it through a regular dial-up telep",SharedRes4_Counselor,"G7. If you had any genetic test, who did you share the results with? Genetic cou",,,227769.0,1283,0.2668062182040959,4920,,,,,,,,2.0,,,2.0,,
HINTS6_2022,Internet_DialUp,"B2a. When you use the Internet, do you access it through a regular dial-up telep",SharedRes4_Counselor,"G7. If you had any genetic test, who did you share the results with? Genetic cou",,,26744.0,150,0.03132764116122185,4920,,,,,,,,-9.0,,,2.0,,
HINTS6_2022,Internet_DialUp,"B2a. When you use the Internet, do you access it through a regular dial-up telep",SharedRes4_Counselor,"G7. If you had any genetic test, who did you share the results with? Genetic cou",,,23482.0,134,0.027506568566699505,4920,,,,,,,,1.0,,,2.0,,
HINTS6_2022,Internet_DialUp,"B2a. When you use the Internet, do you access it through a regular dial-up telep",SharedRes4_Counselor,"G7. If you had any genetic test, who did you share the results with? Genetic cou",,,11396.0,73,0.013349154901035156,4920,,,,,,,,-6.0,,,2.0,,
HINTS6_2022,Internet_DialUp,"B2a. When you use the Internet, do you access it through a regular dial-up telep",SharedRes4_Counselor,"G7. If you had any genetic test, who did you share the results with? Genetic cou",,,394.0,3,0.0004615274684984075,4920,,,,,,,,-2.0,,,2.0,,
HINTS6_2022,Internet_DialUp,"B2a. When you use the Internet, do you access it through a regular dial-up telep",SharedRes4_Counselor,"G7. If you had any genetic test, who did you share the results with? Genetic cou",,,-938.0,134,-0.0010987633640901174,4920,,,,,,,,-7.0,,,2.0,,
HINTS6_2022,Internet_DialUp,"B2a. When you use the Internet, do you access it through a regular dial-up telep",UndGenTest3_Counselor,"G10. If you had any genetic test, who helped you understand the results? Genetic",,,131080.0,767,0.8083125211975457,977,,,,,,,,,-1.0,,-1.0,,
HINTS6_2022,Internet_DialUp,"B2a. When you use the Internet, do you access it through a regular dial-up telep",UndGenTest3_Counselor,"G10. If you had any genetic test, who helped you understand the results? Genetic",,,17179.0,102,0.10593531279869269,977,,,,,,,,,2.0,,-1.0,,
HINTS6_2022,Internet_DialUp,"B2a. When you use the Internet, do you access it through a regular dial-up telep",UndGenTest3_Counselor,"G10. If you had any genetic test, who helped you understand the results? Genetic",,,7202.0,52,0.04441155613110104,977,,,,,,,,,-6.0,,-1.0,,
HINTS6_2022,Internet_DialUp,"B2a. When you use the Internet, do you access it through a regular dial-up telep",UndGenTest3_Counselor,"G10. If you had any genetic test, who helped you understand the results? Genetic",,,3297.0,18,0.020331144204976413,977,,,,,,,,,1.0,,-1.0,,
HINTS6_2022,Internet_DialUp,"B2a. When you use the Internet, do you access it through a regular dial-up telep",UndGenTest3_Counselor,"G10. If you had any genetic test, who helped you understand the results? Genetic",,,2965.0,19,0.01828384669934943,977,,,,,,,,,-9.0,,-1.0,,
HINTS6_2022,Internet_DialUp,"B2a. When you use the Internet, do you access it through a regular dial-up telep",UndGenTest3_Counselor,"G10. If you had any genetic test, who helped you understand the results? Genetic",,,554.0,3,0.0034162735485462337,977,,,,,,,,,-2.0,,-1.0,,
HINTS6_2022,Internet_DialUp,"B2a. When you use the Internet, do you access it through a regular dial-up telep",UndGenTest3_Counselor,"G10. If you had any genetic test, who helped you understand the results? Genetic",,,-112.0,16,-0.0006906545802115129,977,,,,,,,,,-7.0,,-1.0,,
HINTS6_2022,Internet_DialUp,"B2a. When you use the Internet, do you access it through a regular dial-up telep",UndGenTest3_Counselor,"G10. If you had any genetic test, who helped you understand the results? Genetic",,,13151.0,75,0.7333407684157698,107,,,,,,,,,-1.0,,-2.0,,
HINTS6_2022,Internet_DialUp,"B2a. When you use the Internet, do you access it through a regular dial-up telep",UndGenTest3_Counselor,"G10. If you had any genetic test, who helped you understand the results? Genetic",,,2118.0,13,0.11810628450342943,107,,,,,,,,,2.0,,-2.0,,
HINTS6_2022,Internet_DialUp,"B2a. When you use the Internet, do you access it through a regular dial-up telep",UndGenTest3_Counselor,"G10. If you had any genetic test, who helped you understand the results? Genetic",,,1308.0,11,0.07293815870183461,107,,,,,,,,,-6.0,,-2.0,,
HINTS6_2022,Internet_DialUp,"B2a. When you use the Internet, do you access it through a regular dial-up telep",UndGenTest3_Counselor,"G10. If you had any genetic test, who helped you understand the results? Genetic",,,492.0,3,0.027435454190598337,107,,,,,,,,,-2.0,,-2.0,,
HINTS6_2022,Internet_DialUp,"B2a. When you use the Internet, do you access it through a regular dial-up telep",UndGenTest3_Counselor,"G10. If you had any genetic test, who helped you understand the results? Genetic",,,486.0,3,0.027100875480956896,107,,,,,,,,,-9.0,,-2.0,,
HINTS6_2022,Internet_DialUp,"B2a. When you use the Internet, do you access it through a regular dial-up telep",UndGenTest3_Counselor,"G10. If you had any genetic test, who helped you understand the results? Genetic",,,378.0,2,0.02107845870741092,107,,,,,,,,,1.0,,-2.0,,
HINTS6_2022,Internet_DialUp,"B2a. When you use the Internet, do you access it through a regular dial-up telep",UndGenTest3_Counselor,"G10. If you had any genetic test, who helped you understand the results? Genetic",,,5751.0,38,0.6192527188543124,60,,,,,,,,,-1.0,,-9.0,,
HINTS6_2022,Internet_DialUp,"B2a. When you use the Internet, do you access it through a regular dial-up telep",UndGenTest3_Counselor,"G10. If you had any genetic test, who helped you understand the results? Genetic",,,2523.0,14,0.2716700764509529,60,,,,,,,,,2.0,,-9.0,,
HINTS6_2022,Internet_DialUp,"B2a. When you use the Internet, do you access it through a regular dial-up telep",UndGenTest3_Counselor,"G10. If you had any genetic test, who helped you understand the results? Genetic",,,527.0,3,0.05674598901690535,60,,,,,,,,,-9.0,,-9.0,,
HINTS6_2022,Internet_DialUp,"B2a. When you use the Internet, do you access it through a regular dial-up telep",UndGenTest3_Counselor,"G10. If you had any genetic test, who helped you understand the results? Genetic",,,325.0,2,0.03499515451706687,60,,,,,,,,,1.0,,-9.0,,
HINTS6_2022,Internet_DialUp,"B2a. When you use the Internet, do you access it through a regular dial-up telep",UndGenTest3_Counselor,"G10. If you had any genetic test, who helped you understand the results? Genetic",,,179.0,1,0.01927425433401529,60,,,,,,,,,-2.0,,-9.0,,
HINTS6_2022,Internet_DialUp,"B2a. When you use the Internet, do you access it through a regular dial-up telep",UndGenTest3_Counselor,"G10. If you had any genetic test, who helped you understand the results? Genetic",,,-18.0,2,-0.0019381931732529343,60,,,,,,,,,-6.0,,-9.0,,
HINTS6_2022,Internet_DialUp,"B2a. When you use the Internet, do you access it through a regular dial-up telep",UndGenTest3_Counselor,"G10. If you had any genetic test, who helped you understand the results? Genetic",,,24896.0,138,0.7925885836172042,186,,,,,,,,,-1.0,,1.0,,
HINTS6_2022,Internet_DialUp,"B2a. When you use the Internet, do you access it through a regular dial-up telep",UndGenTest3_Counselor,"G10. If you had any genetic test, who helped you understand the results? Genetic",,,3547.0,21,0.11292222469835408,186,,,,,,,,,2.0,,1.0,,
HINTS6_2022,Internet_DialUp,"B2a. When you use the Internet, do you access it through a regular dial-up telep",UndGenTest3_Counselor,"G10. If you had any genetic test, who helped you understand the results? Genetic",,,1341.0,8,0.04269205055553787,186,,,,,,,,,1.0,,1.0,,
HINTS6_2022,Internet_DialUp,"B2a. When you use the Internet, do you access it through a regular dial-up telep",UndGenTest3_Counselor,"G10. If you had any genetic test, who helped you understand the results? Genetic",,,730.0,4,0.023240266148801376,186,,,,,,,,,-9.0,,1.0,,
HINTS6_2022,Internet_DialUp,"B2a. When you use the Internet, do you access it through a regular dial-up telep",UndGenTest3_Counselor,"G10. If you had any genetic test, who helped you understand the results? Genetic",,,630.0,3,0.020056668046225846,186,,,,,,,,,-6.0,,1.0,,
HINTS6_2022,Internet_DialUp,"B2a. When you use the Internet, do you access it through a regular dial-up telep",UndGenTest3_Counselor,"G10. If you had any genetic test, who helped you understand the results? Genetic",,,337.0,2,0.01072872560567954,186,,,,,,,,,-2.0,,1.0,,
HINTS6_2022,Internet_DialUp,"B2a. When you use the Internet, do you access it through a regular dial-up telep",UndGenTest3_Counselor,"G10. If you had any genetic test, who helped you understand the results? Genetic",,,-70.0,10,-0.0022285186718028717,186,,,,,,,,,-7.0,,1.0,,
HINTS6_2022,Internet_DialUp,"B2a. When you use the Internet, do you access it through a regular dial-up telep",UndGenTest3_Counselor,"G10. If you had any genetic test, who helped you understand the results? Genetic",,,564470.0,3141,0.6612142389423759,4920,,,,,,,,,-1.0,,2.0,,
HINTS6_2022,Internet_DialUp,"B2a. When you use the Internet, do you access it through a regular dial-up telep",UndGenTest3_Counselor,"G10. If you had any genetic test, who helped you understand the results? Genetic",,,218193.0,1223,0.25558899221845943,4920,,,,,,,,,2.0,,2.0,,
HINTS6_2022,Internet_DialUp,"B2a. When you use the Internet, do you access it through a regular dial-up telep",UndGenTest3_Counselor,"G10. If you had any genetic test, who helped you understand the results? Genetic",,,32843.0,189,0.03847194580683553,4920,,,,,,,,,1.0,,2.0,,
HINTS6_2022,Internet_DialUp,"B2a. When you use the Internet, do you access it through a regular dial-up telep",UndGenTest3_Counselor,"G10. If you had any genetic test, who helped you understand the results? Genetic",,,27364.0,154,0.03205390265987417,4920,,,,,,,,,-9.0,,2.0,,
HINTS6_2022,Internet_DialUp,"B2a. When you use the Internet, do you access it through a regular dial-up telep",UndGenTest3_Counselor,"G10. If you had any genetic test, who helped you understand the results? Genetic",,,11012.0,71,0.012899341327676303,4920,,,,,,,,,-6.0,,2.0,,
HINTS6_2022,Internet_DialUp,"B2a. When you use the Internet, do you access it through a regular dial-up telep",UndGenTest3_Counselor,"G10. If you had any genetic test, who helped you understand the results? Genetic",,,764.0,5,0.0008949415886618866,4920,,,,,,,,,-2.0,,2.0,,
HINTS6_2022,Internet_DialUp,"B2a. When you use the Internet, do you access it through a regular dial-up telep",UndGenTest3_Counselor,"G10. If you had any genetic test, who helped you understand the results? Genetic",,,-959.0,137,-0.0011233625438831797,4920,,,,,,,,,-7.0,,2.0,,
HINTS6_2022,Internet_DialUp,"B2a. When you use the Internet, do you access it through a regular dial-up telep",MedConditions_Depression,H6e. Has a doctor or other health professional ever told you that you had depres,,,125031.0,748,0.7710110073073722,977,2.0,,,,,,,,,,-1.0,,
HINTS6_2022,Internet_DialUp,"B2a. When you use the Internet, do you access it through a regular dial-up telep",MedConditions_Depression,H6e. Has a doctor or other health professional ever told you that you had depres,,,35375.0,190,0.21814201584805598,977,1.0,,,,,,,,,,-1.0,,
HINTS6_2022,Internet_DialUp,"B2a. When you use the Internet, do you access it through a regular dial-up telep",MedConditions_Depression,H6e. Has a doctor or other health professional ever told you that you had depres,,,1878.0,22,0.01158079733604662,977,-9.0,,,,,,,,,,-1.0,,
HINTS6_2022,Internet_DialUp,"B2a. When you use the Internet, do you access it through a regular dial-up telep",MedConditions_Depression,H6e. Has a doctor or other health professional ever told you that you had depres,,,-119.0,17,-0.0007338204914747325,977,-7.0,,,,,,,,,,-1.0,,
HINTS6_2022,Internet_DialUp,"B2a. When you use the Internet, do you access it through a regular dial-up telep",MedConditions_Depression,H6e. Has a doctor or other health professional ever told you that you had depres,,,12666.0,74,0.7062956560530865,107,2.0,,,,,,,,,,-2.0,,
HINTS6_2022,Internet_DialUp,"B2a. When you use the Internet, do you access it through a regular dial-up telep",MedConditions_Depression,H6e. Has a doctor or other health professional ever told you that you had depres,,,4650.0,26,0.25929849997211846,107,1.0,,,,,,,,,,-2.0,,
HINTS6_2022,Internet_DialUp,"B2a. When you use the Internet, do you access it through a regular dial-up telep",MedConditions_Depression,H6e. Has a doctor or other health professional ever told you that you had depres,,,617.0,7,0.03440584397479507,107,-9.0,,,,,,,,,,-2.0,,
HINTS6_2022,Internet_DialUp,"B2a. When you use the Internet, do you access it through a regular dial-up telep",MedConditions_Depression,H6e. Has a doctor or other health professional ever told you that you had depres,,,6157.0,39,0.6629697426510176,60,2.0,,,,,,,,,,-9.0,,
HINTS6_2022,Internet_DialUp,"B2a. When you use the Internet, do you access it through a regular dial-up telep",MedConditions_Depression,H6e. Has a doctor or other health professional ever told you that you had depres,,,2817.0,16,0.3033272316140842,60,1.0,,,,,,,,,,-9.0,,
HINTS6_2022,Internet_DialUp,"B2a. When you use the Internet, do you access it through a regular dial-up telep",MedConditions_Depression,H6e. Has a doctor or other health professional ever told you that you had depres,,,313.0,5,0.033703025734898244,60,-9.0,,,,,,,,,,-9.0,,
HINTS6_2022,Internet_DialUp,"B2a. When you use the Internet, do you access it through a regular dial-up telep",MedConditions_Depression,H6e. Has a doctor or other health professional ever told you that you had depres,,,24651.0,140,0.7847887682658942,186,2.0,,,,,,,,,,1.0,,
HINTS6_2022,Internet_DialUp,"B2a. When you use the Internet, do you access it through a regular dial-up telep",MedConditions_Depression,H6e. Has a doctor or other health professional ever told you that you had depres,,,6830.0,36,0.21743975040590877,186,1.0,,,,,,,,,,1.0,,
HINTS6_2022,Internet_DialUp,"B2a. When you use the Internet, do you access it through a regular dial-up telep",MedConditions_Depression,H6e. Has a doctor or other health professional ever told you that you had depres,,,-70.0,10,-0.0022285186718028717,186,-7.0,,,,,,,,,,1.0,,
HINTS6_2022,Internet_DialUp,"B2a. When you use the Internet, do you access it through a regular dial-up telep",MedConditions_Depression,H6e. Has a doctor or other health professional ever told you that you had depres,,,608291.0,3430,0.7125456988334132,4920,2.0,,,,,,,,,,2.0,,
HINTS6_2022,Internet_DialUp,"B2a. When you use the Internet, do you access it through a regular dial-up telep",MedConditions_Depression,H6e. Has a doctor or other health professional ever told you that you had depres,,,242654.0,1310,0.2842423511193212,4920,1.0,,,,,,,,,,2.0,,
HINTS6_2022,Internet_DialUp,"B2a. When you use the Internet, do you access it through a regular dial-up telep",MedConditions_Depression,H6e. Has a doctor or other health professional ever told you that you had depres,,,3757.0,35,0.004400910403930246,4920,-9.0,,,,,,,,,,2.0,,
HINTS6_2022,Internet_DialUp,"B2a. When you use the Internet, do you access it through a regular dial-up telep",MedConditions_Depression,H6e. Has a doctor or other health professional ever told you that you had depres,,,-1015.0,145,-0.001188960356664679,4920,-7.0,,,,,,,,,,2.0,,
HINTS6_2022,Internet_HighSpeed,"B2b. When you use the Internet, do you access it through a high-speed service su",Caregiving_MentalHealth2,F3. (For the individual to whom you provide the most care) For which conditions ,,-1.0,132504.0,785,0.820834314174916,971,,,,,,,,,,,,-1.0,
HINTS6_2022,Internet_HighSpeed,"B2b. When you use the Internet, do you access it through a high-speed service su",Caregiving_MentalHealth2,F3. (For the individual to whom you provide the most care) For which conditions ,,2.0,17052.0,95,0.10563354106525591,971,,,,,,,,,,,,-1.0,
HINTS6_2022,Internet_HighSpeed,"B2b. When you use the Internet, do you access it through a high-speed service su",Caregiving_MentalHealth2,F3. (For the individual to whom you provide the most care) For which conditions ,,1.0,4940.0,26,0.030602257381091028,971,,,,,,,,,,,,-1.0,
HINTS6_2022,Internet_HighSpeed,"B2b. When you use the Internet, do you access it through a high-speed service su",Caregiving_MentalHealth2,F3. (For the individual to whom you provide the most care) For which conditions ,,-6.0,3770.0,30,0.023354354317148416,971,,,,,,,,,,,,-1.0,
HINTS6_2022,Internet_HighSpeed,"B2b. When you use the Internet, do you access it through a high-speed service su",Caregiving_MentalHealth2,F3. (For the individual to whom you provide the most care) For which conditions ,,-9.0,2655.0,17,0.016447164645100543,971,,,,,,,,,,,,-1.0,
HINTS6_2022,Internet_HighSpeed,"B2b. When you use the Internet, do you access it through a high-speed service su",Caregiving_MentalHealth2,F3. (For the individual to whom you provide the most care) For which conditions ,,-2.0,610.0,3,0.0037788212555598232,971,,,,,,,,,,,,-1.0,
HINTS6_2022,Internet_HighSpeed,"B2b. When you use the Internet, do you access it through a high-speed service su",Caregiving_MentalHealth2,F3. (For the individual to whom you provide the most care) For which conditions ,,-7.0,-105.0,15,-0.0006504528390717728,971,,,,,,,,,,,,-1.0,
HINTS6_2022,Internet_HighSpeed,"B2b. When you use the Internet, do you access it through a high-speed service su",Caregiving_MentalHealth2,F3. (For the individual to whom you provide the most care) For which conditions ,,-1.0,15450.0,89,0.8274421593830334,113,,,,,,,,,,,,-2.0,
HINTS6_2022,Internet_HighSpeed,"B2b. When you use the Internet, do you access it through a high-speed service su",Caregiving_MentalHealth2,F3. (For the individual to whom you provide the most care) For which conditions ,,2.0,2237.0,15,0.1198050556983719,113,,,,,,,,,,,,-2.0,
HINTS6_2022,Internet_HighSpeed,"B2b. When you use the Internet, do you access it through a high-speed service su",Caregiving_MentalHealth2,F3. (For the individual to whom you provide the most care) For which conditions ,,-6.0,517.0,5,0.027688517566409596,113,,,,,,,,,,,,-2.0,
HINTS6_2022,Internet_HighSpeed,"B2b. When you use the Internet, do you access it through a high-speed service su",Caregiving_MentalHealth2,F3. (For the individual to whom you provide the most care) For which conditions ,,-9.0,277.0,2,0.014835047129391602,113,,,,,,,,,,,,-2.0,
HINTS6_2022,Internet_HighSpeed,"B2b. When you use the Internet, do you access it through a high-speed service su",Caregiving_MentalHealth2,F3. (For the individual to whom you provide the most care) For which conditions ,,-2.0,200.0,1,0.010711225364181662,113,,,,,,,,,,,,-2.0,
HINTS6_2022,Internet_HighSpeed,"B2b. When you use the Internet, do you access it through a high-speed service su",Caregiving_MentalHealth2,F3. (For the individual to whom you provide the most care) For which conditions ,,1.0,-9.0,1,-0.0004820051413881748,113,,,,,,,,,,,,-2.0,
HINTS6_2022,Internet_HighSpeed,"B2b. When you use the Internet, do you access it through a high-speed service su",Caregiving_MentalHealth2,F3. (For the individual to whom you provide the most care) For which conditions ,,-1.0,6472.0,42,0.8001978239366964,52,,,,,,,,,,,,-9.0,
HINTS6_2022,Internet_HighSpeed,"B2b. When you use the Internet, do you access it through a high-speed service su",Caregiving_MentalHealth2,F3. (For the individual to whom you provide the most care) For which conditions ,,2.0,1060.0,6,0.13105835806132543,52,,,,,,,,,,,,-9.0,
HINTS6_2022,Internet_HighSpeed,"B2b. When you use the Internet, do you access it through a high-speed service su",Caregiving_MentalHealth2,F3. (For the individual to whom you provide the most care) For which conditions ,,-9.0,190.0,1,0.023491592482690407,52,,,,,,,,,,,,-9.0,
HINTS6_2022,Internet_HighSpeed,"B2b. When you use the Internet, do you access it through a high-speed service su",Caregiving_MentalHealth2,F3. (For the individual to whom you provide the most care) For which conditions ,,-6.0,186.0,2,0.022997032640949554,52,,,,,,,,,,,,-9.0,
HINTS6_2022,Internet_HighSpeed,"B2b. When you use the Internet, do you access it through a high-speed service su",Caregiving_MentalHealth2,F3. (For the individual to whom you provide the most care) For which conditions ,,1.0,180.0,1,0.02225519287833828,52,,,,,,,,,,,,-9.0,
HINTS6_2022,Internet_HighSpeed,"B2b. When you use the Internet, do you access it through a high-speed service su",Caregiving_MentalHealth2,F3. (For the individual to whom you provide the most care) For which conditions ,,-1.0,678606.0,3809,0.835818432183036,4675,,,,,,,,,,,,1.0,
HINTS6_2022,Internet_HighSpeed,"B2b. When you use the Internet, do you access it through a high-speed service su",Caregiving_MentalHealth2,F3. (For the individual to whom you provide the most care) For which conditions ,,2.0,95440.0,533,0.11755055388185331,4675,,,,,,,,,,,,1.0,
HINTS6_2022,Internet_HighSpeed,"B2b. When you use the Internet, do you access it through a high-speed service su",Caregiving_MentalHealth2,F3. (For the individual to whom you provide the most care) For which conditions ,,1.0,32862.0,178,0.0404751288942316,4675,,,,,,,,,,,,1.0,
HINTS6_2022,Internet_HighSpeed,"B2b. When you use the Internet, do you access it through a high-speed service su",Caregiving_MentalHealth2,F3. (For the individual to whom you provide the most care) For which conditions ,,-6.0,4020.0,26,0.004951312097705892,4675,,,,,,,,,,,,1.0,
HINTS6_2022,Internet_HighSpeed,"B2b. When you use the Internet, do you access it through a high-speed service su",Caregiving_MentalHealth2,F3. (For the individual to whom you provide the most care) For which conditions ,,-9.0,1092.0,6,0.001344983286242496,4675,,,,,,,,,,,,1.0,
HINTS6_2022,Internet_HighSpeed,"B2b. When you use the Internet, do you access it through a high-speed service su",Caregiving_MentalHealth2,F3. (For the individual to whom you provide the most care) For which conditions ,,-2.0,719.0,4,0.0008855704970772479,4675,,,,,,,,,,,,1.0,
HINTS6_2022,Internet_HighSpeed,"B2b. When you use the Internet, do you access it through a high-speed service su",Caregiving_MentalHealth2,F3. (For the individual to whom you provide the most care) For which conditions ,,-7.0,-833.0,119,-0.0010259808401465195,4675,,,,,,,,,,,,1.0,
HINTS6_2022,Internet_HighSpeed,"B2b. When you use the Internet, do you access it through a high-speed service su",Caregiving_MentalHealth2,F3. (For the individual to whom you provide the most care) For which conditions ,,-1.0,62762.0,354,0.8436773265583202,439,,,,,,,,,,,,2.0,
HINTS6_2022,Internet_HighSpeed,"B2b. When you use the Internet, do you access it through a high-speed service su",Caregiving_MentalHealth2,F3. (For the individual to whom you provide the most care) For which conditions ,,2.0,7065.0,42,0.09497116586683874,439,,,,,,,,,,,,2.0,
HINTS6_2022,Internet_HighSpeed,"B2b. When you use the Internet, do you access it through a high-speed service su",Caregiving_MentalHealth2,F3. (For the individual to whom you provide the most care) For which conditions ,,1.0,3111.0,18,0.04181957494858249,439,,,,,,,,,,,,2.0,
HINTS6_2022,Internet_HighSpeed,"B2b. When you use the Internet, do you access it through a high-speed service su",Caregiving_MentalHealth2,F3. (For the individual to whom you provide the most care) For which conditions ,,-9.0,835.0,5,0.01122447607909559,439,,,,,,,,,,,,2.0,
HINTS6_2022,Internet_HighSpeed,"B2b. When you use the Internet, do you access it through a high-speed service su",Caregiving_MentalHealth2,F3. (For the individual to whom you provide the most care) For which conditions ,,-6.0,520.0,3,0.006990092887580487,439,,,,,,,,,,,,2.0,
HINTS6_2022,Internet_HighSpeed,"B2b. When you use the Internet, do you access it through a high-speed service su",Caregiving_MentalHealth2,F3. (For the individual to whom you provide the most care) For which conditions ,,-2.0,210.0,1,0.002822922127676735,439,,,,,,,,,,,,2.0,
HINTS6_2022,Internet_HighSpeed,"B2b. When you use the Internet, do you access it through a high-speed service su",Caregiving_MentalHealth2,F3. (For the individual to whom you provide the most care) For which conditions ,,-7.0,-112.0,16,-0.0015055584680942586,439,,,,,,,,,,,,2.0,
HINTS6_2022,Internet_HighSpeed,"B2b. When you use the Internet, do you access it through a high-speed service su",TestSource_HCPCounselor,G2. From which of the following sources did you read or hear anything about gene,,,74956.0,441,0.46433660005203625,971,,,,,,-1.0,,,,,,-1.0,
HINTS6_2022,Internet_HighSpeed,"B2b. When you use the Internet, do you access it through a high-speed service su",TestSource_HCPCounselor,G2. From which of the following sources did you read or hear anything about gene,,,57933.0,340,0.358882707866143,971,,,,,,2.0,,,,,,-1.0,
HINTS6_2022,Internet_HighSpeed,"B2b. When you use the Internet, do you access it through a high-speed service su",TestSource_HCPCounselor,G2. From which of the following sources did you read or hear anything about gene,,,20816.0,120,0.12895072664874307,971,,,,,,1.0,,,,,,-1.0,
HINTS6_2022,Internet_HighSpeed,"B2b. When you use the Internet, do you access it through a high-speed service su",TestSource_HCPCounselor,G2. From which of the following sources did you read or hear anything about gene,,,4643.0,37,0.02876240506485944,971,,,,,,-6.0,,,,,,-1.0,
HINTS6_2022,Internet_HighSpeed,"B2b. When you use the Internet, do you access it through a high-speed service su",TestSource_HCPCounselor,G2. From which of the following sources did you read or hear anything about gene,,,2727.0,15,0.01689318944903547,971,,,,,,-9.0,,,,,,-1.0,
HINTS6_2022,Internet_HighSpeed,"B2b. When you use the Internet, do you access it through a high-speed service su",TestSource_HCPCounselor,G2. From which of the following sources did you read or hear anything about gene,,,463.0,2,0.0028681872808593413,971,,,,,,-2.0,,,,,,-1.0,
HINTS6_2022,Internet_HighSpeed,"B2b. When you use the Internet, do you access it through a high-speed service su",TestSource_HCPCounselor,G2. From which of the following sources did you read or hear anything about gene,,,-112.0,16,-0.0006938163616765577,971,,,,,,-7.0,,,,,,-1.0,
HINTS6_2022,Internet_HighSpeed,"B2b. When you use the Internet, do you access it through a high-speed service su",TestSource_HCPCounselor,G2. From which of the following sources did you read or hear anything about gene,,,9784.0,53,0.523993144815767,113,,,,,,-1.0,,,,,,-2.0,
HINTS6_2022,Internet_HighSpeed,"B2b. When you use the Internet, do you access it through a high-speed service su",TestSource_HCPCounselor,G2. From which of the following sources did you read or hear anything about gene,,,4447.0,28,0.23816409597257926,113,,,,,,2.0,,,,,,-2.0,
HINTS6_2022,Internet_HighSpeed,"B2b. When you use the Internet, do you access it through a high-speed service su",TestSource_HCPCounselor,G2. From which of the following sources did you read or hear anything about gene,,,2228.0,15,0.11932305055698372,113,,,,,,1.0,,,,,,-2.0,
HINTS6_2022,Internet_HighSpeed,"B2b. When you use the Internet, do you access it through a high-speed service su",TestSource_HCPCounselor,G2. From which of the following sources did you read or hear anything about gene,,,940.0,6,0.05034275921165381,113,,,,,,-9.0,,,,,,-2.0,
HINTS6_2022,Internet_HighSpeed,"B2b. When you use the Internet, do you access it through a high-speed service su",TestSource_HCPCounselor,G2. From which of the following sources did you read or hear anything about gene,,,936.0,9,0.05012853470437018,113,,,,,,-6.0,,,,,,-2.0,
HINTS6_2022,Internet_HighSpeed,"B2b. When you use the Internet, do you access it through a high-speed service su",TestSource_HCPCounselor,G2. From which of the following sources did you read or hear anything about gene,,,337.0,2,0.0180484147386461,113,,,,,,-2.0,,,,,,-2.0,
HINTS6_2022,Internet_HighSpeed,"B2b. When you use the Internet, do you access it through a high-speed service su",TestSource_HCPCounselor,G2. From which of the following sources did you read or hear anything about gene,,,3304.0,22,0.4085064292779426,52,,,,,,2.0,,,,,,-9.0,
HINTS6_2022,Internet_HighSpeed,"B2b. When you use the Internet, do you access it through a high-speed service su",TestSource_HCPCounselor,G2. From which of the following sources did you read or hear anything about gene,,,2942.0,17,0.36374876360039565,52,,,,,,-1.0,,,,,,-9.0,
HINTS6_2022,Internet_HighSpeed,"B2b. When you use the Internet, do you access it through a high-speed service su",TestSource_HCPCounselor,G2. From which of the following sources did you read or hear anything about gene,,,1860.0,11,0.22997032640949555,52,,,,,,1.0,,,,,,-9.0,
HINTS6_2022,Internet_HighSpeed,"B2b. When you use the Internet, do you access it through a high-speed service su",TestSource_HCPCounselor,G2. From which of the following sources did you read or hear anything about gene,,,-9.0,1,-0.001112759643916914,52,,,,,,-6.0,,,,,,-9.0,
HINTS6_2022,Internet_HighSpeed,"B2b. When you use the Internet, do you access it through a high-speed service su",TestSource_HCPCounselor,G2. From which of the following sources did you read or hear anything about gene,,,-9.0,1,-0.001112759643916914,52,,,,,,-9.0,,,,,,-9.0,
HINTS6_2022,Internet_HighSpeed,"B2b. When you use the Internet, do you access it through a high-speed service su",TestSource_HCPCounselor,G2. From which of the following sources did you read or hear anything about gene,,,461203.0,2574,0.5680497496015549,4675,,,,,,2.0,,,,,,1.0,
HINTS6_2022,Internet_HighSpeed,"B2b. When you use the Internet, do you access it through a high-speed service su",TestSource_HCPCounselor,G2. From which of the following sources did you read or hear anything about gene,,,226824.0,1289,0.27937224259951277,4675,,,,,,1.0,,,,,,1.0,
HINTS6_2022,Internet_HighSpeed,"B2b. When you use the Internet, do you access it through a high-speed service su",TestSource_HCPCounselor,G2. From which of the following sources did you read or hear anything about gene,,,112962.0,617,0.13913186994553556,4675,,,,,,-1.0,,,,,,1.0,
HINTS6_2022,Internet_HighSpeed,"B2b. When you use the Internet, do you access it through a high-speed service su",TestSource_HCPCounselor,G2. From which of the following sources did you read or hear anything about gene,,,7604.0,48,0.009365616216655622,4675,,,,,,-6.0,,,,,,1.0,
HINTS6_2022,Internet_HighSpeed,"B2b. When you use the Internet, do you access it through a high-speed service su",TestSource_HCPCounselor,G2. From which of the following sources did you read or hear anything about gene,,,3155.0,19,0.003885917827925893,4675,,,,,,-9.0,,,,,,1.0,
HINTS6_2022,Internet_HighSpeed,"B2b. When you use the Internet, do you access it through a high-speed service su",TestSource_HCPCounselor,G2. From which of the following sources did you read or hear anything about gene,,,1019.0,5,0.0012550713998911204,4675,,,,,,-2.0,,,,,,1.0,
HINTS6_2022,Internet_HighSpeed,"B2b. When you use the Internet, do you access it through a high-speed service su",TestSource_HCPCounselor,G2. From which of the following sources did you read or hear anything about gene,,,-861.0,123,-0.0010604675910758142,4675,,,,,,-7.0,,,,,,1.0,
HINTS6_2022,Internet_HighSpeed,"B2b. When you use the Internet, do you access it through a high-speed service su",TestSource_HCPCounselor,G2. From which of the following sources did you read or hear anything about gene,,,40260.0,227,0.541194499334597,439,,,,,,2.0,,,,,,2.0,
HINTS6_2022,Internet_HighSpeed,"B2b. When you use the Internet, do you access it through a high-speed service su",TestSource_HCPCounselor,G2. From which of the following sources did you read or hear anything about gene,,,19023.0,108,0.2557164173085454,439,,,,,,-1.0,,,,,,2.0,
HINTS6_2022,Internet_HighSpeed,"B2b. When you use the Internet, do you access it through a high-speed service su",TestSource_HCPCounselor,G2. From which of the following sources did you read or hear anything about gene,,,13515.0,78,0.18167520264548132,439,,,,,,1.0,,,,,,2.0,
HINTS6_2022,Internet_HighSpeed,"B2b. When you use the Internet, do you access it through a high-speed service su",TestSource_HCPCounselor,G2. From which of the following sources did you read or hear anything about gene,,,973.0,6,0.013079539191568873,439,,,,,,-9.0,,,,,,2.0,
HINTS6_2022,Internet_HighSpeed,"B2b. When you use the Internet, do you access it through a high-speed service su",TestSource_HCPCounselor,G2. From which of the following sources did you read or hear anything about gene,,,732.0,4,0.009839899987901763,439,,,,,,-6.0,,,,,,2.0,
HINTS6_2022,Internet_HighSpeed,"B2b. When you use the Internet, do you access it through a high-speed service su",TestSource_HCPCounselor,G2. From which of the following sources did you read or hear anything about gene,,,-112.0,16,-0.0015055584680942586,439,,,,,,-7.0,,,,,,2.0,
HINTS6_2022,Internet_HighSpeed,"B2b. When you use the Internet, do you access it through a high-speed service su",RiskTest_Counselor,G4. If you had a genetic test for disease risk (including prenatal carrier testi,,,130386.0,763,0.8077137511924969,971,,,,,,,-1.0,,,,,-1.0,
HINTS6_2022,Internet_HighSpeed,"B2b. When you use the Internet, do you access it through a high-speed service su",RiskTest_Counselor,G4. If you had a genetic test for disease risk (including prenatal carrier testi,,,19865.0,119,0.12305948236343588,971,,,,,,,2.0,,,,,-1.0,
HINTS6_2022,Internet_HighSpeed,"B2b. When you use the Internet, do you access it through a high-speed service su",RiskTest_Counselor,G4. If you had a genetic test for disease risk (including prenatal carrier testi,,,6251.0,45,0.03872362568607288,971,,,,,,,-6.0,,,,,-1.0,
HINTS6_2022,Internet_HighSpeed,"B2b. When you use the Internet, do you access it through a high-speed service su",RiskTest_Counselor,G4. If you had a genetic test for disease risk (including prenatal carrier testi,,,2528.0,15,0.015660426449270872,971,,,,,,,-9.0,,,,,-1.0,
HINTS6_2022,Internet_HighSpeed,"B2b. When you use the Internet, do you access it through a high-speed service su",RiskTest_Counselor,G4. If you had a genetic test for disease risk (including prenatal carrier testi,,,2346.0,12,0.014532974861546467,971,,,,,,,1.0,,,,,-1.0,
HINTS6_2022,Internet_HighSpeed,"B2b. When you use the Internet, do you access it through a high-speed service su",RiskTest_Counselor,G4. If you had a genetic test for disease risk (including prenatal carrier testi,,,162.0,1,0.0010035558088535923,971,,,,,,,-2.0,,,,,-1.0,
HINTS6_2022,Internet_HighSpeed,"B2b. When you use the Internet, do you access it through a high-speed service su",RiskTest_Counselor,G4. If you had a genetic test for disease risk (including prenatal carrier testi,,,-112.0,16,-0.0006938163616765577,971,,,,,,,-7.0,,,,,-1.0,
HINTS6_2022,Internet_HighSpeed,"B2b. When you use the Internet, do you access it through a high-speed service su",RiskTest_Counselor,G4. If you had a genetic test for disease risk (including prenatal carrier testi,,,14452.0,82,0.773993144815767,113,,,,,,,-1.0,,,,,-2.0,
HINTS6_2022,Internet_HighSpeed,"B2b. When you use the Internet, do you access it through a high-speed service su",RiskTest_Counselor,G4. If you had a genetic test for disease risk (including prenatal carrier testi,,,2299.0,15,0.1231255355612682,113,,,,,,,2.0,,,,,-2.0,
HINTS6_2022,Internet_HighSpeed,"B2b. When you use the Internet, do you access it through a high-speed service su",RiskTest_Counselor,G4. If you had a genetic test for disease risk (including prenatal carrier testi,,,1480.0,13,0.0792630676949443,113,,,,,,,-6.0,,,,,-2.0,
HINTS6_2022,Internet_HighSpeed,"B2b. When you use the Internet, do you access it through a high-speed service su",RiskTest_Counselor,G4. If you had a genetic test for disease risk (including prenatal carrier testi,,,277.0,2,0.014835047129391602,113,,,,,,,-2.0,,,,,-2.0,
HINTS6_2022,Internet_HighSpeed,"B2b. When you use the Internet, do you access it through a high-speed service su",RiskTest_Counselor,G4. If you had a genetic test for disease risk (including prenatal carrier testi,,,164.0,1,0.008783204798628963,113,,,,,,,1.0,,,,,-2.0,
HINTS6_2022,Internet_HighSpeed,"B2b. When you use the Internet, do you access it through a high-speed service su",RiskTest_Counselor,G4. If you had a genetic test for disease risk (including prenatal carrier testi,,,5927.0,38,0.7328140454995055,52,,,,,,,-1.0,,,,,-9.0,
HINTS6_2022,Internet_HighSpeed,"B2b. When you use the Internet, do you access it through a high-speed service su",RiskTest_Counselor,G4. If you had a genetic test for disease risk (including prenatal carrier testi,,,1502.0,9,0.1857072205736894,52,,,,,,,2.0,,,,,-9.0,
HINTS6_2022,Internet_HighSpeed,"B2b. When you use the Internet, do you access it through a high-speed service su",RiskTest_Counselor,G4. If you had a genetic test for disease risk (including prenatal carrier testi,,,510.0,2,0.06305637982195846,52,,,,,,,-9.0,,,,,-9.0,
HINTS6_2022,Internet_HighSpeed,"B2b. When you use the Internet, do you access it through a high-speed service su",RiskTest_Counselor,G4. If you had a genetic test for disease risk (including prenatal carrier testi,,,167.0,1,0.020647873392680514,52,,,,,,,1.0,,,,,-9.0,
HINTS6_2022,Internet_HighSpeed,"B2b. When you use the Internet, do you access it through a high-speed service su",RiskTest_Counselor,G4. If you had a genetic test for disease risk (including prenatal carrier testi,,,-18.0,2,-0.002225519287833828,52,,,,,,,-6.0,,,,,-9.0,
HINTS6_2022,Internet_HighSpeed,"B2b. When you use the Internet, do you access it through a high-speed service su",RiskTest_Counselor,G4. If you had a genetic test for disease risk (including prenatal carrier testi,,,536293.0,2978,0.6605358255758672,4675,,,,,,,-1.0,,,,,1.0,
HINTS6_2022,Internet_HighSpeed,"B2b. When you use the Internet, do you access it through a high-speed service su",RiskTest_Counselor,G4. If you had a genetic test for disease risk (including prenatal carrier testi,,,233151.0,1313,0.28716501663985733,4675,,,,,,,2.0,,,,,1.0,
HINTS6_2022,Internet_HighSpeed,"B2b. When you use the Internet, do you access it through a high-speed service su",RiskTest_Counselor,G4. If you had a genetic test for disease risk (including prenatal carrier testi,,,21695.0,127,0.026721073621823216,4675,,,,,,,1.0,,,,,1.0,
HINTS6_2022,Internet_HighSpeed,"B2b. When you use the Internet, do you access it through a high-speed service su",RiskTest_Counselor,G4. If you had a genetic test for disease risk (including prenatal carrier testi,,,11121.0,63,0.013697398467310256,4675,,,,,,,-9.0,,,,,1.0,
HINTS6_2022,Internet_HighSpeed,"B2b. When you use the Internet, do you access it through a high-speed service su",RiskTest_Counselor,G4. If you had a genetic test for disease risk (including prenatal carrier testi,,,10372.0,67,0.01277487787995162,4675,,,,,,,-6.0,,,,,1.0,
HINTS6_2022,Internet_HighSpeed,"B2b. When you use the Internet, do you access it through a high-speed service su",RiskTest_Counselor,G4. If you had a genetic test for disease risk (including prenatal carrier testi,,,156.0,1,0.00019214046946321373,4675,,,,,,,-2.0,,,,,1.0,
HINTS6_2022,Internet_HighSpeed,"B2b. When you use the Internet, do you access it through a high-speed service su",RiskTest_Counselor,G4. If you had a genetic test for disease risk (including prenatal carrier testi,,,-882.0,126,-0.0010863326542727852,4675,,,,,,,-7.0,,,,,1.0,
HINTS6_2022,Internet_HighSpeed,"B2b. When you use the Internet, do you access it through a high-speed service su",RiskTest_Counselor,G4. If you had a genetic test for disease risk (including prenatal carrier testi,,,54021.0,308,0.7261765536153567,439,,,,,,,-1.0,,,,,2.0,
HINTS6_2022,Internet_HighSpeed,"B2b. When you use the Internet, do you access it through a high-speed service su",RiskTest_Counselor,G4. If you had a genetic test for disease risk (including prenatal carrier testi,,,15710.0,89,0.21118146012286432,439,,,,,,,2.0,,,,,2.0,
HINTS6_2022,Internet_HighSpeed,"B2b. When you use the Internet, do you access it through a high-speed service su",RiskTest_Counselor,G4. If you had a genetic test for disease risk (including prenatal carrier testi,,,1966.0,11,0.026427928109583148,439,,,,,,,1.0,,,,,2.0,
HINTS6_2022,Internet_HighSpeed,"B2b. When you use the Internet, do you access it through a high-speed service su",RiskTest_Counselor,G4. If you had a genetic test for disease risk (including prenatal carrier testi,,,1681.0,9,0.022596819507736152,439,,,,,,,-9.0,,,,,2.0,
HINTS6_2022,Internet_HighSpeed,"B2b. When you use the Internet, do you access it through a high-speed service su",RiskTest_Counselor,G4. If you had a genetic test for disease risk (including prenatal carrier testi,,,1125.0,6,0.015122797112553939,439,,,,,,,-6.0,,,,,2.0,
HINTS6_2022,Internet_HighSpeed,"B2b. When you use the Internet, do you access it through a high-speed service su",RiskTest_Counselor,G4. If you had a genetic test for disease risk (including prenatal carrier testi,,,-112.0,16,-0.0015055584680942586,439,,,,,,,-7.0,,,,,2.0,
HINTS6_2022,Internet_HighSpeed,"B2b. When you use the Internet, do you access it through a high-speed service su",SharedRes4_Counselor,"G7. If you had any genetic test, who did you share the results with? Genetic cou",,,130226.0,762,0.8067225849615304,971,,,,,,,,-1.0,,,,-1.0,
HINTS6_2022,Internet_HighSpeed,"B2b. When you use the Internet, do you access it through a high-speed service su",SharedRes4_Counselor,"G7. If you had any genetic test, who did you share the results with? Genetic cou",,,19913.0,119,0.12335683223272582,971,,,,,,,,2.0,,,,-1.0,
HINTS6_2022,Internet_HighSpeed,"B2b. When you use the Internet, do you access it through a high-speed service su",SharedRes4_Counselor,"G7. If you had any genetic test, who did you share the results with? Genetic cou",,,6651.0,48,0.041201541263489155,971,,,,,,,,-6.0,,,,-1.0,
HINTS6_2022,Internet_HighSpeed,"B2b. When you use the Internet, do you access it through a high-speed service su",SharedRes4_Counselor,"G7. If you had any genetic test, who did you share the results with? Genetic cou",,,2490.0,15,0.015425024469416328,971,,,,,,,,-9.0,,,,-1.0,
HINTS6_2022,Internet_HighSpeed,"B2b. When you use the Internet, do you access it through a high-speed service su",SharedRes4_Counselor,"G7. If you had any genetic test, who did you share the results with? Genetic cou",,,1936.0,9,0.011993111394694783,971,,,,,,,,1.0,,,,-1.0,
HINTS6_2022,Internet_HighSpeed,"B2b. When you use the Internet, do you access it through a high-speed service su",SharedRes4_Counselor,"G7. If you had any genetic test, who did you share the results with? Genetic cou",,,322.0,2,0.0019947220398201034,971,,,,,,,,-2.0,,,,-1.0,
HINTS6_2022,Internet_HighSpeed,"B2b. When you use the Internet, do you access it through a high-speed service su",SharedRes4_Counselor,"G7. If you had any genetic test, who did you share the results with? Genetic cou",,,-112.0,16,-0.0006938163616765577,971,,,,,,,,-7.0,,,,-1.0,
HINTS6_2022,Internet_HighSpeed,"B2b. When you use the Internet, do you access it through a high-speed service su",SharedRes4_Counselor,"G7. If you had any genetic test, who did you share the results with? Genetic cou",,,14607.0,83,0.7822943444730077,113,,,,,,,,-1.0,,,,-2.0,
HINTS6_2022,Internet_HighSpeed,"B2b. When you use the Internet, do you access it through a high-speed service su",SharedRes4_Counselor,"G7. If you had any genetic test, who did you share the results with? Genetic cou",,,2472.0,15,0.13239074550128535,113,,,,,,,,2.0,,,,-2.0,
HINTS6_2022,Internet_HighSpeed,"B2b. When you use the Internet, do you access it through a high-speed service su",SharedRes4_Counselor,"G7. If you had any genetic test, who did you share the results with? Genetic cou",,,1480.0,13,0.0792630676949443,113,,,,,,,,-6.0,,,,-2.0,
HINTS6_2022,Internet_HighSpeed,"B2b. When you use the Internet, do you access it through a high-speed service su",SharedRes4_Counselor,"G7. If you had any genetic test, who did you share the results with? Genetic cou",,,122.0,1,0.006533847472150814,113,,,,,,,,-2.0,,,,-2.0,
HINTS6_2022,Internet_HighSpeed,"B2b. When you use the Internet, do you access it through a high-speed service su",SharedRes4_Counselor,"G7. If you had any genetic test, who did you share the results with? Genetic cou",,,-9.0,1,-0.0004820051413881748,113,,,,,,,,-9.0,,,,-2.0,
HINTS6_2022,Internet_HighSpeed,"B2b. When you use the Internet, do you access it through a high-speed service su",SharedRes4_Counselor,"G7. If you had any genetic test, who did you share the results with? Genetic cou",,,5927.0,38,0.7328140454995055,52,,,,,,,,-1.0,,,,-9.0,
HINTS6_2022,Internet_HighSpeed,"B2b. When you use the Internet, do you access it through a high-speed service su",SharedRes4_Counselor,"G7. If you had any genetic test, who did you share the results with? Genetic cou",,,1452.0,8,0.1795252225519288,52,,,,,,,,2.0,,,,-9.0,
HINTS6_2022,Internet_HighSpeed,"B2b. When you use the Internet, do you access it through a high-speed service su",SharedRes4_Counselor,"G7. If you had any genetic test, who did you share the results with? Genetic cou",,,727.0,4,0.08988625123639961,52,,,,,,,,-9.0,,,,-9.0,
HINTS6_2022,Internet_HighSpeed,"B2b. When you use the Internet, do you access it through a high-speed service su",SharedRes4_Counselor,"G7. If you had any genetic test, who did you share the results with? Genetic cou",,,-18.0,2,-0.002225519287833828,52,,,,,,,,-6.0,,,,-9.0,
HINTS6_2022,Internet_HighSpeed,"B2b. When you use the Internet, do you access it through a high-speed service su",SharedRes4_Counselor,"G7. If you had any genetic test, who did you share the results with? Genetic cou",,,536180.0,2977,0.6603966469024739,4675,,,,,,,,-1.0,,,,1.0,
HINTS6_2022,Internet_HighSpeed,"B2b. When you use the Internet, do you access it through a high-speed service su",SharedRes4_Counselor,"G7. If you had any genetic test, who did you share the results with? Genetic cou",,,217709.0,1229,0.26814557350235124,4675,,,,,,,,2.0,,,,1.0,
HINTS6_2022,Internet_HighSpeed,"B2b. When you use the Internet, do you access it through a high-speed service su",SharedRes4_Counselor,"G7. If you had any genetic test, who did you share the results with? Genetic cou",,,24713.0,139,0.030438252704130773,4675,,,,,,,,-9.0,,,,1.0,
HINTS6_2022,Internet_HighSpeed,"B2b. When you use the Internet, do you access it through a high-speed service su",SharedRes4_Counselor,"G7. If you had any genetic test, who did you share the results with? Genetic cou",,,23227.0,132,0.02860799156552606,4675,,,,,,,,1.0,,,,1.0,
HINTS6_2022,Internet_HighSpeed,"B2b. When you use the Internet, do you access it through a high-speed service su",SharedRes4_Counselor,"G7. If you had any genetic test, who did you share the results with? Genetic cou",,,10697.0,69,0.013175170524666649,4675,,,,,,,,-6.0,,,,1.0,
HINTS6_2022,Internet_HighSpeed,"B2b. When you use the Internet, do you access it through a high-speed service su",SharedRes4_Counselor,"G7. If you had any genetic test, who did you share the results with? Genetic cou",,,269.0,2,0.00033131914285643903,4675,,,,,,,,-2.0,,,,1.0,
HINTS6_2022,Internet_HighSpeed,"B2b. When you use the Internet, do you access it through a high-speed service su",SharedRes4_Counselor,"G7. If you had any genetic test, who did you share the results with? Genetic cou",,,-889.0,127,-0.0010949543420051089,4675,,,,,,,,-7.0,,,,1.0,
HINTS6_2022,Internet_HighSpeed,"B2b. When you use the Internet, do you access it through a high-speed service su",SharedRes4_Counselor,"G7. If you had any genetic test, who did you share the results with? Genetic cou",,,53896.0,307,0.724496242825073,439,,,,,,,,-1.0,,,,2.0,
HINTS6_2022,Internet_HighSpeed,"B2b. When you use the Internet, do you access it through a high-speed service su",SharedRes4_Counselor,"G7. If you had any genetic test, who did you share the results with? Genetic cou",,,15248.0,85,0.2049710314419755,439,,,,,,,,2.0,,,,2.0,
HINTS6_2022,Internet_HighSpeed,"B2b. When you use the Internet, do you access it through a high-speed service su",SharedRes4_Counselor,"G7. If you had any genetic test, who did you share the results with? Genetic cou",,,2991.0,16,0.04020647658991007,439,,,,,,,,-9.0,,,,2.0,
HINTS6_2022,Internet_HighSpeed,"B2b. When you use the Internet, do you access it through a high-speed service su",SharedRes4_Counselor,"G7. If you had any genetic test, who did you share the results with? Genetic cou",,,1329.0,7,0.017865064322297054,439,,,,,,,,-6.0,,,,2.0,
HINTS6_2022,Internet_HighSpeed,"B2b. When you use the Internet, do you access it through a high-speed service su",SharedRes4_Counselor,"G7. If you had any genetic test, who did you share the results with? Genetic cou",,,921.0,6,0.012380529902810824,439,,,,,,,,1.0,,,,2.0,
HINTS6_2022,Internet_HighSpeed,"B2b. When you use the Internet, do you access it through a high-speed service su",SharedRes4_Counselor,"G7. If you had any genetic test, who did you share the results with? Genetic cou",,,125.0,1,0.001680310790283771,439,,,,,,,,-2.0,,,,2.0,
HINTS6_2022,Internet_HighSpeed,"B2b. When you use the Internet, do you access it through a high-speed service su",SharedRes4_Counselor,"G7. If you had any genetic test, who did you share the results with? Genetic cou",,,-119.0,17,-0.00159965587235015,439,,,,,,,,-7.0,,,,2.0,
HINTS6_2022,Internet_HighSpeed,"B2b. When you use the Internet, do you access it through a high-speed service su",UndGenTest3_Counselor,"G10. If you had any genetic test, who helped you understand the results? Genetic",,,129994.0,761,0.8052853939266289,971,,,,,,,,,-1.0,,,-1.0,
HINTS6_2022,Internet_HighSpeed,"B2b. When you use the Internet, do you access it through a high-speed service su",UndGenTest3_Counselor,"G10. If you had any genetic test, who helped you understand the results? Genetic",,,17601.0,104,0.10903448019525974,971,,,,,,,,,2.0,,,-1.0,
HINTS6_2022,Internet_HighSpeed,"B2b. When you use the Internet, do you access it through a high-speed service su",UndGenTest3_Counselor,"G10. If you had any genetic test, who helped you understand the results? Genetic",,,6832.0,49,0.04232279806227002,971,,,,,,,,,-6.0,,,-1.0,
HINTS6_2022,Internet_HighSpeed,"B2b. When you use the Internet, do you access it through a high-speed service su",UndGenTest3_Counselor,"G10. If you had any genetic test, who helped you understand the results? Genetic",,,3297.0,18,0.020424219146853665,971,,,,,,,,,1.0,,,-1.0,
HINTS6_2022,Internet_HighSpeed,"B2b. When you use the Internet, do you access it through a high-speed service su",UndGenTest3_Counselor,"G10. If you had any genetic test, who helped you understand the results? Genetic",,,3260.0,20,0.02019501195594266,971,,,,,,,,,-9.0,,,-1.0,
HINTS6_2022,Internet_HighSpeed,"B2b. When you use the Internet, do you access it through a high-speed service su",UndGenTest3_Counselor,"G10. If you had any genetic test, who helped you understand the results? Genetic",,,554.0,3,0.003431913074721544,971,,,,,,,,,-2.0,,,-1.0,
HINTS6_2022,Internet_HighSpeed,"B2b. When you use the Internet, do you access it through a high-speed service su",UndGenTest3_Counselor,"G10. If you had any genetic test, who helped you understand the results? Genetic",,,-112.0,16,-0.0006938163616765577,971,,,,,,,,,-7.0,,,-1.0,
HINTS6_2022,Internet_HighSpeed,"B2b. When you use the Internet, do you access it through a high-speed service su",UndGenTest3_Counselor,"G10. If you had any genetic test, who helped you understand the results? Genetic",,,14237.0,81,0.7624785775492716,113,,,,,,,,,-1.0,,,-2.0,
HINTS6_2022,Internet_HighSpeed,"B2b. When you use the Internet, do you access it through a high-speed service su",UndGenTest3_Counselor,"G10. If you had any genetic test, who helped you understand the results? Genetic",,,1696.0,11,0.0908311910882605,113,,,,,,,,,2.0,,,-2.0,
HINTS6_2022,Internet_HighSpeed,"B2b. When you use the Internet, do you access it through a high-speed service su",UndGenTest3_Counselor,"G10. If you had any genetic test, who helped you understand the results? Genetic",,,1678.0,14,0.08986718080548414,113,,,,,,,,,-6.0,,,-2.0,
HINTS6_2022,Internet_HighSpeed,"B2b. When you use the Internet, do you access it through a high-speed service su",UndGenTest3_Counselor,"G10. If you had any genetic test, who helped you understand the results? Genetic",,,492.0,3,0.02634961439588689,113,,,,,,,,,-2.0,,,-2.0,
HINTS6_2022,Internet_HighSpeed,"B2b. When you use the Internet, do you access it through a high-speed service su",UndGenTest3_Counselor,"G10. If you had any genetic test, who helped you understand the results? Genetic",,,378.0,2,0.02024421593830334,113,,,,,,,,,1.0,,,-2.0,
HINTS6_2022,Internet_HighSpeed,"B2b. When you use the Internet, do you access it through a high-speed service su",UndGenTest3_Counselor,"G10. If you had any genetic test, who helped you understand the results? Genetic",,,191.0,2,0.010229220222793487,113,,,,,,,,,-9.0,,,-2.0,
HINTS6_2022,Internet_HighSpeed,"B2b. When you use the Internet, do you access it through a high-speed service su",UndGenTest3_Counselor,"G10. If you had any genetic test, who helped you understand the results? Genetic",,,5748.0,37,0.7106824925816023,52,,,,,,,,,-1.0,,,-9.0,
HINTS6_2022,Internet_HighSpeed,"B2b. When you use the Internet, do you access it through a high-speed service su",UndGenTest3_Counselor,"G10. If you had any genetic test, who helped you understand the results? Genetic",,,1327.0,7,0.1640702274975272,52,,,,,,,,,2.0,,,-9.0,
HINTS6_2022,Internet_HighSpeed,"B2b. When you use the Internet, do you access it through a high-speed service su",UndGenTest3_Counselor,"G10. If you had any genetic test, who helped you understand the results? Genetic",,,527.0,3,0.06515825914935708,52,,,,,,,,,-9.0,,,-9.0,
HINTS6_2022,Internet_HighSpeed,"B2b. When you use the Internet, do you access it through a high-speed service su",UndGenTest3_Counselor,"G10. If you had any genetic test, who helped you understand the results? Genetic",,,325.0,2,0.04018298714144412,52,,,,,,,,,1.0,,,-9.0,
HINTS6_2022,Internet_HighSpeed,"B2b. When you use the Internet, do you access it through a high-speed service su",UndGenTest3_Counselor,"G10. If you had any genetic test, who helped you understand the results? Genetic",,,179.0,1,0.022131552917903065,52,,,,,,,,,-2.0,,,-9.0,
HINTS6_2022,Internet_HighSpeed,"B2b. When you use the Internet, do you access it through a high-speed service su",UndGenTest3_Counselor,"G10. If you had any genetic test, who helped you understand the results? Genetic",,,-18.0,2,-0.002225519287833828,52,,,,,,,,,-6.0,,,-9.0,
HINTS6_2022,Internet_HighSpeed,"B2b. When you use the Internet, do you access it through a high-speed service su",UndGenTest3_Counselor,"G10. If you had any genetic test, who helped you understand the results? Genetic",,,535602.0,2974,0.6596847418297193,4675,,,,,,,,,-1.0,,,1.0,
HINTS6_2022,Internet_HighSpeed,"B2b. When you use the Internet, do you access it through a high-speed service su",UndGenTest3_Counselor,"G10. If you had any genetic test, who helped you understand the results? Genetic",,,208983.0,1173,0.25739802390917177,4675,,,,,,,,,2.0,,,1.0,
HINTS6_2022,Internet_HighSpeed,"B2b. When you use the Internet, do you access it through a high-speed service su",UndGenTest3_Counselor,"G10. If you had any genetic test, who helped you understand the results? Genetic",,,31752.0,183,0.03910797555382027,4675,,,,,,,,,1.0,,,1.0,
HINTS6_2022,Internet_HighSpeed,"B2b. When you use the Internet, do you access it through a high-speed service su",UndGenTest3_Counselor,"G10. If you had any genetic test, who helped you understand the results? Genetic",,,25122.0,142,0.030942005601633685,4675,,,,,,,,,-9.0,,,1.0,
HINTS6_2022,Internet_HighSpeed,"B2b. When you use the Internet, do you access it through a high-speed service su",UndGenTest3_Counselor,"G10. If you had any genetic test, who helped you understand the results? Genetic",,,10510.0,68,0.012944848295246001,4675,,,,,,,,,-6.0,,,1.0,
HINTS6_2022,Internet_HighSpeed,"B2b. When you use the Internet, do you access it through a high-speed service su",UndGenTest3_Counselor,"G10. If you had any genetic test, who helped you understand the results? Genetic",,,847.0,5,0.0010432242156111669,4675,,,,,,,,,-2.0,,,1.0,
HINTS6_2022,Internet_HighSpeed,"B2b. When you use the Internet, do you access it through a high-speed service su",UndGenTest3_Counselor,"G10. If you had any genetic test, who helped you understand the results? Genetic",,,-910.0,130,-0.0011208194052020801,4675,,,,,,,,,-7.0,,,1.0,
HINTS6_2022,Internet_HighSpeed,"B2b. When you use the Internet, do you access it through a high-speed service su",UndGenTest3_Counselor,"G10. If you had any genetic test, who helped you understand the results? Genetic",,,53767.0,306,0.7227621620895001,439,,,,,,,,,-1.0,,,2.0,
HINTS6_2022,Internet_HighSpeed,"B2b. When you use the Internet, do you access it through a high-speed service su",UndGenTest3_Counselor,"G10. If you had any genetic test, who helped you understand the results? Genetic",,,13953.0,78,0.18756301165463565,439,,,,,,,,,2.0,,,2.0,
HINTS6_2022,Internet_HighSpeed,"B2b. When you use the Internet, do you access it through a high-speed service su",UndGenTest3_Counselor,"G10. If you had any genetic test, who helped you understand the results? Genetic",,,2972.0,16,0.039951069349786934,439,,,,,,,,,-9.0,,,2.0,
HINTS6_2022,Internet_HighSpeed,"B2b. When you use the Internet, do you access it through a high-speed service su",UndGenTest3_Counselor,"G10. If you had any genetic test, who helped you understand the results? Genetic",,,2432.0,14,0.032692126735761044,439,,,,,,,,,1.0,,,2.0,
HINTS6_2022,Internet_HighSpeed,"B2b. When you use the Internet, do you access it through a high-speed service su",UndGenTest3_Counselor,"G10. If you had any genetic test, who helped you understand the results? Genetic",,,1132.0,6,0.01521689451680983,439,,,,,,,,,-6.0,,,2.0,
HINTS6_2022,Internet_HighSpeed,"B2b. When you use the Internet, do you access it through a high-speed service su",UndGenTest3_Counselor,"G10. If you had any genetic test, who helped you understand the results? Genetic",,,254.0,2,0.0034143915258566223,439,,,,,,,,,-2.0,,,2.0,
HINTS6_2022,Internet_HighSpeed,"B2b. When you use the Internet, do you access it through a high-speed service su",UndGenTest3_Counselor,"G10. If you had any genetic test, who helped you understand the results? Genetic",,,-119.0,17,-0.00159965587235015,439,,,,,,,,,-7.0,,,2.0,
HINTS6_2022,Internet_HighSpeed,"B2b. When you use the Internet, do you access it through a high-speed service su",MedConditions_Depression,H6e. Has a doctor or other health professional ever told you that you had depres,,,124837.0,746,0.7733388673447895,971,2.0,,,,,,,,,,,-1.0,
HINTS6_2022,Internet_HighSpeed,"B2b. When you use the Internet, do you access it through a high-speed service su",MedConditions_Depression,H6e. Has a doctor or other health professional ever told you that you had depres,,,34950.0,187,0.21650787357674725,971,1.0,,,,,,,,,,,-1.0,
HINTS6_2022,Internet_HighSpeed,"B2b. When you use the Internet, do you access it through a high-speed service su",MedConditions_Depression,H6e. Has a doctor or other health professional ever told you that you had depres,,,1758.0,21,0.01089043896274454,971,-9.0,,,,,,,,,,,-1.0,
HINTS6_2022,Internet_HighSpeed,"B2b. When you use the Internet, do you access it through a high-speed service su",MedConditions_Depression,H6e. Has a doctor or other health professional ever told you that you had depres,,,-119.0,17,-0.0007371798842813425,971,-7.0,,,,,,,,,,,-1.0,
HINTS6_2022,Internet_HighSpeed,"B2b. When you use the Internet, do you access it through a high-speed service su",MedConditions_Depression,H6e. Has a doctor or other health professional ever told you that you had depres,,,12860.0,76,0.6887317909168809,113,2.0,,,,,,,,,,,-2.0,
HINTS6_2022,Internet_HighSpeed,"B2b. When you use the Internet, do you access it through a high-speed service su",MedConditions_Depression,H6e. Has a doctor or other health professional ever told you that you had depres,,,5075.0,29,0.2717973436161097,113,1.0,,,,,,,,,,,-2.0,
HINTS6_2022,Internet_HighSpeed,"B2b. When you use the Internet, do you access it through a high-speed service su",MedConditions_Depression,H6e. Has a doctor or other health professional ever told you that you had depres,,,737.0,8,0.039470865467009425,113,-9.0,,,,,,,,,,,-2.0,
HINTS6_2022,Internet_HighSpeed,"B2b. When you use the Internet, do you access it through a high-speed service su",MedConditions_Depression,H6e. Has a doctor or other health professional ever told you that you had depres,,,5572.0,34,0.688921859545005,52,2.0,,,,,,,,,,,-9.0,
HINTS6_2022,Internet_HighSpeed,"B2b. When you use the Internet, do you access it through a high-speed service su",MedConditions_Depression,H6e. Has a doctor or other health professional ever told you that you had depres,,,2348.0,14,0.2903066271018793,52,1.0,,,,,,,,,,,-9.0,
HINTS6_2022,Internet_HighSpeed,"B2b. When you use the Internet, do you access it through a high-speed service su",MedConditions_Depression,H6e. Has a doctor or other health professional ever told you that you had depres,,,168.0,4,0.020771513353115726,52,-9.0,,,,,,,,,,,-9.0,
HINTS6_2022,Internet_HighSpeed,"B2b. When you use the Internet, do you access it through a high-speed service su",MedConditions_Depression,H6e. Has a doctor or other health professional ever told you that you had depres,,,579650.0,3265,0.713937327720204,4675,2.0,,,,,,,,,,,1.0,
HINTS6_2022,Internet_HighSpeed,"B2b. When you use the Internet, do you access it through a high-speed service su",MedConditions_Depression,H6e. Has a doctor or other health professional ever told you that you had depres,,,229797.0,1239,0.2830339965463982,4675,1.0,,,,,,,,,,,1.0,
HINTS6_2022,Internet_HighSpeed,"B2b. When you use the Internet, do you access it through a high-speed service su",MedConditions_Depression,H6e. Has a doctor or other health professional ever told you that you had depres,,,3425.0,33,0.0042184686404583786,4675,-9.0,,,,,,,,,,,1.0,
HINTS6_2022,Internet_HighSpeed,"B2b. When you use the Internet, do you access it through a high-speed service su",MedConditions_Depression,H6e. Has a doctor or other health professional ever told you that you had depres,,,-966.0,138,-0.0011897929070606695,4675,-7.0,,,,,,,,,,,1.0,
HINTS6_2022,Internet_HighSpeed,"B2b. When you use the Internet, do you access it through a high-speed service su",MedConditions_Depression,H6e. Has a doctor or other health professional ever told you that you had depres,,,53877.0,310,0.7242408355849498,439,2.0,,,,,,,,,,,2.0,
HINTS6_2022,Internet_HighSpeed,"B2b. When you use the Internet, do you access it through a high-speed service su",MedConditions_Depression,H6e. Has a doctor or other health professional ever told you that you had depres,,,20156.0,109,0.2709467543116775,439,1.0,,,,,,,,,,,2.0,
HINTS6_2022,Internet_HighSpeed,"B2b. When you use the Internet, do you access it through a high-speed service su",MedConditions_Depression,H6e. Has a doctor or other health professional ever told you that you had depres,,,477.0,3,0.0064120659757228695,439,-9.0,,,,,,,,,,,2.0,
HINTS6_2022,Internet_HighSpeed,"B2b. When you use the Internet, do you access it through a high-speed service su",MedConditions_Depression,H6e. Has a doctor or other health professional ever told you that you had depres,,,-119.0,17,-0.00159965587235015,439,-7.0,,,,,,,,,,,2.0,
HINTS6_2022,Internet_Cell,"B2c. When you use the Internet, do you access it through a cellular network (i.e",Caregiving_MentalHealth2,F3. (For the individual to whom you provide the most care) For which conditions ,,-1.0,132183.0,786,0.8205435403371987,970,,,,,,,,,,,,,-1.0
HINTS6_2022,Internet_Cell,"B2c. When you use the Internet, do you access it through a cellular network (i.e",Caregiving_MentalHealth2,F3. (For the individual to whom you provide the most care) For which conditions ,,2.0,17216.0,96,0.10687060809971942,970,,,,,,,,,,,,,-1.0
HINTS6_2022,Internet_Cell,"B2c. When you use the Internet, do you access it through a cellular network (i.e",Caregiving_MentalHealth2,F3. (For the individual to whom you provide the most care) For which conditions ,,1.0,4940.0,26,0.030665706552777294,970,,,,,,,,,,,,,-1.0
HINTS6_2022,Internet_Cell,"B2c. When you use the Internet, do you access it through a cellular network (i.e",Caregiving_MentalHealth2,F3. (For the individual to whom you provide the most care) For which conditions ,,-6.0,3788.0,28,0.02351451344573287,970,,,,,,,,,,,,,-1.0
HINTS6_2022,Internet_Cell,"B2c. When you use the Internet, do you access it through a cellular network (i.e",Caregiving_MentalHealth2,F3. (For the individual to whom you provide the most care) For which conditions ,,-9.0,2460.0,16,0.015270776947334442,970,,,,,,,,,,,,,-1.0
HINTS6_2022,Internet_Cell,"B2c. When you use the Internet, do you access it through a cellular network (i.e",Caregiving_MentalHealth2,F3. (For the individual to whom you provide the most care) For which conditions ,,-2.0,610.0,3,0.0037866560723065082,970,,,,,,,,,,,,,-1.0
HINTS6_2022,Internet_Cell,"B2c. When you use the Internet, do you access it through a cellular network (i.e",Caregiving_MentalHealth2,F3. (For the individual to whom you provide the most care) For which conditions ,,-7.0,-105.0,15,-0.0006518014550691531,970,,,,,,,,,,,,,-1.0
HINTS6_2022,Internet_Cell,"B2c. When you use the Internet, do you access it through a cellular network (i.e",Caregiving_MentalHealth2,F3. (For the individual to whom you provide the most care) For which conditions ,,-1.0,15771.0,88,0.8297905924444912,114,,,,,,,,,,,,,-2.0
HINTS6_2022,Internet_Cell,"B2c. When you use the Internet, do you access it through a cellular network (i.e",Caregiving_MentalHealth2,F3. (For the individual to whom you provide the most care) For which conditions ,,2.0,2073.0,14,0.10907081974113438,114,,,,,,,,,,,,,-2.0
HINTS6_2022,Internet_Cell,"B2c. When you use the Internet, do you access it through a cellular network (i.e",Caregiving_MentalHealth2,F3. (For the individual to whom you provide the most care) For which conditions ,,-6.0,499.0,7,0.026254866884141848,114,,,,,,,,,,,,,-2.0
HINTS6_2022,Internet_Cell,"B2c. When you use the Internet, do you access it through a cellular network (i.e",Caregiving_MentalHealth2,F3. (For the individual to whom you provide the most care) For which conditions ,,-9.0,472.0,3,0.024834262864358622,114,,,,,,,,,,,,,-2.0
HINTS6_2022,Internet_Cell,"B2c. When you use the Internet, do you access it through a cellular network (i.e",Caregiving_MentalHealth2,F3. (For the individual to whom you provide the most care) For which conditions ,,-2.0,200.0,1,0.01052299273913501,114,,,,,,,,,,,,,-2.0
HINTS6_2022,Internet_Cell,"B2c. When you use the Internet, do you access it through a cellular network (i.e",Caregiving_MentalHealth2,F3. (For the individual to whom you provide the most care) For which conditions ,,1.0,-9.0,1,-0.0004735346732610754,114,,,,,,,,,,,,,-2.0
HINTS6_2022,Internet_Cell,"B2c. When you use the Internet, do you access it through a cellular network (i.e",Caregiving_MentalHealth2,F3. (For the individual to whom you provide the most care) For which conditions ,,-1.0,9419.0,59,0.8356845000443617,71,,,,,,,,,,,,,-9.0
HINTS6_2022,Internet_Cell,"B2c. When you use the Internet, do you access it through a cellular network (i.e",Caregiving_MentalHealth2,F3. (For the individual to whom you provide the most care) For which conditions ,,2.0,871.0,5,0.07727797001153403,71,,,,,,,,,,,,,-9.0
HINTS6_2022,Internet_Cell,"B2c. When you use the Internet, do you access it through a cellular network (i.e",Caregiving_MentalHealth2,F3. (For the individual to whom you provide the most care) For which conditions ,,1.0,460.0,3,0.040812705172566764,71,,,,,,,,,,,,,-9.0
HINTS6_2022,Internet_Cell,"B2c. When you use the Internet, do you access it through a cellular network (i.e",Caregiving_MentalHealth2,F3. (For the individual to whom you provide the most care) For which conditions ,,-6.0,331.0,3,0.029367403069825215,71,,,,,,,,,,,,,-9.0
HINTS6_2022,Internet_Cell,"B2c. When you use the Internet, do you access it through a cellular network (i.e",Caregiving_MentalHealth2,F3. (For the individual to whom you provide the most care) For which conditions ,,-9.0,190.0,1,0.01685742170171236,71,,,,,,,,,,,,,-9.0
HINTS6_2022,Internet_Cell,"B2c. When you use the Internet, do you access it through a cellular network (i.e",Caregiving_MentalHealth2,F3. (For the individual to whom you provide the most care) For which conditions ,,-1.0,597632.0,3345,0.8314486688629685,4141,,,,,,,,,,,,,1.0
HINTS6_2022,Internet_Cell,"B2c. When you use the Internet, do you access it through a cellular network (i.e",Caregiving_MentalHealth2,F3. (For the individual to whom you provide the most care) For which conditions ,,2.0,85595.0,472,0.11908306250556495,4141,,,,,,,,,,,,,1.0
HINTS6_2022,Internet_Cell,"B2c. When you use the Internet, do you access it through a cellular network (i.e",Caregiving_MentalHealth2,F3. (For the individual to whom you provide the most care) For which conditions ,,1.0,30725.0,168,0.04274580402457484,4141,,,,,,,,,,,,,1.0
HINTS6_2022,Internet_Cell,"B2c. When you use the Internet, do you access it through a cellular network (i.e",Caregiving_MentalHealth2,F3. (For the individual to whom you provide the most care) For which conditions ,,-6.0,3272.0,20,0.004552132490428279,4141,,,,,,,,,,,,,1.0
HINTS6_2022,Internet_Cell,"B2c. When you use the Internet, do you access it through a cellular network (i.e",Caregiving_MentalHealth2,F3. (For the individual to whom you provide the most care) For which conditions ,,-9.0,1732.0,10,0.0024096251446888077,4141,,,,,,,,,,,,,1.0
HINTS6_2022,Internet_Cell,"B2c. When you use the Internet, do you access it through a cellular network (i.e",Caregiving_MentalHealth2,F3. (For the individual to whom you provide the most care) For which conditions ,,-2.0,682.0,4,0.0009488246816846229,4141,,,,,,,,,,,,,1.0
HINTS6_2022,Internet_Cell,"B2c. When you use the Internet, do you access it through a cellular network (i.e",Caregiving_MentalHealth2,F3. (For the individual to whom you provide the most care) For which conditions ,,-7.0,-854.0,122,-0.0011881177099100704,4141,,,,,,,,,,,,,1.0
HINTS6_2022,Internet_Cell,"B2c. When you use the Internet, do you access it through a cellular network (i.e",Caregiving_MentalHealth2,F3. (For the individual to whom you provide the most care) For which conditions ,,-1.0,140789.0,801,0.8567455729325139,954,,,,,,,,,,,,,2.0
HINTS6_2022,Internet_Cell,"B2c. When you use the Internet, do you access it through a cellular network (i.e",Caregiving_MentalHealth2,F3. (For the individual to whom you provide the most care) For which conditions ,,2.0,17099.0,104,0.10405282054402726,954,,,,,,,,,,,,,2.0
HINTS6_2022,Internet_Cell,"B2c. When you use the Internet, do you access it through a cellular network (i.e",Caregiving_MentalHealth2,F3. (For the individual to whom you provide the most care) For which conditions ,,1.0,4968.0,26,0.030231850544635792,954,,,,,,,,,,,,,2.0
HINTS6_2022,Internet_Cell,"B2c. When you use the Internet, do you access it through a cellular network (i.e",Caregiving_MentalHealth2,F3. (For the individual to whom you provide the most care) For which conditions ,,-6.0,1123.0,8,0.006833810016430354,954,,,,,,,,,,,,,2.0
HINTS6_2022,Internet_Cell,"B2c. When you use the Internet, do you access it through a cellular network (i.e",Caregiving_MentalHealth2,F3. (For the individual to whom you provide the most care) For which conditions ,,-2.0,247.0,1,0.0015030730846467475,954,,,,,,,,,,,,,2.0
HINTS6_2022,Internet_Cell,"B2c. When you use the Internet, do you access it through a cellular network (i.e",Caregiving_MentalHealth2,F3. (For the individual to whom you provide the most care) For which conditions ,,-9.0,195.0,1,0.0011866366457737479,954,,,,,,,,,,,,,2.0
HINTS6_2022,Internet_Cell,"B2c. When you use the Internet, do you access it through a cellular network (i.e",Caregiving_MentalHealth2,F3. (For the individual to whom you provide the most care) For which conditions ,,-7.0,-91.0,13,-0.000553763768027749,954,,,,,,,,,,,,,2.0
HINTS6_2022,Internet_Cell,"B2c. When you use the Internet, do you access it through a cellular network (i.e",TestSource_HCPCounselor,G2. From which of the following sources did you read or hear anything about gene,,,74656.0,439,0.4634370421870732,970,,,,,,-1.0,,,,,,,-1.0
HINTS6_2022,Internet_Cell,"B2c. When you use the Internet, do you access it through a cellular network (i.e",TestSource_HCPCounselor,G2. From which of the following sources did you read or hear anything about gene,,,57946.0,342,0.3597074963374966,970,,,,,,2.0,,,,,,,-1.0
HINTS6_2022,Internet_Cell,"B2c. When you use the Internet, do you access it through a cellular network (i.e",TestSource_HCPCounselor,G2. From which of the following sources did you read or hear anything about gene,,,20757.0,120,0.12885183621781343,970,,,,,,1.0,,,,,,,-1.0
HINTS6_2022,Internet_Cell,"B2c. When you use the Internet, do you access it through a cellular network (i.e",TestSource_HCPCounselor,G2. From which of the following sources did you read or hear anything about gene,,,5017.0,38,0.031143694286494675,970,,,,,,-6.0,,,,,,,-1.0
HINTS6_2022,Internet_Cell,"B2c. When you use the Internet, do you access it through a cellular network (i.e",TestSource_HCPCounselor,G2. From which of the following sources did you read or hear anything about gene,,,2365.0,13,0.014681051821319494,970,,,,,,-9.0,,,,,,,-1.0
HINTS6_2022,Internet_Cell,"B2c. When you use the Internet, do you access it through a cellular network (i.e",TestSource_HCPCounselor,G2. From which of the following sources did you read or hear anything about gene,,,463.0,2,0.0028741340352096936,970,,,,,,-2.0,,,,,,,-1.0
HINTS6_2022,Internet_Cell,"B2c. When you use the Internet, do you access it through a cellular network (i.e",TestSource_HCPCounselor,G2. From which of the following sources did you read or hear anything about gene,,,-112.0,16,-0.0006952548854070966,970,,,,,,-7.0,,,,,,,-1.0
HINTS6_2022,Internet_Cell,"B2c. When you use the Internet, do you access it through a cellular network (i.e",TestSource_HCPCounselor,G2. From which of the following sources did you read or hear anything about gene,,,10084.0,55,0.5305692939071872,114,,,,,,-1.0,,,,,,,-2.0
HINTS6_2022,Internet_Cell,"B2c. When you use the Internet, do you access it through a cellular network (i.e",TestSource_HCPCounselor,G2. From which of the following sources did you read or hear anything about gene,,,4434.0,26,0.23329474902662317,114,,,,,,2.0,,,,,,,-2.0
HINTS6_2022,Internet_Cell,"B2c. When you use the Internet, do you access it through a cellular network (i.e",TestSource_HCPCounselor,G2. From which of the following sources did you read or hear anything about gene,,,2287.0,15,0.12033042197200884,114,,,,,,1.0,,,,,,,-2.0
HINTS6_2022,Internet_Cell,"B2c. When you use the Internet, do you access it through a cellular network (i.e",TestSource_HCPCounselor,G2. From which of the following sources did you read or hear anything about gene,,,1302.0,8,0.06850468273176892,114,,,,,,-9.0,,,,,,,-2.0
HINTS6_2022,Internet_Cell,"B2c. When you use the Internet, do you access it through a cellular network (i.e",TestSource_HCPCounselor,G2. From which of the following sources did you read or hear anything about gene,,,562.0,8,0.029569609596969377,114,,,,,,-6.0,,,,,,,-2.0
HINTS6_2022,Internet_Cell,"B2c. When you use the Internet, do you access it through a cellular network (i.e",TestSource_HCPCounselor,G2. From which of the following sources did you read or hear anything about gene,,,337.0,2,0.017731242765442492,114,,,,,,-2.0,,,,,,,-2.0
HINTS6_2022,Internet_Cell,"B2c. When you use the Internet, do you access it through a cellular network (i.e",TestSource_HCPCounselor,G2. From which of the following sources did you read or hear anything about gene,,,5785.0,38,0.5132641291810842,71,,,,,,2.0,,,,,,,-9.0
HINTS6_2022,Internet_Cell,"B2c. When you use the Internet, do you access it through a cellular network (i.e",TestSource_HCPCounselor,G2. From which of the following sources did you read or hear anything about gene,,,3584.0,20,0.31798420725756366,71,,,,,,-1.0,,,,,,,-9.0
HINTS6_2022,Internet_Cell,"B2c. When you use the Internet, do you access it through a cellular network (i.e",TestSource_HCPCounselor,G2. From which of the following sources did you read or hear anything about gene,,,1775.0,10,0.15748380800283915,71,,,,,,1.0,,,,,,,-9.0
HINTS6_2022,Internet_Cell,"B2c. When you use the Internet, do you access it through a cellular network (i.e",TestSource_HCPCounselor,G2. From which of the following sources did you read or hear anything about gene,,,136.0,2,0.012066365007541479,71,,,,,,-6.0,,,,,,,-9.0
HINTS6_2022,Internet_Cell,"B2c. When you use the Internet, do you access it through a cellular network (i.e",TestSource_HCPCounselor,G2. From which of the following sources did you read or hear anything about gene,,,-9.0,1,-0.0007985094490284802,71,,,,,,-9.0,,,,,,,-9.0
HINTS6_2022,Internet_Cell,"B2c. When you use the Internet, do you access it through a cellular network (i.e",TestSource_HCPCounselor,G2. From which of the following sources did you read or hear anything about gene,,,405584.0,2244,0.5642640904638946,4141,,,,,,2.0,,,,,,,1.0
HINTS6_2022,Internet_Cell,"B2c. When you use the Internet, do you access it through a cellular network (i.e",TestSource_HCPCounselor,G2. From which of the following sources did you read or hear anything about gene,,,206210.0,1173,0.28688729854865996,4141,,,,,,1.0,,,,,,,1.0
HINTS6_2022,Internet_Cell,"B2c. When you use the Internet, do you access it through a cellular network (i.e",TestSource_HCPCounselor,G2. From which of the following sources did you read or hear anything about gene,,,97558.0,536,0.1357264491140593,4141,,,,,,-1.0,,,,,,,1.0
HINTS6_2022,Internet_Cell,"B2c. When you use the Internet, do you access it through a cellular network (i.e",TestSource_HCPCounselor,G2. From which of the following sources did you read or hear anything about gene,,,7000.0,43,0.009738669753361233,4141,,,,,,-6.0,,,,,,,1.0
HINTS6_2022,Internet_Cell,"B2c. When you use the Internet, do you access it through a cellular network (i.e",TestSource_HCPCounselor,G2. From which of the following sources did you read or hear anything about gene,,,2525.0,15,0.003512877303891016,4141,,,,,,-9.0,,,,,,,1.0
HINTS6_2022,Internet_Cell,"B2c. When you use the Internet, do you access it through a cellular network (i.e",TestSource_HCPCounselor,G2. From which of the following sources did you read or hear anything about gene,,,789.0,4,0.0010976872050574304,4141,,,,,,-2.0,,,,,,,1.0
HINTS6_2022,Internet_Cell,"B2c. When you use the Internet, do you access it through a cellular network (i.e",TestSource_HCPCounselor,G2. From which of the following sources did you read or hear anything about gene,,,-882.0,126,-0.0012270723889235152,4141,,,,,,-7.0,,,,,,,1.0
HINTS6_2022,Internet_Cell,"B2c. When you use the Internet, do you access it through a cellular network (i.e",TestSource_HCPCounselor,G2. From which of the following sources did you read or hear anything about gene,,,93398.0,541,0.5683563561127001,954,,,,,,2.0,,,,,,,2.0
HINTS6_2022,Internet_Cell,"B2c. When you use the Internet, do you access it through a cellular network (i.e",TestSource_HCPCounselor,G2. From which of the following sources did you read or hear anything about gene,,,34214.0,195,0.2082030061461693,954,,,,,,1.0,,,,,,,2.0
HINTS6_2022,Internet_Cell,"B2c. When you use the Internet, do you access it through a cellular network (i.e",TestSource_HCPCounselor,G2. From which of the following sources did you read or hear anything about gene,,,33785.0,186,0.20559240552546704,954,,,,,,-1.0,,,,,,,2.0
HINTS6_2022,Internet_Cell,"B2c. When you use the Internet, do you access it through a cellular network (i.e",TestSource_HCPCounselor,G2. From which of the following sources did you read or hear anything about gene,,,1603.0,10,0.009754761759873425,954,,,,,,-9.0,,,,,,,2.0
HINTS6_2022,Internet_Cell,"B2c. When you use the Internet, do you access it through a cellular network (i.e",TestSource_HCPCounselor,G2. From which of the following sources did you read or hear anything about gene,,,1191.0,8,0.007247611513418122,954,,,,,,-6.0,,,,,,,2.0
HINTS6_2022,Internet_Cell,"B2c. When you use the Internet, do you access it through a cellular network (i.e",TestSource_HCPCounselor,G2. From which of the following sources did you read or hear anything about gene,,,230.0,1,0.0013996227103998053,954,,,,,,-2.0,,,,,,,2.0
HINTS6_2022,Internet_Cell,"B2c. When you use the Internet, do you access it through a cellular network (i.e",TestSource_HCPCounselor,G2. From which of the following sources did you read or hear anything about gene,,,-91.0,13,-0.000553763768027749,954,,,,,,-7.0,,,,,,,2.0
HINTS6_2022,Internet_Cell,"B2c. When you use the Internet, do you access it through a cellular network (i.e",RiskTest_Counselor,G4. If you had a genetic test for disease risk (including prenatal carrier testi,,,129939.0,762,0.806613612097435,970,,,,,,,-1.0,,,,,,-1.0
HINTS6_2022,Internet_Cell,"B2c. When you use the Internet, do you access it through a cellular network (i.e",RiskTest_Counselor,G4. If you had a genetic test for disease risk (including prenatal carrier testi,,,19995.0,120,0.124121619943883,970,,,,,,,2.0,,,,,,-1.0
HINTS6_2022,Internet_Cell,"B2c. When you use the Internet, do you access it through a cellular network (i.e",RiskTest_Counselor,G4. If you had a genetic test for disease risk (including prenatal carrier testi,,,6383.0,45,0.03962332083529908,970,,,,,,,-6.0,,,,,,-1.0
HINTS6_2022,Internet_Cell,"B2c. When you use the Internet, do you access it through a cellular network (i.e",RiskTest_Counselor,G4. If you had a genetic test for disease risk (including prenatal carrier testi,,,2390.0,12,0.014836242643955007,970,,,,,,,1.0,,,,,,-1.0
HINTS6_2022,Internet_Cell,"B2c. When you use the Internet, do you access it through a cellular network (i.e",RiskTest_Counselor,G4. If you had a genetic test for disease risk (including prenatal carrier testi,,,2335.0,14,0.01449482283415688,970,,,,,,,-9.0,,,,,,-1.0
HINTS6_2022,Internet_Cell,"B2c. When you use the Internet, do you access it through a cellular network (i.e",RiskTest_Counselor,G4. If you had a genetic test for disease risk (including prenatal carrier testi,,,162.0,1,0.0010056365306781217,970,,,,,,,-2.0,,,,,,-1.0
HINTS6_2022,Internet_Cell,"B2c. When you use the Internet, do you access it through a cellular network (i.e",RiskTest_Counselor,G4. If you had a genetic test for disease risk (including prenatal carrier testi,,,-112.0,16,-0.0006952548854070966,970,,,,,,,-7.0,,,,,,-1.0
HINTS6_2022,Internet_Cell,"B2c. When you use the Internet, do you access it through a cellular network (i.e",RiskTest_Counselor,G4. If you had a genetic test for disease risk (including prenatal carrier testi,,,14899.0,83,0.7839103441018626,114,,,,,,,-1.0,,,,,,-2.0
HINTS6_2022,Internet_Cell,"B2c. When you use the Internet, do you access it through a cellular network (i.e",RiskTest_Counselor,G4. If you had a genetic test for disease risk (including prenatal carrier testi,,,2169.0,14,0.11412185625591918,114,,,,,,,2.0,,,,,,-2.0
HINTS6_2022,Internet_Cell,"B2c. When you use the Internet, do you access it through a cellular network (i.e",RiskTest_Counselor,G4. If you had a genetic test for disease risk (including prenatal carrier testi,,,1348.0,13,0.07092497106176997,114,,,,,,,-6.0,,,,,,-2.0
HINTS6_2022,Internet_Cell,"B2c. When you use the Internet, do you access it through a cellular network (i.e",RiskTest_Counselor,G4. If you had a genetic test for disease risk (including prenatal carrier testi,,,277.0,2,0.01457434494370199,114,,,,,,,-2.0,,,,,,-2.0
HINTS6_2022,Internet_Cell,"B2c. When you use the Internet, do you access it through a cellular network (i.e",RiskTest_Counselor,G4. If you had a genetic test for disease risk (including prenatal carrier testi,,,193.0,1,0.010154687993265285,114,,,,,,,-9.0,,,,,,-2.0
HINTS6_2022,Internet_Cell,"B2c. When you use the Internet, do you access it through a cellular network (i.e",RiskTest_Counselor,G4. If you had a genetic test for disease risk (including prenatal carrier testi,,,120.0,1,0.006313795643481006,114,,,,,,,1.0,,,,,,-2.0
HINTS6_2022,Internet_Cell,"B2c. When you use the Internet, do you access it through a cellular network (i.e",RiskTest_Counselor,G4. If you had a genetic test for disease risk (including prenatal carrier testi,,,8084.0,51,0.7172389317718038,71,,,,,,,-1.0,,,,,,-9.0
HINTS6_2022,Internet_Cell,"B2c. When you use the Internet, do you access it through a cellular network (i.e",RiskTest_Counselor,G4. If you had a genetic test for disease risk (including prenatal carrier testi,,,2390.0,14,0.2120486203531186,71,,,,,,,2.0,,,,,,-9.0
HINTS6_2022,Internet_Cell,"B2c. When you use the Internet, do you access it through a cellular network (i.e",RiskTest_Counselor,G4. If you had a genetic test for disease risk (including prenatal carrier testi,,,510.0,2,0.04524886877828054,71,,,,,,,-9.0,,,,,,-9.0
HINTS6_2022,Internet_Cell,"B2c. When you use the Internet, do you access it through a cellular network (i.e",RiskTest_Counselor,G4. If you had a genetic test for disease risk (including prenatal carrier testi,,,167.0,1,0.014816786443084021,71,,,,,,,1.0,,,,,,-9.0
HINTS6_2022,Internet_Cell,"B2c. When you use the Internet, do you access it through a cellular network (i.e",RiskTest_Counselor,G4. If you had a genetic test for disease risk (including prenatal carrier testi,,,120.0,3,0.010646792653713068,71,,,,,,,-6.0,,,,,,-9.0
HINTS6_2022,Internet_Cell,"B2c. When you use the Internet, do you access it through a cellular network (i.e",RiskTest_Counselor,G4. If you had a genetic test for disease risk (including prenatal carrier testi,,,475538.0,2631,0.661586791024842,4141,,,,,,,-1.0,,,,,,1.0
HINTS6_2022,Internet_Cell,"B2c. When you use the Internet, do you access it through a cellular network (i.e",RiskTest_Counselor,G4. If you had a genetic test for disease risk (including prenatal carrier testi,,,207076.0,1165,0.28809211112100436,4141,,,,,,,2.0,,,,,,1.0
HINTS6_2022,Internet_Cell,"B2c. When you use the Internet, do you access it through a cellular network (i.e",RiskTest_Counselor,G4. If you had a genetic test for disease risk (including prenatal carrier testi,,,19429.0,114,0.0270303735197222,4141,,,,,,,1.0,,,,,,1.0
HINTS6_2022,Internet_Cell,"B2c. When you use the Internet, do you access it through a cellular network (i.e",RiskTest_Counselor,G4. If you had a genetic test for disease risk (including prenatal carrier testi,,,8968.0,49,0.012476627192591933,4141,,,,,,,-9.0,,,,,,1.0
HINTS6_2022,Internet_Cell,"B2c. When you use the Internet, do you access it through a cellular network (i.e",RiskTest_Counselor,G4. If you had a genetic test for disease risk (including prenatal carrier testi,,,8520.0,52,0.011853352328376815,4141,,,,,,,-6.0,,,,,,1.0
HINTS6_2022,Internet_Cell,"B2c. When you use the Internet, do you access it through a cellular network (i.e",RiskTest_Counselor,G4. If you had a genetic test for disease risk (including prenatal carrier testi,,,156.0,1,0.00021703321164633603,4141,,,,,,,-2.0,,,,,,1.0
HINTS6_2022,Internet_Cell,"B2c. When you use the Internet, do you access it through a cellular network (i.e",RiskTest_Counselor,G4. If you had a genetic test for disease risk (including prenatal carrier testi,,,-903.0,129,-0.0012562883981835989,4141,,,,,,,-7.0,,,,,,1.0
HINTS6_2022,Internet_Cell,"B2c. When you use the Internet, do you access it through a cellular network (i.e",RiskTest_Counselor,G4. If you had a genetic test for disease risk (including prenatal carrier testi,,,112619.0,642,0.6853222174891985,954,,,,,,,-1.0,,,,,,2.0
HINTS6_2022,Internet_Cell,"B2c. When you use the Internet, do you access it through a cellular network (i.e",RiskTest_Counselor,G4. If you had a genetic test for disease risk (including prenatal carrier testi,,,40897.0,232,0.2488711738574819,954,,,,,,,2.0,,,,,,2.0
HINTS6_2022,Internet_Cell,"B2c. When you use the Internet, do you access it through a cellular network (i.e",RiskTest_Counselor,G4. If you had a genetic test for disease risk (including prenatal carrier testi,,,4232.0,24,0.025753057871356417,954,,,,,,,1.0,,,,,,2.0
HINTS6_2022,Internet_Cell,"B2c. When you use the Internet, do you access it through a cellular network (i.e",RiskTest_Counselor,G4. If you had a genetic test for disease risk (including prenatal carrier testi,,,3834.0,23,0.023331102050751538,954,,,,,,,-9.0,,,,,,2.0
HINTS6_2022,Internet_Cell,"B2c. When you use the Internet, do you access it through a cellular network (i.e",RiskTest_Counselor,G4. If you had a genetic test for disease risk (including prenatal carrier testi,,,2839.0,20,0.017276212499239336,954,,,,,,,-6.0,,,,,,2.0
HINTS6_2022,Internet_Cell,"B2c. When you use the Internet, do you access it through a cellular network (i.e",RiskTest_Counselor,G4. If you had a genetic test for disease risk (including prenatal carrier testi,,,-91.0,13,-0.000553763768027749,954,,,,,,,-7.0,,,,,,2.0
HINTS6_2022,Internet_Cell,"B2c. When you use the Internet, do you access it through a cellular network (i.e",SharedRes4_Counselor,"G7. If you had any genetic test, who did you share the results with? Genetic cou",,,129779.0,761,0.8056203908325678,970,,,,,,,,-1.0,,,,,-1.0
HINTS6_2022,Internet_Cell,"B2c. When you use the Internet, do you access it through a cellular network (i.e",SharedRes4_Counselor,"G7. If you had any genetic test, who did you share the results with? Genetic cou",,,20087.0,120,0.12469272217118169,970,,,,,,,,2.0,,,,,-1.0
HINTS6_2022,Internet_Cell,"B2c. When you use the Internet, do you access it through a cellular network (i.e",SharedRes4_Counselor,"G7. If you had any genetic test, who did you share the results with? Genetic cou",,,6783.0,48,0.042106373997467285,970,,,,,,,,-6.0,,,,,-1.0
HINTS6_2022,Internet_Cell,"B2c. When you use the Internet, do you access it through a cellular network (i.e",SharedRes4_Counselor,"G7. If you had any genetic test, who did you share the results with? Genetic cou",,,2297.0,14,0.0142589327837509,970,,,,,,,,-9.0,,,,,-1.0
HINTS6_2022,Internet_Cell,"B2c. When you use the Internet, do you access it through a cellular network (i.e",SharedRes4_Counselor,"G7. If you had any genetic test, who did you share the results with? Genetic cou",,,1936.0,9,0.012017977304894097,970,,,,,,,,1.0,,,,,-1.0
HINTS6_2022,Internet_Cell,"B2c. When you use the Internet, do you access it through a cellular network (i.e",SharedRes4_Counselor,"G7. If you had any genetic test, who did you share the results with? Genetic cou",,,322.0,2,0.0019988577955454027,970,,,,,,,,-2.0,,,,,-1.0
HINTS6_2022,Internet_Cell,"B2c. When you use the Internet, do you access it through a cellular network (i.e",SharedRes4_Counselor,"G7. If you had any genetic test, who did you share the results with? Genetic cou",,,-112.0,16,-0.0006952548854070966,970,,,,,,,,-7.0,,,,,-1.0
HINTS6_2022,Internet_Cell,"B2c. When you use the Internet, do you access it through a cellular network (i.e",SharedRes4_Counselor,"G7. If you had any genetic test, who did you share the results with? Genetic cou",,,15054.0,84,0.7920656634746922,114,,,,,,,,-1.0,,,,,-2.0
HINTS6_2022,Internet_Cell,"B2c. When you use the Internet, do you access it through a cellular network (i.e",SharedRes4_Counselor,"G7. If you had any genetic test, who did you share the results with? Genetic cou",,,2298.0,14,0.12090918657266127,114,,,,,,,,2.0,,,,,-2.0
HINTS6_2022,Internet_Cell,"B2c. When you use the Internet, do you access it through a cellular network (i.e",SharedRes4_Counselor,"G7. If you had any genetic test, who did you share the results with? Genetic cou",,,1348.0,13,0.07092497106176997,114,,,,,,,,-6.0,,,,,-2.0
HINTS6_2022,Internet_Cell,"B2c. When you use the Internet, do you access it through a cellular network (i.e",SharedRes4_Counselor,"G7. If you had any genetic test, who did you share the results with? Genetic cou",,,184.0,2,0.009681153320004209,114,,,,,,,,-9.0,,,,,-2.0
HINTS6_2022,Internet_Cell,"B2c. When you use the Internet, do you access it through a cellular network (i.e",SharedRes4_Counselor,"G7. If you had any genetic test, who did you share the results with? Genetic cou",,,122.0,1,0.006419025570872356,114,,,,,,,,-2.0,,,,,-2.0
HINTS6_2022,Internet_Cell,"B2c. When you use the Internet, do you access it through a cellular network (i.e",SharedRes4_Counselor,"G7. If you had any genetic test, who did you share the results with? Genetic cou",,,8084.0,51,0.7172389317718038,71,,,,,,,,-1.0,,,,,-9.0
HINTS6_2022,Internet_Cell,"B2c. When you use the Internet, do you access it through a cellular network (i.e",SharedRes4_Counselor,"G7. If you had any genetic test, who did you share the results with? Genetic cou",,,2168.0,12,0.19235205394374943,71,,,,,,,,2.0,,,,,-9.0
HINTS6_2022,Internet_Cell,"B2c. When you use the Internet, do you access it through a cellular network (i.e",SharedRes4_Counselor,"G7. If you had any genetic test, who did you share the results with? Genetic cou",,,899.0,5,0.07976222163073374,71,,,,,,,,-9.0,,,,,-9.0
HINTS6_2022,Internet_Cell,"B2c. When you use the Internet, do you access it through a cellular network (i.e",SharedRes4_Counselor,"G7. If you had any genetic test, who did you share the results with? Genetic cou",,,120.0,3,0.010646792653713068,71,,,,,,,,-6.0,,,,,-9.0
HINTS6_2022,Internet_Cell,"B2c. When you use the Internet, do you access it through a cellular network (i.e",SharedRes4_Counselor,"G7. If you had any genetic test, who did you share the results with? Genetic cou",,,475300.0,2629,0.6612556762532277,4141,,,,,,,,-1.0,,,,,1.0
HINTS6_2022,Internet_Cell,"B2c. When you use the Internet, do you access it through a cellular network (i.e",SharedRes4_Counselor,"G7. If you had any genetic test, who did you share the results with? Genetic cou",,,194460.0,1096,0.27054024574837504,4141,,,,,,,,2.0,,,,,1.0
HINTS6_2022,Internet_Cell,"B2c. When you use the Internet, do you access it through a cellular network (i.e",SharedRes4_Counselor,"G7. If you had any genetic test, who did you share the results with? Genetic cou",,,20503.0,117,0.028524563707595048,4141,,,,,,,,1.0,,,,,1.0
HINTS6_2022,Internet_Cell,"B2c. When you use the Internet, do you access it through a cellular network (i.e",SharedRes4_Counselor,"G7. If you had any genetic test, who did you share the results with? Genetic cou",,,20003.0,110,0.027828944439497818,4141,,,,,,,,-9.0,,,,,1.0
HINTS6_2022,Internet_Cell,"B2c. When you use the Internet, do you access it through a cellular network (i.e",SharedRes4_Counselor,"G7. If you had any genetic test, who did you share the results with? Genetic cou",,,9041.0,55,0.012578187605734129,4141,,,,,,,,-6.0,,,,,1.0
HINTS6_2022,Internet_Cell,"B2c. When you use the Internet, do you access it through a cellular network (i.e",SharedRes4_Counselor,"G7. If you had any genetic test, who did you share the results with? Genetic cou",,,394.0,3,0.0005481479832606179,4141,,,,,,,,-2.0,,,,,1.0
HINTS6_2022,Internet_Cell,"B2c. When you use the Internet, do you access it through a cellular network (i.e",SharedRes4_Counselor,"G7. If you had any genetic test, who did you share the results with? Genetic cou",,,-917.0,131,-0.0012757657376903215,4141,,,,,,,,-7.0,,,,,1.0
HINTS6_2022,Internet_Cell,"B2c. When you use the Internet, do you access it through a cellular network (i.e",SharedRes4_Counselor,"G7. If you had any genetic test, who did you share the results with? Genetic cou",,,112619.0,642,0.6853222174891985,954,,,,,,,,-1.0,,,,,2.0
HINTS6_2022,Internet_Cell,"B2c. When you use the Internet, do you access it through a cellular network (i.e",SharedRes4_Counselor,"G7. If you had any genetic test, who did you share the results with? Genetic cou",,,37781.0,214,0.22990932878963063,954,,,,,,,,2.0,,,,,2.0
HINTS6_2022,Internet_Cell,"B2c. When you use the Internet, do you access it through a cellular network (i.e",SharedRes4_Counselor,"G7. If you had any genetic test, who did you share the results with? Genetic cou",,,7529.0,44,0.045816345159131015,954,,,,,,,,-9.0,,,,,2.0
HINTS6_2022,Internet_Cell,"B2c. When you use the Internet, do you access it through a cellular network (i.e",SharedRes4_Counselor,"G7. If you had any genetic test, who did you share the results with? Genetic cou",,,3645.0,21,0.022180977301770828,954,,,,,,,,1.0,,,,,2.0
HINTS6_2022,Internet_Cell,"B2c. When you use the Internet, do you access it through a cellular network (i.e",SharedRes4_Counselor,"G7. If you had any genetic test, who did you share the results with? Genetic cou",,,2847.0,20,0.01732489502829672,954,,,,,,,,-6.0,,,,,2.0
HINTS6_2022,Internet_Cell,"B2c. When you use the Internet, do you access it through a cellular network (i.e",SharedRes4_Counselor,"G7. If you had any genetic test, who did you share the results with? Genetic cou",,,-91.0,13,-0.000553763768027749,954,,,,,,,,-7.0,,,,,2.0
HINTS6_2022,Internet_Cell,"B2c. When you use the Internet, do you access it through a cellular network (i.e",UndGenTest3_Counselor,"G10. If you had any genetic test, who helped you understand the results? Genetic",,,129547.0,760,0.8041802199985102,970,,,,,,,,,-1.0,,,,-1.0
HINTS6_2022,Internet_Cell,"B2c. When you use the Internet, do you access it through a cellular network (i.e",UndGenTest3_Counselor,"G10. If you had any genetic test, who helped you understand the results? Genetic",,,17775.0,105,0.11034067489384948,970,,,,,,,,,2.0,,,,-1.0
HINTS6_2022,Internet_Cell,"B2c. When you use the Internet, do you access it through a cellular network (i.e",UndGenTest3_Counselor,"G10. If you had any genetic test, who helped you understand the results? Genetic",,,6964.0,49,0.043229955553348395,970,,,,,,,,,-6.0,,,,-1.0
HINTS6_2022,Internet_Cell,"B2c. When you use the Internet, do you access it through a cellular network (i.e",UndGenTest3_Counselor,"G10. If you had any genetic test, who helped you understand the results? Genetic",,,3297.0,18,0.020466565689171407,970,,,,,,,,,1.0,,,,-1.0
HINTS6_2022,Internet_Cell,"B2c. When you use the Internet, do you access it through a cellular network (i.e",UndGenTest3_Counselor,"G10. If you had any genetic test, who helped you understand the results? Genetic",,,3067.0,19,0.01903881012092469,970,,,,,,,,,-9.0,,,,-1.0
HINTS6_2022,Internet_Cell,"B2c. When you use the Internet, do you access it through a cellular network (i.e",UndGenTest3_Counselor,"G10. If you had any genetic test, who helped you understand the results? Genetic",,,554.0,3,0.00343902862960296,970,,,,,,,,,-2.0,,,,-1.0
HINTS6_2022,Internet_Cell,"B2c. When you use the Internet, do you access it through a cellular network (i.e",UndGenTest3_Counselor,"G10. If you had any genetic test, who helped you understand the results? Genetic",,,-112.0,16,-0.0006952548854070966,970,,,,,,,,,-7.0,,,,-1.0
HINTS6_2022,Internet_Cell,"B2c. When you use the Internet, do you access it through a cellular network (i.e",UndGenTest3_Counselor,"G10. If you had any genetic test, who helped you understand the results? Genetic",,,14684.0,82,0.7725981269072925,114,,,,,,,,,-1.0,,,,-2.0
HINTS6_2022,Internet_Cell,"B2c. When you use the Internet, do you access it through a cellular network (i.e",UndGenTest3_Counselor,"G10. If you had any genetic test, who helped you understand the results? Genetic",,,1546.0,14,0.08134273387351362,114,,,,,,,,,-6.0,,,,-2.0
HINTS6_2022,Internet_Cell,"B2c. When you use the Internet, do you access it through a cellular network (i.e",UndGenTest3_Counselor,"G10. If you had any genetic test, who helped you understand the results? Genetic",,,1522.0,10,0.08007997474481743,114,,,,,,,,,2.0,,,,-2.0
HINTS6_2022,Internet_Cell,"B2c. When you use the Internet, do you access it through a cellular network (i.e",UndGenTest3_Counselor,"G10. If you had any genetic test, who helped you understand the results? Genetic",,,492.0,3,0.025886562138272125,114,,,,,,,,,-2.0,,,,-2.0
HINTS6_2022,Internet_Cell,"B2c. When you use the Internet, do you access it through a cellular network (i.e",UndGenTest3_Counselor,"G10. If you had any genetic test, who helped you understand the results? Genetic",,,384.0,3,0.02020414605913922,114,,,,,,,,,-9.0,,,,-2.0
HINTS6_2022,Internet_Cell,"B2c. When you use the Internet, do you access it through a cellular network (i.e",UndGenTest3_Counselor,"G10. If you had any genetic test, who helped you understand the results? Genetic",,,378.0,2,0.01988845627696517,114,,,,,,,,,1.0,,,,-2.0
HINTS6_2022,Internet_Cell,"B2c. When you use the Internet, do you access it through a cellular network (i.e",UndGenTest3_Counselor,"G10. If you had any genetic test, who helped you understand the results? Genetic",,,7905.0,50,0.7013574660633484,71,,,,,,,,,-1.0,,,,-9.0
HINTS6_2022,Internet_Cell,"B2c. When you use the Internet, do you access it through a cellular network (i.e",UndGenTest3_Counselor,"G10. If you had any genetic test, who helped you understand the results? Genetic",,,1773.0,10,0.1573063614586106,71,,,,,,,,,2.0,,,,-9.0
HINTS6_2022,Internet_Cell,"B2c. When you use the Internet, do you access it through a cellular network (i.e",UndGenTest3_Counselor,"G10. If you had any genetic test, who helped you understand the results? Genetic",,,969.0,5,0.08597285067873303,71,,,,,,,,,-9.0,,,,-9.0
HINTS6_2022,Internet_Cell,"B2c. When you use the Internet, do you access it through a cellular network (i.e",UndGenTest3_Counselor,"G10. If you had any genetic test, who helped you understand the results? Genetic",,,325.0,2,0.02883506343713956,71,,,,,,,,,1.0,,,,-9.0
HINTS6_2022,Internet_Cell,"B2c. When you use the Internet, do you access it through a cellular network (i.e",UndGenTest3_Counselor,"G10. If you had any genetic test, who helped you understand the results? Genetic",,,179.0,1,0.015881465708455327,71,,,,,,,,,-2.0,,,,-9.0
HINTS6_2022,Internet_Cell,"B2c. When you use the Internet, do you access it through a cellular network (i.e",UndGenTest3_Counselor,"G10. If you had any genetic test, who helped you understand the results? Genetic",,,120.0,3,0.010646792653713068,71,,,,,,,,,-6.0,,,,-9.0
HINTS6_2022,Internet_Cell,"B2c. When you use the Internet, do you access it through a cellular network (i.e",UndGenTest3_Counselor,"G10. If you had any genetic test, who helped you understand the results? Genetic",,,475018.0,2627,0.6608633469860208,4141,,,,,,,,,-1.0,,,,1.0
HINTS6_2022,Internet_Cell,"B2c. When you use the Internet, do you access it through a cellular network (i.e",UndGenTest3_Counselor,"G10. If you had any genetic test, who helped you understand the results? Genetic",,,187006.0,1048,0.2601699536995815,4141,,,,,,,,,2.0,,,,1.0
HINTS6_2022,Internet_Cell,"B2c. When you use the Internet, do you access it through a cellular network (i.e",UndGenTest3_Counselor,"G10. If you had any genetic test, who helped you understand the results? Genetic",,,28359.0,163,0.03945413364793874,4141,,,,,,,,,1.0,,,,1.0
HINTS6_2022,Internet_Cell,"B2c. When you use the Internet, do you access it through a cellular network (i.e",UndGenTest3_Counselor,"G10. If you had any genetic test, who helped you understand the results? Genetic",,,20006.0,111,0.0278331181551064,4141,,,,,,,,,-9.0,,,,1.0
HINTS6_2022,Internet_Cell,"B2c. When you use the Internet, do you access it through a cellular network (i.e",UndGenTest3_Counselor,"G10. If you had any genetic test, who helped you understand the results? Genetic",,,8657.0,53,0.012043952007835455,4141,,,,,,,,,-6.0,,,,1.0
HINTS6_2022,Internet_Cell,"B2c. When you use the Internet, do you access it through a cellular network (i.e",UndGenTest3_Counselor,"G10. If you had any genetic test, who helped you understand the results? Genetic",,,676.0,5,0.0009404772504674561,4141,,,,,,,,,-2.0,,,,1.0
HINTS6_2022,Internet_Cell,"B2c. When you use the Internet, do you access it through a cellular network (i.e",UndGenTest3_Counselor,"G10. If you had any genetic test, who helped you understand the results? Genetic",,,-938.0,134,-0.0013049817469504052,4141,,,,,,,,,-7.0,,,,1.0
HINTS6_2022,Internet_Cell,"B2c. When you use the Internet, do you access it through a cellular network (i.e",UndGenTest3_Counselor,"G10. If you had any genetic test, who helped you understand the results? Genetic",,,112194.0,640,0.682735958133025,954,,,,,,,,,-1.0,,,,2.0
HINTS6_2022,Internet_Cell,"B2c. When you use the Internet, do you access it through a cellular network (i.e",UndGenTest3_Counselor,"G10. If you had any genetic test, who helped you understand the results? Genetic",,,35484.0,200,0.2159313576340291,954,,,,,,,,,2.0,,,,2.0
HINTS6_2022,Internet_Cell,"B2c. When you use the Internet, do you access it through a cellular network (i.e",UndGenTest3_Counselor,"G10. If you had any genetic test, who helped you understand the results? Genetic",,,7646.0,45,0.046528327146595265,954,,,,,,,,,-9.0,,,,2.0
HINTS6_2022,Internet_Cell,"B2c. When you use the Internet, do you access it through a cellular network (i.e",UndGenTest3_Counselor,"G10. If you had any genetic test, who helped you understand the results? Genetic",,,5825.0,34,0.03544696646990811,954,,,,,,,,,1.0,,,,2.0
HINTS6_2022,Internet_Cell,"B2c. When you use the Internet, do you access it through a cellular network (i.e",UndGenTest3_Counselor,"G10. If you had any genetic test, who helped you understand the results? Genetic",,,2847.0,20,0.01732489502829672,954,,,,,,,,,-6.0,,,,2.0
HINTS6_2022,Internet_Cell,"B2c. When you use the Internet, do you access it through a cellular network (i.e",UndGenTest3_Counselor,"G10. If you had any genetic test, who helped you understand the results? Genetic",,,425.0,2,0.0025862593561735534,954,,,,,,,,,-2.0,,,,2.0
HINTS6_2022,Internet_Cell,"B2c. When you use the Internet, do you access it through a cellular network (i.e",UndGenTest3_Counselor,"G10. If you had any genetic test, who helped you understand the results? Genetic",,,-91.0,13,-0.000553763768027749,954,,,,,,,,,-7.0,,,,2.0
HINTS6_2022,Internet_Cell,"B2c. When you use the Internet, do you access it through a cellular network (i.e",MedConditions_Depression,H6e. Has a doctor or other health professional ever told you that you had depres,,,124289.0,744,0.7715404861818091,970,2.0,,,,,,,,,,,,-1.0
HINTS6_2022,Internet_Cell,"B2c. When you use the Internet, do you access it through a cellular network (i.e",MedConditions_Depression,H6e. Has a doctor or other health professional ever told you that you had depres,,,35035.0,188,0.2174844188414074,970,1.0,,,,,,,,,,,,-1.0
HINTS6_2022,Internet_Cell,"B2c. When you use the Internet, do you access it through a cellular network (i.e",MedConditions_Depression,H6e. Has a doctor or other health professional ever told you that you had depres,,,1887.0,21,0.011713803292528493,970,-9.0,,,,,,,,,,,,-1.0
HINTS6_2022,Internet_Cell,"B2c. When you use the Internet, do you access it through a cellular network (i.e",MedConditions_Depression,H6e. Has a doctor or other health professional ever told you that you had depres,,,-119.0,17,-0.0007387083157450401,970,-7.0,,,,,,,,,,,,-1.0
HINTS6_2022,Internet_Cell,"B2c. When you use the Internet, do you access it through a cellular network (i.e",MedConditions_Depression,H6e. Has a doctor or other health professional ever told you that you had depres,,,13408.0,78,0.705461433231611,114,2.0,,,,,,,,,,,,-2.0
HINTS6_2022,Internet_Cell,"B2c. When you use the Internet, do you access it through a cellular network (i.e",MedConditions_Depression,H6e. Has a doctor or other health professional ever told you that you had depres,,,4990.0,28,0.2625486688414185,114,1.0,,,,,,,,,,,,-2.0
HINTS6_2022,Internet_Cell,"B2c. When you use the Internet, do you access it through a cellular network (i.e",MedConditions_Depression,H6e. Has a doctor or other health professional ever told you that you had depres,,,608.0,8,0.03198989792697043,114,-9.0,,,,,,,,,,,,-2.0
HINTS6_2022,Internet_Cell,"B2c. When you use the Internet, do you access it through a cellular network (i.e",MedConditions_Depression,H6e. Has a doctor or other health professional ever told you that you had depres,,,7932.0,49,0.7037529944104338,71,2.0,,,,,,,,,,,,-9.0
HINTS6_2022,Internet_Cell,"B2c. When you use the Internet, do you access it through a cellular network (i.e",MedConditions_Depression,H6e. Has a doctor or other health professional ever told you that you had depres,,,2576.0,15,0.22855114896637388,71,1.0,,,,,,,,,,,,-9.0
HINTS6_2022,Internet_Cell,"B2c. When you use the Internet, do you access it through a cellular network (i.e",MedConditions_Depression,H6e. Has a doctor or other health professional ever told you that you had depres,,,763.0,7,0.06769585662319226,71,-9.0,,,,,,,,,,,,-9.0
HINTS6_2022,Internet_Cell,"B2c. When you use the Internet, do you access it through a cellular network (i.e",MedConditions_Depression,H6e. Has a doctor or other health professional ever told you that you had depres,,,509238.0,2854,0.7084715296945954,4141,2.0,,,,,,,,,,,,1.0
HINTS6_2022,Internet_Cell,"B2c. When you use the Internet, do you access it through a cellular network (i.e",MedConditions_Depression,H6e. Has a doctor or other health professional ever told you that you had depres,,,208804.0,1125,0.29049617131154837,4141,1.0,,,,,,,,,,,,1.0
HINTS6_2022,Internet_Cell,"B2c. When you use the Internet, do you access it through a cellular network (i.e",MedConditions_Depression,H6e. Has a doctor or other health professional ever told you that you had depres,,,1736.0,20,0.0024151900988335856,4141,-9.0,,,,,,,,,,,,1.0
HINTS6_2022,Internet_Cell,"B2c. When you use the Internet, do you access it through a cellular network (i.e",MedConditions_Depression,H6e. Has a doctor or other health professional ever told you that you had depres,,,-994.0,142,-0.001382891104977295,4141,-7.0,,,,,,,,,,,,1.0
HINTS6_2022,Internet_Cell,"B2c. When you use the Internet, do you access it through a cellular network (i.e",MedConditions_Depression,H6e. Has a doctor or other health professional ever told you that you had depres,,,121929.0,706,0.7419765106797298,954,2.0,,,,,,,,,,,,2.0
HINTS6_2022,Internet_Cell,"B2c. When you use the Internet, do you access it through a cellular network (i.e",MedConditions_Depression,H6e. Has a doctor or other health professional ever told you that you had depres,,,40921.0,222,0.24901722144465405,954,1.0,,,,,,,,,,,,2.0
HINTS6_2022,Internet_Cell,"B2c. When you use the Internet, do you access it through a cellular network (i.e",MedConditions_Depression,H6e. Has a doctor or other health professional ever told you that you had depres,,,1571.0,13,0.009560031643643887,954,-9.0,,,,,,,,,,,,2.0
HINTS6_2022,Internet_Cell,"B2c. When you use the Internet, do you access it through a cellular network (i.e",MedConditions_Depression,H6e. Has a doctor or other health professional ever told you that you had depres,,,-91.0,13,-0.000553763768027749,954,-7.0,,,,,,,,,,,,2.0
